0.0	0.0	0.0	0.6658816933631897	1.8571747541427612	0.0	0.8306441903114319	0.0	3.3213601112365723	1.1833792924880981	1.3722695112228394	0.0	1.2414145469665527	0.6049731969833374	0.0	2.904589891433716	0.0	0.8068444728851318	0.9129998087882996	0.5505030751228333	0.8551149964332581	0.6861205101013184	0.0	0.4104219377040863	0.0	0.0	1.2599931955337524	0.2740723192691803	1.0631660223007202	1.2465554475784302	0.7795517444610596	1.7651681900024414	0.0	0.761132538318634	0.0	0.5647754669189453	1.6370702981948853	0.0	0.6392188668251038	1.8220360279083252	0.0	0.0	0.0	1.1711128950119019	0.0	0.0	0.0	0.0	0.0	0.722743034362793	0.0	0.0	0.0	0.9074709415435791	0.3412420153617859	0.0	0.0	0.0	1.0706958770751953	2.8895227909088135	0.0	0.0	0.0	0.4418357014656067	0.0	0.0	0.0	0.0	0.0	1.2482267618179321	0.5231003165245056	0.0	0.0	0.0	0.0	0.0	0.8393519520759583	1.1139289140701294	0.0	0.0	0.0	0.0	0.08136443048715591	0.0	1.1066560745239258	0.0	2.9143869876861572	0.0	1.2877641916275024	0.0	0.0	1.23701012134552	0.0	2.0031590461730957	0.0	1.2351176738739014	2.0439064502716064	1.7113773822784424	0.0	0.0	0.0	0.0	0.0	2.357172727584839	0.0	0.0	0.844645082950592	0.21643725037574768	0.0	0.0	0.0	0.0	0.0	0.0	0.0	0.0	0.4556247889995575	0.0	1.4363468885421753	0.0	0.0	0.3169935941696167	0.0	0.9409480094909668	1.96187162399292	0.8862626552581787	0.0	0.0	0.0	0.0	0.0	0.0	0.3032771944999695	0.0	0.0	2.983039379119873	0.0	0.0	0.0	0.387156218290329	0.0	0.0	0.0	1.393802523612976	0.0	0.0	0.510051965713501	0.0	0.0	0.0	0.0	0.07472576200962067	0.0	0.0	1.8672409057617188	0.0	0.0	1.3771005868911743	0.0	0.0	0.49655550718307495	0.9583954811096191	0.7509698867797852	0.0	0.487394779920578	0.0	2.051856279373169	2.870004892349243	0.0	0.0	0.0	0.0	1.2565499544143677	0.0	0.0	3.1090457439422607	1.2293375730514526	0.0	0.0	0.0	1.7884488105773926	0.0	0.0	0.0	1.0563596487045288	0.0	0.0	0.0	0.0	0.0	0.0	0.0	0.0	0.0	0.0	0.0	0.6174947023391724	0.0	3.85152530670166	1.2749453783035278	0.0	0.0	0.0	0.0	0.0	0.0	0.0	0.0	1.064424753189087	0.0	2.3016750812530518	2.034662961959839	0.0	0.0	0.47984573245048523	0.0	0.0	0.0	1.6506450176239014	1.0247513055801392	1.2362656593322754	1.5184134244918823	0.0	0.0	0.0	1.0827455520629883	0.6585499048233032	1.341244101524353	1.063136100769043	0.0	0.0	1.6332451105117798	1.455007553100586	0.0	0.0	0.0	0.0	0.0	1.3700883388519287	0.0	0.0	0.0	0.6445283889770508	1.0029046535491943	1.8506643772125244	0.0	0.24327822029590607	0.0	0.5783385634422302	1.7412937879562378	0.0	0.0	0.0	2.0841827392578125	0.0	0.0
0.0	0.0	0.0	0.6028321385383606	0.870384156703949	0.0	0.881358802318573	0.0	1.9300974607467651	0.7983970642089844	0.531319797039032	0.0	1.277274250984192	0.6469117999076843	0.0	1.7667349576950073	0.0	0.9186812043190002	1.0703325271606445	0.7596474885940552	0.5565562844276428	1.1953867673873901	0.0	0.8769392967224121	0.0	0.0	0.6458598375320435	0.23511193692684174	1.1420553922653198	1.2143698930740356	0.8439192175865173	0.8086721897125244	0.0	0.8291829228401184	0.0	0.20897892117500305	1.2578293085098267	0.0	0.9920634627342224	1.1225143671035767	0.0	0.0	0.0	0.13413113355636597	0.0	0.0	0.0	0.0	0.0	0.0	0.0	0.0	0.0	0.5525789856910706	0.8950120806694031	0.0	0.0	0.013793131336569786	1.512134313583374	1.7088496685028076	0.0	0.0	0.0	0.41233620047569275	0.0	0.0	0.0	0.0	0.0	1.3990440368652344	0.5714709758758545	0.0	0.0	0.0	0.0	0.0	0.7581740021705627	0.8150416016578674	0.0	0.0	0.0	0.0	0.2350267469882965	0.7851258516311646	1.0476034879684448	0.0	1.9949960708618164	0.0	0.3078850507736206	0.0	0.0	0.9633858799934387	0.0	1.3120566606521606	0.0	0.7256289720535278	1.5580757856369019	1.1765977144241333	0.0	0.0	0.0	0.0	0.0	1.4970325231552124	0.0	0.0	0.8527100086212158	0.0	0.0	0.0	0.0	0.0	0.0	0.0	0.0	0.0	0.0	0.0	0.3242896497249603	0.0	0.0	0.49281445145606995	0.0	0.2659675180912018	1.2317875623703003	0.1955358237028122	0.0	0.0	0.0	0.0	0.0	0.0	0.0	0.0	0.0	1.1790329217910767	0.028524629771709442	0.0	0.0	0.8517272472381592	0.0	0.0	0.0	1.2817752361297607	0.31100204586982727	0.0	0.4712630808353424	0.0	0.0	0.0	0.0	0.0	0.0	0.0	1.632241129875183	0.0	0.0	0.5451083779335022	0.0	0.0	0.7821635603904724	0.9909613132476807	0.7829912900924683	0.0	0.7571157813072205	0.0	1.3001359701156616	1.5099902153015137	0.0	0.0	0.0	0.0	0.9647780656814575	0.0	0.28382378816604614	1.3228391408920288	0.3464537262916565	0.0	0.0	0.23669421672821045	0.7710555791854858	0.45627501606941223	0.0	0.0	1.0533002614974976	0.0	0.0	0.0	0.0	0.0	0.0	0.0	0.0	0.0	0.2439393401145935	0.0	0.9822344183921814	0.0	2.0346884727478027	1.0010446310043335	0.0	0.0	0.0	0.0	0.0	0.0	0.0	0.0	0.26050224900245667	0.0	0.7249958515167236	0.8676186800003052	0.0	0.0	0.4165174961090088	0.0	0.0	0.0	1.6646320819854736	1.24306058883667	0.7198501229286194	0.4705807864665985	0.0	0.0	0.0	1.0195180177688599	0.2847156524658203	1.3088042736053467	1.0933818817138672	0.0	0.0	0.0	0.4574976861476898	0.4031364321708679	0.0	0.0	0.0	0.0	0.6968883275985718	0.0	0.0	0.0	0.8622187972068787	0.20622430741786957	1.6028488874435425	0.0	0.0	0.0	0.7295706868171692	1.1267200708389282	0.0	0.0	0.0	0.7180549502372742	0.0	0.0
0.0	0.0	0.0	0.4729754626750946	2.030667304992676	0.0	0.26100170612335205	0.0	2.696798086166382	0.8561504483222961	1.479783296585083	0.0	1.113500952720642	0.0	0.0	2.2488787174224854	0.0	0.33307117223739624	0.6683884859085083	0.47167593240737915	0.8769630789756775	1.1041829586029053	0.0	0.8878119587898254	0.0	0.0	0.434905469417572	0.03742479905486107	0.7080249190330505	0.7293077707290649	0.24528349936008453	1.8396245241165161	0.0	1.2419512271881104	0.0	0.349708616733551	0.5817996263504028	0.0	0.6457280516624451	1.1147568225860596	0.0	0.0	0.0	1.0089943408966064	0.0	0.0	0.0	0.0	0.0	0.358892023563385	0.0	0.0	0.0	0.49101734161376953	0.8406985402107239	0.0	0.0	0.0	0.888377845287323	2.3788111209869385	0.0	0.0	0.0	0.49064120650291443	0.0	0.0	0.0	0.0	0.0	1.1971991062164307	0.44940292835235596	0.0	0.0	0.0	0.0	0.0	0.7943127155303955	1.0777982473373413	0.0	0.0	0.0	0.0	0.0	0.11153050512075424	0.6755263805389404	0.0	2.6026055812835693	0.0	0.7292307019233704	0.0	0.0	0.9209559559822083	0.0	1.4686455726623535	0.0	0.5866618752479553	1.5490381717681885	1.7784535884857178	0.0	0.0	0.0	0.10876156389713287	0.0	2.184852123260498	0.0	0.0	1.0657016038894653	0.0002246851217932999	0.0	0.17639802396297455	0.0	0.0	0.0	0.0	0.0	0.0	0.08335503935813904	0.0	1.4860048294067383	0.0	0.0	0.9330043196678162	0.0	1.066235065460205	2.0799059867858887	0.25610849261283875	0.0	0.0	0.0	0.17998546361923218	0.0	0.0	0.0	0.0	0.0	2.452633857727051	0.30541667342185974	0.0	0.0	0.73343825340271	0.0	0.07002193480730057	0.0	1.2728700637817383	0.0	0.0	0.4915618896484375	0.0	0.0	0.0	0.0	0.268836110830307	0.0	0.0	1.9638134241104126	0.0	0.0	0.7843995690345764	0.0	0.0	0.6589561700820923	0.8873575329780579	0.6649883985519409	0.0	0.6050729155540466	0.0	2.062079906463623	2.725977897644043	0.0	0.0	0.0	0.0	0.8268457651138306	0.0	0.0928351953625679	2.7637529373168945	1.4049081802368164	0.0	0.0	0.0	1.094438910484314	0.07234366983175278	0.0	0.0	0.8459532260894775	0.0	0.0	0.0	0.0	0.0	0.0	0.0	0.0	0.0	0.0	0.0	0.4873548746109009	0.0	2.840524911880493	1.0692063570022583	0.0	0.0	0.0	0.0	0.0	0.0	0.0	0.0	0.8395674824714661	0.0	1.9093178510665894	1.4922947883605957	0.0	0.0	0.3682630956172943	0.0	0.0	0.0	1.2255520820617676	0.9967743754386902	0.8227534294128418	1.3870519399642944	0.0	0.0	0.0	0.9472016096115112	0.8018524050712585	0.9420168399810791	0.8506476879119873	0.0	0.0	1.300970196723938	0.8967704772949219	0.0	0.0	0.0	0.0	0.0	1.1372950077056885	0.0	0.0	0.0	0.6387279033660889	0.5785401463508606	1.497739315032959	0.0	0.18764473497867584	0.0	0.7096145749092102	1.0961118936538696	0.0	0.0	0.0	1.7215994596481323	0.0	0.0
0.0	0.0	0.0	0.07250581681728363	1.2752028703689575	0.0	0.557022213935852	0.0	1.972918152809143	0.9486207962036133	0.5073086023330688	0.0	1.148160696029663	0.6981439590454102	0.0	1.8412055969238281	0.0	0.7268374562263489	0.7762743830680847	0.8438326120376587	0.9239698052406311	0.8122870922088623	0.0905180275440216	1.0130996704101562	0.0	0.0	0.7264679074287415	0.583294689655304	0.6888885498046875	1.1906815767288208	0.696679949760437	1.1383434534072876	0.0	1.2062073945999146	0.0	0.5630930066108704	1.2862884998321533	0.0	0.387845516204834	1.2910794019699097	0.0	0.0	0.0	0.6080166697502136	0.005004854407161474	0.0	0.0	0.0	0.0	0.05167267471551895	0.0	0.0	0.0	0.6887811422348022	0.7043325901031494	0.0	0.0	0.21845608949661255	1.0825843811035156	1.8667545318603516	0.0	0.0	0.0	0.47610750794410706	0.0	0.0	0.0	0.0	0.0	1.428954005241394	0.23627912998199463	0.0	0.0	0.0	0.0	0.0	0.7284789681434631	1.11879563331604	0.0	0.0	0.0	0.0	0.0	0.26328375935554504	0.6467663049697876	0.0	1.9614039659500122	0.0	0.49253690242767334	0.0	0.0	0.7155359387397766	0.0	1.5804363489151	0.0	0.9180743098258972	1.0627453327178955	1.1217232942581177	0.0	0.0035783087369054556	0.0	0.0	0.0	1.824285864830017	0.0	0.0	0.6504116058349609	0.49746355414390564	0.0	0.0	0.0	0.0	0.0	0.0	0.0	0.0	0.3584130108356476	0.0	0.7022864818572998	0.0	0.0	0.7442353963851929	0.0	0.8680064678192139	1.5553780794143677	0.7787624001502991	0.0	0.0	0.0	0.0	0.0	0.0	0.0	0.0	0.0	1.7312963008880615	0.281953901052475	0.0	0.0	0.20499232411384583	0.0	0.0	0.0	1.0622926950454712	0.819853663444519	0.0	0.18687421083450317	0.0	0.0	0.0	0.0	0.0	0.0	0.0	1.584512710571289	0.0	0.0	0.5956156253814697	0.0	0.0	0.6221615076065063	0.954059898853302	0.8075044751167297	0.0	0.663788914680481	0.0	1.7334322929382324	1.796977162361145	0.0	0.0	0.0	0.0	0.7573341727256775	0.0	0.0	2.164207696914673	0.4273935854434967	0.0	0.0	0.21875645220279694	0.5908070206642151	0.49909260869026184	0.0	0.0	0.6035920977592468	0.0	0.0	0.0	0.0	0.0	0.0	0.0	0.0	0.0	0.0	0.0	0.7677059769630432	0.0	2.735491991043091	0.7687492966651917	0.0	0.0	0.0	0.0	0.0	0.0	0.0	0.0	0.6620055437088013	0.0	1.3130548000335693	1.1828992366790771	0.0	0.0	0.0	0.0	0.0	0.0	0.8815426230430603	1.181410312652588	0.29215124249458313	1.2343307733535767	0.0	0.0	0.0	0.6653159260749817	0.6782909035682678	0.7952134609222412	0.788814902305603	0.0	0.0	0.6341702342033386	0.8622848391532898	0.0	0.0	0.0	0.0	0.0	0.8447798490524292	0.0	0.0	0.0	0.40964192152023315	0.2525904178619385	1.5117175579071045	0.0	0.0	0.0	0.6536887884140015	1.245265245437622	0.0	0.0	0.0	1.1704381704330444	0.0	0.0
0.0	0.0	0.0	0.0	2.1366255283355713	0.0	0.05581933632493019	0.0	2.3308753967285156	0.5923380851745605	2.0101029872894287	0.0	0.5869364142417908	0.0	0.0	1.78813898563385	0.0297851599752903	0.46167799830436707	0.1288536638021469	0.6248855590820312	0.4413548707962036	0.9709886908531189	0.0	0.6371593475341797	0.0	0.0	0.2235032021999359	0.29211896657943726	0.2949346899986267	0.5870084762573242	0.0	2.5647788047790527	0.0	0.9791203737258911	0.0	0.14256273210048676	0.9061146378517151	0.0	0.4890775680541992	0.7087981104850769	0.0	0.0	0.0	1.1122747659683228	0.0	0.0	0.0	0.0	0.0	0.8549489378929138	0.0	0.0	0.0	0.284462034702301	0.01158648170530796	0.0	0.0	0.0	0.19477754831314087	2.533207893371582	0.0	0.0	0.0	0.565570592880249	0.0	0.0	0.0	0.0	0.0	1.314694881439209	0.0	0.0	0.0	0.0	0.0	0.0	0.25432226061820984	0.6169894933700562	0.0	0.0	0.0	0.0	0.0	0.0	0.4750303030014038	0.0	2.1084184646606445	0.0	0.35321488976478577	0.0	0.0	0.1845184713602066	0.0	1.7532594203948975	0.0	0.3727220892906189	1.0258513689041138	1.1153229475021362	0.0	0.0	0.0	0.45949408411979675	0.0	2.139105796813965	0.0	0.0	0.0393383763730526	0.4266246557235718	0.0	0.3868533968925476	0.0	0.0	0.0	0.0	0.0	0.0	0.030497407540678978	0.0	2.22644305229187	0.0	0.0	0.110806405544281	0.0	1.1901310682296753	2.0891990661621094	0.20671571791172028	0.0	0.0	0.0	0.6090679168701172	0.0	0.0	0.17034678161144257	0.0	0.0	2.679520606994629	0.07887299358844757	0.0	0.0	0.3471742272377014	0.0	0.0	0.0	0.5524413585662842	0.0	0.0	0.13552570343017578	0.0	0.0	0.0	0.0	0.28654637932777405	0.0	0.0	2.0212392807006836	0.0	0.0	0.38832706212997437	0.0	0.0	0.4401577115058899	0.4519686698913574	0.3729144036769867	0.0	0.6001714468002319	0.0	2.177874803543091	2.725473165512085	0.0	0.0	0.0	0.0	0.7196718454360962	0.0	0.0	3.141467571258545	1.7584917545318604	0.0	0.0	0.0	0.7099939584732056	0.0	0.0	0.0	0.581923246383667	0.0	0.0	0.0	0.0	0.0	0.0	0.0	0.0	0.0	0.0	0.0	0.5094822645187378	0.0	2.9684579372406006	0.2231074422597885	0.0	0.12978419661521912	0.0	0.0	0.0	0.0	0.0	0.0	0.593390703201294	0.0	1.8177825212478638	1.0588865280151367	0.0	0.0	0.0	0.0	0.0	0.0	1.2203865051269531	0.3439335227012634	0.9604388475418091	0.9558274745941162	0.0	0.0	0.0	0.6510227918624878	0.5342456698417664	0.3622591495513916	0.47276219725608826	0.0	0.0	1.2968275547027588	1.0818723440170288	0.0	0.0	0.0	0.0	0.0	1.1706793308258057	0.0	0.0	0.0	0.5196535587310791	0.4748406410217285	1.3428726196289062	0.0	0.0	0.0	0.38025423884391785	0.6204186081886292	0.0	0.0	0.0	1.8456857204437256	0.0	0.0
0.0	0.0	0.0	0.7034091949462891	1.8294258117675781	0.0	0.0	0.0	3.2237117290496826	0.6004748940467834	2.72446870803833	0.0	0.8650793433189392	0.31893640756607056	0.0	3.7584311962127686	0.6232882142066956	0.9051095843315125	0.6790873408317566	0.16652993857860565	0.0	0.631421685218811	0.0	0.26020559668540955	0.0	0.0	0.39266902208328247	0.0	1.2356568574905396	1.231140375137329	0.5044698715209961	2.285490036010742	0.0	0.6111127734184265	0.0	0.0	0.7615526914596558	0.0	0.2576514482498169	1.432888150215149	0.0	0.0	0.0	1.2288435697555542	0.0	0.0	0.4532405734062195	0.0	0.0	0.6727461814880371	0.0	0.0	0.0	0.2807025909423828	0.15120026469230652	0.0	0.0	0.0	0.2200358808040619	3.6022186279296875	0.0	0.0	0.0	0.22193607687950134	0.0	0.0	0.0	0.0	0.0	1.3045086860656738	0.2391400933265686	0.0	0.0	0.0	0.0	0.0	0.6124281883239746	0.6766969561576843	0.0	0.0	0.0	0.0	0.024865930899977684	0.0	0.1969497948884964	0.0	2.62625789642334	0.0	2.312563419342041	0.0	0.0	0.14253874123096466	0.0	1.4397207498550415	0.0	0.23108503222465515	1.5748151540756226	0.2237469106912613	0.0	0.0	0.0	0.5199393630027771	0.0	1.9706364870071411	0.0	0.0	0.9658434987068176	0.7824113368988037	0.0	1.290652871131897	0.0	0.0	0.0	0.0	0.0	0.0	0.0	0.0	2.3922553062438965	0.0	0.0	0.0	0.0	0.9153360724449158	2.5151679515838623	0.8808032274246216	0.0	0.0	0.0	0.6984604597091675	0.0	0.0	0.0	0.0	0.0	3.801095485687256	0.0	0.0	0.0	0.0	0.0	0.0	0.0	0.7989587187767029	0.0	0.0	1.0715943574905396	0.0	0.0	0.0	0.0	0.6559298634529114	0.0	0.0	1.1383503675460815	0.0	0.0	1.5947335958480835	0.0	0.0	0.0	0.48096492886543274	0.3908751904964447	0.0	0.4264534115791321	0.0	1.5898535251617432	3.0653345584869385	0.0	0.0	0.0	0.0	1.2102981805801392	0.0	0.0	4.144372940063477	2.355278968811035	0.0	0.0	0.0	1.6669914722442627	0.0	0.0	0.0	0.7536747455596924	0.0	0.0	0.0	0.0	0.0	0.0	0.0	0.0	0.0	0.0	0.0	0.716637134552002	0.0	4.2510762214660645	0.0	0.0	0.5188279151916504	0.0	0.0	0.0	0.0	0.0	0.0	0.6756702661514282	0.0	2.325956344604492	1.7842168807983398	0.0	0.0	0.547365128993988	0.0	0.0	0.0	1.168886661529541	0.4554939568042755	2.2219676971435547	1.311606764793396	0.0	0.0	0.0	0.7164475321769714	0.1532847136259079	1.435604453086853	0.36871740221977234	0.0	0.0	1.574494481086731	1.0713807344436646	0.0	0.0	0.0	0.0	0.0	2.1738200187683105	0.0	0.0	0.0	1.3314249515533447	1.5366967916488647	0.7045387625694275	0.0	0.43226903676986694	0.0	0.0	1.022688627243042	0.0	0.0	0.0	2.7476119995117188	0.0	0.0
0.0	0.0	0.0	0.13825909793376923	0.7073569893836975	0.0	0.36548274755477905	0.0	0.9134219884872437	0.554163932800293	0.011445753276348114	0.0	0.4181865155696869	0.44777941703796387	0.32033461332321167	0.8195063471794128	0.0	0.1778538078069687	0.25081393122673035	0.5159574747085571	0.29345473647117615	0.16791005432605743	0.0	0.7299205660820007	0.0	0.0	0.2643046975135803	0.5773040652275085	0.48017653822898865	0.45892393589019775	0.3310334086418152	0.2603631615638733	0.0	0.4394713342189789	0.0	0.439092755317688	0.4659361243247986	0.0	0.42860159277915955	0.472673237323761	0.0	0.0	0.0	0.03713211789727211	0.0	0.0	0.0	0.0	0.0	0.39020487666130066	0.0	0.0	0.0	0.0	0.2318071722984314	0.0	0.0	0.4206329584121704	0.8814727663993835	0.5454434156417847	0.0	0.0	0.0	0.43803009390830994	0.0	0.0	0.0	0.0	0.0	0.4491144120693207	0.4152340292930603	0.0	0.0	0.0	0.0	0.0	0.5402489900588989	0.5532122850418091	0.0	0.045604683458805084	0.0	0.0	0.120238296687603	0.0	0.5860011577606201	0.0	0.7453243136405945	0.0	0.11260336637496948	0.0	0.0	0.6173341870307922	0.0	0.8232465386390686	0.0	0.45934656262397766	0.699544370174408	0.8091017603874207	0.0	0.07341950386762619	0.0	0.0	0.0	0.37865757942199707	0.0	0.0	0.10732005536556244	0.341078519821167	0.0	0.0	0.0	0.0	0.0	0.0	0.0	0.0	0.2301463931798935	0.0	0.2782086133956909	0.0	0.0	0.3954920172691345	0.0	0.26421406865119934	0.22477933764457703	0.335408478975296	0.0	0.0	0.0	0.11603233963251114	0.0	0.0	0.13964396715164185	0.0	0.0	0.8507033586502075	0.2597280740737915	0.0	0.0	0.0	0.0	0.1374543011188507	0.0	0.6778302192687988	0.4251066744327545	0.0	0.2684631049633026	0.0	0.0	0.0	0.0	0.15512363612651825	0.0	0.0	0.6917811036109924	0.0	0.0	0.44845932722091675	0.0	0.0	0.519108235836029	0.45005741715431213	0.44994357228279114	0.07208731025457382	0.4828777015209198	0.0	0.6757375001907349	0.9822384715080261	0.0	0.0	0.0	0.0	0.3563463091850281	0.0	0.21550363302230835	0.5798394680023193	0.0999496728181839	0.0	0.0	0.4379495084285736	0.4763050973415375	0.15723255276679993	0.0	0.0	0.42710956931114197	0.0	0.0	0.0	0.0	0.0	0.0	0.0	0.0	0.0	0.17388193309307098	0.0	0.2909389138221741	0.0	1.0020991563796997	0.6933281421661377	0.0	0.0	0.0	0.0	0.0	0.0	0.0	0.0	0.6398862600326538	0.0	0.5955179929733276	0.8085876107215881	0.21344920992851257	0.0	0.017490562051534653	0.0	0.0	0.0	0.6066693067550659	0.6898137927055359	0.19956503808498383	0.4848710894584656	0.0	0.0	0.0	0.18802165985107422	0.4181264042854309	0.40820086002349854	0.6508182883262634	0.0	0.0	0.3103804588317871	0.6267053484916687	0.09929163753986359	0.0	0.0	0.0	0.0	0.4673449397087097	0.0	0.0	0.0	0.4815191924571991	0.15581634640693665	0.8999244570732117	0.0	0.24655483663082123	0.0	0.5399110913276672	0.5375056266784668	0.0	0.1605837494134903	0.0	0.26982662081718445	0.0	0.0
0.0	0.0	0.0	0.0	1.5313451290130615	0.0	0.25718796253204346	0.0	2.171851396560669	0.6625117063522339	1.0793821811676025	0.0	0.9815372228622437	0.14826399087905884	0.06576502323150635	1.5250422954559326	0.0	0.2915531396865845	0.39390578866004944	0.6589629650115967	0.7452050447463989	0.6293471455574036	0.0	0.7049136161804199	0.0	0.0	0.6168357133865356	0.5745896100997925	0.2543259859085083	0.7390530109405518	0.2707434594631195	1.4736777544021606	0.0	0.8185302019119263	0.0	0.37392210960388184	0.6663034558296204	0.0	0.590157687664032	0.6972973942756653	0.0	0.0	0.0	0.44997963309288025	0.0	0.0	0.0	0.0	0.0	0.4977285861968994	0.0	0.0	0.0	0.3488398492336273	0.2927788197994232	0.0	0.0	0.0	0.9683883786201477	1.7847845554351807	0.0	0.0	0.0	0.8005275726318359	0.0	0.0	0.0	0.0	0.0	1.2347183227539062	0.5116598010063171	0.0	0.0	0.0	0.0	0.0	0.3927837312221527	0.6228035092353821	0.0	0.10542809963226318	0.0	0.0	0.0	0.0	0.3816089630126953	0.0	1.8713456392288208	0.0	0.6589508652687073	0.0	0.0	0.6138927936553955	0.0	1.1927248239517212	0.0	0.5369895100593567	1.003273367881775	1.4725414514541626	0.0	0.0	0.0	0.0	0.0	1.6785134077072144	0.0	0.0	0.5373100638389587	0.09291453659534454	0.0	0.0	0.0	0.0	0.0	0.0	0.0	0.0	0.018204594030976295	0.0	1.3867422342300415	0.0	0.0	0.715140700340271	0.0	0.8997037410736084	1.389891505241394	0.40242451429367065	0.0	0.0	0.0	0.0	0.0	0.0	0.43861785531044006	0.0	0.0	2.306403160095215	0.530984103679657	0.0	0.0	0.4799576699733734	0.0	0.0	0.0	0.889176070690155	0.0	0.0	0.10719607770442963	0.0	0.0	0.0	0.0	0.1841810792684555	0.0	0.0	1.488026738166809	0.0	0.0	0.551058828830719	0.0	0.0	0.8650672435760498	0.6940428018569946	0.4160701632499695	0.0	0.5380557179450989	0.0	1.6117019653320312	2.025815963745117	0.0	0.0	0.0	0.0	0.6411989331245422	0.0	0.05275772511959076	2.092289447784424	1.1029754877090454	0.0	0.0	0.0	0.8585771322250366	0.2544693648815155	0.0	0.0	0.7303585410118103	0.0	0.0	0.0	0.0	0.0	0.0	0.0	0.0	0.0	0.0	0.0	0.6299347281455994	0.0	2.404305934906006	0.8516285419464111	0.0	0.0	0.0	0.0	0.0	0.0	0.0	0.0	0.5257258415222168	0.0	1.2073898315429688	1.4570425748825073	0.0	0.0	0.0	0.0	0.0	0.0	1.0349116325378418	0.6859977841377258	0.6752017140388489	1.1518725156784058	0.0	0.0	0.0	0.6878795623779297	0.6187124848365784	0.4527665972709656	0.6482710242271423	0.0	0.0	1.2768503427505493	1.0665998458862305	0.0	0.0	0.0	0.0	0.0	1.0555340051651	0.0	0.0	0.0	0.5204945802688599	0.18229296803474426	1.153038501739502	0.0	0.15385115146636963	0.0	0.6257731914520264	0.9919602274894714	0.0	0.0	0.0	1.1851059198379517	0.0	0.0
0.0	0.0	0.0	0.0	1.0124591588974	0.0	0.0	0.0	1.3466297388076782	0.2542003393173218	1.2437922954559326	0.0	0.14548912644386292	0.08529189229011536	0.0	1.3396077156066895	0.02144390344619751	0.24405677616596222	0.0	0.23578481376171112	0.14667992293834686	0.1722959578037262	0.0	0.32510098814964294	0.0	0.0	0.0	0.05076998099684715	0.09700477123260498	0.5754181742668152	0.0	1.0475412607192993	0.0	0.22136667370796204	0.0	0.14284425973892212	0.10075127333402634	0.0	0.07283106446266174	0.0	0.0	0.0	0.0	0.48940080404281616	0.0	0.0	0.0	0.0	0.0	0.760869026184082	0.0	0.0	0.0	0.0	0.0	0.0	0.0	0.10581935197114944	0.28395116329193115	0.9833738207817078	0.0	0.0	0.0	0.19059166312217712	0.0	0.0	0.0	0.0	0.0	0.0	0.16750510036945343	0.0	0.0	0.0	0.0	0.0	0.2700865864753723	0.603526771068573	0.0	0.0	0.0	0.0	0.0	0.0	0.34667471051216125	0.0	0.8550162315368652	0.0	0.37299591302871704	0.0	0.0	0.010241896845400333	0.0	0.6005532145500183	0.0	0.06799349188804626	0.248402401804924	0.6645812392234802	0.0	0.0	0.0	0.49950113892555237	0.0	0.3448500335216522	0.0	0.0	0.1097254529595375	0.29038915038108826	0.0	0.5419346690177917	0.0	0.0	0.0	0.0	0.0	0.0	0.3207877576351166	0.0	1.004685640335083	0.0	0.0	0.2914216220378876	0.0	0.3520534336566925	0.9020630717277527	0.4682830274105072	0.0	0.0	0.0	0.4421292841434479	0.0	0.0	0.26854395866394043	0.0	0.0	1.763648271560669	0.34937870502471924	0.0	0.0	0.0	0.0	0.0	0.0	0.14273719489574432	0.0	0.0	0.3460661768913269	0.0	0.0	0.0	0.0	0.8026955127716064	0.0	0.0	0.39195746183395386	0.0	0.0	0.5890665054321289	0.0	0.0	0.1548890620470047	0.349323570728302	0.09698722511529922	0.0	0.15440703928470612	0.0	0.6792557835578918	1.3876069784164429	0.0	0.0	0.0	0.0	0.20882782340049744	0.0	0.0	2.042034387588501	0.9773421287536621	0.0	0.0	0.0	0.5575792789459229	0.0	0.0	0.0	0.0	0.0	0.0	0.0	0.0	0.0	0.0	0.0	0.0	0.0	0.0	0.0	0.0	0.0	1.8376915454864502	0.44718828797340393	0.0	0.09382016211748123	0.0	0.0	0.0	0.0	0.0	0.0	0.6858322024345398	0.0	1.5277591943740845	1.2446764707565308	0.0	0.0	0.3788919448852539	0.0	0.0	0.0	0.2842739224433899	0.22567321360111237	0.7707790732383728	1.0903970003128052	0.0	0.0	0.0	0.0	0.7706878185272217	0.03226923197507858	0.0	0.0	0.0	1.1690211296081543	0.9869319200515747	0.0	0.0	0.0	0.0	0.0	0.9373511672019958	0.0	0.0	0.0	0.1628376990556717	0.5627366304397583	0.2988506853580475	0.0	0.2837892472743988	0.0	0.12722058594226837	0.0209246464073658	0.0	0.0	0.0	1.1758438348770142	0.0	0.0
0.0	0.0	0.0	1.102767825126648	1.0304774045944214	0.0	0.6141614317893982	0.0	2.7152960300445557	1.195056438446045	1.3877061605453491	0.0	1.3248929977416992	0.8602110743522644	0.026533817872405052	2.9306721687316895	0.0	0.6497523784637451	0.6195179224014282	0.5926896929740906	0.48281407356262207	0.7465526461601257	0.0	0.7293508052825928	0.0	0.0	0.929466187953949	0.18829533457756042	1.3788306713104248	1.2160675525665283	0.5042872428894043	1.022918701171875	0.0	0.8565703630447388	0.0	0.24777677655220032	1.0332812070846558	0.0	0.6948266625404358	1.302575945854187	0.0	0.0	0.0	0.45350998640060425	0.0	0.0	0.0	0.0	0.0	0.3666321933269501	0.0	0.0	0.0	0.7025623321533203	0.44633182883262634	0.0	0.0	0.0	0.561866283416748	2.407106876373291	0.0	0.0	0.0	0.4563048779964447	0.0	0.0	0.0	0.0	0.0	1.2446682453155518	0.13596946001052856	0.0	0.0	0.0	0.0	0.0	0.5510249137878418	0.7858316898345947	0.0	0.0	0.0	0.0	0.22515054047107697	0.394996702671051	1.0566270351409912	0.0	2.0804033279418945	0.0	1.5814242362976074	0.0	0.0	0.3388139009475708	0.0	1.1138607263565063	0.0	0.5955848693847656	1.7213082313537598	1.1581233739852905	0.0	0.0	0.0	0.36030611395835876	0.0	2.232193946838379	0.0	0.0	0.9279050827026367	0.382741242647171	0.0	0.0	0.0	0.0	0.0	0.0	0.0	0.0	0.28261029720306396	0.0	1.310281753540039	0.0	0.0	0.3304591476917267	0.0	0.11634815484285355	1.8405790328979492	0.7767623662948608	0.0	0.0	0.0	0.06515663117170334	0.0	0.0	0.0	0.0	0.0	2.6660311222076416	0.0	0.0	0.0	0.2989126145839691	0.0	0.0	0.0	0.8557307124137878	0.0	0.0	0.7111988067626953	0.0	0.0	0.0	0.0	0.056980498135089874	0.0	0.0	1.3003524541854858	0.0	0.0	1.1541348695755005	0.0	0.0	0.37555062770843506	0.8997596502304077	0.3475716710090637	0.0	0.47600996494293213	0.0	1.493319034576416	2.3003056049346924	0.0	0.0	0.0	0.0	0.8701063394546509	0.0	0.0	2.5071232318878174	0.8550795912742615	0.0	0.0	0.0	1.1563856601715088	0.10576488077640533	0.0	0.0	0.7263414859771729	0.0	0.0	0.0	0.0	0.0	0.0	0.0	0.0	0.0	0.07102792710065842	0.0	0.6923075318336487	0.0	3.073634386062622	0.45924797654151917	0.0	0.0750519260764122	0.0	0.0	0.0	0.0	0.0	0.0	0.6299806833267212	0.0	1.2976661920547485	1.721570372581482	0.0	0.0	0.6650452017784119	0.0	0.0	0.0	1.1417478322982788	0.9366165399551392	1.3235100507736206	1.420824408531189	0.0	0.0	0.0	0.956870436668396	0.06471224874258041	1.2795534133911133	0.552207887172699	0.0	0.0	0.9700369238853455	0.9907890558242798	0.0	0.0	0.0	0.0	0.0	1.6976474523544312	0.0	0.0	0.0	1.347540259361267	0.8259912729263306	1.2972382307052612	0.0	0.28212255239486694	0.0	0.3895939886569977	1.1001423597335815	0.0	0.0	0.0	1.6780195236206055	0.0	0.0
0.0	0.0	0.0	0.0	2.4262802600860596	0.0	0.0	0.0	3.146536350250244	0.6576386094093323	2.7925097942352295	0.0	0.5266347527503967	0.5592993497848511	0.30984002351760864	3.386017322540283	0.48786863684654236	0.4681165814399719	0.02292855829000473	0.24322324991226196	0.2503952085971832	0.0	0.0	0.5786481499671936	0.0	0.0	0.0	0.0	0.5386337637901306	0.9252550005912781	0.382362425327301	1.7951663732528687	0.0	0.0	0.0	0.14693127572536469	0.4020316004753113	0.0	0.0	0.40444493293762207	0.0	0.0	0.0	1.5989696979522705	0.0	0.0	0.5909087657928467	0.0	0.0	1.3496052026748657	0.0	0.0	0.0	0.16361494362354279	0.0	0.0	0.0	0.0	0.51650071144104	2.5409047603607178	0.0	0.0	0.0	0.18747256696224213	0.0	0.0	0.0	0.0	0.0	0.17382235825061798	0.4134485125541687	0.0	0.0	0.0	0.0	0.0	0.6098042130470276	0.6211750507354736	0.0	0.0	0.0	0.0	0.16522236168384552	0.0	0.0	0.0	1.9734991788864136	0.0	2.158625364303589	0.0	0.0	0.12589511275291443	0.0	1.0005755424499512	0.0	0.0	1.0550857782363892	1.380002737045288	0.0	0.0	0.0	0.31317904591560364	0.0	1.615093469619751	0.0	0.0	0.6684584021568298	1.0316811800003052	0.0	0.6989052891731262	0.0	0.0	0.0	0.0	0.0	0.0	0.0	0.0	1.8490593433380127	0.0	0.0	0.24090948700904846	0.0	1.0103237628936768	2.168895721435547	1.41913640499115	0.0	0.0	0.0	1.185421109199524	0.0	0.0	0.0	0.0	0.0	3.5913898944854736	0.15226908028125763	0.0	0.0	0.0	0.0	0.0	0.0	1.1595288515090942	0.0	0.0	0.8872067928314209	0.0	0.0	0.0	0.0	0.9766690135002136	0.0	0.0	0.8750494122505188	0.0	0.0	1.381540298461914	0.0	0.0	0.0	0.6839045882225037	0.28305426239967346	0.0	0.20041987299919128	0.0	1.3564578294754028	2.6407952308654785	0.0	0.0	0.0	0.0	0.603402853012085	0.0	0.0	3.491347312927246	2.185514211654663	0.0	0.0	0.07463376224040985	1.4561219215393066	0.0	0.0	0.0	0.054553259164094925	0.0	0.0	0.0	0.0	0.0	0.0	0.0	0.0	0.0	0.0	0.0	0.0	0.0	3.501347780227661	0.09468339383602142	0.0	0.1778426468372345	0.0	0.0	0.0	0.0	0.0	0.0	1.097838044166565	0.0	2.921762704849243	2.242710828781128	0.0	0.0	0.7630413770675659	0.0	0.0	0.0	0.6286186575889587	0.426418274641037	2.004485845565796	1.9726678133010864	0.0	0.0	0.0	0.3237350285053253	0.5359057188034058	0.948121190071106	0.0	0.0	0.0	2.073984146118164	1.3543859720230103	0.0	0.0	0.0	0.0	0.0	2.1179938316345215	0.0	0.0	0.0	0.46872201561927795	1.6579006910324097	0.8418744206428528	0.0	0.49655282497406006	0.0	0.0	0.968415379524231	0.0	0.0	0.0	2.410160779953003	0.0	0.0
0.0	0.0	0.0	0.5682078003883362	1.7642929553985596	0.0	0.0	0.0	3.143922805786133	0.5836486220359802	2.0312752723693848	0.0	0.3842218816280365	0.9418435096740723	0.09800416231155396	3.70833158493042	0.0	0.6270854473114014	0.10174516588449478	0.2157445251941681	0.3497490882873535	0.0	0.0	0.5456352829933167	0.0	0.0	0.0	0.010372130200266838	0.6187018752098083	1.3884758949279785	0.518591582775116	1.3619364500045776	0.0	0.02897053211927414	0.0	0.0	0.33804741501808167	0.0	0.0	1.3682829141616821	0.0	0.0	0.0	1.300563097000122	0.0	0.0	0.35243284702301025	0.0	0.0	1.1159064769744873	0.0	0.0	0.0	0.0	0.0	0.0	0.0	0.0	0.4839913249015808	2.806657075881958	0.0	0.0	0.0	0.0	0.0	0.0	0.0	0.0	0.0	0.45368221402168274	0.16853360831737518	0.0	0.0	0.0	0.0	0.0	0.6137555837631226	0.9077948927879333	0.0	0.0	0.0	0.0	0.03534400463104248	0.0	0.49711066484451294	0.0	2.068941354751587	0.0	2.031702756881714	0.0	0.0	0.12213446199893951	0.0	0.7649433016777039	0.0	0.3085252046585083	0.9742708802223206	1.591206669807434	0.0	0.0	0.0	0.32707005739212036	0.0	1.8910820484161377	0.0	0.0	0.8604728579521179	0.9212509393692017	0.0	0.8943471312522888	0.0	0.0	0.0	0.0	0.0	0.0	0.5739707350730896	0.0	2.0835540294647217	0.0	0.0	0.29545989632606506	0.0	1.1235547065734863	1.9067684412002563	1.2651904821395874	0.0	0.0	0.0	0.6911187171936035	0.0	0.0	0.0	0.0	0.0	3.1524202823638916	0.0	0.0	0.0	0.0	0.0	0.0	0.0	1.6330360174179077	0.0	0.0	1.0349504947662354	0.0	0.0	0.0	0.0	0.9365832805633545	0.0	0.0	0.3542916476726532	0.0	0.0	1.0610737800598145	0.0	0.0	0.09724597632884979	0.7970237731933594	0.6181163787841797	0.0	0.29726022481918335	0.0	1.4641826152801514	2.582663059234619	0.0	0.0	0.0	0.0	0.8015822172164917	0.0	0.0	3.365827798843384	1.554021954536438	0.0	0.0	0.0	1.7053004503250122	0.0	0.0	0.0	0.14609071612358093	0.0	0.0	0.0	0.0	0.0	0.0	0.0	0.0	0.0	0.0	0.0	0.0	0.0	3.7458722591400146	0.5315259695053101	0.0	0.08623723685741425	0.0	0.0	0.0	0.0	0.0	0.0	1.0885047912597656	0.0	2.724135637283325	2.087567090988159	0.0	0.0	0.20989978313446045	0.0	0.0	0.0	0.9750648140907288	0.6278001666069031	1.9269821643829346	2.37152099609375	0.0	0.0	0.0	0.27553310990333557	0.5683262348175049	1.1180431842803955	0.05254035070538521	0.0	0.0	1.6166775226593018	1.4246546030044556	0.0	0.0	0.0	0.0	0.0	1.8689645528793335	0.0	0.0	0.0	0.6901388168334961	1.427230715751648	0.7017756700515747	0.0	0.550231397151947	0.0	0.34982985258102417	0.9701973795890808	0.0	0.0	0.0	2.455972194671631	0.0	0.0
0.0	0.0	0.0	0.4544714093208313	1.2999463081359863	0.0	1.0908416509628296	0.0	2.865950584411621	1.3216029405593872	1.7659540176391602	0.0	1.6407467126846313	0.3621651530265808	0.21414101123809814	2.72322940826416	0.0	0.9887967109680176	1.1501976251602173	0.844034731388092	0.4250301420688629	1.2808287143707275	0.0	0.9230795502662659	0.0	0.0	0.7768316268920898	0.37227413058280945	1.3287187814712524	1.3214632272720337	0.6661811470985413	2.0904338359832764	0.0	1.4987099170684814	0.0	0.2178504914045334	1.8116964101791382	0.0	1.2077726125717163	1.6035728454589844	0.0	0.0	0.0	0.0	0.0	0.0	0.0	0.0	0.0	0.24518588185310364	0.0	0.0	0.0	0.5999933481216431	1.0940477848052979	0.0	0.0	0.0	0.9135258793830872	3.007179021835327	0.0	0.0	0.0	0.7134312987327576	0.0	0.0	0.0	0.0	0.0	1.7634857892990112	0.26637282967567444	0.0	0.0	0.0	0.0	0.0	1.2043927907943726	0.6348639726638794	0.0	0.0	0.0	0.0	0.0	0.1913190484046936	1.554783821105957	0.0	2.74377179145813	0.0	1.0269091129302979	0.0	0.0	1.2244985103607178	0.0	1.9773045778274536	0.0	0.9656968712806702	1.967455267906189	1.1295104026794434	0.0	0.0	0.0	0.0	0.0	2.587824821472168	0.0	0.0	0.6166727542877197	0.31254708766937256	0.0	0.0832081139087677	0.0	0.0	0.0	0.0	0.0	0.0	0.15879903733730316	0.0	1.1683037281036377	0.0	0.0	0.15295955538749695	0.0	0.8008711338043213	2.091978073120117	0.8893636465072632	0.0	0.0	0.0	0.0	0.0	0.0	0.23628972470760345	0.0	0.0	3.0740606784820557	0.0	0.0	0.0	0.30092817544937134	0.0	0.0	0.0	0.49852293729782104	0.0	0.0	0.8624606728553772	0.0	0.0	0.0	0.0	0.061587072908878326	0.0	0.0	2.342498302459717	0.0	0.0	0.9589975476264954	0.0	0.0	0.9712184071540833	1.5338761806488037	0.8746663928031921	0.0	1.5339986085891724	0.0	1.7492674589157104	2.766101121902466	0.0	0.0	0.0	0.0	1.5900601148605347	0.0	0.0	2.7881271839141846	0.7886080741882324	0.0	0.0	0.0	1.3896903991699219	0.47177091240882874	0.0	0.0	1.5502870082855225	0.0	0.0	0.0	0.0	0.0	0.0	0.0	0.0	0.0	0.8798449635505676	0.0	1.5073612928390503	0.0	3.437516927719116	0.48469293117523193	0.0	0.0	0.0	0.0	0.0	0.0	0.0	0.0	0.6252132058143616	0.0	1.4274141788482666	1.7167850732803345	0.0	0.0	0.35958433151245117	0.0	0.0	0.0	1.6740978956222534	1.6904000043869019	1.4476854801177979	0.9800550937652588	0.0	0.0	0.0	1.6265195608139038	0.2616049349308014	1.3457533121109009	1.0140082836151123	0.0	0.0	1.0624996423721313	0.9926623106002808	0.0	0.0	0.0	0.0	0.0	1.2121524810791016	0.0	0.0	0.0	1.6143298149108887	0.8018366098403931	1.852679967880249	0.0	0.24511682987213135	0.0	0.3383186459541321	1.4728561639785767	0.0	0.0	0.0	1.187058687210083	0.0	0.0
0.0	0.0	0.0	0.39939025044441223	1.3162734508514404	0.0	1.1656110286712646	0.0	3.1984941959381104	1.7503732442855835	1.5558922290802002	0.0	1.9716284275054932	0.7596738934516907	0.0	3.6063854694366455	0.0	1.0804861783981323	1.1410201787948608	0.8177747130393982	1.4772847890853882	1.5078449249267578	0.0	1.1256928443908691	0.0	0.0	0.8157909512519836	0.4733828902244568	1.4870065450668335	1.6854106187820435	0.9275439977645874	1.6853389739990234	0.0	0.904635488986969	0.0	0.39223986864089966	2.0230913162231445	0.0	1.019791603088379	1.8159536123275757	0.0	0.0	0.0	0.8417291045188904	0.0	0.0	0.0	0.0	0.0	0.4670045077800751	0.0	0.0	0.0	0.6150382161140442	0.797918975353241	0.0	0.0	0.0	1.3925857543945312	2.8899152278900146	0.0	0.0	0.0	0.4992075562477112	0.0	0.0	0.0	0.0	0.0	1.447793960571289	0.6957096457481384	0.0	0.0	0.0	0.0	0.0	1.1526269912719727	1.215523362159729	0.0	0.0	0.0	0.0	0.13066057860851288	0.3900877833366394	1.4489176273345947	0.0	3.2294180393218994	0.0	1.2879908084869385	0.0	0.0	1.021672010421753	0.0	1.6589744091033936	0.0	1.300605297088623	1.7724311351776123	1.7827109098434448	0.0	0.0	0.0	0.0	0.0	2.5416808128356934	0.0	0.0	1.5268449783325195	0.030513213947415352	0.0	0.0	0.0	0.0	0.0	0.0	0.0	0.0	0.4371609091758728	0.0	1.0782010555267334	0.0	0.0	0.7493372559547424	0.0	0.44567736983299255	2.229649066925049	1.0255157947540283	0.0	0.0	0.0	0.0	0.0	0.0	0.0	0.0	0.0	2.3784120082855225	0.23508073389530182	0.0	0.0	1.1098520755767822	0.0	0.0	0.0	1.9306584596633911	0.0	0.0	0.8537721633911133	0.0	0.0	0.0	0.0	0.07005443423986435	0.0	0.0	2.1691231727600098	0.0	0.0	1.4210232496261597	0.0	0.0	0.8951379060745239	1.4821981191635132	0.9237733483314514	0.0	0.5888514518737793	0.0	2.0403685569763184	2.7266714572906494	0.0	0.0	0.0	0.0	1.4515624046325684	0.0	0.0	2.752149820327759	0.8715387582778931	0.0	0.0	0.0	1.2775659561157227	0.5599374771118164	0.0	0.0	1.334472417831421	0.0	0.0	0.0	0.0	0.0	0.0	0.0	0.0	0.0	0.019161662086844444	0.0	0.8837052583694458	0.0	3.783313751220703	1.1266738176345825	0.0	0.0	0.0	0.0	0.0	0.0	0.0	0.0	0.7823401093482971	0.0	1.5358409881591797	1.7038027048110962	0.0	0.0	0.7814515829086304	0.0	0.0	0.0	1.5563315153121948	1.359571933746338	1.606830358505249	1.325404167175293	0.0	0.0	0.0	1.275425910949707	0.18045520782470703	1.513344407081604	1.419811725616455	0.0	0.0	1.0778415203094482	1.267426609992981	0.0	0.0	0.0	0.0	0.0	1.7349567413330078	0.0	0.0	0.0	1.441026210784912	0.590604841709137	1.7984061241149902	0.0	0.1765427440404892	0.0	0.7152589559555054	1.7332615852355957	0.0	0.0	0.0	1.8551695346832275	0.0	0.0
0.0	0.0	0.0	1.0179708003997803	1.0449566841125488	0.0	0.7288779616355896	0.0	2.6299431324005127	1.1094428300857544	1.1308122873306274	0.0	1.2037473917007446	0.6527777910232544	0.0	2.419908046722412	0.0	1.1894848346710205	0.7978459000587463	0.7026697993278503	0.8784505128860474	1.0451686382293701	0.0	0.8902344107627869	0.0	0.0	1.2830053567886353	0.2952476143836975	1.6239252090454102	1.720261573791504	0.7404342293739319	1.4118009805679321	0.0	0.8846592307090759	0.0	0.4894498288631439	1.548016905784607	0.0	0.9905362129211426	1.402509331703186	0.0	0.0	0.0	0.04848917946219444	0.0	0.0	0.0	0.0	0.0	0.15796412527561188	0.0	0.0	0.0	0.5907063484191895	1.2380129098892212	0.0	0.0	0.24736468493938446	0.5883169770240784	2.5251822471618652	0.0	0.0	0.0	0.6351069211959839	0.0	0.0	0.0	0.0	0.0	1.600268840789795	0.26631420850753784	0.0	0.0	0.0	0.0	0.0	0.8543308973312378	1.3360563516616821	0.0	0.0	0.0	0.0	0.15105339884757996	0.2909463346004486	1.1324738264083862	0.0	2.3284249305725098	0.0	0.922885537147522	0.0	0.0	1.2187556028366089	0.0	1.5790200233459473	0.0	0.925665557384491	1.773221492767334	1.3042616844177246	0.0	0.0	0.0	0.0	0.0	1.9490247964859009	0.0	0.0	0.927203893661499	0.0	0.0	0.0	0.0	0.0	0.0	0.0	0.0	0.0	0.5136838555335999	0.0	0.7689236402511597	0.0	0.0	0.598539412021637	0.0	0.4606345295906067	2.1323721408843994	0.8182622194290161	0.0	0.0	0.0	0.0	0.0	0.0	0.0	0.0	0.0	2.286393642425537	0.3078165054321289	0.0	0.0	0.8231319189071655	0.0	0.0	0.0	0.9663095474243164	0.19429706037044525	0.0	0.5349562764167786	0.0	0.0	0.0	0.0	0.1960383653640747	0.0	0.0	1.6924997568130493	0.0	0.0	1.1780622005462646	0.0	0.0	0.8097751140594482	1.3065056800842285	0.5944069027900696	0.0	0.7312812805175781	0.0	1.4048227071762085	2.449301242828369	0.0	0.0	0.0	0.0	1.2883325815200806	0.0	0.0	2.6241116523742676	1.1634660959243774	0.0	0.0	0.1182558685541153	1.0470399856567383	0.7922030687332153	0.0	0.0	1.1365118026733398	0.0	0.0	0.0	0.0	0.0	0.0	0.0	0.0	0.0	0.06224903091788292	0.0	0.8146871328353882	0.0	3.1944210529327393	1.087778925895691	0.0	0.0	0.0	0.0	0.0	0.0	0.0	0.0	0.974861204624176	0.0	1.7810982465744019	1.0644209384918213	0.0	0.0	0.8017464876174927	0.0	0.0	0.0	1.6175570487976074	1.0624865293502808	1.0385240316390991	1.2708632946014404	0.0	0.0	0.0	1.0065715312957764	0.6618519425392151	1.4494972229003906	1.395443320274353	0.0	0.0	0.9457823038101196	1.103761911392212	0.0	0.0	0.0	0.0	0.0	1.1316392421722412	0.0	0.0	0.0	1.1149462461471558	0.5010979175567627	1.7446104288101196	0.0	0.20676086843013763	0.0	0.7519477605819702	0.9963776469230652	0.0	0.0	0.0	1.628836750984192	0.0	0.0
0.0	0.0	0.0	0.0	2.0631370544433594	0.0	0.263399213552475	0.0	3.123368740081787	0.7059353590011597	1.9323326349258423	0.0	1.0439703464508057	0.3996557295322418	0.0	2.236297845840454	0.0	0.7248930931091309	0.38953009247779846	0.5670630931854248	0.4981752634048462	1.020714282989502	0.0	1.210066556930542	0.0	0.0	0.7269009351730347	0.3724379241466522	0.8584431409835815	1.1227205991744995	0.43689388036727905	2.2123100757598877	0.0	1.2645773887634277	0.0	0.26183921098709106	0.5444225668907166	0.0	0.7149354219436646	1.403628945350647	0.0	0.0	0.0	1.4740946292877197	0.0	0.0	0.0	0.0	0.0	1.0213183164596558	0.0	0.0	0.0	0.4444045424461365	0.46554991602897644	0.0	0.0	0.0	0.6657878756523132	3.0703787803649902	0.0	0.0	0.0	0.39393097162246704	0.0	0.0	0.0	0.0	0.0	1.2664326429367065	0.35076484084129333	0.0	0.0	0.0	0.0	0.0	0.5834463834762573	1.1270233392715454	0.0	0.0	0.0	0.0	0.0	0.0	0.6878713369369507	0.0	3.1251795291900635	0.0	0.7338985204696655	0.0	0.0	0.40100234746932983	0.0	1.970122218132019	0.0	0.5273230671882629	1.3713889122009277	1.7265793085098267	0.0	0.0	0.0	0.18132038414478302	0.0	2.4391047954559326	0.0	0.0	0.9353410005569458	0.040420807898044586	0.0	0.08892568945884705	0.0	0.0	0.0	0.0	0.0	0.0	0.5986828804016113	0.0	1.7316831350326538	0.0	0.0	0.8432573080062866	0.0	1.0887360572814941	2.1815435886383057	0.6385887861251831	0.0	0.0	0.0	0.3406601846218109	0.0	0.0	0.0	0.0	0.0	3.0000555515289307	0.0	0.0	0.0	0.2606077492237091	0.0	0.0	0.0	1.2329590320587158	0.0	0.0	0.22121281921863556	0.0	0.0	0.0	0.0	0.16223536431789398	0.0	0.0	1.7168971300125122	0.0	0.0	0.7740912437438965	0.0	0.0	0.6429101824760437	0.43248796463012695	0.5063847303390503	0.0	0.3402195870876312	0.0	2.159217596054077	2.9636199474334717	0.0	0.0	0.0	0.0	0.5714291930198669	0.0	0.0	3.605308771133423	1.3705599308013916	0.0	0.0	0.0	1.5610063076019287	0.0	0.0	0.0	0.9907315969467163	0.0	0.0	0.0	0.0	0.0	0.0	0.0	0.0	0.0	0.0	0.0	0.409114271402359	0.0	3.602292776107788	0.9340744018554688	0.0	0.0	0.0	0.0	0.0	0.0	0.0	0.0	0.8760552406311035	0.0	2.498314619064331	1.4999961853027344	0.0	0.0	0.33758142590522766	0.0	0.0	0.0	1.2386689186096191	0.9104738235473633	1.2900032997131348	1.5773595571517944	0.0	0.0	0.0	0.959763765335083	1.169744849205017	0.9526424407958984	0.9398473501205444	0.0	0.0	1.8277990818023682	1.6025992631912231	0.0	0.0	0.0	0.0	0.0	1.5906823873519897	0.0	0.0	0.0	0.5288362503051758	0.6916953921318054	1.3590813875198364	0.0	0.08538515865802765	0.0	0.5109106302261353	1.1714675426483154	0.0	0.0	0.0	2.116262435913086	0.0	0.0
0.0	0.0	0.0	0.0	1.6234307289123535	0.0	0.15344123542308807	0.0	1.8159459829330444	0.39734601974487305	1.2853056192398071	0.0	0.5772448778152466	0.0	0.15238718688488007	1.3941309452056885	0.0	0.0904461070895195	0.2881772220134735	0.34421566128730774	0.24046577513217926	0.4018820822238922	0.0	0.5713172554969788	0.0	0.0	0.3741708993911743	0.3599500060081482	0.4237770736217499	0.6690956354141235	0.23880231380462646	1.9236117601394653	0.0	0.9452564120292664	0.0	0.023412810638546944	0.3598402738571167	0.0	0.1576974242925644	0.7361719608306885	0.0	0.0	0.0	0.7167249917984009	0.0	0.0	0.0	0.0	0.0	0.7736827731132507	0.0	0.0	0.0	0.26339736580848694	0.24474261701107025	0.0	0.0	0.0	0.2545080780982971	1.8616530895233154	0.0	0.0	0.0	0.6519709229469299	0.0	0.0	0.0	0.0	0.0	0.824960470199585	0.12221446633338928	0.0	0.0	0.0	0.0	0.0	0.2692919969558716	0.881375789642334	0.0	0.0	0.0	0.0	0.0	0.12839974462985992	0.2072456032037735	0.0	1.9384876489639282	0.0	0.13493157923221588	0.0	0.0	0.4182361364364624	0.0	1.4197176694869995	0.0	0.4194622039794922	0.8728067278862	1.089073657989502	0.0	0.0	0.0	0.0	0.0	1.5226688385009766	0.0	0.0	0.2812998592853546	0.08816022425889969	0.0	0.0	0.0	0.0	0.0	0.0	0.0	0.0	0.27333593368530273	0.0	1.1154673099517822	0.0	0.0	0.638460099697113	0.0	1.1666244268417358	1.850771427154541	0.21634365618228912	0.0	0.0	0.0	0.6346659064292908	0.0	0.0	0.031007399782538414	0.0	0.0	2.0157127380371094	0.3805495798587799	0.0	0.0	0.43256136775016785	0.0	0.0	0.0	0.7796868681907654	0.0	0.0	0.0	0.0	0.0	0.0	0.0	0.11153532564640045	0.0	0.0	1.663864016532898	0.0	0.0	0.1971227526664734	0.0	0.0	0.4344208240509033	0.7678136825561523	0.2359858751296997	0.0	0.43803030252456665	0.0	2.0621931552886963	2.05881929397583	0.0	0.0	0.0	0.0	0.4623718559741974	0.0	0.0	2.324542999267578	1.1102285385131836	0.0	0.0	0.0	0.844333827495575	0.0	0.0	0.0	0.4651600420475006	0.0	0.0	0.0	0.0	0.0	0.0	0.0	0.0	0.0	0.0	0.0	0.48274728655815125	0.0	2.4073140621185303	0.6442725658416748	0.0	0.0	0.0	0.0	0.0	0.0	0.0	0.0	0.6497366428375244	0.0	1.3255765438079834	1.1069835424423218	0.0	0.0	0.0	0.0	0.0	0.0	0.6805856823921204	0.3087349534034729	0.6344624757766724	1.1331262588500977	0.0	0.0	0.0	0.4501407742500305	0.8499708771705627	0.29337969422340393	0.2626100182533264	0.0	0.0	1.2066317796707153	1.0876065492630005	0.0	0.0	0.0	0.0	0.0	1.072862148284912	0.0	0.0	0.0	0.1864457130432129	0.29225924611091614	1.1219565868377686	0.0	0.05715811252593994	0.0	0.20576885342597961	0.560509443283081	0.0	0.0	0.0	1.3970437049865723	0.0	0.0
0.0	0.0	0.0	0.43434810638427734	1.6684229373931885	0.0	0.42788630723953247	0.0	2.9088263511657715	0.931765079498291	1.8488736152648926	0.0	0.9592136740684509	0.651386022567749	0.0	2.9221925735473633	0.0	0.7288220524787903	0.5047303438186646	0.5246244668960571	0.21836259961128235	0.5397917628288269	0.0	0.458542138338089	0.0	0.0	0.5016067624092102	0.34839802980422974	0.9665212035179138	1.2958672046661377	0.5953578352928162	1.781365156173706	0.0	0.5511568784713745	0.0	0.0	0.8989877104759216	0.0	0.3312895894050598	1.4677424430847168	0.0	0.0	0.0	1.2043076753616333	0.0	0.0	0.0	0.0	0.0	0.524959146976471	0.0	0.0	0.0	0.45494768023490906	0.157447949051857	0.0	0.0	0.0	0.40244024991989136	2.894629716873169	0.0	0.0	0.0	0.25342899560928345	0.0	0.0	0.0	0.0	0.0	1.3675262928009033	0.3598425090312958	0.0	0.0	0.0	0.0	0.0	0.4957941472530365	0.8821113109588623	0.0	0.0	0.0	0.0	0.22084321081638336	0.12001096457242966	0.43137499690055847	0.0	2.5888171195983887	0.0	1.831363320350647	0.0	0.0	0.4633457064628601	0.0	1.2862358093261719	0.0	0.774122416973114	1.6249175071716309	1.0424599647521973	0.0	0.0	0.0	0.0979626327753067	0.0	2.1217072010040283	0.0	0.0	1.0528918504714966	0.48987558484077454	0.0	0.330224871635437	0.0	0.0	0.0	0.0	0.0	0.0	0.23315659165382385	0.0	1.455155611038208	0.0	0.0	0.3190386891365051	0.0	0.724958062171936	2.3132574558258057	0.9837778210639954	0.0	0.0	0.0	0.4632973074913025	0.0	0.0	0.0	0.0	0.0	2.8850841522216797	0.0	0.0	0.0	0.0	0.0	0.0	0.0	1.329882264137268	0.0	0.0	0.6550920605659485	0.0	0.0	0.0	0.0	0.3603583574295044	0.0	0.0	1.2263752222061157	0.0	0.0	1.197037696838379	0.0	0.0	0.3156917095184326	0.4721001982688904	0.40550509095191956	0.0	0.28261125087738037	0.0	1.8646023273468018	2.6962430477142334	0.0	0.0	0.0	0.0	0.9568491578102112	0.0	0.0	3.388011932373047	1.523675560951233	0.0	0.0	0.0	1.7636059522628784	0.0	0.0	0.0	0.7288687229156494	0.0	0.0	0.0	0.0	0.0	0.0	0.0	0.0	0.0	0.0	0.0	0.3569098114967346	0.0	3.889838695526123	0.40897759795188904	0.0	0.19280919432640076	0.0	0.0	0.0	0.0	0.0	0.0	0.5870215892791748	0.0	2.581695795059204	1.3881906270980835	0.0	0.0	0.33900386095046997	0.0	0.0	0.0	1.3511366844177246	0.5011206865310669	1.776138186454773	1.62429678440094	0.0	0.0	0.0	0.47513750195503235	0.39431995153427124	1.3350143432617188	0.5806554555892944	0.0	0.0	1.4026106595993042	1.4781913757324219	0.0	0.0	0.0	0.0	0.0	1.9006894826889038	0.0	0.0	0.0	0.7320627570152283	0.9638559818267822	1.3387314081192017	0.0	0.22059550881385803	0.0	0.09811078757047653	1.3613144159317017	0.0	0.0	0.0	2.273422956466675	0.0	0.0
0.0	0.0	0.0	0.012914806604385376	2.2168290615081787	0.0	0.0	0.0	2.974107265472412	0.5628584027290344	2.9864935874938965	0.0	0.35189563035964966	0.1449994444847107	0.0	3.3930811882019043	0.37215009331703186	0.4645902216434479	0.0	0.0	0.1823066771030426	0.0	0.0	0.27996066212654114	0.0	0.0	0.22406868636608124	0.0	0.4947667121887207	1.050419807434082	0.4484545886516571	2.413203477859497	0.0	0.23974871635437012	0.0	0.0	0.41241490840911865	0.0	0.0	0.3133084774017334	0.0	0.0	0.0	1.6187502145767212	0.0	0.0	0.39248499274253845	0.0	0.0	1.5098888874053955	0.0	0.0	0.0	0.07154817879199982	0.0	0.0	0.0	0.0	0.0	2.787612199783325	0.0	0.0	0.0	0.3002868592739105	0.0	0.0	0.0	0.0	0.0	0.5713446736335754	0.27451184391975403	0.0	0.0	0.0	0.0	0.0	0.3589969873428345	1.384940266609192	0.0	0.0	0.0	0.0	0.0	0.0	0.0	0.0	2.2267158031463623	0.0	1.7456324100494385	0.0	0.0	0.3551396131515503	0.0	1.4123976230621338	0.0	0.0	0.8471372723579407	1.3341723680496216	0.0	0.0	0.0	0.146004781126976	0.0	1.669313669204712	0.0	0.0	0.6661983132362366	1.0600851774215698	0.0	1.3749843835830688	0.0	0.0	0.0	0.0	0.0	0.0	0.8821816444396973	0.0	2.185335874557495	0.0	0.0	0.6347489953041077	0.0	1.4292194843292236	2.122178554534912	1.2559431791305542	0.0	0.0	0.0	0.7625681161880493	0.0	0.0	0.27252495288848877	0.0	0.0	3.8923330307006836	0.0	0.0	0.0	0.0	0.0	0.0	0.0	0.6869971752166748	0.0	0.0	0.88726407289505	0.0	0.0	0.0	0.0	1.1491882801055908	0.0	0.0	0.15573708713054657	0.0	0.0	1.9509342908859253	0.0	0.0	0.0	0.9177709817886353	0.45023155212402344	0.0	0.0	0.0	1.1559455394744873	2.747792959213257	0.0	0.0	0.0	0.0	0.2915118932723999	0.0	0.0	4.173223972320557	2.274254322052002	0.0	0.0	0.0	1.8251317739486694	0.0	0.0	0.0	0.228361576795578	0.0	0.0	0.0	0.0	0.0	0.0	0.0	0.0	0.0	0.0	0.0	0.0	0.0	4.295021057128906	0.11915446072816849	0.0	0.7691354155540466	0.0	0.0	0.0	0.0	0.0	0.0	0.9932128190994263	0.0	3.5595927238464355	2.67663311958313	0.0	0.0	0.7853773236274719	0.0	0.0	0.0	0.6253947615623474	0.46069490909576416	1.9026076793670654	2.4678657054901123	0.0	0.0	0.0	0.14333820343017578	0.8754571676254272	0.853088915348053	0.0758795365691185	0.0	0.0	2.721794843673706	2.0289182662963867	0.0	0.0	0.0	0.0	0.0	2.3885655403137207	0.0	0.0	0.0	0.3734147846698761	2.2096080780029297	0.6837730407714844	0.0	0.9123571515083313	0.0	0.0	0.6927196383476257	0.0	0.0	0.0	3.015798330307007	0.0	0.0
0.0	0.0	0.0	0.6156519055366516	0.7142798900604248	0.0	1.0581930875778198	0.0	2.593230962753296	1.2359505891799927	0.4225260615348816	0.0	1.3826508522033691	0.42228299379348755	0.0	2.3023111820220947	0.0	1.2293171882629395	0.9825389981269836	0.4691901206970215	1.7306922674179077	1.276817798614502	0.0	1.1217913627624512	0.0	0.0	1.4669784307479858	0.6733751893043518	1.288257122039795	1.2716736793518066	1.1922177076339722	1.5327919721603394	0.0	1.9330748319625854	0.0	0.49248212575912476	1.7019774913787842	0.0	1.2992138862609863	1.8061853647232056	0.0	0.0	0.0	0.3334699869155884	0.0	0.0	0.0	0.0	0.0	0.0	0.0	0.0	0.0	0.9980836510658264	1.067433476448059	0.0	0.0	0.0	1.190797209739685	2.5218610763549805	0.0	0.0	0.0	0.6202645301818848	0.0	0.0	0.0	0.0	0.0	1.6208442449569702	0.07543990761041641	0.0	0.0	0.0	0.0	0.0	0.9624690413475037	1.3305169343948364	0.0	0.0	0.0	0.0	0.0	0.902513861656189	1.4759188890457153	0.0	2.8826096057891846	0.0	0.7016884684562683	0.0	0.0	1.3690310716629028	0.0	1.7238318920135498	0.0	1.1387972831726074	1.6766273975372314	1.1837818622589111	0.0	0.0	0.0	0.0	0.0	2.324005126953125	0.0	0.0	1.3747130632400513	0.0	0.0	0.0	0.0	0.0	0.0	0.0	0.0	0.0	0.2722592353820801	0.0	0.9573330879211426	0.0	0.0	0.48667415976524353	0.0	0.5648279786109924	1.6853101253509521	0.2660243809223175	0.0	0.0	0.0	0.0	0.0	0.0	0.0	0.0	0.0	1.4076756238937378	0.0	0.0	0.0	0.7546222805976868	0.0	0.0	0.0	1.4208234548568726	0.14288239181041718	0.0	0.3705865144729614	0.0	0.0	0.0	0.0	0.0	0.0	0.0	2.214047431945801	0.0	0.0	0.5947256088256836	0.0	0.0	0.8938015103340149	1.2849016189575195	1.0602699518203735	0.0	0.8139684200286865	0.0	2.168529987335205	2.3504600524902344	0.0	0.0	0.0	0.0	1.067340612411499	0.0	0.0	2.1310861110687256	0.49788898229599	0.0	0.0	0.0	0.392574667930603	1.0534440279006958	0.0	0.0	1.2593529224395752	0.0	0.0	0.0	0.0	0.0	0.0	0.0	0.0	0.0	0.1160934790968895	0.0	1.3716586828231812	0.0	2.904197931289673	0.5235896706581116	0.0	0.0	0.0	0.0	0.0	0.0	0.0	0.0	0.8029402494430542	0.0	0.40905454754829407	0.9443991780281067	0.0	0.0	0.35984352231025696	0.0	0.0	0.0	1.5319396257400513	1.44147527217865	1.3339978456497192	1.199463129043579	0.0	0.0	0.0	1.5642725229263306	0.3111465871334076	1.361043095588684	1.4387654066085815	0.0	0.0	0.0	0.8436889052391052	0.2813178300857544	0.0	0.0	0.0	0.0	0.7633421421051025	0.0	0.0	0.0	1.2341105937957764	0.18333765864372253	1.8013540506362915	0.0	0.0	0.0	1.2170945405960083	1.2440673112869263	0.0	0.0	0.0	1.0488265752792358	0.0	0.0
0.0	0.0	0.0	0.7277841567993164	1.4275180101394653	0.0	0.8759331703186035	0.0	2.547992467880249	1.0792745351791382	0.8765403032302856	0.0	1.4712623357772827	0.6869785785675049	0.24009163677692413	2.740715742111206	0.0	0.8126683235168457	0.8658897280693054	0.9342790842056274	0.8413955569267273	0.9078869819641113	0.0	0.8285902738571167	0.0	0.0	1.1540181636810303	0.9784425497055054	1.203421711921692	1.3946254253387451	0.7730185389518738	1.6355189085006714	0.0	0.9311114549636841	0.0	0.5236712694168091	1.3838986158370972	0.0	0.8265849351882935	1.9114704132080078	0.0	0.0	0.0	0.11380144208669662	0.0	0.0	0.0	0.0	0.0	0.4550577998161316	0.0	0.0	0.0	0.21963469684123993	0.6329705119132996	0.0	0.0	0.0	1.1851422786712646	2.3148746490478516	0.0	0.0	0.0	1.0166866779327393	0.0	0.0	0.0	0.0	0.0	1.3418208360671997	0.499899685382843	0.0	0.0	0.0	0.0	0.0	1.2877122163772583	0.9921106696128845	0.0	0.0	0.0	0.0	0.0	0.39996951818466187	1.2028571367263794	0.0	2.816688060760498	0.0	1.1604595184326172	0.0	0.0	1.248893141746521	0.0	1.7277909517288208	0.0	1.0184707641601562	1.580009937286377	1.2628538608551025	0.0	0.0	0.0	0.0	0.0	2.3590009212493896	0.0	0.0	0.5877587199211121	0.1956726461648941	0.0	0.0	0.0	0.0	0.0	0.0	0.0	0.0	0.37309685349464417	0.0	1.229445457458496	0.0	0.0	0.09291722625494003	0.0	0.7242904305458069	1.4754341840744019	0.4157748520374298	0.0	0.0	0.0	0.0	0.0	0.0	0.0	0.0	0.0	2.7936227321624756	0.1830010861158371	0.0	0.0	0.6688857674598694	0.0	0.0	0.0	1.3977336883544922	0.0	0.0	0.699198842048645	0.0	0.0	0.0	0.0	0.0	0.0	0.0	1.5711396932601929	0.0	0.0	1.033544898033142	0.0	0.0	0.7668980360031128	0.9626109600067139	0.5625594854354858	0.0	1.4399000406265259	0.0	2.0762901306152344	2.4195008277893066	0.0	0.0	0.0	0.0	1.2123945951461792	0.0	0.0	2.2390096187591553	0.7359941601753235	0.0	0.0	0.0	1.2181857824325562	0.4953756034374237	0.0	0.0	1.9039640426635742	0.0	0.0	0.0	0.0	0.0	0.0	0.0	0.0	0.0	0.023885397240519524	0.0	1.216557264328003	0.0	3.2349324226379395	0.9450511336326599	0.0	0.0	0.0	0.0	0.0	0.0	0.0	0.0	0.6572534441947937	0.0	2.1367456912994385	1.7160588502883911	0.0	0.0	0.06064965948462486	0.0	0.0	0.0	1.954407811164856	1.17611825466156	0.9712588787078857	1.2879972457885742	0.0	0.0	0.0	1.136956810951233	0.7312462329864502	1.4163707494735718	0.8658198118209839	0.0	0.0	0.9294065237045288	0.9739870429039001	0.010628698393702507	0.0	0.0	0.0	0.0	1.4143091440200806	0.0	0.0	0.0	0.8647668361663818	0.8121065497398376	2.0640859603881836	0.0	0.18397156894207	0.0	0.7032541036605835	1.497427225112915	0.0	0.0	0.0	1.5296626091003418	0.0	0.0
0.0	0.0	0.0	1.2812466621398926	0.9188572764396667	0.0	0.5729092359542847	0.0	2.970958709716797	1.2547953128814697	1.7622796297073364	0.0	1.9089117050170898	0.594933032989502	0.0	3.2332804203033447	0.0	1.409529209136963	1.0657758712768555	0.2429976612329483	1.1987606287002563	1.2076202630996704	0.0	0.6040441393852234	0.0	0.0	0.8113765120506287	0.2808948755264282	1.6559779644012451	1.7320219278335571	1.2195795774459839	1.3786898851394653	0.0	0.9640886187553406	0.0	0.1040334478020668	1.740810513496399	0.0	0.9397048354148865	1.9145865440368652	0.0	0.0	0.0	0.11912953108549118	0.0	0.0	0.0	0.0	0.0	0.0	0.0	0.0	0.0	0.7477353811264038	0.48653239011764526	0.0	0.0	0.0	0.8647586107254028	3.105720043182373	0.0	0.0	0.0	0.5958132743835449	0.0	0.0	0.0	0.0	0.0	1.6945163011550903	0.12752754986286163	0.0	0.0	0.0	0.0	0.0	1.1199475526809692	0.7542209625244141	0.0	0.0	0.0	0.0	0.088510662317276	0.1995704025030136	1.187259316444397	0.0	3.0838770866394043	0.0	1.8119771480560303	0.0	0.0	1.1709505319595337	0.0	1.3768811225891113	0.0	0.8009536862373352	1.960585594177246	0.6146503686904907	0.0	0.0	0.0	0.0	0.0	2.640644073486328	0.0	0.0	1.4789154529571533	0.0	0.0	0.18352697789669037	0.0	0.0	0.0	0.0	0.0	0.0	0.0	0.0	1.1540929079055786	0.0	0.0	0.05252277851104736	0.0	0.29166653752326965	2.731630563735962	0.8145015835762024	0.0	0.0	0.0	0.0	0.0	0.0	0.0	0.0	0.0	2.6518919467926025	0.0	0.0	0.0	0.31250864267349243	0.0	0.0	0.0	0.9326430559158325	0.0	0.0	1.5313003063201904	0.0	0.0	0.0	0.0	0.0	0.0	0.0	1.5114662647247314	0.0	0.0	1.2050024271011353	0.0	0.0	0.673199474811554	1.165446162223816	0.5826590061187744	0.0	0.8964158892631531	0.0	1.481221079826355	2.5788707733154297	0.0	0.0	0.0	0.0	1.3487809896469116	0.0	0.0	3.135348320007324	1.218662977218628	0.0	0.0	0.0	1.5397632122039795	0.5114014744758606	0.0	0.0	1.0731456279754639	0.0	0.0	0.0	0.0	0.0	0.0	0.0	0.0	0.0	0.23747706413269043	0.0	1.4031187295913696	0.0	3.94527006149292	0.7942637801170349	0.0	0.0	0.0	0.0	0.0	0.0	0.0	0.0	0.3096483051776886	0.0	1.6509695053100586	1.4754434823989868	0.0	0.0	0.9700121283531189	0.0	0.0	0.0	1.8824173212051392	1.100907564163208	1.6321446895599365	1.2195851802825928	0.0	0.0	0.0	1.470258355140686	0.0	2.0076348781585693	1.2900960445404053	0.0	0.0	0.6992803812026978	0.8533871173858643	0.0	0.0	0.0	0.0	0.0	1.3662961721420288	0.0	0.0	0.0	1.978042721748352	1.1441302299499512	1.6472033262252808	0.0	0.0	0.0	0.5403951406478882	1.627308964729309	0.0	0.0	0.0	2.150041341781616	0.0	0.0
0.0	0.0	0.0	0.719961404800415	2.911080837249756	0.0	0.0	0.0	3.317356586456299	0.5766251683235168	2.7329256534576416	0.0	0.3166309893131256	0.4632854461669922	0.0	3.9346749782562256	0.1878872960805893	0.07028002291917801	0.0	0.6846608519554138	0.21913383901119232	0.0	0.0	0.2982499599456787	0.0	0.0	0.06029852107167244	0.028115171939134598	0.6749482750892639	1.2890576124191284	0.13801299035549164	2.7996649742126465	0.0	0.0	0.0	0.0	0.4944818615913391	0.0	0.0	0.8021135926246643	0.0	0.0	0.0	1.7575206756591797	0.0	0.0	0.09739481657743454	0.0	0.0	1.8435401916503906	0.0	0.0	0.0	0.0	0.0	0.0	0.0	0.0	0.06296209990978241	3.093423366546631	0.0	0.0	0.0	0.7132168412208557	0.0	0.0	0.0	0.0	0.0	0.9439903497695923	0.2760904133319855	0.0	0.0	0.0	0.0	0.0	0.5375962257385254	0.8915887475013733	0.0	0.0	0.0	0.0	0.08540450781583786	0.0	0.4342283308506012	0.0	2.1996042728424072	0.0	2.303042411804199	0.0	0.0	0.0	0.0	1.387738585472107	0.0	0.13919225335121155	1.0515648126602173	1.7253432273864746	0.0	0.0	0.0	0.9878037571907043	0.0	2.1326937675476074	0.0	0.0	0.720978856086731	1.4841331243515015	0.0	1.0746580362319946	0.0	0.0	0.0	0.0	0.0	0.0	0.7620880007743835	0.0	2.7511682510375977	0.0	0.0	0.4436127543449402	0.0	1.4189002513885498	2.1465983390808105	1.8305553197860718	0.0	0.0	0.0	1.2090948820114136	0.0	0.0	0.40678825974464417	0.0	0.0	4.247421741485596	0.0	0.0	0.0	0.0	0.0	0.0	0.0	0.9313989281654358	0.0	0.0	1.1258143186569214	0.0	0.0	0.0	0.0	1.3719664812088013	0.0	0.0	0.629625678062439	0.0	0.0	1.6930954456329346	0.0	0.0	0.0	0.7010382413864136	0.24936142563819885	0.0	0.5266305208206177	0.0	1.578031063079834	3.371493101119995	0.0	0.0	0.0	0.0	0.8951924443244934	0.0	0.0	4.170666694641113	2.5488295555114746	0.0	0.0	0.0	2.3297581672668457	0.0	0.0	0.0	0.07418538630008698	0.0	0.0	0.0	0.0	0.0	0.0	0.0	0.0	0.0	0.0	0.0	0.0	0.0	4.67718505859375	0.0	0.0	0.2860133647918701	0.0	0.0	0.0	0.0	0.0	0.0	1.0382505655288696	0.0	3.8087358474731445	2.791104316711426	0.0	0.0	0.49169549345970154	0.0	0.0	0.0	0.8157631754875183	0.10124397277832031	1.8480029106140137	2.4337613582611084	0.0	0.0	0.0	0.13389526307582855	1.0225331783294678	0.7901473045349121	0.0	0.0	0.0	3.1663448810577393	1.907540202140808	0.0	0.0	0.0	0.0	0.0	2.7335715293884277	0.0	0.0	0.0	1.0579465627670288	1.8680360317230225	0.5491966009140015	0.0	0.8840228915214539	0.0	0.010379379615187645	1.0162734985351562	0.0	0.0	0.0	2.717961549758911	0.0	0.0
0.0	0.0	0.0	0.2521156668663025	0.9073066115379333	0.0	0.4921119809150696	0.0	1.5718677043914795	0.9577429890632629	0.06837021559476852	0.0	0.8195469975471497	0.9808120727539062	0.11535107344388962	1.4261027574539185	0.0	0.41006067395210266	0.5024680495262146	0.7342893481254578	0.9811986088752747	0.43342694640159607	0.0	0.9592142105102539	0.0	0.0	0.645332396030426	0.9981929659843445	0.43262237310409546	0.8092963099479675	0.5367882251739502	0.7175867557525635	0.0	0.6515820622444153	0.0	0.9070804119110107	0.9618373513221741	0.0	0.7564554214477539	1.0279496908187866	0.0	0.0	0.0	0.06322645395994186	0.0	0.0	0.0	0.0	0.0	0.2776884138584137	0.0	0.0	0.0	0.0	0.5117641687393188	0.0	0.0	0.1533588320016861	1.263183832168579	0.8620477914810181	0.0	0.0	0.0	0.8373607397079468	0.0	0.0	0.0	0.0	0.0	1.020674705505371	0.4682386815547943	0.0	0.0	0.0	0.0	0.0	0.9032456874847412	0.8446345925331116	0.0	0.20388218760490417	0.0	0.0	0.02602737583220005	0.0	0.8768465518951416	0.0	1.373489260673523	0.0	0.3864952623844147	0.0	0.0	0.9791259169578552	0.0	1.0611201524734497	0.0	0.828102707862854	1.0126640796661377	1.4076201915740967	0.0	0.07162731885910034	0.0	0.0	0.0	1.0914629697799683	0.0	0.0	0.7278915047645569	0.04335544630885124	0.0	0.0	0.0	0.0	0.0	0.0	0.0	0.0	0.3810644745826721	0.0	0.5167154669761658	0.0	0.0	0.8751250505447388	0.0	0.5035865306854248	0.8471565842628479	0.5524829030036926	0.0	0.0	0.0	0.10149472206830978	0.0	0.0	0.2746419310569763	0.0	0.0	1.376822829246521	0.4739648103713989	0.0	0.0	0.2616559863090515	0.0	0.0	0.0	1.1064420938491821	0.640498161315918	0.0	0.4940444529056549	0.0	0.0	0.0	0.0	0.30382928252220154	0.0	0.0	1.24728262424469	0.0	0.0	0.7022863030433655	0.0	0.0	0.7918943762779236	0.7743953466415405	0.8279088139533997	0.010800622403621674	0.8561848998069763	0.0	0.9463651776313782	1.6198846101760864	0.0	0.0	0.0	0.0	0.8328405022621155	0.0	0.4148652255535126	1.2187343835830688	0.08560159057378769	0.0	0.0	0.3411564826965332	0.9943348169326782	0.4288339614868164	0.0	0.0	0.7117272615432739	0.0	0.0	0.0	0.0	0.0	0.0	0.0	0.0	0.0	0.13267648220062256	0.0	0.6125820875167847	0.0	1.8214240074157715	0.8820714950561523	0.0	0.0	0.0	0.0	0.0	0.0	0.0	0.0	0.6214134693145752	0.0	0.9679166674613953	0.9988051056861877	0.0	0.0	0.0	0.0	0.0	0.0	0.7875943779945374	1.090200424194336	0.5821346640586853	0.8153714537620544	0.0	0.0	0.0	0.7959082722663879	0.5586450695991516	0.5202935934066772	0.8567885160446167	0.0	0.0	0.5376865267753601	1.0661203861236572	0.4074082672595978	0.0	0.0	0.0	0.0	0.6593085527420044	0.0	0.0	0.0	0.5567432641983032	0.1789454221725464	1.359652042388916	0.0	0.4653899073600769	0.0	1.0493590831756592	0.7638910412788391	0.0	0.2090095728635788	0.0	0.5260165333747864	0.0	0.0
0.0	0.0	0.0	0.8054051995277405	1.5313514471054077	0.0	0.0	0.0	3.163627862930298	0.30197781324386597	3.293328285217285	0.0	0.2977651059627533	0.1670370101928711	0.0	3.8404700756073	0.5104327201843262	0.9535282254219055	0.0	0.0	0.0	0.559806227684021	0.0	0.0	0.0	0.0	0.0	0.0	0.543074905872345	0.7611643671989441	0.32541149854660034	2.136300563812256	0.0	0.0	0.0	0.0	0.21675755083560944	0.0	0.0	1.1145364046096802	0.0	0.0	0.0	1.62221360206604	0.0	0.0	0.6886433959007263	0.0	0.0	1.0684387683868408	0.0	0.0	0.0	0.17538699507713318	0.0	0.0	0.0	0.0	0.0	3.482232093811035	0.0	0.0	0.0	0.0	0.0	0.0	0.0	0.0	0.0	0.508191704750061	0.0	0.0	0.0	0.0	0.0	0.0	0.0	0.5080875158309937	0.0	0.0	0.0	0.0	0.4201887249946594	0.0	0.044826947152614594	0.0	2.433953046798706	0.0	2.5809860229492188	0.0	0.0	0.0	0.0	0.30703413486480713	0.0	0.0	0.8381325602531433	0.5572136044502258	0.0	0.0	0.0	0.8153873085975647	0.0	1.7914717197418213	0.0	0.0	1.1428660154342651	0.6414937973022461	0.0	1.3223925828933716	0.0	0.0	0.0	0.0	0.0	0.0	0.0	0.0	2.2712199687957764	0.0	0.0	0.0	0.0	0.4137919545173645	2.784660816192627	0.7047105431556702	0.0	0.0	0.0	0.8145094513893127	0.0	0.0	0.0	0.0	0.0	3.4247217178344727	0.0	0.0	0.0	0.0	0.0	0.0	0.0	0.4766407907009125	0.0	0.0	1.2384816408157349	0.0	0.0	0.0	0.0	0.8575679063796997	0.0	0.0	0.5391709208488464	0.0	0.0	1.4116082191467285	0.0	0.0	0.0	0.0	0.0	0.0	0.0	0.0	0.8719965219497681	2.537635087966919	0.0	0.0	0.0	0.0	0.7049009203910828	0.0	0.0	4.272022724151611	2.9411368370056152	0.0	0.0	0.0	1.3803669214248657	0.0	0.0	0.0	0.0	0.0	0.0	0.0	0.0	0.0	0.0	0.0	0.0	0.0	0.0	0.0	0.0	0.0	4.130396842956543	0.0	0.0	0.320992648601532	0.0	0.0	0.0	0.0	0.0	0.0	0.6939178109169006	0.0	2.385653257369995	1.9115090370178223	0.0	0.0	1.1457082033157349	0.0	0.0	0.0	0.47236567735671997	0.0	2.387428045272827	2.1292388439178467	0.0	0.0	0.0	0.20432713627815247	0.07535327970981598	1.3729658126831055	0.0	0.0	0.0	1.9796749353408813	1.2072652578353882	0.0	0.0	0.0	0.0	0.0	2.261937379837036	0.0	0.0	0.0	1.104630708694458	1.8381296396255493	0.4248310327529907	0.0	0.05202716588973999	0.0	0.0	0.8912343978881836	0.0	0.0	0.0	3.2959978580474854	0.0	0.0
0.0	0.0	0.0	0.09724907577037811	1.8448107242584229	0.0	0.0	0.0	3.1729841232299805	0.8173013925552368	2.193890333175659	0.0	0.7841610312461853	0.39532792568206787	0.0	2.778752326965332	0.01967562921345234	0.8835664391517639	0.3393175005912781	0.5202407836914062	0.5452503561973572	1.0082801580429077	0.0	0.4239168167114258	0.0	0.0	0.5367022156715393	0.09607081115245819	0.6534140110015869	1.3362250328063965	0.6358689665794373	2.0632619857788086	0.0	0.4800835847854614	0.0	0.0	1.0616438388824463	0.0	0.23412954807281494	0.8458120226860046	0.0	0.0	0.0	1.2702122926712036	0.0	0.0	0.0	0.0	0.0	1.047437071800232	0.0	0.0	0.0	0.40126997232437134	0.1789293885231018	0.0	0.0	0.0	0.7383987307548523	2.7878105640411377	0.0	0.0	0.0	0.42649707198143005	0.0	0.0	0.0	0.0	0.0	0.8598297834396362	0.5826094746589661	0.0	0.0	0.0	0.0	0.0	0.5147599577903748	1.036835789680481	0.0	0.0	0.0	0.0	0.0	0.0	0.6720075011253357	0.0	2.508187770843506	0.0	0.9724979996681213	0.0	0.0	0.8903462886810303	0.0	1.424238681793213	0.0	0.49454954266548157	1.53423011302948	1.6864985227584839	0.0	0.0	0.0	0.07344496995210648	0.0	2.14943790435791	0.0	0.0	0.33711397647857666	0.4890270531177521	0.0	0.16882556676864624	0.0	0.0	0.0	0.0	0.0	0.0	0.2331603467464447	0.0	1.8986485004425049	0.0	0.0	0.5253224968910217	0.0	1.2136003971099854	2.007686138153076	0.9238218665122986	0.0	0.0	0.0	0.3036755621433258	0.0	0.0	0.20424745976924896	0.0	0.0	2.829216480255127	0.0	0.0	0.0	0.20411820709705353	0.0	0.0	0.0	0.5039618015289307	0.0	0.0	0.6743806004524231	0.0	0.0	0.0	0.0	0.5781047940254211	0.0	0.0	1.1261272430419922	0.0	0.0	1.5617215633392334	0.0	0.0	0.39679622650146484	0.9748496413230896	0.6400516629219055	0.0	0.40773993730545044	0.0	1.948857069015503	2.7169995307922363	0.0	0.0	0.0	0.0	0.8467077612876892	0.0	0.0	3.5982444286346436	1.9471561908721924	0.0	0.0	0.0	1.4127827882766724	0.0	0.0	0.0	0.2916291356086731	0.0	0.0	0.0	0.0	0.0	0.0	0.0	0.0	0.0	0.0	0.0	0.31165024638175964	0.0	3.732008457183838	0.8547665476799011	0.0	0.07023294270038605	0.0	0.0	0.0	0.0	0.0	0.0	0.9572682976722717	0.0	2.229518175125122	2.2523632049560547	0.0	0.0	0.3178567588329315	0.0	0.0	0.0	1.3961734771728516	0.8295144438743591	1.242656946182251	1.6169567108154297	0.0	0.0	0.0	0.5213459730148315	0.48798808455467224	1.1552789211273193	0.43062952160835266	0.0	0.0	1.9191535711288452	1.337920069694519	0.0	0.0	0.0	0.0	0.0	1.7812045812606812	0.0	0.0	0.0	0.3980563282966614	1.1856458187103271	1.1079527139663696	0.0	0.5233219861984253	0.0	0.3181155323982239	1.375867247581482	0.0	0.0	0.0	2.3895697593688965	0.0	0.0
0.0	0.0	0.0	0.35831379890441895	1.2923009395599365	0.0	0.46452566981315613	0.0	2.1292026042938232	0.6373027563095093	1.2173646688461304	0.0	0.9287127256393433	0.19699500501155853	0.0	1.9744168519973755	0.0	0.9248140454292297	0.8742772936820984	0.8955236673355103	0.9312290549278259	0.8681179881095886	0.0	0.5371167659759521	0.0	0.0	0.9336469769477844	0.4151371419429779	0.641273021697998	0.5229803323745728	0.3848877549171448	1.3657106161117554	0.0	1.1233725547790527	0.0	0.21245719492435455	1.5185807943344116	0.0	0.5723042488098145	1.2453858852386475	0.0	0.0	0.0	0.3693891763687134	0.0	0.0	0.0	0.0	0.0	0.39394205808639526	0.0	0.0	0.0	0.790233850479126	0.38610801100730896	0.0	0.0	0.0	1.0195287466049194	2.2388429641723633	0.0	0.0	0.0	0.5559042096138	0.0	0.0	0.0	0.0	0.0	1.3198002576828003	0.0	0.0	0.0	0.0	0.0	0.0	1.0173956155776978	0.5601067543029785	0.0	0.0	0.0	0.0	0.0	0.17839890718460083	0.6405271887779236	0.0	2.134636878967285	0.0	0.5685853958129883	0.0	0.0	0.868507444858551	0.0	1.6160062551498413	0.0	0.8178014755249023	1.3231498003005981	1.0745981931686401	0.0	0.0	0.0	0.0	0.0	2.157292127609253	0.0	0.0	1.1000996828079224	0.0	0.0	0.0	0.0	0.0	0.0	0.0	0.0	0.0	0.0	0.0	1.0616276264190674	0.0	0.0	0.06879532337188721	0.0	0.5357533097267151	1.4391719102859497	0.384151428937912	0.0	0.0	0.0	0.34225282073020935	0.0	0.0	0.0	0.0	0.0	2.1427576541900635	0.058437641710042953	0.0	0.0	0.5596778392791748	0.0	0.0	0.0	1.1831787824630737	0.0	0.0	0.6040366291999817	0.0	0.0	0.0	0.0	0.0	0.0	0.0	1.3666104078292847	0.0	0.0	0.8286258578300476	0.0	0.0	0.37563958764076233	0.7223465442657471	0.523237943649292	0.0	0.5304207801818848	0.0	1.7758456468582153	2.1303226947784424	0.0	0.0	0.0	0.0	0.9489398002624512	0.0	0.0	1.8860760927200317	0.8689893484115601	0.0	0.0	0.0	0.9369381666183472	0.18600395321846008	0.0	0.0	1.086853265762329	0.0	0.0	0.0	0.0	0.0	0.0	0.0	0.0	0.0	0.21099330484867096	0.0	0.8497880697250366	0.0	2.400435447692871	0.881291925907135	0.0	0.0	0.0	0.0	0.0	0.0	0.0	0.0	0.43311807513237	0.0	1.2680326700210571	1.136123538017273	0.0	0.0	0.022440409287810326	0.0	0.0	0.0	1.463938593864441	0.6328232288360596	1.1125186681747437	0.841181218624115	0.0	0.0	0.0	1.2511224746704102	0.11902926117181778	1.2049381732940674	0.4536392390727997	0.0	0.0	0.6517428159713745	1.2187128067016602	0.0	0.0	0.0	0.0	0.0	1.109208583831787	0.0	0.0	0.0	0.7835508584976196	0.4159878194332123	1.3040744066238403	0.0	0.02748521789908409	0.0	0.7282785177230835	1.0837868452072144	0.0	0.0	0.0	1.0514272451400757	0.0	0.0
0.0	0.0	0.0	0.0	2.649578809738159	0.0	0.0	0.0	3.4412498474121094	0.14476369321346283	3.296924352645874	0.0	0.0	0.08904819190502167	0.052161891013383865	3.5996835231781006	1.0601208209991455	0.3526632785797119	0.0	0.2718767523765564	0.0	0.0	0.0	0.12788809835910797	0.0	0.0	0.0	0.0	0.5246857404708862	1.229769229888916	0.0	2.5720572471618652	0.0	0.0	0.0	0.0	0.0	0.0	0.0	0.5252269506454468	0.0	0.0	0.0	1.7012205123901367	0.0	0.0	0.419270783662796	0.0	0.0	1.8586801290512085	0.0	0.0	0.0	0.0	0.0	0.0	0.0	0.0	0.0	2.913902521133423	0.0	0.0	0.0	0.0	0.0	0.0	0.0	0.0	0.0	0.31226640939712524	0.1823652982711792	0.0	0.0	0.0	0.0	0.0	0.5352708101272583	0.802139401435852	0.0	0.0	0.0	0.0	0.0	0.0	0.0	0.0	1.720291256904602	0.0	2.2085843086242676	0.0	0.0	0.0	0.0	1.0558313131332397	0.0	0.0	0.6801570057868958	1.3831262588500977	0.0	0.0	0.0	1.0062227249145508	0.0	1.2467200756072998	0.0	0.0	0.6878067255020142	1.246795415878296	0.0	1.5146291255950928	0.0	0.0	0.0	0.0	0.0	0.0	0.6505768895149231	0.0	2.6753416061401367	0.0	0.0	0.3537658751010895	0.0	1.2350281476974487	2.033686399459839	1.3308669328689575	0.0	0.0	0.0	1.600443959236145	0.0	0.0	0.18759019672870636	0.0	0.0	4.5604729652404785	0.0	0.0	0.0	0.0	0.0	0.0	0.0	0.816734790802002	0.0	0.0	0.7279497385025024	0.0	0.0	0.0	0.0	1.477224588394165	0.0	0.0	0.6481048464775085	0.0	0.0	1.9130549430847168	0.0	0.0	0.0	0.2652645409107208	0.13199451565742493	0.0	0.0	0.0	1.0884206295013428	3.0004518032073975	0.0	0.0	0.0	0.0	0.5345078706741333	0.0	0.0	4.394596576690674	3.3136651515960693	0.0	0.0	0.0	1.6714251041412354	0.0	0.0	0.0	0.0	0.0	0.0	0.0	0.0	0.0	0.0	0.0	0.0	0.0	0.0	0.0	0.0	0.0	4.274583339691162	0.0	0.0	0.6599253416061401	0.0	0.0	0.0	0.0	0.0	0.0	0.9677857160568237	0.0	3.7367334365844727	2.766223907470703	0.0	0.0	0.5423626899719238	0.0	0.0	0.0	0.5369476079940796	0.0	1.956813097000122	2.4129953384399414	0.0	0.0	0.0	0.0	1.1357269287109375	0.6702116131782532	0.0	0.0	0.0	2.963252067565918	1.8711509704589844	0.0	0.0	0.0	0.0	0.0	2.616426944732666	0.0	0.0	0.0	0.23561479151248932	2.056931257247925	0.2853361666202545	0.0	0.907291054725647	0.0	0.0	0.517156720161438	0.0	0.0	0.0	3.3842031955718994	0.0	0.0
0.0	0.0	0.0	0.6188560128211975	1.7017461061477661	0.0	0.6784100532531738	0.0	2.5741541385650635	0.47836846113204956	1.2544511556625366	0.0	1.2330422401428223	0.8573710322380066	0.0	2.7388651371002197	0.0	1.0261093378067017	0.7848762273788452	1.0748246908187866	1.0006638765335083	0.5578082799911499	0.0	0.6148625612258911	0.0	0.0	0.7777315974235535	0.7472842931747437	0.5983644723892212	1.0925103425979614	0.7990770936012268	1.743408441543579	0.0	1.0544975996017456	0.0	0.8153635859489441	0.9107467532157898	0.0	0.9434757828712463	1.3463599681854248	0.0	0.0	0.0	0.4783073365688324	0.0	0.0	0.0	0.0	0.0	0.5899006724357605	0.0	0.0	0.0	0.44478902220726013	0.6003910303115845	0.0	0.0	0.0	1.3554165363311768	2.601922035217285	0.0	0.0	0.0	0.8343337178230286	0.0	0.0	0.0	0.0	0.0	1.1736323833465576	0.0	0.0	0.0	0.0	0.0	0.0	0.968271017074585	1.1846702098846436	0.0	0.0	0.0	0.0	0.06167170777916908	0.18230368196964264	0.770124077796936	0.0	2.5700151920318604	0.0	1.1347681283950806	0.0	0.0	1.450290560722351	0.0	1.8018922805786133	0.0	1.1886556148529053	1.3844752311706543	1.4193516969680786	0.0	0.0	0.0	0.0	0.0	2.1891674995422363	0.0	0.0	0.8798505663871765	0.07293576002120972	0.0	0.0	0.0	0.0	0.0	0.0	0.0	0.0	0.0	0.0	1.3212584257125854	0.0	0.0	0.4395274221897125	0.0	0.5580573081970215	1.5338232517242432	0.3617042899131775	0.0	0.0	0.0	0.0	0.0	0.0	0.0	0.0	0.0	2.247534990310669	0.0	0.0	0.0	0.6077271699905396	0.0	0.0	0.0	1.7488324642181396	0.0	0.0	0.5429351329803467	0.0	0.0	0.0	0.0	0.0	0.0	0.0	1.78192937374115	0.0	0.0	0.7274420857429504	0.0	0.0	0.8158983588218689	0.6991614699363708	0.5569635033607483	0.0	0.4862852692604065	0.0	1.9916225671768188	2.3674612045288086	0.0	0.0	0.0	0.0	1.1088366508483887	0.0	0.0	2.293250322341919	0.9146589636802673	0.0	0.0	0.28319641947746277	1.2510682344436646	0.0	0.0	0.0	1.2544695138931274	0.0	0.0	0.0	0.0	0.0	0.0	0.0	0.0	0.0	0.11340023577213287	0.0	0.6777244210243225	0.0	2.757362127304077	1.2793267965316772	0.0	0.0	0.0	0.0	0.0	0.0	0.0	0.0	0.6849765777587891	0.0	1.1685659885406494	1.3899561166763306	0.0	0.0	0.0	0.0	0.0	0.0	1.1799534559249878	0.735718846321106	1.1230202913284302	1.2821093797683716	0.0	0.0	0.0	0.9320706725120544	0.37225210666656494	1.0911345481872559	0.8334774374961853	0.0	0.0	1.2553493976593018	1.2009464502334595	0.0	0.0	0.0	0.0	0.0	1.5352123975753784	0.0	0.0	0.0	1.0705945491790771	0.6780797839164734	1.3780543804168701	0.0	0.07977787405252457	0.0	1.0167933702468872	1.2379732131958008	0.0	0.0	0.0	1.5430408716201782	0.0	0.0
0.0	0.0	0.0	0.23367704451084137	1.4536902904510498	0.0	0.7280842065811157	0.0	2.7138919830322266	1.0318567752838135	1.226881980895996	0.0	2.087670087814331	0.0	0.0	1.5795799493789673	0.0	1.3984081745147705	1.049423098564148	0.9634642004966736	1.0204445123672485	1.7406971454620361	0.0	0.6021537184715271	0.0	0.0	0.9057123064994812	0.6019040942192078	1.5402547121047974	1.4752987623214722	0.20679202675819397	2.2928149700164795	0.0	1.5699632167816162	0.0	0.0	1.4866983890533447	0.0	1.3778438568115234	1.843044400215149	0.0	0.0	0.0	0.1162898913025856	0.0	0.0	0.0	0.0	0.0	0.07530716806650162	0.0	0.0	0.0	0.6969894170761108	0.9950466156005859	0.0	0.0	0.0	1.0678883790969849	2.893329381942749	0.0	0.0	0.0	0.6562557220458984	0.0	0.0	0.0	0.0	0.0	1.7074326276779175	0.0	0.0	0.0	0.0	0.0	0.0	1.4406218528747559	0.8617033958435059	0.0	0.0	0.0	0.0	0.0	0.6404334902763367	1.8055905103683472	0.0	2.697443962097168	0.0	0.10479122400283813	0.0	0.0	1.4024326801300049	0.0	2.569255828857422	0.0	1.2009408473968506	1.424156665802002	1.3279807567596436	0.0	0.0	0.0	0.14379368722438812	0.0	2.6869287490844727	0.0	0.0	0.15046310424804688	0.0	0.0	0.0	0.0	0.0	0.0	0.0	0.0	0.0	0.24153904616832733	0.0	1.961965560913086	0.0	0.0	0.0	0.0	0.9184423089027405	2.2425053119659424	0.23954807221889496	0.0	0.0	0.0	0.0969807431101799	0.0	0.0	0.5215867757797241	0.0	0.0	2.7513949871063232	0.11952780932188034	0.0	0.0	0.8982154130935669	0.0	0.0	0.0	0.6691036820411682	0.0	0.0	0.4305659532546997	0.0	0.0	0.0	0.0	0.1902550905942917	0.0	0.0	2.447580575942993	0.0	0.0	0.531856119632721	0.0	0.0	0.9294676184654236	1.324488639831543	0.6562302112579346	0.0	1.2292863130569458	0.0	2.5724117755889893	2.6130402088165283	0.0	0.0	0.0	0.0	1.4112244844436646	0.0	0.0	2.7794601917266846	0.4569776952266693	0.0	0.0	0.0	0.9631502628326416	0.4936066269874573	0.0	0.0	1.7189732789993286	0.0	0.0	0.0	0.0	0.0	0.0	0.0	0.0	0.0	0.6128378510475159	0.0	1.749853491783142	0.0	3.5428264141082764	1.2159028053283691	0.0	0.0	0.0	0.0	0.0	0.0	0.0	0.0	0.3766685426235199	0.0	1.1085257530212402	1.0782585144042969	0.0	0.0	0.4687364399433136	0.0	0.0	0.0	2.1807568073272705	1.737360954284668	1.190018892288208	0.7351224422454834	0.0	0.0	0.0	1.6983987092971802	0.5348086357116699	1.3506485223770142	0.9017927646636963	0.0	0.0	0.6498929858207703	0.9199095964431763	0.23335008323192596	0.0	0.0	0.0	0.0	0.7296088933944702	0.0	0.0	0.0	1.340823769569397	0.39840570092201233	2.373741865158081	0.0	0.0	0.0	1.0650007724761963	1.310473084449768	0.0	0.0	0.0	1.2374299764633179	0.0	0.0
0.0	0.0	0.0	0.0	2.6435399055480957	0.0	0.0	0.0	3.5076324939727783	0.0	3.310706377029419	0.0	0.3698893189430237	0.0	0.12310611456632614	2.5841996669769287	0.27413037419319153	0.0	0.0	0.0	0.0	0.0	0.0	0.03994332253932953	0.0	0.0	0.0	0.0	0.6123467087745667	1.1901694536209106	0.0	3.3649368286132812	0.0	0.0	0.0	0.0	0.0	0.0	0.0	0.2885351777076721	0.0	0.0	0.0	1.9533381462097168	0.0	0.0	0.0	0.0	0.0	2.1853976249694824	0.0	0.0	0.0	0.0	0.0	0.0	0.0	0.0	0.0	2.892803192138672	0.0	0.0	0.0	0.4947952628135681	0.0	0.0	0.0	0.0	0.0	0.15466304123401642	0.0325438529253006	0.0	0.0	0.0	0.0	0.0	0.11564682424068451	0.936736524105072	0.0	0.0	0.0	0.0	0.0	0.0	0.0	0.0	1.5750901699066162	0.0	1.3811198472976685	0.0	0.0	0.0	0.0	1.2812526226043701	0.0	0.0	0.7182141542434692	1.381578803062439	0.0	0.0	0.0	1.0862513780593872	0.0	1.1955432891845703	0.0	0.0	0.0	1.568633794784546	0.0	1.2164160013198853	0.0	0.0	0.0	0.0	0.0	0.0	0.7345494627952576	0.0	2.780655860900879	0.0	0.0	0.24085985124111176	0.0	1.6365169286727905	2.383662462234497	1.2745221853256226	0.0	0.0	0.0	1.588159203529358	0.0	0.0	0.7758339047431946	0.0	0.0	4.481287002563477	0.3692590296268463	0.0	0.0	0.0	0.0	0.0	0.0	0.0	0.0	0.0	0.21828751266002655	0.0	0.0	0.0	0.0	1.3352584838867188	0.0	0.0	0.5511646270751953	0.0	0.0	1.5487710237503052	0.0	0.0	0.0	0.5428383946418762	0.4328295886516571	0.0	0.40687450766563416	0.0	1.61343252658844	3.565192699432373	0.0	0.0	0.0	0.0	0.06445752084255219	0.0	0.0	4.341456413269043	3.2212908267974854	0.0	0.0	0.0	1.586501955986023	0.0	0.0	0.0	0.0	0.0	0.0	0.0	0.0	0.0	0.0	0.0	0.0	0.0	0.0	0.0	0.0	0.0	4.325916290283203	0.1048462763428688	0.0	0.7158758044242859	0.0	0.0	0.0	0.0	0.0	0.0	1.2334736585617065	0.0	3.7428746223449707	2.3164854049682617	0.0	0.0	0.3037300705909729	0.0	0.0	0.0	0.2982492446899414	0.0	2.139677047729492	2.64577579498291	0.0	0.0	0.0	0.0	0.9795268774032593	0.6416133046150208	0.0	0.0	0.0	2.9962329864501953	2.3268253803253174	0.0	0.0	0.0	0.0	0.0	2.143418788909912	0.0	0.0	0.0	0.022357912734150887	1.4667915105819702	0.39167115092277527	0.0	0.7726992964744568	0.0	0.0	0.3245297968387604	0.0	0.0	0.0	3.2172861099243164	0.0	0.0
0.0	0.0	0.0	0.365348219871521	1.1410471200942993	0.0	0.7073238492012024	0.0	2.0337088108062744	0.6730446219444275	1.0653705596923828	0.0	1.5025428533554077	0.0	0.013246153481304646	1.5273370742797852	0.0	0.7131279706954956	0.7334346175193787	0.7785606980323792	0.5622255802154541	1.3476201295852661	0.0	0.7082558274269104	0.0	0.0	0.6846259832382202	0.6228026151657104	1.1245567798614502	1.0862666368484497	0.07007962465286255	1.8333165645599365	0.0	1.0741353034973145	0.0	0.5069680213928223	1.3594002723693848	0.0	0.9475709795951843	1.5036556720733643	0.0	0.0	0.0	0.0	0.0	0.0	0.0	0.0	0.0	0.215399369597435	0.0	0.0	0.0	0.5545223355293274	0.9230169057846069	0.0	0.0	0.0	1.0106630325317383	2.1164438724517822	0.0	0.0	0.0	0.8087667226791382	0.0	0.0	0.0	0.0	0.0	1.392744779586792	0.0009457303094677627	0.0	0.0	0.0	0.0	0.0	1.110201358795166	0.7700023055076599	0.0	0.08229070901870728	0.0	0.0	0.0	0.12790754437446594	1.0092010498046875	0.0	2.143617868423462	0.0	0.3649339973926544	0.0	0.0	0.8875210285186768	0.0	1.982161045074463	0.0	1.1003583669662476	1.386048674583435	1.0441097021102905	0.0	0.0	0.0	0.0	0.0	2.137953519821167	0.0	0.0	0.25146496295928955	0.0	0.0	0.0	0.0	0.0	0.0	0.0	0.0	0.0	0.38753315806388855	0.0	1.340611457824707	0.0	0.0	0.0	0.0	1.129710078239441	1.7990347146987915	0.21346668899059296	0.0	0.0	0.0	0.15993563830852509	0.0	0.0	0.13093724846839905	0.0	0.0	2.212329387664795	0.0	0.0	0.0	0.4360462725162506	0.0	0.0	0.0	0.5663592219352722	0.0	0.0	0.32695427536964417	0.0	0.0	0.0	0.0	0.0	0.0	0.0	1.8388150930404663	0.0	0.0	0.5293333530426025	0.0	0.0	0.5354069471359253	0.6387223601341248	0.6595685482025146	0.0	0.8894681334495544	0.0	1.9307910203933716	1.9593887329101562	0.0	0.0	0.0	0.0	0.8220459222793579	0.0	0.0	1.9863382577896118	0.3509344458580017	0.0	0.0	0.0	1.012168288230896	0.40914642810821533	0.0	0.0	1.301214575767517	0.0	0.0	0.0	0.0	0.0	0.0	0.0	0.0	0.0	0.13156546652317047	0.0	1.2150079011917114	0.0	2.2287917137145996	0.9723865389823914	0.0	0.0	0.0	0.0	0.0	0.0	0.0	0.0	0.35220903158187866	0.0	1.0676841735839844	1.0875154733657837	0.0	0.0	0.0	0.0	0.0	0.0	1.5163015127182007	0.9464812278747559	0.7717569470405579	0.6915985941886902	0.0	0.0	0.0	1.3001855611801147	0.6356067061424255	1.0565640926361084	0.6918835639953613	0.0	0.0	0.7697370648384094	0.8145877122879028	0.0	0.0	0.0	0.0	0.0	0.7014389038085938	0.0	0.0	0.0	1.0044065713882446	0.1694551706314087	1.8979096412658691	0.0	0.20390182733535767	0.0	0.7894174456596375	0.8949182629585266	0.0	0.0	0.0	0.8638904094696045	0.0	0.0
0.0	0.0	0.0	0.05769951641559601	1.0073586702346802	0.0	0.7639988660812378	0.0	1.6969246864318848	1.0382660627365112	0.5690991282463074	0.0	1.0756850242614746	0.8145911693572998	0.06981942057609558	1.6616551876068115	0.0	0.3347533941268921	0.6364420652389526	0.688656210899353	0.6725249886512756	0.5568284392356873	0.0	0.9360437393188477	0.0	0.0	0.6862925291061401	0.807435929775238	0.8832266330718994	0.6233593225479126	0.39426493644714355	0.9784100651741028	0.0	0.6081606149673462	0.0	0.4183320701122284	1.0274392366409302	0.0	0.8753783702850342	1.1351369619369507	0.0	0.0	0.0	0.13726364076137543	0.0	0.0	0.0	0.0	0.0	0.31067967414855957	0.0	0.0	0.0	0.2187800109386444	0.7157081961631775	0.0	0.0	0.0	1.1803648471832275	1.2490973472595215	0.0	0.0	0.0	0.5467482209205627	0.0	0.0	0.0	0.0	0.0	0.8986122012138367	0.4038049876689911	0.0	0.0	0.0	0.0	0.0	0.8974698781967163	0.6176880598068237	0.0	0.0	0.0	0.0	0.06370429694652557	0.0	0.9014740586280823	0.0	1.759295105934143	0.0	0.33984920382499695	0.0	0.0	0.7629629373550415	0.0	1.4208000898361206	0.0	0.6295740604400635	1.1457209587097168	0.952589213848114	0.0	0.0	0.0	0.0	0.0	1.5731230974197388	0.0	0.0	0.5558209419250488	0.06319358944892883	0.0	0.0	0.0	0.0	0.0	0.0	0.0	0.0	0.34907472133636475	0.0	0.8195546269416809	0.0	0.01101459376513958	0.37169280648231506	0.0	0.5455152988433838	1.0356111526489258	0.4639246165752411	0.0	0.0	0.0	0.0077850790694355965	0.0	0.0	0.2953592538833618	0.0	0.0	1.4293023347854614	0.3588329255580902	0.0	0.0	0.4510473906993866	0.0	0.0	0.0	0.8860702514648438	0.4305305480957031	0.0	0.5176845192909241	0.0	0.0	0.0	0.0	0.13875027000904083	0.0	0.0	1.3226860761642456	0.0	0.0	0.6706923246383667	0.0	0.0	0.7688981890678406	0.7908708453178406	0.38646018505096436	0.0	0.8369553685188293	0.0	1.188798427581787	1.8464761972427368	0.0	0.0	0.0	0.0	0.6664296388626099	0.0	0.3205995559692383	1.6056469678878784	0.17543549835681915	0.0	0.0	0.140053853392601	0.8870571851730347	0.49139922857284546	0.0	0.0	0.6839728951454163	0.0	0.0	0.0	0.0	0.0	0.0	0.0	0.0	0.0	0.2501033842563629	0.0	0.897775411605835	0.0	2.0066750049591064	0.6936869025230408	0.0	0.0	0.0	0.0	0.0	0.0	0.0	0.0	0.403450071811676	0.0	0.9998524188995361	1.054664969444275	0.0	0.0	0.13622868061065674	0.0	0.0	0.0	0.9440909028053284	1.3012994527816772	0.7796424627304077	0.7130399942398071	0.0	0.0	0.0	0.917247474193573	0.5666763186454773	0.7658344507217407	0.909051239490509	0.0	0.0	0.2844478487968445	0.8003878593444824	0.09186568856239319	0.0	0.0	0.0	0.0	0.7304788827896118	0.0	0.0	0.0	0.8294440507888794	0.33236175775527954	1.3663676977157593	0.0	0.3533773720264435	0.0	0.8541624546051025	0.9567619562149048	0.0	0.0	0.0	0.6709303259849548	0.0	0.0
0.0	0.0	0.0	0.43897637724876404	0.7949714660644531	0.0	1.8263988494873047	0.0	2.6865944862365723	1.6500061750411987	0.2670295834541321	0.0	2.728367805480957	0.9811093807220459	0.0	2.525172472000122	0.0	1.7046535015106201	1.7992372512817383	1.1970103979110718	1.2916535139083862	1.9119683504104614	0.0	1.3930177688598633	0.0	0.0	1.8174630403518677	0.7418208122253418	1.878406047821045	1.4360027313232422	1.0980031490325928	1.2506351470947266	0.0	1.9890315532684326	0.0	0.7962477207183838	2.4708383083343506	0.0	1.8626970052719116	2.8718016147613525	0.0	0.0	0.0	0.0	0.0	0.0	0.0	0.0	0.0	0.0	0.0	0.0	0.0	0.8606988787651062	1.4271361827850342	0.0	0.0	0.0	1.7248704433441162	3.0881311893463135	0.0	0.0	0.0	1.049045443534851	0.0	0.0	0.0	0.0	0.0	2.6482465267181396	0.24156032502651215	0.0	0.0	0.0	0.0	0.0	1.7010997533798218	0.9422167539596558	0.0	0.0	0.0	0.0	0.0	1.0481809377670288	1.8987269401550293	0.0	3.5898799896240234	0.0	0.6997254490852356	0.0	0.0	2.0801799297332764	0.0	3.0131163597106934	0.0	1.7379074096679688	2.479149580001831	1.2743051052093506	0.0	0.0	0.0	0.0	0.0	3.2335729598999023	0.0	0.0	1.0224162340164185	0.0	0.0	0.0	0.0	0.0	0.0	0.0	0.0	0.10480555146932602	0.0	0.0	0.7938517928123474	0.0	0.03382205218076706	0.06872484087944031	0.0	0.6372542381286621	2.0472052097320557	0.2900998294353485	0.0	0.0	0.0	0.0	0.0	0.0	0.0	0.0	0.0	2.4338278770446777	0.0	0.0	0.0	1.4473627805709839	0.0	0.0	0.0	1.119014859199524	0.0	0.0	0.9100826978683472	0.0	0.0	0.0	0.0	0.0	0.0	0.0	3.168633222579956	0.0	0.0	0.5659575462341309	0.0	0.0	1.550064206123352	1.1753755807876587	1.1105884313583374	0.0	1.3723777532577515	0.0	2.817594051361084	2.762742042541504	0.0	0.0	0.0	0.0	1.765457272529602	0.0	0.0	2.191239356994629	0.0	0.0	0.0	0.0	1.2239196300506592	1.0902596712112427	0.0	0.0	2.639206886291504	0.0	0.0	0.0	0.0	0.0	0.0	0.0	0.0	0.0	0.9236887693405151	0.0	2.2213451862335205	0.0	3.0562195777893066	1.3495638370513916	0.0	0.0	0.0	0.0	0.0	0.0	0.0	0.0	0.6666020154953003	0.0	0.856305718421936	1.3147026300430298	0.0	0.0	0.42653101682662964	0.0	0.0	0.0	2.5802557468414307	2.0557780265808105	1.2587594985961914	0.4723661541938782	0.0	0.0	0.0	2.3909332752227783	0.3138498067855835	2.0268449783325195	1.877005696296692	0.0	0.0	0.5186598300933838	0.7976399064064026	0.06761956959962845	0.0	0.0	0.0	0.0	1.0185480117797852	0.0	0.0	0.0	1.7989475727081299	0.0909954234957695	2.8043243885040283	0.0	0.03184887766838074	0.0	0.9248566031455994	1.8315293788909912	0.0	0.0	0.0	0.9042546153068542	0.0	0.0
0.0	0.0	0.0	0.0	2.3687450885772705	0.0	0.0	0.0	2.620840311050415	0.5488760471343994	2.2680013179779053	0.0	0.3502250611782074	0.15750005841255188	0.13576139509677887	2.477243423461914	0.0	0.11733552813529968	0.0	0.20795246958732605	0.0	0.0	0.0	0.2260768711566925	0.0	0.0	0.0	0.23939809203147888	0.14715805649757385	0.7004174590110779	0.07100582122802734	1.5638465881347656	0.0	0.166081503033638	0.0	0.0	0.10002784430980682	0.0	0.0	0.8876617550849915	0.0	0.0	0.0	1.4494301080703735	0.0	0.0	0.0	0.0	0.0	1.437949776649475	0.0	0.0	0.0	0.0	0.0	0.0	0.0	0.0	0.3129340410232544	2.0519235134124756	0.0	0.0	0.0	0.1092454344034195	0.0	0.0	0.0	0.0	0.0	0.19115376472473145	0.19647957384586334	0.0	0.0	0.0	0.0	0.0	0.6525340676307678	0.6875501275062561	0.0	0.0	0.0	0.0	0.0	0.0	0.07416515797376633	0.0	1.751276969909668	0.0	1.6041468381881714	0.0	0.0	0.07636584341526031	0.0	1.259448528289795	0.0	0.0	0.8293293714523315	1.2140318155288696	0.0	0.0	0.0	0.5528622269630432	0.0	1.4680784940719604	0.0	0.0	0.2487531155347824	0.9698663353919983	0.0	0.5090739130973816	0.0	0.0	0.0	0.0	0.0	0.0	0.05906969681382179	0.0	1.9777472019195557	0.0	0.0	0.4959922730922699	0.0	1.1411710977554321	1.5617033243179321	0.7164824604988098	0.0	0.0	0.0	1.173191785812378	0.0	0.0	0.0	0.0	0.0	3.4115190505981445	0.4864298403263092	0.0	0.0	0.0	0.0	0.0	0.0	0.8795379996299744	0.0	0.0	0.4022230803966522	0.0	0.0	0.0	0.0	0.87042236328125	0.0	0.0	1.0891298055648804	0.0	0.0	1.0368200540542603	0.0	0.0	0.0	0.5655571818351746	0.46224138140678406	0.0	0.36221933364868164	0.0	1.442052960395813	2.4024178981781006	0.0	0.0	0.0	0.0	0.15232345461845398	0.0	0.0	2.9599416255950928	1.9061070680618286	0.0	0.0	0.0	1.366309642791748	0.0	0.0	0.0	0.4922877550125122	0.0	0.0	0.0	0.0	0.0	0.0	0.0	0.0	0.0	0.0	0.0	0.0	0.0	3.0140879154205322	0.38832640647888184	0.0	0.28623634576797485	0.0	0.0	0.0	0.0	0.0	0.0	1.1470959186553955	0.0	2.593327045440674	1.8574914932250977	0.0	0.0	0.1950341761112213	0.0	0.0	0.0	0.4893477261066437	0.5010900497436523	1.1915544271469116	1.871854305267334	0.0	0.0	0.0	0.1263914406299591	0.7672285437583923	0.6120069026947021	0.0	0.0	0.0	2.0259435176849365	1.4096018075942993	0.0	0.0	0.0	0.0	0.0	1.8825194835662842	0.0	0.0	0.0	0.20586571097373962	1.1428062915802002	0.6982367634773254	0.0	0.6250637173652649	0.0	0.0	0.4722178280353546	0.0	0.0	0.0	2.3417532444000244	0.0	0.0
0.0	0.0	0.0	0.021068090572953224	1.7953885793685913	0.0	0.7014268636703491	0.0	2.12967586517334	1.000459909439087	0.9148550033569336	0.0	0.9212138652801514	0.5163741707801819	0.04392700269818306	1.914414405822754	0.0	0.6631696224212646	0.6006964445114136	0.6613697409629822	0.691526472568512	1.0836563110351562	0.0	1.3252363204956055	0.0	0.0	0.6118022203445435	0.7872246503829956	0.9176625609397888	0.9955766201019287	0.42504891753196716	1.5102450847625732	0.0	1.1262385845184326	0.0	0.6422216892242432	0.9558839201927185	0.0	0.9540080428123474	1.146466612815857	0.0	0.0	0.0	0.4825967848300934	0.0	0.0	0.0	0.0	0.0	0.5161291360855103	0.0	0.0	0.0	0.1691889613866806	0.5430383682250977	0.0	0.0	0.10218455642461777	1.020593285560608	1.8071767091751099	0.0	0.0	0.0	0.5945184230804443	0.0	0.0	0.0	0.0	0.0	1.2612712383270264	0.6341492533683777	0.0	0.0	0.0	0.0	0.0	0.6792891621589661	1.0967856645584106	0.0	0.0	0.0	0.0	0.0	0.07918035238981247	0.7797800302505493	0.0	2.3285915851593018	0.0	0.349360853433609	0.0	0.0	0.9616907835006714	0.0	1.6165965795516968	0.0	0.7992148399353027	1.4413201808929443	1.5652425289154053	0.0	0.0	0.0	0.0	0.0	1.6436724662780762	0.0	0.0	0.5865178108215332	0.010541592724621296	0.0	0.0	0.0	0.0	0.0	0.0	0.0	0.0	0.11971043795347214	0.0	0.9335343241691589	0.0	0.0	0.8318414688110352	0.0	0.7756263017654419	1.4081002473831177	0.5533487796783447	0.0	0.0	0.0	0.31318026781082153	0.0	0.0	0.04380924254655838	0.0	0.0	1.5167981386184692	0.14583022892475128	0.0	0.0	0.24351096153259277	0.0	0.22118155658245087	0.0	1.2281781435012817	0.438936710357666	0.0	0.3104448914527893	0.0	0.0	0.0	0.0	0.1003064289689064	0.0	0.0	1.7575311660766602	0.0	0.0	0.6099084615707397	0.0	0.0	1.0056371688842773	0.8605735898017883	0.7910008430480957	0.0	0.8584865927696228	0.0	1.8596552610397339	2.146923303604126	0.0	0.0	0.0	0.0	0.5294942259788513	0.0	0.21748071908950806	2.0238540172576904	0.6292986273765564	0.0	0.0	0.12853114306926727	0.8037567138671875	0.31571653485298157	0.0	0.0	1.1700503826141357	0.0	0.0	0.0	0.0	0.0	0.0	0.0	0.0	0.0	0.0	0.0	0.6904621720314026	0.0	2.4888594150543213	1.1727821826934814	0.0	0.0	0.0	0.0	0.0	0.0	0.0	0.0	0.634158194065094	0.0	1.2470628023147583	1.3229343891143799	0.0	0.0	0.0	0.0	0.0	0.0	1.1996791362762451	1.0555790662765503	0.6072052717208862	0.9065799117088318	0.0	0.0	0.0	0.7656170725822449	0.731620192527771	0.8170546889305115	0.8574864268302917	0.0	0.0	0.7050423622131348	0.9045646786689758	0.0	0.0	0.0	0.0	0.0	1.0774006843566895	0.0	0.0	0.0	0.7912156581878662	0.2986592650413513	1.5105665922164917	0.0	0.0	0.0	0.7316703796386719	1.1087400913238525	0.0	0.0	0.0	1.0033069849014282	0.0	0.0
0.0	0.0	0.0	0.29511311650276184	1.6075702905654907	0.0	0.0	0.0	2.4073963165283203	0.4709813594818115	1.8060749769210815	0.0	0.9944677948951721	0.6447325348854065	0.175638809800148	2.741726875305176	0.0	0.801825761795044	0.5497247576713562	0.4735034704208374	0.0	0.354716956615448	0.0	0.47680509090423584	0.0	0.0	0.36442646384239197	0.4120364487171173	0.5220796465873718	0.9715835452079773	0.5122156739234924	1.2802175283432007	0.0	0.2119513303041458	0.0	0.018089981749653816	0.9498246908187866	0.0	0.2242354154586792	1.3314220905303955	0.0	0.0	0.0	0.5275505185127258	0.0	0.0	0.0	0.0	0.0	0.6930767893791199	0.0	0.0	0.0	0.09941240400075912	0.08227937668561935	0.0	0.0	0.0	0.6950415372848511	2.417842388153076	0.0	0.0	0.0	0.33648881316185	0.0	0.0	0.0	0.0	0.0	0.807178795337677	0.21267525851726532	0.0	0.0	0.0	0.0	0.0	1.0135771036148071	0.4550148546695709	0.0	0.0	0.0	0.0	0.0	0.0	0.5343336462974548	0.0	1.8768646717071533	0.0	1.581079125404358	0.0	0.0	0.35505521297454834	0.0	1.2487443685531616	0.0	0.27687498927116394	1.122879147529602	0.9048340916633606	0.0	0.0	0.0	0.0	0.0	1.737632393836975	0.0	0.0	0.813798725605011	0.66014164686203	0.0	0.36724138259887695	0.0	0.0	0.0	0.0	0.0	0.0	0.0006133641581982374	0.0	1.7182445526123047	0.0	0.0	0.03287740796804428	0.0	0.7350780963897705	1.5367746353149414	0.6246050000190735	0.0	0.0	0.0	1.1168864965438843	0.0	0.0	0.0	0.0	0.0	3.0850749015808105	0.0	0.0	0.0	0.0	0.0	0.0	0.0	1.161953330039978	0.0588955320417881	0.0	0.5748222470283508	0.0	0.0	0.0	0.0	0.31623223423957825	0.0	0.0	0.9322191476821899	0.0	0.0	0.9469097852706909	0.0	0.0	0.3049694001674652	0.6719908714294434	0.4732813239097595	0.0	0.6793659925460815	0.0	1.4186705350875854	2.223492383956909	0.0	0.0	0.0	0.0	0.8404535055160522	0.0	0.0	2.6392099857330322	1.4215108156204224	0.0	0.0	0.0	1.2644494771957397	0.07770591229200363	0.0	0.0	1.052074909210205	0.0	0.0	0.0	0.0	0.0	0.0	0.0	0.0	0.0	0.0	0.0	0.3717401325702667	0.0	2.639099359512329	0.20291784405708313	0.0	0.09303949773311615	0.0	0.0	0.0	0.0	0.0	0.0	0.8544486165046692	0.0	1.966722846031189	1.629708170890808	0.0	0.0	0.05253588408231735	0.0	0.0	0.0	1.1018157005310059	0.5618493556976318	1.6032692193984985	1.358454704284668	0.0	0.0	0.0	0.5406071543693542	0.2944408357143402	1.2058182954788208	0.15278896689414978	0.0	0.0	1.3378634452819824	1.1449562311172485	0.0	0.0	0.0	0.0	0.0	1.5353751182556152	0.0	0.0	0.0	0.8856588006019592	0.9147133231163025	1.0531527996063232	0.0	0.6146662831306458	0.0	0.2992999255657196	1.0044325590133667	0.0	0.0	0.0	1.823760986328125	0.0	0.0
0.0	0.0	0.0	0.10167989879846573	2.3546552658081055	0.0	0.5461418032646179	0.0	4.054995059967041	1.262336015701294	1.9204292297363281	0.0	1.379277229309082	1.3161699771881104	0.09023495763540268	3.7500102519989014	0.0	1.0969737768173218	0.9068001508712769	0.31738364696502686	0.9620848894119263	0.84161776304245	0.0	0.9816176891326904	0.0	0.0	0.9584473371505737	0.5872726440429688	1.2669403553009033	1.7633941173553467	0.8678242564201355	2.605229616165161	0.0	1.3607937097549438	0.0	0.36704444885253906	1.4903216361999512	0.0	1.0424426794052124	2.347184181213379	0.0	0.0	0.0	1.48964262008667	0.0	0.0	0.0	0.0	0.0	1.0381020307540894	0.0	0.0	0.0	0.5570888519287109	0.32623088359832764	0.0	0.0	0.0	0.9852199554443359	3.6442131996154785	0.0	0.0	0.0	0.7244468331336975	0.0	0.0	0.0	0.0	0.0	1.6690454483032227	0.4314661920070648	0.0	0.0	0.0	0.0	0.0	0.7908269762992859	1.530030608177185	0.0	0.0	0.0	0.0	0.0	0.4470107853412628	0.7593371868133545	0.0	3.4311256408691406	0.0	1.677949070930481	0.0	0.0	1.0996450185775757	0.0	2.38146710395813	0.0	1.4212342500686646	2.4050018787384033	1.7857023477554321	0.0	0.0	0.0	0.0	0.0	3.0776233673095703	0.0	0.0	1.0942202806472778	0.3700026571750641	0.0	0.0	0.0	0.0	0.0	0.0	0.0	0.0	0.5800753831863403	0.0	1.7187352180480957	0.0	0.0	0.5299372673034668	0.0	0.7855046391487122	2.9236326217651367	0.8460531234741211	0.0	0.0	0.0	0.34336361289024353	0.0	0.0	0.0	0.0	0.0	3.5010597705841064	0.01807660236954689	0.0	0.0	0.0	0.0	0.0	0.0	2.0627479553222656	0.0	0.0	0.7781180739402771	0.0	0.0	0.0	0.0	0.16020843386650085	0.0	0.0	2.311556100845337	0.0	0.0	1.3055822849273682	0.0	0.0	1.0157395601272583	1.2576161623001099	1.0689523220062256	0.0	1.1431158781051636	0.0	2.8777666091918945	3.6738882064819336	0.0	0.0	0.0	0.0	1.0644896030426025	0.0	0.0	3.9072353839874268	1.6717159748077393	0.0	0.0	0.0	1.7202143669128418	0.026358650997281075	0.0	0.0	1.164219856262207	0.0	0.0	0.0	0.0	0.0	0.0	0.0	0.0	0.0	0.0	0.0	0.9201870560646057	0.0	4.84388542175293	0.9087101221084595	0.0	0.0	0.0	0.0	0.0	0.0	0.0	0.0	1.3098455667495728	0.0	2.5388591289520264	2.4525177478790283	0.0	0.0	0.2640424966812134	0.0	0.0	0.0	1.7027727365493774	1.8087794780731201	1.4807342290878296	2.031909227371216	0.0	0.0	0.0	1.446494698524475	0.8590198159217834	1.8477215766906738	0.9255063533782959	0.0	0.0	1.6850038766860962	1.432327389717102	0.0	0.0	0.0	0.0	0.0	2.009758710861206	0.0	0.0	0.0	1.4808145761489868	1.0892894268035889	1.85873281955719	0.0	0.40697774291038513	0.0	0.8493877053260803	1.8998923301696777	0.0	0.0	0.0	2.842705726623535	0.0	0.0
0.0	0.0	0.0	0.902611255645752	1.0662298202514648	0.0	1.248842716217041	0.0	3.3747506141662598	1.1331223249435425	0.9560010433197021	0.0	1.4077436923980713	1.3564916849136353	0.0	3.231283664703369	0.0	1.3811211585998535	1.2453827857971191	0.6211043000221252	1.3923380374908447	1.51365065574646	0.0	0.9602804780006409	0.0	0.0	1.3752309083938599	0.20901913940906525	1.2661203145980835	1.5399619340896606	0.8582839965820312	1.5300426483154297	0.0	1.5266886949539185	0.0	0.6380434036254883	1.3562880754470825	0.0	1.1855183839797974	2.635873317718506	0.0	0.0	0.0	0.8806982040405273	0.0	0.0	0.0	0.0	0.0	0.4887930452823639	0.0	0.0	0.0	1.1433143615722656	0.9355295300483704	0.0	0.0	0.0	0.9261365532875061	3.2444159984588623	0.0	0.0	0.0	0.30573055148124695	0.0	0.0	0.0	0.0	0.0	1.6539270877838135	0.344753235578537	0.0	0.0	0.0	0.0	0.0	1.0690526962280273	1.2782037258148193	0.0	0.0	0.0	0.0	0.07012972235679626	0.5396012663841248	1.0881258249282837	0.0	3.2058732509613037	0.0	1.07444167137146	0.0	0.0	1.3754464387893677	0.0	1.674094557762146	0.0	0.8505049347877502	1.904455542564392	1.177667260169983	0.0	0.0	0.0	0.0	0.0	2.9494216442108154	0.0	0.0	1.288093090057373	0.0	0.0	0.0	0.0	0.0	0.0	0.0	0.0	0.0	0.3778933882713318	0.0	1.617445707321167	0.0	0.0	0.4223131239414215	0.0	0.5318445563316345	2.5549628734588623	0.11005567759275436	0.0	0.0	0.0	0.0	0.0	0.0	0.0	0.0	0.0	2.280412435531616	0.0	0.0	0.0	0.9200165867805481	0.0	0.0	0.0	1.6533715724945068	0.01863369531929493	0.0	0.5021024346351624	0.0	0.0	0.0	0.0	0.0	0.0	0.0	2.0035314559936523	0.0	0.0	1.0483343601226807	0.0	0.0	0.6268302798271179	1.0410704612731934	1.0288846492767334	0.0	0.5662994980812073	0.0	2.28367280960083	2.4462616443634033	0.0	0.0	0.0	0.0	1.294223427772522	0.0	0.0	3.1456398963928223	1.2323250770568848	0.0	0.0	0.0	1.2009114027023315	0.4186830222606659	0.0	0.0	1.2713959217071533	0.0	0.0	0.0	0.0	0.0	0.0	0.0	0.0	0.0	0.05105819180607796	0.0	1.4367581605911255	0.0	3.517491579055786	1.1852524280548096	0.0	0.0	0.0	0.0	0.0	0.0	0.0	0.0	0.28260573744773865	0.0	1.5655103921890259	1.3130630254745483	0.0	0.0	0.33654293417930603	0.0	0.0	0.0	1.9924097061157227	1.4864896535873413	1.5005470514297485	1.4616628885269165	0.0	0.0	0.0	1.2194206714630127	0.48787444829940796	1.905962586402893	0.9133906364440918	0.0	0.0	0.7041856646537781	1.2181129455566406	0.08571132272481918	0.0	0.0	0.0	0.0	1.5717859268188477	0.0	0.0	0.0	1.4837262630462646	1.0751675367355347	1.7444720268249512	0.0	0.14159923791885376	0.0	1.0204384326934814	1.7500940561294556	0.0	0.0	0.0	2.0493264198303223	0.0	0.0
0.0	0.0	0.0	0.7340289354324341	1.1894457340240479	0.0	0.8294581174850464	0.0	2.502452850341797	1.2299472093582153	1.3773187398910522	0.0	1.023154854774475	0.6386991143226624	0.0	2.5298619270324707	0.0	0.9109942317008972	0.7817676663398743	0.6131317019462585	0.8342006206512451	1.1582400798797607	0.0	1.1179802417755127	0.0	0.0	1.0990791320800781	0.43926212191581726	1.0906987190246582	1.209932565689087	0.6889513731002808	1.542867660522461	0.0	0.9782822728157043	0.0	0.16626004874706268	1.0052533149719238	0.0	0.9020189046859741	1.5124088525772095	0.0	0.0	0.0	0.817571759223938	0.0	0.0	0.0	0.0	0.0	0.0	0.0	0.0	0.0	0.7382908463478088	0.9167223572731018	0.0	0.0	0.0	0.9035926461219788	2.374434471130371	0.0	0.0	0.0	0.8338842988014221	0.0	0.0	0.0	0.0	0.0	1.4265193939208984	0.4552440345287323	0.0	0.0	0.0	0.0	0.0	0.8410254120826721	0.7785094976425171	0.0	0.0	0.0	0.0	0.3959905207157135	0.40286433696746826	0.684177041053772	0.0	2.36657452583313	0.0	1.0249041318893433	0.0	0.0	1.0908536911010742	0.0	1.404815912246704	0.0	0.6889399290084839	1.884894847869873	1.2973146438598633	0.0	0.0	0.0	0.0	0.0	2.1170666217803955	0.0	0.0	0.8925178050994873	0.005606299731880426	0.0	0.0	0.0	0.0	0.0	0.0	0.0	0.0	0.29715877771377563	0.0	1.0936291217803955	0.0	0.0	0.4858474135398865	0.0	0.4718496799468994	2.0427000522613525	0.29100891947746277	0.0	0.0	0.0	0.0	0.0	0.0	0.0	0.0	0.0	2.262908935546875	0.0	0.0	0.0	1.1427582502365112	0.0	0.0	0.0	0.9563255906105042	0.0	0.0	0.40272897481918335	0.0	0.0	0.0	0.0	0.015663398429751396	0.0	0.0	1.5614709854125977	0.0	0.0	0.9580216407775879	0.0	0.0	0.7545650005340576	0.9794533252716064	0.3667806386947632	0.0	0.5466060638427734	0.0	1.7778100967407227	2.2662155628204346	0.0	0.0	0.0	0.0	0.8686054944992065	0.0	0.0	2.602654218673706	1.0136760473251343	0.0	0.0	0.0	1.3472455739974976	0.39740967750549316	0.0	0.0	1.2497763633728027	0.0	0.0	0.0	0.0	0.0	0.0	0.0	0.0	0.0	0.164295956492424	0.0	0.9661959409713745	0.0	3.005944013595581	0.8004118204116821	0.0	0.0	0.0	0.0	0.0	0.0	0.0	0.0	0.3260435461997986	0.0	1.7835979461669922	1.3907344341278076	0.0	0.0	0.38088685274124146	0.0	0.0	0.0	1.2870806455612183	1.2894829511642456	1.503480076789856	1.043868064880371	0.0	0.0	0.0	1.0913785696029663	0.3682002127170563	1.4159380197525024	1.0383217334747314	0.0	0.0	1.1837486028671265	1.2697522640228271	0.3925730288028717	0.0	0.0	0.0	0.0	1.4321582317352295	0.0	0.0	0.0	1.2662396430969238	0.6619536280632019	1.41695237159729	0.0	0.0	0.0	0.8338665962219238	1.6244210004806519	0.0	0.0	0.0	1.3694173097610474	0.0	0.0
0.0	0.0	0.0	0.0	0.6226783990859985	0.0	0.4993906617164612	0.0	0.9147161841392517	0.6456441283226013	0.11139415949583054	0.0	0.5726361274719238	0.36976632475852966	0.29891008138656616	0.7099977731704712	0.0	0.25738850235939026	0.3096664547920227	0.553837776184082	0.32869458198547363	0.39983436465263367	0.0	0.6683436632156372	0.0	0.0	0.4880918860435486	0.5403792858123779	0.4803380072116852	0.5799001455307007	0.24906043708324432	0.4976082146167755	0.0	0.41376161575317383	0.0	0.3397633731365204	0.5939690470695496	0.0	0.4416443109512329	0.3737468123435974	0.0	0.0	0.0	0.0	0.0	0.0	0.0	0.0	0.0	0.16912414133548737	0.0	0.0	0.0	0.09440452605485916	0.42110511660575867	0.0	0.0	0.307207852602005	1.0244120359420776	0.4682326912879944	0.0	0.0	0.0	0.4613870084285736	0.0	0.0	0.0	0.0	0.0	0.7062115669250488	0.5158005952835083	0.0	0.0	0.0	0.0	0.0	0.6006057262420654	0.6255399584770203	0.0	0.29391583800315857	0.0	0.0	0.0	0.05477625131607056	0.6285038590431213	0.0	0.7771063446998596	0.0	0.0	0.0	0.0	0.6190842986106873	0.0	0.8221194744110107	0.0	0.32307517528533936	0.7336236834526062	0.7881139516830444	0.0	0.03833210468292236	0.0	0.0	0.0	0.6233969330787659	0.0	0.0	0.20274531841278076	0.019420228898525238	0.0	0.0	0.0	0.0	0.0	0.0	0.0	0.0	0.13623078167438507	0.0	0.0	0.0	0.0	0.3156159818172455	0.0	0.22240349650382996	0.4134325385093689	0.2053375244140625	0.0	0.0	0.0	0.0	0.0	0.0	0.36557093262672424	0.0	0.0	0.7278867959976196	0.3339085280895233	0.0	0.0	0.22509485483169556	0.0	0.0974593311548233	0.0	0.8167427182197571	0.34481164813041687	0.0	0.09010264277458191	0.0	0.0	0.0	0.0	0.12154727429151535	0.0	0.0	0.8367955684661865	0.0	0.0	0.4651934802532196	0.0	0.0	0.6444939374923706	0.4879312217235565	0.5329280495643616	0.0	0.4841693639755249	0.0	0.7482385039329529	0.9063099026679993	0.0	0.0	0.0	0.0	0.24712581932544708	0.0	0.3400236964225769	0.7830774784088135	0.08168091624975204	0.0	0.0	0.28525394201278687	0.37671035528182983	0.2599644958972931	0.0	0.0	0.4922495484352112	0.0	0.0	0.0	0.0	0.0	0.0	0.0	0.0	0.0	0.27092164754867554	0.0	0.4883211553096771	0.0	1.0757302045822144	0.7945165634155273	0.0	0.0	0.0	0.0	0.0	0.0	0.0	0.0	0.5689239501953125	0.0	0.5451138019561768	0.7220617532730103	0.0317186564207077	0.0	0.0	0.0	0.0	0.0	0.5808619260787964	0.7837389707565308	0.1842077374458313	0.34373608231544495	0.0	0.0	0.0	0.3790045976638794	0.5215118527412415	0.3514530062675476	0.5497239232063293	0.0	0.0	0.16766321659088135	0.5413873791694641	0.30609458684921265	0.0	0.0	0.0	0.0	0.4444974958896637	0.0	0.0	0.0	0.3230777382850647	0.03259558603167534	0.93052077293396	0.0	0.12229372560977936	0.0	0.7713754177093506	0.7316965460777283	0.0	0.1444433331489563	0.0	0.19678382575511932	0.0	0.0
0.0	0.0	0.0	0.44208377599716187	0.7417572736740112	0.0	0.16926157474517822	0.0	1.2093733549118042	0.5136944651603699	0.6217005252838135	0.0	0.5385094285011292	0.0	0.0	0.7333559393882751	0.0	0.48168855905532837	0.4929634630680084	0.561156690120697	0.3255879580974579	0.9893968105316162	0.0	0.42146408557891846	0.0	0.0	0.3446912467479706	0.07990876585245132	0.7078505158424377	0.5985707640647888	0.19059623777866364	1.1054526567459106	0.0	0.8157933354377747	0.0	0.42633056640625	0.6477640867233276	0.0	0.6300052404403687	0.19548235833644867	0.0	0.0	0.0	0.0	0.0	0.0	0.0	0.0	0.0	0.1400672346353531	0.0	0.0	0.0	0.26983100175857544	0.500450074672699	0.0	0.0	0.0	0.9582241177558899	1.3592791557312012	0.0	0.0	0.0	0.4523898661136627	0.0	0.0	0.0	0.0	0.0	0.7262900471687317	0.09456292539834976	0.0	0.0	0.0	0.0	0.0	0.6943368315696716	0.19625042378902435	0.0	0.009814814664423466	0.0	0.0	0.0	0.036362141370773315	0.7014045715332031	0.0	1.1561650037765503	0.0	0.0	0.0	0.0	0.7670861482620239	0.0	1.0801831483840942	0.0	0.3532308340072632	0.813116729259491	0.4539352357387543	0.0	0.0	0.0	0.22356833517551422	0.0	1.1345099210739136	0.0	0.0	0.0	0.0	0.0	0.0	0.0	0.0	0.0	0.0	0.0	0.0	0.0	0.0	0.5339695811271667	0.0	0.0	0.0	0.0	0.17271922528743744	1.1434259414672852	0.015992404893040657	0.0	0.0	0.0	0.0	0.0	0.0	0.2869453430175781	0.0	0.0	1.1337393522262573	0.0	0.0	0.0	0.2403659075498581	0.0	0.0	0.0	0.30145010352134705	0.0	0.0	0.07319458574056625	0.0	0.0	0.0	0.0	0.0	0.0	0.0	0.9408279061317444	0.0	0.0	0.3711796998977661	0.0	0.0	0.4023050367832184	0.510086178779602	0.24743033945560455	0.0	0.7250472903251648	0.0	1.0311647653579712	1.4010757207870483	0.0	0.0	0.0	0.0	0.7084380984306335	0.0	0.0	1.269791603088379	0.3868161737918854	0.0	0.0	0.0	0.2628800868988037	0.28829118609428406	0.0	0.0	0.7783849835395813	0.0	0.0	0.0	0.0	0.0	0.0	0.0	0.0	0.0	0.1414312869310379	0.0	0.7573354840278625	0.0	1.3962548971176147	0.7456857562065125	0.0	0.1656007170677185	0.0	0.0	0.0	0.0	0.0	0.0	0.18992416560649872	0.0	0.8176038265228271	0.5637037754058838	0.0	0.0	0.441038578748703	0.0	0.0	0.0	1.107261300086975	0.567837119102478	0.466364324092865	0.39734089374542236	0.0	0.0	0.0	0.7512356042861938	0.30491724610328674	0.6455844044685364	0.8185697793960571	0.0	0.0	0.2572450339794159	0.414493590593338	0.0	0.0	0.0	0.0	0.0	0.038640476763248444	0.0	0.0	0.0	0.7323199510574341	0.45344623923301697	0.9277797937393188	0.0	0.0	0.0	0.5996339321136475	0.34176817536354065	0.0	0.10816560685634613	0.0	0.44763198494911194	0.0	0.0
0.0	0.0	0.0	0.28149086236953735	1.2582141160964966	0.0	1.081438660621643	0.0	2.4340057373046875	1.5400382280349731	0.9666329026222229	0.0	2.244541645050049	0.232410728931427	0.0	1.6641085147857666	0.0	1.5384615659713745	1.5358049869537354	1.2061676979064941	1.2990596294403076	2.178154945373535	0.0	1.2367949485778809	0.0	0.0	1.2551100254058838	0.799103319644928	1.818452000617981	0.8833580613136292	0.2640215754508972	1.779982566833496	0.0	1.9132581949234009	0.0	0.6825131177902222	2.2249903678894043	0.0	1.7695813179016113	1.8118352890014648	0.0	0.0	0.0	0.0	0.0	0.0	0.0	0.0	0.0	0.0	0.0	0.0	0.0	0.8972179293632507	1.7451179027557373	0.0	0.0	0.0	1.2949703931808472	3.0355746746063232	0.0	0.0	0.0	1.24965500831604	0.0	0.0	0.0	0.0	0.0	2.610215902328491	0.17764653265476227	0.0	0.0	0.0	0.0	0.0	1.7064063549041748	0.7718229293823242	0.0	0.0	0.0	0.0	0.0	0.8833872079849243	1.8684738874435425	0.0	2.8626205921173096	0.0	0.4409538805484772	0.0	0.0	1.9089889526367188	0.0	2.871295213699341	0.0	1.2962874174118042	2.0767669677734375	1.339824914932251	0.0	0.0	0.0	0.0	0.0	2.853529930114746	0.0	0.0	0.6291576027870178	0.0	0.0	0.0	0.0	0.0	0.0	0.0	0.0	0.0	0.0	0.0	1.4336107969284058	0.0	0.0	0.0	0.0	0.754334032535553	2.274258613586426	0.5558693408966064	0.0	0.0	0.0	0.0	0.0	0.0	0.3502095937728882	0.0	0.0	2.452421188354492	0.0	0.0	0.0	0.992089569568634	0.0	0.0	0.0	0.4080038070678711	0.0	0.0	0.686379611492157	0.0	0.0	0.0	0.0	0.0	0.0	0.0	3.149726629257202	0.0	0.0	0.7009860873222351	0.0	0.0	1.2972042560577393	1.2070555686950684	0.7750945091247559	0.0	1.71345055103302	0.0	2.805767774581909	3.0410842895507812	0.0	0.0	0.0	0.0	1.6188472509384155	0.0	0.0	2.3880083560943604	0.0	0.0	0.0	0.0	0.8707252740859985	0.7853974103927612	0.0	0.0	2.6747894287109375	0.0	0.0	0.0	0.0	0.0	0.0	0.0	0.0	0.0	0.9359000325202942	0.0	2.521822929382324	0.0	3.378725528717041	0.9646541476249695	0.0	0.0	0.0	0.0	0.0	0.0	0.0	0.0	0.0	0.0	1.0146328210830688	1.202251672744751	0.0	0.0	0.31097128987312317	0.0	0.0	0.0	2.5259523391723633	1.99014413356781	1.2212889194488525	0.243839293718338	0.0	0.0	0.0	2.434844732284546	0.0	1.4275320768356323	1.3357590436935425	0.0	0.0	0.1493871808052063	0.6716159582138062	0.3362596035003662	0.0	0.0	0.0	0.0	0.38622671365737915	0.0	0.0	0.0	1.8716797828674316	0.0	2.926095485687256	0.0	0.05269240215420723	0.0	0.8308507204055786	1.3704742193222046	0.0	0.0	0.0	0.9282703995704651	0.0	0.0
0.0	0.0	0.0	0.6327981948852539	1.7896168231964111	0.0	0.26674190163612366	0.0	2.843463182449341	0.5861334800720215	1.5297881364822388	0.0	0.5200716853141785	1.0370140075683594	0.1972265988588333	2.907531261444092	0.0	0.4895271062850952	0.3741212785243988	0.0890832468867302	0.15055418014526367	0.7638096809387207	0.0	0.3559676706790924	0.0	0.0	0.5805431604385376	0.0	0.8042889833450317	0.9760509729385376	0.7039230465888977	1.69272780418396	0.0	0.830662190914154	0.0	0.48761996626853943	0.56944739818573	0.0	0.37402790784835815	1.6267828941345215	0.0	0.0	0.0	1.5117470026016235	0.0	0.0	0.0	0.0	0.0	0.9778321385383606	0.0	0.0	0.0	0.5324385166168213	0.02500464767217636	0.0	0.0	0.0	0.3937487304210663	2.726109027862549	0.0	0.0	0.0	0.0	0.0	0.0	0.0	0.0	0.0	1.2755221128463745	0.4565950036048889	0.0	0.0	0.0	0.0	0.0	0.28177517652511597	0.5672820210456848	0.0	0.0	0.0	0.0	0.23959194123744965	0.06544380635023117	0.3998340368270874	0.0	2.509460210800171	0.0	1.7620532512664795	0.0	0.0	0.7551445364952087	0.0	1.1425907611846924	0.0	0.30739444494247437	1.547559380531311	0.9298195242881775	0.0	0.0	0.0	0.2876305878162384	0.0	1.9117302894592285	0.0	0.0	0.8191134333610535	0.4774382412433624	0.0	0.48132941126823425	0.0	0.0	0.0	0.0	0.0	0.0	0.0	0.0	1.9014880657196045	0.0	0.0	0.518527626991272	0.0	0.664645791053772	2.306445360183716	0.5191160440444946	0.0	0.0	0.0	0.9367040991783142	0.0	0.0	0.0	0.0	0.0	2.8977134227752686	0.0	0.0	0.0	0.0	0.0	0.0	0.0	1.2359521389007568	0.0	0.0	0.5955374836921692	0.0	0.0	0.0	0.0	0.05333297699689865	0.0	0.0	1.5135818719863892	0.0	0.0	1.0766469240188599	0.0	0.0	0.3390238285064697	0.43087631464004517	0.4030319154262543	0.0	0.7127304673194885	0.0	1.9333137273788452	2.524038553237915	0.0	0.0	0.0	0.0	0.8156706094741821	0.0	0.0	3.2505617141723633	1.4970998764038086	0.0	0.0	0.0	1.5141017436981201	0.0	0.0	0.0	0.6323915719985962	0.0	0.0	0.0	0.0	0.0	0.0	0.0	0.0	0.0	0.0	0.0	0.3544805943965912	0.0	3.4014923572540283	0.4495844542980194	0.0	0.06933879107236862	0.0	0.0	0.0	0.0	0.0	0.0	0.5436608791351318	0.0	2.325592041015625	1.7502626180648804	0.0	0.0	0.20712397992610931	0.0	0.0	0.0	1.1608930826187134	0.38533517718315125	1.2365331649780273	1.5172107219696045	0.0	0.0	0.0	0.4860588014125824	0.5075033903121948	1.192374348640442	0.20965224504470825	0.0	0.0	1.5458499193191528	1.37638521194458	0.0	0.0	0.0	0.0	0.0	1.7006012201309204	0.0	0.0	0.0	0.7691352367401123	1.1517443656921387	1.1074302196502686	0.0	0.5067803859710693	0.0	0.12990528345108032	1.23251473903656	0.0	0.0	0.0	2.5942916870117188	0.0	0.0
0.0	0.0	0.0	0.0	2.4893605709075928	0.0	0.0	0.0	3.251528024673462	0.045536648482084274	3.186005115509033	0.0	0.0	0.0	0.02229776419699192	2.827016830444336	0.8046916127204895	0.19672703742980957	0.0	0.3115273416042328	0.0	0.0	0.0	0.18722981214523315	0.0	0.0	0.0	0.0	0.15453259646892548	0.4887147545814514	0.0	2.748363733291626	0.0	0.0	0.0	0.0	0.0	0.0	0.0	0.43599680066108704	0.0	0.0	0.0	1.766086459159851	0.0	0.0	0.5312293767929077	0.0	0.0	2.218538761138916	0.0	0.0	0.0	0.0	0.0	0.0	0.0	0.04396755248308182	0.0	2.5044546127319336	0.0	0.0	0.0	0.05028819292783737	0.0	0.0	0.0	0.0	0.0	0.0	0.13650402426719666	0.0	0.0	0.0	0.0	0.0	0.14814364910125732	0.7209380269050598	0.0	0.0	0.0	0.0	0.0	0.0	0.0160398967564106	0.0	1.508714199066162	0.0	1.5167863368988037	0.0	0.0	0.0	0.0	0.9640630483627319	0.0	0.0	0.3195391297340393	0.9668785929679871	0.0	0.0	0.0	1.173191785812378	0.0	0.6115230917930603	0.0	0.0	0.28435006737709045	1.3913013935089111	0.0	1.8340051174163818	0.0	0.0	0.0	0.0	0.0	0.0	0.7082784175872803	0.0	2.40364146232605	0.0	0.0	0.48562049865722656	0.0	1.3152979612350464	2.0739052295684814	1.4450571537017822	0.0	0.0	0.0	1.580881118774414	0.0	0.0	0.7481252551078796	0.0	0.0	3.964343309402466	0.3342319130897522	0.0	0.0	0.0	0.0	0.0	0.0	0.0	0.0	0.0	0.7274895906448364	0.0	0.0	0.0	0.0	1.9453941583633423	0.0	0.0	0.4507094621658325	0.0	0.0	1.6763688325881958	0.0	0.0	0.0	0.766764223575592	0.0	0.0	0.0	0.0	1.1744599342346191	3.052699327468872	0.0	0.0	0.0	0.0	0.024599913507699966	0.0	0.0	4.211912155151367	2.814457416534424	0.0	0.0	0.0	1.4181233644485474	0.0	0.0	0.0	0.0	0.0	0.0	0.0	0.0	0.0	0.0	0.0	0.0	0.0	0.0	0.0	0.0	0.0	3.923015594482422	0.0	0.0	1.0926884412765503	0.0	0.0	0.0	0.0	0.0	0.0	1.6812920570373535	0.0	3.859098196029663	2.221921920776367	0.0	0.0	0.812035858631134	0.0	0.0	0.0	0.0	0.0	1.6122792959213257	2.697730541229248	0.0	0.0	0.0	0.0	1.5575675964355469	0.39262622594833374	0.0	0.0	0.0	3.114231824874878	1.8875912427902222	0.0	0.0	0.0	0.0	0.0	1.9464346170425415	0.0	0.0	0.0	0.0	2.186802625656128	0.0	0.0	0.9658122062683105	0.0	0.0	0.050576966255903244	0.0	0.0	0.0	3.024871826171875	0.0	0.0
0.0	0.0	0.0	0.26266422867774963	1.4872949123382568	0.0	0.33199548721313477	0.0	3.3300015926361084	0.9163904786109924	2.262089252471924	0.0	0.8549995422363281	0.22840994596481323	0.0	3.008533239364624	0.3242017924785614	1.1424791812896729	0.32004234194755554	0.26204830408096313	0.6627257466316223	0.6983122229576111	0.0	0.42701518535614014	0.0	0.0	0.20350578427314758	0.0	1.082556128501892	1.2398154735565186	0.6764710545539856	2.2233545780181885	0.0	1.0624302625656128	0.0	0.0	0.7532368898391724	0.0	0.19085538387298584	1.4204299449920654	0.0	0.0	0.0	1.2430238723754883	0.0	0.0	0.0	0.0	0.0	1.0262866020202637	0.0	0.0	0.0	0.6599510908126831	0.25315186381340027	0.0	0.0	0.0	0.0	3.082108736038208	0.0	0.0	0.0	0.120083749294281	0.0	0.0	0.0	0.0	0.0	1.257314920425415	0.0776938647031784	0.0	0.0	0.0	0.0	0.0	0.34265273809432983	0.7614083886146545	0.0	0.0	0.0	0.0	0.03209204226732254	0.1973387598991394	0.3506934344768524	0.0	2.583653688430786	0.0	1.4184013605117798	0.0	0.0	0.5185884237289429	0.0	1.2767802476882935	0.0	0.4824261963367462	1.5970923900604248	1.0667691230773926	0.0	0.0	0.0	0.5817168354988098	0.0	1.767146110534668	0.0	0.0	1.3117306232452393	0.0	0.0	0.8426904082298279	0.0	0.0	0.0	0.0	0.0	0.0	0.43742090463638306	0.0	1.596455454826355	0.0	0.0	0.0377173125743866	0.0	0.7169614434242249	2.523669719696045	0.838861346244812	0.0	0.0	0.0	0.5837453007698059	0.0	0.0	0.0	0.0	0.0	2.79341983795166	0.1148931086063385	0.0	0.0	0.46342480182647705	0.0	0.0	0.0	0.875617265701294	0.0	0.0	0.46671685576438904	0.0	0.0	0.0	0.0	0.7612740397453308	0.0	0.0	1.2152918577194214	0.0	0.0	1.494216799736023	0.0	0.0	0.21618683636188507	0.7579553723335266	0.4899997115135193	0.0	0.1591043621301651	0.0	1.4279073476791382	2.777625560760498	0.0	0.0	0.0	0.0	1.163433313369751	0.0	0.0	3.952207565307617	2.255596399307251	0.0	0.0	0.0	1.1414127349853516	0.0	0.0	0.0	0.14249135553836823	0.0	0.0	0.0	0.0	0.0	0.0	0.0	0.0	0.0	0.0	0.0	0.05060294643044472	0.0	3.956202983856201	0.36771905422210693	0.0	0.42863166332244873	0.0	0.0	0.0	0.0	0.0	0.0	0.5107992887496948	0.0	2.3636977672576904	1.5285025835037231	0.0	0.0	0.5431564450263977	0.0	0.0	0.0	1.268981695175171	0.4963410198688507	2.0886847972869873	1.6145204305648804	0.0	0.0	0.0	0.5124421119689941	0.24475771188735962	1.3961577415466309	0.2666839063167572	0.0	0.0	1.6819531917572021	1.1716128587722778	0.0	0.0	0.0	0.0	0.0	1.588161826133728	0.0	0.0	0.0	0.9526792764663696	1.3828037977218628	1.1623241901397705	0.0	0.0	0.0	0.0	0.7828735113143921	0.0	0.0	0.0	2.7489013671875	0.0	0.0
0.0	0.0	0.0	0.6657454371452332	1.1617052555084229	0.0	0.683361828327179	0.0	3.129906177520752	1.0143089294433594	1.4578009843826294	0.0	1.66036057472229	1.0993064641952515	0.0	3.762103796005249	0.0	1.1494892835617065	1.1440668106079102	0.5300836563110352	0.6306926012039185	0.8772276639938354	0.0	0.5593451261520386	0.0	0.0	0.5942329168319702	0.532794713973999	1.3507329225540161	1.2526053190231323	1.363016963005066	1.2900651693344116	0.0	0.7429027557373047	0.0	0.3518926799297333	1.340162992477417	0.0	0.7137007117271423	2.1789605617523193	0.0	0.0	0.0	0.718742311000824	0.0	0.0	0.0	0.0	0.0	0.0015245013637468219	0.0	0.0	0.0	0.31988614797592163	0.4061620533466339	0.0	0.0	0.0	0.14714370667934418	3.0354347229003906	0.0	0.0	0.0	0.22507894039154053	0.0	0.0	0.0	0.0	0.0	0.9824137687683105	0.3321111798286438	0.0	0.0	0.0	0.0	0.0	1.1361336708068848	0.8021957278251648	0.0	0.0	0.0	0.0	0.22480285167694092	0.22840683162212372	0.8668997287750244	0.0	2.4939095973968506	0.0	2.2941250801086426	0.0	0.0	1.038638949394226	0.0	1.4325977563858032	0.0	0.9021804928779602	1.6328438520431519	0.9980305433273315	0.0	0.0	0.0	0.0	0.0	2.343783140182495	0.0	0.0	1.401883840560913	0.05398238077759743	0.0	0.32732903957366943	0.0	0.0	0.0	0.0	0.0	0.0	0.0	0.0	1.00021493434906	0.0	0.0	0.0	0.0	0.2917690873146057	2.330634593963623	0.9500204920768738	0.0	0.0	0.0	0.35676878690719604	0.0	0.0	0.0	0.0	0.0	2.4777867794036865	0.0	0.0	0.0	0.021799936890602112	0.0	0.0	0.0	1.297640085220337	0.31458768248558044	0.0	1.16891348361969	0.0	0.0	0.0	0.0	0.1736491620540619	0.0	0.0	1.8672528266906738	0.0	0.0	1.208006739616394	0.0	0.0	0.3664530813694	0.4884226620197296	0.656250536441803	0.0	0.6041174530982971	0.0	1.3850699663162231	2.5000884532928467	0.0	0.0	0.0	0.0	1.3582525253295898	0.0	0.0	2.9201173782348633	0.9610820412635803	0.0	0.0	0.0	1.2486056089401245	0.543496310710907	0.0	0.0	1.3764572143554688	0.0	0.0	0.0	0.0	0.0	0.0	0.0	0.0	0.0	0.0	0.0	1.0288336277008057	0.0	3.6913650035858154	0.09605568647384644	0.0	0.0	0.0	0.0	0.0	0.0	0.0	0.0	0.5776451826095581	0.0	1.5691866874694824	1.2614258527755737	0.0	0.0	0.6439531445503235	0.0	0.0	0.0	1.448362946510315	1.2572169303894043	2.004584550857544	1.6005719900131226	0.0	0.0	0.0	1.119911789894104	0.0	1.9751672744750977	0.9978474974632263	0.0	0.0	0.8855105042457581	1.1878561973571777	0.0	0.0	0.0	0.0	0.0	1.620156168937683	0.0	0.0	0.0	1.9520304203033447	0.9812096357345581	1.5096102952957153	0.0	0.2821735739707947	0.0	0.1695772409439087	1.6053974628448486	0.0	0.0	0.0	1.738295316696167	0.0	0.0
0.0	0.0	0.0	0.0	2.496863603591919	0.0	0.0	0.0	2.649946451187134	0.08915349096059799	2.702385425567627	0.0	0.0	0.0	0.2052588164806366	2.105071544647217	0.6197007894515991	0.08228032290935516	0.0	0.5954976677894592	0.0	0.12196115404367447	0.0	0.6180471181869507	0.0	0.0	0.0	0.12089373171329498	0.1638137698173523	0.8910913467407227	0.0	2.806814670562744	0.0	0.0	0.0	0.28565526008605957	0.0	0.0	0.0	0.30083590745925903	0.0	0.0	0.0	1.3350366353988647	0.0	0.0	0.04394182190299034	0.0	0.0	1.6473196744918823	0.0	0.0	0.0	0.0	0.0	0.0	0.0	0.0	0.0	2.44374942779541	0.0	0.0	0.0	0.43119990825653076	0.0	0.0	0.0	0.0	0.0	0.34533628821372986	0.017542408779263496	0.0	0.0	0.0	0.0	0.0	0.29110971093177795	0.6235865950584412	0.0	0.0	0.0	0.0	0.0	0.0	0.0	0.0	1.4602373838424683	0.0	0.7937237024307251	0.0	0.0	0.0	0.0	1.3653490543365479	0.0	0.09082058817148209	0.31292808055877686	1.1687597036361694	0.0	0.0	0.0	1.0844298601150513	0.0	0.9335644245147705	0.0	0.0	0.0	1.1572120189666748	0.0	0.955000638961792	0.0	0.0	0.0	0.0	0.0	0.0	0.6851087212562561	0.0	2.705315351486206	0.0	0.0	0.6944383978843689	0.0	1.5914233922958374	1.6348549127578735	1.0518159866333008	0.0	0.0	0.0	1.9203457832336426	0.0	0.0	0.6977693438529968	0.0	0.0	3.900393009185791	0.21327316761016846	0.0	0.0	0.0	0.0	0.0	0.0	0.20557470619678497	0.0	0.0	0.2858276963233948	0.0	0.0	0.0	0.0	1.4198124408721924	0.0	0.0	0.7919456958770752	0.0	0.0	1.0770199298858643	0.0	0.0	0.0578279085457325	0.6382447481155396	0.24186868965625763	0.0	0.30494269728660583	0.0	1.6958087682724	2.6443324089050293	0.0	0.0	0.0	0.0	0.12803712487220764	0.0	0.0	3.6162526607513428	2.253628730773926	0.0	0.0	0.0	1.4576361179351807	0.0	0.0	0.0	0.0	0.0	0.0	0.0	0.0	0.0	0.0	0.0	0.0	0.0	0.0	0.0	0.0	0.0	3.1069443225860596	0.14530090987682343	0.0	0.7900629043579102	0.0	0.0	0.0	0.0	0.0	0.0	0.7247211933135986	0.0	2.901750087738037	2.1217496395111084	0.0	0.0	0.0022954661399126053	0.0	0.0	0.0	0.17688611149787903	0.24801138043403625	1.331981897354126	1.8342331647872925	0.0	0.0	0.0	0.0	1.275657057762146	0.0	0.0	0.0	0.0	2.485400676727295	1.793125033378601	0.0	0.0	0.0	0.0	0.0	1.7999045848846436	0.0	0.0	0.0	0.24721652269363403	1.4770175218582153	0.4295593798160553	0.0	0.9668554663658142	0.0	0.0	0.0	0.0	0.0	0.0	2.3530681133270264	0.0	0.0
0.0	0.0	0.0	0.02202019654214382	0.40364569425582886	0.0	0.31360626220703125	0.0	0.584030270576477	0.4273023307323456	0.0629880279302597	0.0	0.4222829043865204	0.2016112059354782	0.113340824842453	0.544612467288971	0.0	0.23820015788078308	0.2051001340150833	0.42085039615631104	0.22725485265254974	0.31368011236190796	0.0	0.534763514995575	0.0	0.0	0.30222395062446594	0.34112250804901123	0.37007278203964233	0.4381835162639618	0.3113803565502167	0.3098071217536926	0.0	0.39800316095352173	0.0	0.20770381391048431	0.47865042090415955	0.0	0.37839820981025696	0.28389856219291687	0.0	0.0	0.0	0.0	0.006355592980980873	0.0	0.0	0.0	0.0	0.029634574428200722	0.0	0.0	0.0	0.0	0.30426350235939026	0.0	0.0	0.07100378721952438	0.695633053779602	0.3171228766441345	0.0	0.0	0.0	0.3672424554824829	0.0	0.0	0.0	0.0	0.0	0.4075670540332794	0.24125027656555176	0.0	0.0	0.0	0.0	0.0	0.3943694829940796	0.2721957266330719	0.0	0.17193503677845	0.0	0.0	0.0	0.08588102459907532	0.5413101315498352	0.0	0.6435790657997131	0.0	0.0	0.0	0.0	0.5155592560768127	0.0	0.6525146961212158	0.0	0.2858335077762604	0.5869011878967285	0.587506890296936	0.0	0.0	0.0	0.0	0.0	0.4143023192882538	0.0	0.0	0.08757670223712921	0.006307719741016626	0.0	0.0	0.0	0.0571238212287426	0.0	0.0	0.0	0.0	0.024296004325151443	0.0	0.14772963523864746	0.0	0.0	0.24212196469306946	0.0	0.18308980762958527	0.23560002446174622	0.05529005825519562	0.0	0.0	0.0	0.0	0.018406052142381668	0.0	0.09590007364749908	0.0	0.0	0.4220823347568512	0.29298415780067444	0.0	0.0	0.02626267820596695	0.0	0.016149096190929413	0.0	0.5629718899726868	0.2808196246623993	0.0	0.0482601597905159	0.0	0.0	0.0	0.0	0.09951101243495941	0.0	0.0	0.5770915746688843	0.0	0.0	0.20733389258384705	0.0	0.0	0.3629603087902069	0.2730727195739746	0.32260364294052124	0.0	0.42377355694770813	0.0	0.5317490100860596	0.7655757069587708	0.0	0.0	0.0	0.0	0.1936904788017273	0.0	0.21737103164196014	0.4202476441860199	0.11242710053920746	0.0	0.0	0.18684256076812744	0.24400624632835388	0.20324666798114777	0.0	0.0	0.3617232143878937	0.0	0.0	0.0	0.0	0.0	0.0	0.0	0.0	0.0	0.18943148851394653	0.0	0.18058492243289948	0.0	0.7769578099250793	0.5364000201225281	0.0	0.0	0.0	0.0	0.0	0.0	0.0	0.0	0.2956933379173279	0.0	0.2576886713504791	0.4515969157218933	0.0	0.0	0.018002405762672424	0.0	0.0	0.0	0.4682106077671051	0.40830695629119873	0.2095889449119568	0.21406130492687225	0.0	0.0	0.0	0.2799808382987976	0.23304282128810883	0.3148745000362396	0.4359993636608124	0.0	0.0	0.0	0.3327767848968506	0.22500619292259216	0.0	0.0	0.0	0.0	0.20332711935043335	0.0	0.0	0.0	0.30452579259872437	0.0	0.6816704869270325	0.0	0.0	0.0	0.5239256024360657	0.5147377252578735	0.0	0.09107918292284012	0.0	0.07547080516815186	0.0	0.0
0.0	0.0	0.0	0.5794358253479004	1.0604233741760254	0.0	0.9712175130844116	0.0	2.3505308628082275	1.2019416093826294	0.8904374837875366	0.0	2.118842124938965	0.10347362607717514	0.0	1.8627586364746094	0.0	1.4710090160369873	1.315597414970398	0.8156312108039856	1.0727835893630981	2.0701904296875	0.0	0.7843969464302063	0.0	0.0	1.1848145723342896	0.8164315819740295	1.6579678058624268	1.035204529762268	0.42500144243240356	1.6346311569213867	0.0	1.7055848836898804	0.0	0.9890077114105225	2.3391265869140625	0.0	1.8817906379699707	2.0142064094543457	0.0	0.0	0.0	0.0	0.0	0.0	0.0	0.0	0.0	0.0	0.0	0.0	0.0	0.9091278910636902	1.6734955310821533	0.0	0.0	0.0	1.172687292098999	2.5117063522338867	0.0	0.0	0.0	1.2242313623428345	0.0	0.0	0.0	0.0	0.0	2.5089426040649414	0.0	0.0	0.0	0.0	0.0	0.0	1.468477487564087	0.5677217841148376	0.0	0.0	0.0	0.0	0.1136627346277237	0.6179878115653992	1.3842692375183105	0.0	2.867952585220337	0.0	0.592522919178009	0.0	0.0	1.7718567848205566	0.0	2.482499599456787	0.0	1.371688723564148	2.11960506439209	1.3494312763214111	0.0	0.0	0.0	0.0	0.0	2.703300952911377	0.0	0.0	0.5415794849395752	0.0	0.0	0.0	0.0	0.0	0.0	0.0	0.0	0.0	0.0	0.0	1.3416804075241089	0.0	0.0	0.0	0.0	0.8097411394119263	2.2976369857788086	0.4020640254020691	0.0	0.0	0.0	0.0	0.0	0.0	0.2521542012691498	0.0	0.0	2.1945207118988037	0.0	0.0	0.0	0.7373142242431641	0.0	0.0	0.0	0.759765625	0.0	0.0	0.8232713341712952	0.0	0.0	0.0	0.0	0.0	0.0	0.0	2.4450089931488037	0.0	0.0	0.638220489025116	0.0	0.0	1.109885811805725	0.8479406237602234	0.6068823337554932	0.0	1.515466332435608	0.0	2.4701333045959473	2.6100635528564453	0.0	0.0	0.0	0.0	1.415049433708191	0.0	0.0	2.0929770469665527	0.026763109490275383	0.0	0.0	0.0	0.9435187578201294	0.8629475831985474	0.0	0.0	1.9946949481964111	0.0	0.0	0.0	0.0	0.0	0.0	0.0	0.0	0.0	0.6142229437828064	0.0	2.217297315597534	0.0	3.175236225128174	0.8962200284004211	0.0	0.0	0.0	0.0	0.0	0.0	0.0	0.0	0.0	0.0	0.6427134871482849	1.1602964401245117	0.0	0.0	0.15762092173099518	0.0	0.0	0.0	2.4947407245635986	1.7421259880065918	1.1874998807907104	0.007883032783865929	0.0	0.0	0.0	1.8945231437683105	0.0	1.6308783292770386	1.5753597021102905	0.0	0.0	0.0729532465338707	0.4816860556602478	0.05970070883631706	0.0	0.0	0.0	0.0	0.3038286566734314	0.0	0.0	0.0	1.8581387996673584	0.0	2.6282894611358643	0.0	0.0	0.0	0.8538943529129028	1.391740322113037	0.0	0.0	0.0	0.8399105072021484	0.0	0.0
0.0	0.0	0.0	0.8005928993225098	1.3976529836654663	0.0	0.38983118534088135	0.0	3.3923823833465576	1.1450339555740356	1.5730876922607422	0.0	1.5114024877548218	0.8911859393119812	0.013459326699376106	3.382772207260132	0.0	1.295059323310852	1.0949299335479736	0.19056829810142517	0.7418123483657837	0.7024896740913391	0.0	1.0514905452728271	0.0	0.0	1.0484399795532227	0.0	1.4804747104644775	1.569921851158142	1.165155053138733	1.8955696821212769	0.0	0.9625564813613892	0.0	0.14783048629760742	1.4385828971862793	0.0	0.6775017976760864	1.7836384773254395	0.0	0.0	0.0	0.6979068517684937	0.0	0.0	0.0	0.0	0.0	0.5061818361282349	0.0	0.0	0.0	0.6193906664848328	0.3890993595123291	0.0	0.0	0.0	1.0225520133972168	3.22898006439209	0.0	0.0	0.0	0.5326046943664551	0.0	0.0	0.0	0.0	0.0	1.3063910007476807	0.6392548084259033	0.0	0.0	0.0	0.0	0.0	1.292033314704895	1.0677169561386108	0.0	0.0	0.0	0.0	0.21616843342781067	0.06327930092811584	0.7739995121955872	0.0	2.9846839904785156	0.0	1.9154019355773926	0.0	0.0	1.2172826528549194	0.0	1.621117115020752	0.0	0.9804425239562988	1.9236652851104736	1.3486378192901611	0.0	0.0	0.0	0.0	0.0	2.4536006450653076	0.0	0.0	1.252360224723816	0.48469218611717224	0.0	0.0	0.0	0.0	0.0	0.0	0.0	0.0	0.03792129084467888	0.0	1.5949909687042236	0.0	0.0	0.2518496513366699	0.0	0.561557948589325	2.171539783477783	0.9738160967826843	0.0	0.0	0.0	0.3247276842594147	0.0	0.0	0.0	0.0	0.0	3.0897727012634277	0.0	0.0	0.0	0.29747554659843445	0.0	0.0	0.0	1.8114383220672607	0.0	0.0	1.0512043237686157	0.0	0.0	0.0	0.0	0.23561061918735504	0.0	0.0	1.6104886531829834	0.0	0.0	1.5690022706985474	0.0	0.0	0.8222883939743042	1.0169531106948853	0.8284383416175842	0.0	0.6780052185058594	0.0	1.9087811708450317	2.8725340366363525	0.0	0.0	0.0	0.0	1.063909649848938	0.0	0.0	2.824605941772461	1.4354616403579712	0.0	0.0	0.0	1.7522785663604736	0.5952651500701904	0.0	0.0	1.260282039642334	0.0	0.0	0.0	0.0	0.0	0.0	0.0	0.0	0.0	0.06629013270139694	0.0	0.8876962661743164	0.0	4.024021148681641	0.7800408005714417	0.0	0.0	0.0	0.0	0.0	0.0	0.0	0.0	0.9504620432853699	0.0	2.296527862548828	1.951541543006897	0.0	0.0	0.6838259696960449	0.0	0.0	0.0	1.9146463871002197	1.5249017477035522	1.3160988092422485	1.765472650527954	0.0	0.0	0.0	1.2323145866394043	0.5440748929977417	1.7398285865783691	1.0872750282287598	0.0	0.0	1.2106252908706665	1.2200294733047485	0.0	0.0	0.0	0.0	0.0	1.6618047952651978	0.0	0.0	0.0	1.1125932931900024	0.8796816468238831	1.9969561100006104	0.0	0.3547613024711609	0.0	0.5418082475662231	1.7085330486297607	0.0	0.0	0.0	2.055751085281372	0.0	0.0
0.0	0.0	0.0	0.24927055835723877	2.032820463180542	0.0	0.4254207909107208	0.0	3.5419204235076904	0.751669704914093	2.3999791145324707	0.0	1.0098216533660889	0.08035270869731903	0.0	2.4538631439208984	0.0	0.29256218671798706	0.5336219072341919	0.674537718296051	0.9676327705383301	1.1975256204605103	0.0	0.4781638979911804	0.0	0.0	0.23903924226760864	0.0	1.1764137744903564	1.5622985363006592	0.2191070020198822	2.6508610248565674	0.0	0.8814547657966614	0.0	0.3077174127101898	1.0168942213058472	0.0	0.28848522901535034	1.1894452571868896	0.0	0.0	0.0	0.9509795904159546	0.0	0.0	0.0	0.0	0.0	0.9753113389015198	0.0	0.0	0.0	0.5294119119644165	1.1691639423370361	0.0	0.0	0.0	0.12757836282253265	3.168363332748413	0.0	0.0	0.0	0.19056038558483124	0.0	0.0	0.0	0.0	0.0	1.3931957483291626	0.09754075109958649	0.0	0.0	0.0	0.0	0.0	0.8203142285346985	1.300642728805542	0.0	0.0	0.0	0.0	0.0	0.0	0.4949512183666229	0.0	2.4622390270233154	0.0	0.6679220795631409	0.0	0.0	0.5888131856918335	0.0	2.0301513671875	0.0	0.6563264727592468	1.2747513055801392	1.6724883317947388	0.0	0.0	0.0	0.2031804770231247	0.0	1.845853328704834	0.0	0.0	0.5302598476409912	0.4571703374385834	0.0	0.34164080023765564	0.0	0.0	0.0	0.0	0.0	0.0	1.1235955953598022	0.0	1.9520374536514282	0.0	0.0	0.6507338285446167	0.0	1.1984641551971436	2.5068016052246094	0.8579635620117188	0.0	0.0	0.0	0.46019792556762695	0.0	0.0	0.8555514216423035	0.0	0.0	3.2493700981140137	0.5298471450805664	0.0	0.0	0.6756448149681091	0.0	0.0	0.0	0.517120897769928	0.0	0.0	0.7103027701377869	0.0	0.0	0.0	0.0	1.073264718055725	0.0	0.0	1.796161413192749	0.0	0.0	1.1833394765853882	0.0	0.0	0.1449563205242157	1.2841119766235352	0.436393141746521	0.0	0.41625675559043884	0.0	1.930276870727539	3.389695405960083	0.0	0.0	0.0	0.0	0.8351951837539673	0.0	0.0	3.778573751449585	1.7573635578155518	0.0	0.0	0.0	1.2830780744552612	0.0	0.0	0.0	0.7504535913467407	0.0	0.0	0.0	0.0	0.0	0.0	0.0	0.0	0.0	0.0	0.0	0.42268359661102295	0.0	4.056865692138672	0.957490861415863	0.0	0.0	0.0	0.0	0.0	0.0	0.0	0.0	1.4228805303573608	0.0	2.843146324157715	1.4859230518341064	0.0	0.0	0.5078306794166565	0.0	0.0	0.0	1.009137749671936	0.995449423789978	1.0914366245269775	1.7699249982833862	0.0	0.0	0.0	0.9919347763061523	1.4434325695037842	1.4527884721755981	0.5801088809967041	0.0	0.0	1.8382606506347656	1.4704663753509521	0.0	0.0	0.0	0.0	0.0	1.3112798929214478	0.0	0.0	0.0	0.9027764797210693	0.8941142559051514	1.771942138671875	0.0	0.7652513980865479	0.0	0.1110830083489418	0.5292102098464966	0.0	0.0	0.0	2.513239860534668	0.0	0.0
0.0	0.0	0.0	0.30349019169807434	1.9551244974136353	0.0	0.41927531361579895	0.0	2.732207775115967	1.0456409454345703	1.941819190979004	0.0	0.8404659032821655	0.9567410349845886	0.0	2.790163516998291	0.0	0.7113388180732727	0.4209699034690857	0.8264878392219543	0.2371218353509903	0.514620840549469	0.0	0.7068321108818054	0.0	0.0	0.5717302560806274	0.5093969702720642	1.1907528638839722	1.2998790740966797	0.1753675788640976	1.2853950262069702	0.0	0.6359778642654419	0.0	0.0	1.0042692422866821	0.0	0.4218181073665619	1.3304458856582642	0.0	0.0	0.0	0.6877423524856567	0.0	0.0	0.0	0.0	0.0	1.0197213888168335	0.0	0.0	0.0	0.0	0.10514284670352936	0.0	0.0	0.0	0.7534034848213196	2.487903356552124	0.0	0.0	0.0	0.20130933821201324	0.0	0.0	0.0	0.0	0.0	0.9300131797790527	0.4698311388492584	0.0	0.0	0.0	0.0	0.0	0.6847871541976929	1.2167770862579346	0.0	0.0	0.0	0.0	0.0	0.0	0.7265278100967407	0.0	2.2218196392059326	0.0	1.4002244472503662	0.0	0.0	0.363774836063385	0.0	1.3930296897888184	0.0	0.7553961873054504	1.2536470890045166	0.7320097088813782	0.0	0.0	0.0	0.0	0.0	2.0488603115081787	0.0	0.0	0.8446123600006104	0.26444685459136963	0.0	0.30139878392219543	0.0	0.0	0.0	0.0	0.0	0.0	0.723517119884491	0.0	1.6605123281478882	0.0	0.0	0.32150280475616455	0.0	0.4360398054122925	1.5985722541809082	0.9501850008964539	0.0	0.0	0.0	0.6793519258499146	0.0	0.0	0.12113529443740845	0.0	0.0	3.4135966300964355	0.14098379015922546	0.0	0.0	0.0	0.0	0.0	0.0	1.0577036142349243	0.0	0.0	0.7052992582321167	0.0	0.0	0.0	0.0	0.2529376149177551	0.0	0.0	1.1259030103683472	0.0	0.0	1.5308387279510498	0.0	0.0	0.4936545789241791	0.8498362302780151	0.7889936566352844	0.0	0.7195098400115967	0.0	1.6494574546813965	2.768984079360962	0.0	0.0	0.0	0.0	1.3463616371154785	0.0	0.0	3.3138580322265625	1.2452389001846313	0.0	0.0	0.0	1.7729469537734985	0.0	0.0	0.0	0.9399259686470032	0.0	0.0	0.0	0.0	0.0	0.0	0.0	0.0	0.0	0.2047601044178009	0.0	0.6738126873970032	0.0	3.6218440532684326	0.5405322313308716	0.0	0.0	0.0	0.0	0.0	0.0	0.0	0.0	0.5300704836845398	0.0	2.7869558334350586	2.104769468307495	0.0	0.0	0.269634485244751	0.0	0.0	0.0	1.3101739883422852	0.9755698442459106	1.498122215270996	1.9594526290893555	0.0	0.0	0.0	0.6803743243217468	0.6588791608810425	1.126187801361084	0.0	0.0	0.0	1.8945399522781372	1.216159701347351	0.0	0.0	0.0	0.0	0.0	2.108687162399292	0.0	0.0	0.0	0.5157882571220398	1.1032220125198364	1.3017544746398926	0.0	0.5467894673347473	0.0	0.009062040597200394	0.8267794251441956	0.0	0.0	0.0	2.0747954845428467	0.0	0.0
0.0	0.0	0.0	0.3259755074977875	1.2513206005096436	0.0	0.11411639302968979	0.0	1.9119477272033691	0.44273504614830017	1.925632357597351	0.0	0.7937352657318115	0.39927583932876587	0.0	2.1444759368896484	0.0736561045050621	0.47898927330970764	0.35771116614341736	0.5257886648178101	0.0	0.6732766628265381	0.0	0.3982316553592682	0.0	0.0	0.11610705405473709	0.0	0.7062085270881653	0.8782920837402344	0.24834653735160828	1.4610482454299927	0.0	0.22881802916526794	0.0	0.0	0.8886603116989136	0.0	0.1651662141084671	0.9415395855903625	0.0	0.0	0.0	0.3513164520263672	0.0	0.0	0.008499356918036938	0.0	0.0	0.5605166554450989	0.0	0.0	0.0	0.31437844038009644	0.0	0.0	0.0	0.0	0.25798824429512024	2.2967095375061035	0.0	0.0	0.0	0.13291768729686737	0.0	0.0	0.0	0.0	0.0	0.8251804709434509	0.14504565298557281	0.0	0.0	0.0	0.0	0.0	0.3956267237663269	0.32076725363731384	0.0	0.0	0.0	0.0	0.0	0.0	0.3995536267757416	0.0	1.6730245351791382	0.0	1.2627332210540771	0.0	0.0	0.18030013144016266	0.0	1.0411434173583984	0.0	0.4316798448562622	1.0580796003341675	0.8083452582359314	0.0	0.0	0.0	0.01144222542643547	0.0	1.5223504304885864	0.0	0.0	0.6600993275642395	0.770065426826477	0.0	0.3124314546585083	0.0	0.0	0.0	0.0	0.0	0.0	0.0	0.0	1.1271400451660156	0.0	0.0	0.18035174906253815	0.0	0.683304488658905	1.6134859323501587	0.5422073602676392	0.0	0.0	0.0	0.5861666798591614	0.0	0.0	0.0	0.0	0.0	2.373426675796509	0.23547622561454773	0.0	0.0	0.0	0.0	0.0	0.0	0.6055768132209778	0.02767392247915268	0.0	0.5332638025283813	0.0	0.0	0.0	0.0	0.41285255551338196	0.0	0.0	1.1664739847183228	0.0	0.0	0.9649817943572998	0.0	0.0	0.3828918933868408	0.8476154208183289	0.4445514380931854	0.0	0.5027338266372681	0.0	1.574187159538269	2.0178589820861816	0.0	0.0	0.0	0.0	0.8001707196235657	0.0	0.0	2.4753997325897217	1.0526005029678345	0.0	0.0	0.0	1.2016929388046265	0.0	0.0	0.0	0.6560876369476318	0.0	0.0	0.0	0.0	0.0	0.0	0.0	0.0	0.0	0.0685703307390213	0.0	0.2699563205242157	0.0	2.5654091835021973	0.05512889474630356	0.0	0.36850598454475403	0.0	0.0	0.0	0.0	0.0	0.0	0.4370732307434082	0.0	1.3819518089294434	1.4071227312088013	0.0	0.0	0.31367626786231995	0.0	0.0	0.0	0.7537956237792969	0.49846115708351135	1.5254240036010742	1.092198133468628	0.0	0.0	0.0	0.6809623837471008	0.0	1.0828152894973755	0.20798048377037048	0.0	0.0	1.200516700744629	0.9643845558166504	0.0	0.0	0.0	0.0	0.0	1.0210210084915161	0.0	0.0	0.0	1.2233372926712036	1.039181113243103	0.8764282464981079	0.0	0.5177502632141113	0.0	0.3948271572589874	0.514286458492279	0.0	0.0	0.0	1.5305863618850708	0.0	0.0
0.0	0.0	0.0	0.6243785619735718	1.205613613128662	0.0	0.6998321413993835	0.0	2.3938026428222656	0.6769063472747803	1.5474828481674194	0.0	0.79930180311203	0.6288214921951294	0.0	2.6290266513824463	0.0	0.6322362422943115	0.5814725756645203	0.28762489557266235	0.4966500997543335	0.9720799922943115	0.0	0.5134892463684082	0.0	0.0	0.6676974892616272	0.0	1.0527974367141724	0.9981266856193542	0.42847710847854614	0.96950364112854	0.0	0.7448743581771851	0.0	0.29012513160705566	0.7405858039855957	0.0	0.49880915880203247	1.4446443319320679	0.0	0.0	0.0	0.7301189303398132	0.0	0.0	0.0	0.0	0.0	0.772223711013794	0.0	0.0	0.0	0.23371830582618713	0.6562967300415039	0.0	0.0	0.04163603112101555	0.09435896575450897	2.314606189727783	0.0	0.0	0.0	0.5074427127838135	0.0	0.0	0.0	0.0	0.0	1.080481767654419	0.4967087507247925	0.0	0.0	0.0	0.0	0.0	0.5395877957344055	0.919468343257904	0.0	0.0	0.0	0.0	0.19113874435424805	0.1403353065252304	0.4445732831954956	0.0	2.1350297927856445	0.0	1.0431674718856812	0.0	0.0	0.6627219319343567	0.0	1.2707072496414185	0.0	0.7751091122627258	1.385426640510559	0.9971718788146973	0.0	0.0	0.0	0.0	0.0	1.5044618844985962	0.0	0.0	1.154948353767395	0.33592379093170166	0.0	0.0	0.0	0.0	0.0	0.0	0.0	0.0	0.3432757258415222	0.0	0.9795409440994263	0.0	0.0	0.5481969714164734	0.0	0.5601229667663574	1.7457466125488281	0.46688759326934814	0.0	0.0	0.0	0.3233700394630432	0.0	0.0	0.0	0.0	0.0	2.487461566925049	0.0	0.0	0.0	0.39773982763290405	0.0	0.05259868502616882	0.0	1.0766521692276	0.0	0.0	0.6218005418777466	0.0	0.0	0.0	0.0	0.21217972040176392	0.0	0.0	1.662911057472229	0.0	0.0	0.7521503567695618	0.0	0.0	0.38404104113578796	0.9295681715011597	0.26021042466163635	0.0	0.6159514784812927	0.0	1.3477522134780884	2.216663360595703	0.0	0.0	0.0	0.0	0.597903311252594	0.0	0.0	2.56303071975708	1.0536307096481323	0.0	0.0	0.0	1.0578755140304565	0.33659690618515015	0.0	0.0	0.6432700157165527	0.0	0.0	0.0	0.0	0.0	0.0	0.0	0.0	0.0	0.0	0.0	0.6196306347846985	0.0	2.880134344100952	0.4277551770210266	0.0	0.0	0.0	0.0	0.0	0.0	0.0	0.0	0.701133131980896	0.0	1.4594916105270386	1.6705758571624756	0.0	0.0	0.4529210925102234	0.0	0.0	0.0	1.167752981185913	0.6915507316589355	1.4571902751922607	1.340654730796814	0.0	0.0	0.0	0.7220362424850464	0.6049214005470276	1.1028093099594116	0.6745817065238953	0.0	0.0	0.9782192707061768	1.1581577062606812	0.0	0.0	0.0	0.0	0.0	1.622846007347107	0.0	0.0	0.0	0.9831830859184265	0.650711715221405	1.1368038654327393	0.0	0.17381083965301514	0.0	0.0	0.7372202277183533	0.0	0.0	0.0	2.019120454788208	0.0	0.0
0.0	0.0	0.0	1.1161144971847534	1.7721951007843018	0.0	0.3591722548007965	0.0	3.3319270610809326	0.45413738489151	2.664395570755005	0.0	1.0686216354370117	1.203664779663086	0.0	4.464450359344482	0.5869314074516296	1.049601435661316	0.46181726455688477	0.6234650015830994	0.7836577296257019	0.31902092695236206	0.0	0.3794909119606018	0.0	0.0	0.024062320590019226	0.2825968563556671	1.5774214267730713	1.7160757780075073	1.119964361190796	1.7828289270401	0.0	0.18542098999023438	0.0	0.0	0.9013817310333252	0.0	0.4794549345970154	1.598009467124939	0.0	0.0	0.0	1.462613821029663	0.0	0.0	0.8400685787200928	0.0	0.0	0.3271726071834564	0.0	0.0	0.0	0.27233177423477173	0.0	0.0	0.0	0.0	0.3661368191242218	3.602172374725342	0.0	0.0	0.0	0.0	0.0	0.0	0.0	0.0	0.0	0.6813070774078369	0.0880206972360611	0.0	0.0	0.0	0.0	0.0	0.8815064430236816	1.102212905883789	0.0	0.0	0.0	0.0	0.5351560115814209	0.0	0.5381300449371338	0.0	2.8039629459381104	0.0	2.9521710872650146	0.0	0.0	0.6240309476852417	0.0	0.859340250492096	0.0	0.4664246439933777	1.8362326622009277	0.888088047504425	0.0	0.0	0.0	0.025474490597844124	0.0	2.3137078285217285	0.0	0.0	1.557802677154541	0.42712369561195374	0.0	1.5259207487106323	0.0	0.0	0.0	0.0	0.0	0.0	0.11577846854925156	0.0	2.265364170074463	0.0	0.0	0.024184590205550194	0.0	0.43379396200180054	2.7181317806243896	0.8774617314338684	0.0	0.0	0.0	0.2714958190917969	0.0	0.0	0.0	0.0	0.0	3.389331340789795	0.0	0.0	0.0	0.0	0.0	0.0	0.0	1.8808437585830688	0.0	0.0	1.5590424537658691	0.0	0.0	0.0	0.0	0.7321340441703796	0.0	0.0	0.7309163212776184	0.0	0.0	1.8497698307037354	0.0	0.0	0.0	0.6215221881866455	0.18949924409389496	0.0	0.5099164843559265	0.0	1.0254493951797485	2.719308376312256	0.0	0.0	0.0	0.0	1.4541198015213013	0.0	0.0	4.463215351104736	2.107067346572876	0.0	0.0	0.0	1.9326064586639404	0.17043903470039368	0.0	0.0	0.5056477785110474	0.0	0.0	0.0	0.0	0.0	0.0	0.0	0.0	0.0	0.0	0.0	0.29730159044265747	0.0	4.414614200592041	0.21580713987350464	0.0	0.09585404396057129	0.0	0.0	0.0	0.0	0.0	0.0	0.5245713591575623	0.0	2.4643654823303223	2.0173118114471436	0.0	0.0	0.9792004227638245	0.0	0.0	0.0	1.4289510250091553	0.7198678851127625	2.475421667098999	2.2413017749786377	0.0	0.0	0.0	0.8981379866600037	0.11243397742509842	1.9308425188064575	0.4021986126899719	0.0	0.0	1.3408869504928589	1.2979357242584229	0.0	0.0	0.0	0.0	0.0	2.0101912021636963	0.0	0.0	0.0	1.7672966718673706	1.525076985359192	1.303156852722168	0.0	0.3146107494831085	0.0	0.33851078152656555	1.5228328704833984	0.0	0.0	0.0	2.8026466369628906	0.0	0.0
0.0	0.0	0.0	0.0	1.9603021144866943	0.0	0.0	0.0	2.7744195461273193	0.3193890154361725	2.282045364379883	0.0	0.47607100009918213	0.0	0.0	2.1611897945404053	0.24200139939785004	0.2543385624885559	0.0	0.5749465823173523	0.0	0.4156629741191864	0.0	0.3872690796852112	0.0	0.0	0.03390374779701233	0.0	0.7059252858161926	1.3008161783218384	0.0	2.6386330127716064	0.0	0.18053512275218964	0.0	0.01534139271825552	0.2741446793079376	0.0	0.0	0.514013409614563	0.0	0.0	0.0	1.5025043487548828	0.0	0.0	0.0	0.0	0.0	1.461129069328308	0.0	0.0	0.0	0.0	0.21524278819561005	0.0	0.0	0.0	0.0	2.7120065689086914	0.0	0.0	0.0	0.0	0.0	0.0	0.0	0.0	0.0	0.5923357605934143	0.43302568793296814	0.0	0.0	0.0	0.0	0.0	0.37032148241996765	1.2355493307113647	0.0	0.0	0.0	0.0	0.0	0.0	0.1840992569923401	0.0	1.824061632156372	0.0	0.7413999438285828	0.0	0.0	0.0	0.0	1.319231390953064	0.0	0.32707372307777405	0.500954270362854	1.5609028339385986	0.0	0.0	0.0	0.4336976408958435	0.0	0.8896067142486572	0.0	0.0	0.1308567225933075	1.0915873050689697	0.0	1.064029574394226	0.0	0.0	0.0	0.0	0.0	0.0	0.7893972992897034	0.0	2.087737560272217	0.0	0.0	0.46628910303115845	0.0	1.3927812576293945	1.4556001424789429	1.379439353942871	0.0	0.0	0.0	1.0152167081832886	0.0	0.0	0.5901332497596741	0.0	0.0	3.3467156887054443	0.2436603605747223	0.0	0.0	0.04446181654930115	0.0	0.0	0.0	0.0	0.0	0.0	0.3847537636756897	0.0	0.0	0.0	0.0	1.2694060802459717	0.0	0.0	0.7397847175598145	0.0	0.0	1.4906657934188843	0.0	0.0	0.23805788159370422	0.9638521075248718	0.486381471157074	0.0	0.0	0.0	1.7257835865020752	3.0066752433776855	0.0	0.0	0.0	0.0	0.40684404969215393	0.0	0.0	3.668320655822754	2.0431995391845703	0.0	0.0	0.0	1.456350564956665	0.0	0.0	0.0	0.1706029325723648	0.0	0.0	0.0	0.0	0.0	0.0	0.0	0.0	0.0	0.0	0.0	0.0	0.0	3.6759843826293945	0.44903334975242615	0.0	0.6089040637016296	0.0	0.0	0.0	0.0	0.0	0.0	1.0905396938323975	0.0	3.016472101211548	1.8783692121505737	0.0	0.0	0.5896319150924683	0.0	0.0	0.0	0.33061662316322327	0.2879693806171417	1.0300906896591187	2.0648701190948486	0.0	0.0	0.0	0.0021413022186607122	1.3761475086212158	0.2048777937889099	0.0	0.0	0.0	2.4348185062408447	1.9312539100646973	0.0	0.0	0.0	0.0	0.0	1.7914187908172607	0.0	0.0	0.0	0.21726588904857635	1.1849781274795532	0.4626779556274414	0.0	0.5517092347145081	0.0	0.0	0.1434117555618286	0.0	0.0	0.0	2.4082694053649902	0.0	0.0
0.0	0.0	0.0	0.5284887552261353	1.49798583984375	0.0	0.8154270052909851	0.0	2.4425594806671143	0.8421046733856201	1.0089690685272217	0.0	1.3377262353897095	0.8440158367156982	0.0	2.646564483642578	0.0	0.738429844379425	0.7571365237236023	0.7363516688346863	0.618180513381958	0.4939241111278534	0.0	0.7506371736526489	0.0	0.0	0.786084771156311	0.6715945601463318	0.6939348578453064	1.0667842626571655	0.5274459719657898	1.2115283012390137	0.0	0.7772459983825684	0.0	0.42326733469963074	1.1855688095092773	0.0	0.6463757753372192	1.611285924911499	0.0	0.0	0.0	0.738402783870697	0.0	0.0	0.0	0.0	0.0	0.6508566737174988	0.0	0.0	0.0	0.4898560643196106	0.3278619349002838	0.0	0.0	0.0	1.001380443572998	2.1420273780822754	0.0	0.0	0.0	0.6648539900779724	0.0	0.0	0.0	0.0	0.0	1.1571483612060547	0.11046268045902252	0.0	0.0	0.0	0.0	0.0	1.0564637184143066	0.701091468334198	0.0	0.0	0.0	0.0	0.1302204430103302	0.3113819658756256	0.4566112160682678	0.0	2.453258752822876	0.0	1.1616270542144775	0.0	0.0	1.0573391914367676	0.0	1.4862949848175049	0.0	0.8269915580749512	1.6295888423919678	1.1504260301589966	0.0	0.0	0.0	0.0	0.0	2.1150503158569336	0.0	0.0	0.6876825094223022	0.18467892706394196	0.0	0.0	0.0	0.0	0.0	0.0	0.0	0.0	0.037840139120817184	0.0	1.2096257209777832	0.0	0.0	0.43791869282722473	0.0	0.5275486707687378	1.6129099130630493	0.33808714151382446	0.0	0.0	0.0	0.22449763119220734	0.0	0.0	0.0	0.0	0.0	2.688861131668091	0.15154552459716797	0.0	0.0	0.44635874032974243	0.0	0.0	0.0	1.085273027420044	0.0	0.0	0.4780939817428589	0.0	0.0	0.0	0.0	0.0	0.0	0.0	1.4203004837036133	0.0	0.0	0.9242942929267883	0.0	0.0	0.5377456545829773	0.7712092399597168	0.8568194508552551	0.0	0.7090712189674377	0.0	1.610153079032898	2.3529391288757324	0.0	0.0	0.0	0.0	0.961970865726471	0.0	0.0	2.0516674518585205	0.800809383392334	0.0	0.0	0.0	1.118401050567627	0.449293315410614	0.0	0.0	0.8296668529510498	0.0	0.0	0.0	0.0	0.0	0.0	0.0	0.0	0.0	0.0	0.0	0.9036884903907776	0.0	2.6378173828125	0.7900064587593079	0.0	0.0	0.0	0.0	0.0	0.0	0.0	0.0	0.7582805156707764	0.0	1.240348219871521	1.3249733448028564	0.0	0.0	0.0	0.0	0.0	0.0	1.2001168727874756	1.1231014728546143	1.2600096464157104	1.0589497089385986	0.0	0.0	0.0	1.116619348526001	0.5643202066421509	0.9649390578269958	0.6773834228515625	0.0	0.0	1.036285161972046	1.244654893875122	0.23576536774635315	0.0	0.0	0.0	0.0	1.1624987125396729	0.0	0.0	0.0	1.163076639175415	0.5813078284263611	1.4891241788864136	0.0	0.5136426687240601	0.0	0.7512599229812622	1.284064531326294	0.0	0.0	0.0	1.3233000040054321	0.0	0.0
0.0	0.0	0.0	0.36714622378349304	1.5242440700531006	0.0	0.7527135014533997	0.0	2.550067901611328	1.331861138343811	0.890507161617279	0.0	1.4828369617462158	0.6034197807312012	0.0	2.4712915420532227	0.0	0.675642728805542	1.030531883239746	0.8790302872657776	0.9013901948928833	1.1430479288101196	0.0	1.05794095993042	0.0	0.0	1.2485253810882568	0.7860512733459473	1.3163138628005981	1.5618791580200195	0.6482461094856262	1.6296330690383911	0.0	1.1776255369186401	0.0	0.5383190512657166	1.6091846227645874	0.0	0.7851791977882385	1.7526459693908691	0.0	0.0	0.0	0.8300991058349609	0.0	0.0	0.0	0.0	0.0	0.666337251663208	0.0	0.0	0.0	0.4888341426849365	0.8906973004341125	0.0	0.0	0.0	1.1013346910476685	2.3326852321624756	0.0	0.0	0.0	1.0581072568893433	0.0	0.0	0.0	0.0	0.0	1.6607517004013062	0.26825302839279175	0.0	0.0	0.0	0.0	0.0	1.0690287351608276	1.295397162437439	0.0	0.0	0.0	0.0	0.0	0.14863651990890503	1.0872303247451782	0.0	2.6460587978363037	0.0	0.6585016250610352	0.0	0.0	1.428680419921875	0.0	2.1506781578063965	0.0	0.9273205995559692	1.907200813293457	1.8033708333969116	0.0	0.0	0.0	0.0	0.0	2.50095534324646	0.0	0.0	0.7642693519592285	0.0	0.0	0.0	0.0	0.0	0.0	0.0	0.0	0.0	0.3429226279258728	0.0	1.1637872457504272	0.0	0.0	0.6988707184791565	0.0	0.8535723090171814	1.8766610622406006	0.6651114821434021	0.0	0.0	0.0	0.0	0.0	0.0	0.3652738928794861	0.0	0.0	2.415764093399048	0.27880430221557617	0.0	0.0	0.5932813286781311	0.0	0.0	0.0	1.4969491958618164	0.07460785657167435	0.0	0.49821218848228455	0.0	0.0	0.0	0.0	0.22128243744373322	0.0	0.0	2.2454309463500977	0.0	0.0	0.8266748785972595	0.0	0.0	0.3866751194000244	1.017151951789856	0.5634616613388062	0.0	0.8157235383987427	0.0	1.763922095298767	2.7273035049438477	0.0	0.0	0.0	0.0	0.9401946067810059	0.0	0.0	2.5713768005371094	0.6929008364677429	0.0	0.0	0.0	1.488025188446045	0.47659832239151	0.0	0.0	1.3152191638946533	0.0	0.0	0.0	0.0	0.0	0.0	0.0	0.0	0.0	0.12256921827793121	0.0	1.0115704536437988	0.0	3.0391809940338135	1.2025341987609863	0.0	0.0	0.0	0.0	0.0	0.0	0.0	0.0	0.7661866545677185	0.0	1.6985267400741577	1.5728005170822144	0.0	0.0	0.31183066964149475	0.0	0.0	0.0	1.4816111326217651	1.3169019222259521	0.9856516122817993	0.8969780206680298	0.0	0.0	0.0	1.3961191177368164	0.6458224058151245	1.2340373992919922	1.0890867710113525	0.0	0.0	1.1556271314620972	1.1852625608444214	0.014728542417287827	0.0	0.0	0.0	0.0	1.3917311429977417	0.0	0.0	0.0	0.9745698571205139	0.4396040439605713	1.961296796798706	0.0	0.4215226173400879	0.0	0.923517107963562	1.4008982181549072	0.0	0.0	0.0	1.460640788078308	0.0	0.0
0.0	0.0	0.0	0.25562313199043274	2.4438681602478027	0.0	0.0	0.0	2.9409775733947754	0.26319175958633423	2.130937099456787	0.0	0.5132684111595154	0.8239455223083496	0.6014108657836914	3.6111292839050293	0.0	0.3368358016014099	0.0	0.5107131004333496	0.0	0.152113676071167	0.0	0.6135303378105164	0.0	0.0	0.0	0.12891535460948944	0.5585330128669739	1.3723504543304443	0.7047836184501648	1.3955267667770386	0.0	0.0	0.0	0.0	0.5862396359443665	0.0	0.0	1.1732007265090942	0.0	0.0	0.0	1.5984498262405396	0.0	0.0	0.06353078782558441	0.0	0.0	0.9178718328475952	0.0	0.0	0.0	0.0	0.0	0.0	0.0	0.0	0.9123867750167847	2.5432558059692383	0.0	0.0	0.0	0.3656225800514221	0.0	0.0	0.0	0.0	0.0	0.33384594321250916	0.8097203373908997	0.0	0.0	0.0	0.0	0.0	0.6494695544242859	1.1233243942260742	0.0	0.0	0.0	0.0	0.15347453951835632	0.0	0.3502885401248932	0.0	2.2491822242736816	0.0	1.441020131111145	0.0	0.0	0.45891427993774414	0.0	1.2632099390029907	0.0	0.06395231932401657	1.2279893159866333	1.5947701930999756	0.0	0.0	0.0	0.0	0.0	1.5212929248809814	0.0	0.0	0.6581488251686096	0.9185382127761841	0.0	0.5414957404136658	0.0	0.0	0.0	0.0	0.0	0.0	0.05247822403907776	0.0	1.6658411026000977	0.0	0.0	0.49236127734184265	0.0	0.9328206181526184	1.6885923147201538	0.9350736737251282	0.0	0.0	0.0	0.8645146489143372	0.0	0.0	0.030841894447803497	0.0	0.0	3.7171623706817627	0.05195383355021477	0.0	0.0	0.478157639503479	0.0	0.0	0.0	1.5166294574737549	0.1027451902627945	0.0	0.6867885589599609	0.0	0.0	0.0	0.0	0.4488266706466675	0.0	0.0	0.9150503277778625	0.0	0.0	1.2130640745162964	0.0	0.0	0.1969081610441208	0.7448226809501648	0.6812408566474915	0.0	0.7979763150215149	0.0	1.438565969467163	2.5048370361328125	0.0	0.0	0.0	0.0	0.21163329482078552	0.0	0.0	3.3796184062957764	1.7635841369628906	0.0	0.0	0.02477964758872986	1.3505316972732544	0.0	0.0	0.0	0.637177050113678	0.0	0.0	0.0	0.0	0.0	0.0	0.0	0.0	0.0	0.0	0.0	0.0	0.0	3.407078742980957	0.6745820045471191	0.0	0.09042034298181534	0.0	0.0	0.0	0.0	0.0	0.0	1.0522342920303345	0.0	2.774007797241211	2.2649829387664795	0.0	0.0	0.40477824211120605	0.0	0.0	0.0	0.8986939787864685	0.5935126543045044	1.6028393507003784	2.280454158782959	0.0	0.0	0.0	0.13309736549854279	0.7754741311073303	1.067312240600586	0.0	0.0	0.0	2.244262456893921	1.4594262838363647	0.0	0.0	0.0	0.0	0.0	2.3856453895568848	0.0	0.0	0.0	0.5170546174049377	1.5446324348449707	1.1362475156784058	0.0	0.6604583859443665	0.0	0.14416013658046722	1.1615426540374756	0.0	0.0	0.0	2.3235974311828613	0.0	0.0
0.0	0.0	0.0	0.0	2.994279384613037	0.0	0.0	0.0	4.311377048492432	0.25992587208747864	3.4034159183502197	0.0	0.8432734608650208	0.5839346647262573	0.04406976327300072	4.755495071411133	0.0	0.26725929975509644	0.07466763257980347	0.02248677797615528	0.6873427629470825	0.0	0.0	0.347085565328598	0.0	0.0	0.0	0.5935879945755005	0.6884750127792358	1.015458106994629	0.30337733030319214	2.895571231842041	0.0	0.07250005751848221	0.0	0.046851322054862976	1.0593217611312866	0.0	0.0	1.1594432592391968	0.0	0.0	0.0	1.9896408319473267	0.0	0.0	0.40835243463516235	0.0	0.0	1.720579743385315	0.0	0.0	0.0	0.5348884463310242	0.0	0.0	0.0	0.0	0.3670904040336609	3.887345790863037	0.0	0.0	0.0	0.4962427020072937	0.0	0.0	0.0	0.0	0.0	0.8453934788703918	0.24568898975849152	0.0	0.0	0.0	0.0	0.0	1.3251779079437256	0.8546756505966187	0.0	0.0	0.0	0.0	0.3448411226272583	0.0	0.223106250166893	0.0	2.7708280086517334	0.0	3.066539764404297	0.0	0.0	0.016351046040654182	0.0	1.01309072971344	0.0	0.29499518871307373	1.3282747268676758	1.4480572938919067	0.0	0.0	0.0	0.7387966513633728	0.0	2.2649497985839844	0.0	0.0	1.417734980583191	0.6747463345527649	0.0	1.6846002340316772	0.0	0.0	0.0	0.0	0.0	0.0	0.0	0.0	3.0019898414611816	0.0	0.0	0.40680423378944397	0.0	1.81001877784729	3.2652628421783447	1.463989496231079	0.0	0.0	0.0	1.6868025064468384	0.0	0.0	0.0	0.0	0.0	4.780755043029785	0.23252296447753906	0.0	0.0	0.0	0.0	0.0	0.0	1.1565827131271362	0.0	0.0	1.483661413192749	0.0	0.0	0.0	0.0	1.5891324281692505	0.0	0.0	1.0508476495742798	0.0	0.0	1.4033838510513306	0.0	0.0	0.0	0.7699645757675171	0.457161009311676	0.0	0.48837465047836304	0.0	2.144010305404663	3.863781690597534	0.0	0.0	0.0	0.0	0.49123120307922363	0.0	0.0	4.6618757247924805	3.1345951557159424	0.0	0.0	0.0	2.0932457447052	0.0	0.0	0.0	0.4876384139060974	0.0	0.0	0.0	0.0	0.0	0.0	0.0	0.0	0.0	0.0	0.0	0.0	0.0	5.163351058959961	0.0	0.0	0.2634347379207611	0.0	0.0	0.0	0.0	0.0	0.0	1.442508578300476	0.0	3.462265968322754	2.9041030406951904	0.0	0.0	0.30690309405326843	0.0	0.0	0.0	0.3716222941875458	0.7745501399040222	2.6755990982055664	2.8456032276153564	0.0	0.0	0.0	0.29739198088645935	0.6006625294685364	1.5853599309921265	0.3031366467475891	0.0	0.0	2.7915475368499756	2.3249621391296387	0.0	0.0	0.0	0.0	0.0	2.494849443435669	0.0	0.0	0.0	1.0994826555252075	2.1599841117858887	1.1539205312728882	0.0	0.6720279455184937	0.0	0.0	1.1000409126281738	0.0	0.0	0.0	3.6194517612457275	0.0	0.0
0.0	0.0	0.0	0.5697348713874817	2.085106611251831	0.0	0.0	0.0	3.1671175956726074	0.3879568576812744	2.309563636779785	0.0	0.37428760528564453	0.8429739475250244	0.3651689887046814	3.979677200317383	0.0	0.461715430021286	0.0	0.3578406274318695	0.0	0.0	0.0	0.4617070257663727	0.0	0.0	0.0	0.0	0.3899650573730469	0.9771077036857605	0.676821768283844	1.7330502271652222	0.0	0.0	0.0	0.10477959364652634	0.1665724217891693	0.0	0.0	1.2228355407714844	0.0	0.0	0.0	1.3216677904129028	0.0	0.0	0.0	0.0	0.0	1.4126570224761963	0.0	0.0	0.0	0.0	0.0	0.0	0.0	0.0	0.5111846923828125	2.572103977203369	0.0	0.0	0.0	0.35029348731040955	0.0	0.0	0.0	0.0	0.0	0.4410422444343567	0.29469799995422363	0.0	0.0	0.0	0.0	0.0	0.5809268951416016	0.5892714858055115	0.0	0.0	0.0	0.0	0.22828754782676697	0.0	0.38428518176078796	0.0	2.018245220184326	0.0	2.120610475540161	0.0	0.0	0.38169950246810913	0.0	1.1407725811004639	0.0	0.2703630328178406	0.9039912223815918	1.3290046453475952	0.0	0.0	0.0	0.0	0.0	1.6511969566345215	0.0	0.0	1.0129799842834473	0.9452193975448608	0.0	0.7361541986465454	0.0	0.0	0.0	0.0	0.0	0.0	0.4436326324939728	0.0	2.0798206329345703	0.0	0.0	0.7376288771629333	0.0	1.082671046257019	1.995434045791626	1.2262710332870483	0.0	0.0	0.0	0.9720081090927124	0.0	0.0	0.0	0.0	0.0	3.650752544403076	0.05983221158385277	0.0	0.0	0.0	0.0	0.0	0.0	1.6636079549789429	0.0	0.0	0.756757378578186	0.0	0.0	0.0	0.0	0.7306467294692993	0.0	0.0	0.49689263105392456	0.0	0.0	1.1600027084350586	0.0	0.0	0.0	0.5461731553077698	0.42705050110816956	0.0	0.6264468431472778	0.0	1.564949870109558	2.6157708168029785	0.0	0.0	0.0	0.0	0.6643584370613098	0.0	0.0	3.153310537338257	1.8004497289657593	0.0	0.0	0.17094290256500244	1.865704894065857	0.0	0.0	0.0	0.6273259520530701	0.0	0.0	0.0	0.0	0.0	0.0	0.0	0.0	0.0	0.0	0.0	0.0	0.0	3.618532180786133	0.5271050333976746	0.0	0.0	0.0	0.0	0.0	0.0	0.0	0.0	1.166552186012268	0.0	2.996974229812622	2.068047046661377	0.0	0.0	0.3021777272224426	0.0	0.0	0.0	0.6459866166114807	0.6165997385978699	1.8274767398834229	2.3907439708709717	0.0	0.0	0.0	0.14795073866844177	0.7116419672966003	0.8550822138786316	0.07494402676820755	0.0	0.0	2.337583303451538	1.560670018196106	0.0	0.0	0.0	0.0	0.0	2.240870714187622	0.0	0.0	0.0	0.578141987323761	1.4354606866836548	0.783180296421051	0.0	0.9410712122917175	0.0	0.0	0.8300605416297913	0.0	0.0	0.0	2.3057258129119873	0.0	0.0
0.0	0.0	0.0	0.0	1.7964249849319458	0.0	0.8515057563781738	0.0	3.3704793453216553	1.2206693887710571	1.4963878393173218	0.0	1.2095751762390137	0.9609717130661011	0.0	3.512647867202759	0.0	0.7028960585594177	0.8310790657997131	0.4074782431125641	0.8335739970207214	1.129217505455017	0.0	1.198283076286316	0.0	0.0	0.7911559343338013	0.022744350135326385	1.458949327468872	1.5339895486831665	0.8541132211685181	2.031921148300171	0.0	0.8351723551750183	0.0	0.0	1.0880377292633057	0.0	0.9606683254241943	1.5963469743728638	0.0	0.0	0.0	1.3685343265533447	0.0	0.0	0.0	0.0	0.0	0.6273636221885681	0.0	0.0	0.0	0.50644850730896	0.38317739963531494	0.0	0.0	0.0	1.0586012601852417	3.1618590354919434	0.0	0.0	0.0	0.6035034656524658	0.0	0.0	0.0	0.0	0.0	1.878577470779419	0.3578644394874573	0.0	0.0	0.0	0.0	0.0	0.5787830948829651	1.0008732080459595	0.0	0.0	0.0	0.0	0.09197874367237091	0.1391100436449051	0.6741311550140381	0.0	3.3428163528442383	0.0	1.372706651687622	0.0	0.0	0.852953314781189	0.0	1.9108221530914307	0.0	0.2785894274711609	2.1301732063293457	1.2706894874572754	0.0	0.0	0.0	0.08928701281547546	0.0	2.415238380432129	0.0	0.0	1.0036258697509766	0.4015537202358246	0.0	0.0	0.0	0.0	0.0	0.0	0.0	0.0	0.0	0.0	1.786317229270935	0.0	0.0	0.7589760422706604	0.0	1.2157937288284302	2.618985414505005	0.5192660093307495	0.0	0.0	0.0	0.5131804347038269	0.0	0.0	0.0	0.0	0.0	2.8308305740356445	0.0	0.0	0.0	0.4883880913257599	0.0	0.0	0.0	1.3081411123275757	0.0	0.0	0.5751603245735168	0.0	0.0	0.0	0.0	0.36962494254112244	0.0	0.0	1.5814433097839355	0.0	0.0	0.9431692361831665	0.0	0.0	0.7420438528060913	0.8846349716186523	0.8875097632408142	0.0	0.8944244384765625	0.0	2.492656707763672	3.361208915710449	0.0	0.0	0.0	0.0	0.9605993628501892	0.0	0.0	3.78110671043396	1.4867604970932007	0.0	0.0	0.0	1.5106736421585083	0.1511548012495041	0.0	0.0	1.1025899648666382	0.0	0.0	0.0	0.0	0.0	0.0	0.0	0.0	0.0	0.0	0.0	0.8067886829376221	0.0	4.408471584320068	0.900665819644928	0.0	0.0	0.0	0.0	0.0	0.0	0.0	0.0	0.4303237497806549	0.0	2.5507607460021973	1.602506160736084	0.0	0.0	0.21223239600658417	0.0	0.0	0.0	1.1262513399124146	0.9445093870162964	1.3498318195343018	1.7869348526000977	0.0	0.0	0.0	0.992508053779602	0.37269827723503113	1.3001708984375	0.9132199883460999	0.0	0.0	1.4224936962127686	1.3143322467803955	0.0	0.0	0.0	0.0	0.0	2.0450727939605713	0.0	0.0	0.0	1.099692702293396	0.6401085257530212	1.6848130226135254	0.0	0.0	0.0	0.6800578236579895	1.8072329759597778	0.0	0.0	0.0	2.203308582305908	0.0	0.0
0.0	0.0	0.0	0.7234407067298889	2.2210464477539062	0.0	0.0	0.0	3.2497432231903076	0.4867973029613495	2.130917549133301	0.0	0.7040886282920837	1.4531974792480469	0.0	3.834695816040039	0.0	0.5194768309593201	0.0	0.2335943877696991	0.3419892191886902	0.0	0.0	0.4148532450199127	0.0	0.0	0.3446529507637024	0.05011561140418053	0.6500656604766846	1.003751516342163	0.7666429281234741	1.6335419416427612	0.0	0.0	0.0	0.0	0.6931485533714294	0.0	0.0	1.4140852689743042	0.0	0.0	0.0	1.361948013305664	0.0	0.0	0.04201608896255493	0.0	0.0	1.2064186334609985	0.0	0.0	0.0	0.0	0.0	0.0	0.0	0.0	0.19979290664196014	2.6674227714538574	0.0	0.0	0.0	0.012107284739613533	0.0	0.0	0.0	0.0	0.0	0.6414163708686829	0.31401389837265015	0.0	0.0	0.0	0.0	0.0	0.6859471201896667	0.6478846073150635	0.0	0.0	0.0	0.0	0.39034777879714966	0.0	0.33569952845573425	0.0	2.3936290740966797	0.0	2.4393320083618164	0.0	0.0	0.2936774492263794	0.0	0.9884645342826843	0.0	0.4107744097709656	1.4996259212493896	1.2963407039642334	0.0	0.0	0.0	0.08190484344959259	0.0	1.7477664947509766	0.0	0.0	1.1448384523391724	1.0874204635620117	0.0	0.8263720870018005	0.0	0.0	0.0	0.0	0.0	0.0	0.5318989157676697	0.0	1.96546471118927	0.0	0.08601057529449463	0.3320517838001251	0.0	0.7405263781547546	2.08142352104187	1.1910004615783691	0.0	0.0	0.0	0.8829232454299927	0.0	0.0	0.0	0.0	0.0	3.5792458057403564	0.2295764684677124	0.0	0.0	0.0	0.0	0.0	0.0	1.5442978143692017	0.0	0.0	1.353983998298645	0.0	0.0	0.0	0.0	0.7916761040687561	0.0	0.0	0.8068134188652039	0.0	0.0	1.722898244857788	0.0	0.0	0.01230456680059433	0.692884087562561	0.04047780483961105	0.0	0.19703228771686554	0.0	1.3587627410888672	2.601428508758545	0.0	0.0	0.0	0.0	0.9835237860679626	0.0	0.0	3.5595591068267822	2.013387680053711	0.0	0.0	0.0	1.972020149230957	0.0	0.0	0.0	0.08783132582902908	0.0	0.0	0.0	0.0	0.0	0.0	0.0	0.0	0.0	0.0	0.0	0.029440563172101974	0.0	4.137837886810303	0.07471176236867905	0.0	0.0	0.0	0.0	0.0	0.0	0.0	0.0	1.11641263961792	0.0	3.0672097206115723	2.246188163757324	0.0	0.0	0.40818750858306885	0.0	0.0	0.0	0.5398985743522644	0.31919434666633606	1.4482123851776123	2.4722862243652344	0.0	0.0	0.0	0.23177874088287354	0.3437434434890747	1.0999006032943726	0.5015422105789185	0.0	0.0	2.230098009109497	1.8327831029891968	0.0	0.0	0.0	0.0	0.0	2.2180099487304688	0.0	0.0	0.0	0.9196312427520752	1.6350418329238892	0.9779165983200073	0.0	0.6867983341217041	0.0	0.1121385470032692	0.9964351058006287	0.0	0.0	0.0	2.851907730102539	0.0	0.0
0.0	0.0	0.0	0.04422726482152939	2.0406088829040527	0.0	0.0	0.0	2.642566442489624	0.3685001730918884	2.234710931777954	0.0	0.6843494772911072	0.0	0.0	2.0370895862579346	0.06521949172019958	0.3265882730484009	0.0	0.1944779008626938	0.0	0.2001151144504547	0.0	0.26838117837905884	0.0	0.0	0.0	0.4294919967651367	0.39456015825271606	0.7551553249359131	0.0	2.2436461448669434	0.0	0.03444356843829155	0.0	0.03639376908540726	0.4447188675403595	0.0	0.1579546183347702	0.5126713514328003	0.0	0.0	0.0	1.0686899423599243	0.0	0.0	0.1506042331457138	0.0	0.0	1.353904128074646	0.0	0.0	0.0	0.3500547409057617	0.31448766589164734	0.0	0.0	0.0	0.43389543890953064	2.4517128467559814	0.0	0.0	0.0	0.25789791345596313	0.0	0.0	0.0	0.0	0.0	1.0085970163345337	0.0	0.0	0.0	0.0	0.0	0.0	0.2405521422624588	0.02244998887181282	0.0	0.0	0.0	0.0	0.0	0.0	0.0	0.0	1.5237499475479126	0.0	1.023369312286377	0.0	0.0	0.0	0.0	0.9186944365501404	0.0	0.013823660090565681	0.8554019927978516	1.0213786363601685	0.0	0.0	0.0	0.7247098684310913	0.0	1.1145457029342651	0.0	0.0	0.12022509425878525	0.6634190678596497	0.0	1.0404971837997437	0.0	0.0	0.0	0.0	0.0	0.0	0.0	0.0	2.2923176288604736	0.0	0.0	0.16039428114891052	0.0	1.1915971040725708	2.418665647506714	0.5445259809494019	0.0	0.0	0.0	1.1736122369766235	0.0	0.0	0.12397588044404984	0.0	0.0	2.8363840579986572	0.01659964956343174	0.0	0.0	0.18598292768001556	0.0	0.0	0.0	0.19312253594398499	0.0	0.0	0.6460337042808533	0.0	0.0	0.0	0.0	0.7654805183410645	0.0	0.0	0.8761969208717346	0.0	0.0	0.7924489378929138	0.0	0.0	0.0	0.1481274962425232	0.09561193734407425	0.0	0.27140840888023376	0.0	1.4557957649230957	2.42616868019104	0.0	0.0	0.0	0.0	0.13494393229484558	0.0	0.0	3.153635025024414	1.9275457859039307	0.0	0.0	0.0	1.0571497678756714	0.0	0.0	0.0	0.0	0.0	0.0	0.0	0.0	0.0	0.0	0.0	0.0	0.0	0.0	0.0	0.0	0.0	3.108020305633545	0.136332705616951	0.0	0.3153555393218994	0.0	0.0	0.0	0.0	0.0	0.0	0.6028763651847839	0.0	2.276059865951538	1.543303370475769	0.0	0.0	0.0	0.0	0.0	0.0	0.3481857478618622	0.0	1.6661080121994019	1.6587551832199097	0.0	0.0	0.0	0.40338414907455444	0.7343295812606812	0.5721598863601685	0.0	0.0	0.0	1.775999665260315	1.3440226316452026	0.0	0.0	0.0	0.0	0.0	1.380751609802246	0.0	0.0	0.0	0.6479659080505371	0.9375641942024231	0.5974235534667969	0.0	0.27717453241348267	0.0	0.0	0.6574513912200928	0.0	0.0	0.0	2.0186264514923096	0.0	0.0
0.0	0.0	0.0	0.7661765217781067	1.2400546073913574	0.0	0.9343028664588928	0.0	3.2446489334106445	1.2966139316558838	1.1557409763336182	0.0	1.461769700050354	0.7616615295410156	0.0	2.764153242111206	0.0	1.285396933555603	1.3370230197906494	0.8781514763832092	0.3702228367328644	1.143466591835022	0.0	0.8306291103363037	0.0	0.0	0.8166434168815613	0.16157104074954987	1.2643706798553467	1.440741777420044	0.7236894965171814	1.3143508434295654	0.0	1.2766907215118408	0.0	0.0	1.3739128112792969	0.0	1.106472134590149	2.1926541328430176	0.0	0.0	0.0	0.4829838275909424	0.0	0.0	0.0	0.0	0.0	0.386335164308548	0.0	0.0	0.0	0.9319989085197449	0.9225744605064392	0.0	0.0	0.0	1.0592976808547974	2.7732996940612793	0.0	0.0	0.0	0.7347424626350403	0.0	0.0	0.0	0.0	0.0	1.776896357536316	0.3743348717689514	0.0	0.0	0.0	0.0	0.0	0.894379198551178	1.3983821868896484	0.0	0.0	0.0	0.0	0.0	0.48677051067352295	0.9455705285072327	0.0	3.0249404907226562	0.0	1.3917303085327148	0.0	0.0	1.348824381828308	0.0	2.038918972015381	0.0	0.8495959043502808	2.040463924407959	1.0560468435287476	0.0	0.0	0.0	0.0	0.0	2.3417701721191406	0.0	0.0	0.8758128881454468	0.0	0.0	0.0	0.0	0.0	0.0	0.0	0.0	0.0	0.17120394110679626	0.0	1.262365460395813	0.0	0.0	0.3193708658218384	0.0	0.4601458013057709	1.9393209218978882	0.5412347316741943	0.0	0.0	0.0	0.09575873613357544	0.0	0.0	0.0	0.0	0.0	2.7101712226867676	0.0	0.0	0.0	0.3326054513454437	0.0	0.0	0.0	1.8236924409866333	0.0	0.0	0.685823917388916	0.0	0.0	0.0	0.0	0.0	0.0	0.0	2.045165538787842	0.0	0.0	0.9986733794212341	0.0	0.0	0.6085778474807739	1.1168971061706543	0.7491902112960815	0.0	0.7586836814880371	0.0	1.8632310628890991	2.3088865280151367	0.0	0.0	0.0	0.0	1.4701510667800903	0.0	0.0	2.664295196533203	0.758603572845459	0.0	0.0	0.11829107999801636	1.5209101438522339	0.40752217173576355	0.0	0.0	1.6017946004867554	0.0	0.0	0.0	0.0	0.0	0.0	0.0	0.0	0.0	0.3026951551437378	0.0	1.090168833732605	0.0	3.6131153106689453	1.1736016273498535	0.0	0.0	0.0	0.0	0.0	0.0	0.0	0.0	0.4486852288246155	0.0	1.7586859464645386	1.3393410444259644	0.0	0.0	0.5045250654220581	0.0	0.0	0.0	1.9150605201721191	1.4476170539855957	1.4482448101043701	1.1351799964904785	0.0	0.0	0.0	1.2283421754837036	0.443441778421402	1.708777904510498	1.1359593868255615	0.0	0.0	0.8623286485671997	1.1697916984558105	0.0	0.0	0.0	0.0	0.0	1.5788158178329468	0.0	0.0	0.0	1.2434539794921875	0.9391151666641235	2.2210230827331543	0.0	0.2569129467010498	0.0	0.1524493396282196	1.5527135133743286	0.0	0.0	0.0	1.5679998397827148	0.0	0.0
0.0	0.0	0.0	0.03475717455148697	2.5253281593322754	0.0	0.0	0.0	2.9356303215026855	0.5466782450675964	2.5277323722839355	0.0	0.6548709273338318	0.6505525708198547	0.0	3.5756869316101074	0.517514705657959	0.3078593313694	0.12743835151195526	0.4054202437400818	0.30922847986221313	0.23355622589588165	0.0	0.08050505816936493	0.0	0.0	0.31426548957824707	0.06217700615525246	0.6486176252365112	0.839584231376648	0.7312712669372559	1.9259426593780518	0.0	0.4391672909259796	0.0	0.0	0.7058684825897217	0.0	0.0	0.9261645674705505	0.0	0.0	0.0	1.2184194326400757	0.0	0.0	0.602671205997467	0.0	0.0	1.7107020616531372	0.0	0.0	0.0	0.08806472271680832	0.0	0.0	0.0	0.0	0.3861181139945984	3.0867979526519775	0.0	0.0	0.0	0.0	0.0	0.0	0.0	0.0	0.0	0.510293185710907	0.01066835131496191	0.0	0.0	0.0	0.0	0.0	1.1015031337738037	0.7034099102020264	0.0	0.0	0.0	0.0	0.0	0.0	0.27366164326667786	0.0	2.5082552433013916	0.0	1.886742115020752	0.0	0.0	0.48300114274024963	0.0	1.1390883922576904	0.0	0.054859451949596405	1.2110944986343384	0.8900785446166992	0.0	0.0	0.0	0.4015841782093048	0.0	1.7992860078811646	0.0	0.0	0.9277414679527283	0.5425243377685547	0.0	1.57290518283844	0.0	0.0	0.0	0.0	0.0	0.0	0.19907839596271515	0.0	2.497896909713745	0.0	0.0	0.1717352718114853	0.0	1.0814498662948608	2.3156745433807373	1.2315305471420288	0.0	0.0	0.0	1.0324944257736206	0.0	0.0	0.0	0.0	0.0	3.9383726119995117	0.20284126698970795	0.0	0.0	0.0	0.0	0.0	0.0	0.9998049139976501	0.0	0.0	0.9746164083480835	0.0	0.0	0.0	0.0	1.0159505605697632	0.0	0.0	1.0881472826004028	0.0	0.0	1.512871265411377	0.0	0.0	0.0	0.8984775543212891	0.20383326709270477	0.0	0.13311359286308289	0.0	1.3873931169509888	2.9473514556884766	0.0	0.0	0.0	0.0	0.8169428110122681	0.0	0.0	3.6546311378479004	2.228893518447876	0.0	0.0	0.0	1.650741457939148	0.0	0.0	0.0	0.38691315054893494	0.0	0.0	0.0	0.0	0.0	0.0	0.0	0.0	0.0	0.0	0.0	0.2513293921947479	0.0	3.8724305629730225	0.046481553465127945	0.0	0.38491782546043396	0.0	0.0	0.0	0.0	0.0	0.0	0.7355141043663025	0.0	2.6788113117218018	2.602428436279297	0.0	0.0	0.3552633821964264	0.0	0.0	0.0	0.822831928730011	0.2948766052722931	2.1565101146698	1.9410208463668823	0.0	0.0	0.0	0.7074258327484131	0.46745750308036804	1.114127516746521	0.04146531969308853	0.0	0.0	1.8018395900726318	1.53006911277771	0.0	0.0	0.0	0.0	0.0	1.586097002029419	0.0	0.0	0.0	0.8841728568077087	1.9906824827194214	0.9254705309867859	0.0	0.48170608282089233	0.0	0.09087245166301727	0.8961172103881836	0.0	0.0	0.0	2.8763861656188965	0.0	0.0
0.0	0.0	0.0	0.0	1.6107149124145508	0.0	0.18885698914527893	0.0	2.6239306926727295	0.1019197478890419	1.9336307048797607	0.0	0.8431177735328674	0.0	0.0	1.916731595993042	0.0	0.552753210067749	0.4419315457344055	0.44377246499061584	0.37503671646118164	0.7511917352676392	0.0	0.0	0.0	0.0	0.22104060649871826	0.551829993724823	0.5495437383651733	0.8409828543663025	0.0	1.957959771156311	0.0	0.8783007860183716	0.0	0.0	0.7869277000427246	0.0	0.16149312257766724	0.8398745059967041	0.0	0.0	0.0	1.2866971492767334	0.0	0.0	0.0	0.0	0.0	0.8565418124198914	0.0	0.0	0.0	0.7058953642845154	0.36032605171203613	0.0	0.0	0.0	0.4106896221637726	2.5387985706329346	0.0	0.0	0.0	0.4659234881401062	0.0	0.0	0.0	0.0	0.0	1.159043788909912	0.0	0.0	0.0	0.0	0.0	0.0	0.12381113320589066	0.3801955282688141	0.0	0.0	0.0	0.0	0.005303878802806139	0.043076153844594955	0.2763117253780365	0.0	2.031362771987915	0.0	0.5942001938819885	0.0	0.0	0.44241929054260254	0.0	1.7337088584899902	0.0	0.38518261909484863	0.8452275991439819	1.1560777425765991	0.0	0.0	0.0	0.8520874977111816	0.0	1.7275941371917725	0.0	0.0	0.6428692936897278	0.0910896509885788	0.0	0.3544576168060303	0.0	0.0	0.0	0.0	0.0	0.0	0.026088004931807518	0.0	1.429052472114563	0.0	0.0	0.24402719736099243	0.0	1.1106845140457153	2.2207138538360596	0.17494238913059235	0.0	0.0	0.0	0.23963876068592072	0.0	0.0	0.008040985092520714	0.0	0.0	2.9340505599975586	0.3502824008464813	0.0	0.0	0.6681289076805115	0.0	0.0	0.0	0.7314144968986511	0.0	0.0	0.11870038509368896	0.0	0.0	0.0	0.0	0.40928319096565247	0.0	0.0	1.7537927627563477	0.0	0.0	0.7252529859542847	0.0	0.0	0.40359294414520264	0.7697398662567139	0.1071099266409874	0.0	0.48565179109573364	0.0	2.218977451324463	2.5267162322998047	0.0	0.0	0.0	0.0	0.4740504324436188	0.0	0.0	2.862306594848633	1.6187597513198853	0.0	0.0	0.0	0.46999484300613403	0.05004351586103439	0.0	0.0	0.30795514583587646	0.0	0.0	0.0	0.0	0.0	0.0	0.0	0.0	0.0	0.0	0.0	0.5260874629020691	0.0	3.285977840423584	0.09224382787942886	0.0	0.047736719250679016	0.0	0.0	0.0	0.0	0.0	0.0	0.6071247458457947	0.0	1.5558671951293945	1.174703598022461	0.0	0.0	0.0	0.0	0.0	0.0	0.9641950130462646	0.5616300106048584	1.406287670135498	1.599724531173706	0.0	0.0	0.0	0.6734861135482788	0.4898562729358673	0.5773815512657166	0.0816425159573555	0.0	0.0	1.5130010843276978	1.2392843961715698	0.0	0.0	0.0	0.0	0.0	1.2236955165863037	0.0	0.0	0.0	0.6702160239219666	0.5860244035720825	1.290152907371521	0.0	0.0	0.0	0.440006822347641	0.5462080836296082	0.0	0.0	0.0	1.9726767539978027	0.0	0.0
0.0	0.0	0.0	0.24702629446983337	3.118077516555786	0.0	0.0	0.0	3.632265329360962	0.17307142913341522	2.939093589782715	0.0	0.021836042404174805	0.11296955496072769	0.20312023162841797	3.506523609161377	0.3621097803115845	0.011360283941030502	0.0	0.5028479099273682	0.0	0.0	0.0	0.5836683511734009	0.0	0.0	0.0	0.3403513431549072	0.7564870715141296	1.466700792312622	0.0	2.903581142425537	0.0	0.0	0.0	0.0	0.0	0.0	0.0	0.7916710376739502	0.0	0.0	0.0	2.0401391983032227	0.0	0.0	0.0	0.0	0.0	2.1513047218322754	0.0	0.0	0.0	0.0	0.0	0.0	0.0	0.0019406074425205588	0.0	3.2058932781219482	0.0	0.0	0.0	0.21131816506385803	0.0	0.0	0.0	0.0	0.0	0.4446452260017395	0.12157870829105377	0.0	0.0	0.0	0.0	0.0	0.2092403620481491	1.3154408931732178	0.0	0.0	0.0	0.0	0.0	0.0	0.16386321187019348	0.0	2.2005064487457275	0.0	1.8570877313613892	0.0	0.0	0.0	0.0	1.616990327835083	0.0	0.5440470576286316	0.5309545397758484	1.8698025941848755	0.0	0.0	0.0	0.9218211770057678	0.0	1.2030484676361084	0.0	0.0	0.6558899879455566	1.4528372287750244	0.0	0.751573383808136	0.0	0.0	0.0	0.0	0.0	0.0	1.1206129789352417	0.0	2.5250048637390137	0.0	0.0	1.1683337688446045	0.0	1.3235481977462769	2.606409788131714	1.6793354749679565	0.0	0.0	0.0	1.4603062868118286	0.0	0.0	0.4308267831802368	0.0	0.0	4.832174301147461	0.8274876475334167	0.0	0.0	0.0	0.0	0.0	0.0	0.5497305393218994	0.0	0.0	0.6866611242294312	0.0	0.0	0.0	0.0	1.839887022972107	0.0	0.0	0.6930830478668213	0.0	0.0	1.7702938318252563	0.0	0.0	0.0	0.8492237329483032	0.12517443299293518	0.0	0.6488587856292725	0.0	1.3276182413101196	3.511596202850342	0.0	0.0	0.0	0.0	0.45251521468162537	0.0	0.0	4.494030475616455	2.829308271408081	0.0	0.0	0.0	2.321532726287842	0.0	0.0	0.0	0.17708489298820496	0.0	0.0	0.0	0.0	0.0	0.0	0.0	0.0	0.0	0.0	0.0	0.0	0.0	4.442558288574219	0.060971248894929886	0.0	0.35737138986587524	0.0	0.0	0.0	0.0	0.0	0.0	1.6742697954177856	0.0	3.9512593746185303	2.443845748901367	0.0	0.0	0.32627999782562256	0.0	0.0	0.0	0.45117077231407166	0.0	1.7993038892745972	2.873502731323242	0.0	0.0	0.0	0.07292729616165161	1.6934044361114502	0.4288106858730316	0.0	0.0	0.0	3.6629397869110107	2.7270617485046387	0.0	0.0	0.0	0.0	0.0	2.6094658374786377	0.0	0.0	0.0	0.31453678011894226	1.60853910446167	0.5586671829223633	0.0	1.2107934951782227	0.0	0.056199055165052414	0.40327009558677673	0.0	0.0	0.0	3.305546283721924	0.0	0.0
0.0	0.0	0.0	0.3730127811431885	0.8779184818267822	0.0	0.6871103048324585	0.0	1.4648768901824951	0.9243471622467041	0.5067034959793091	0.0	0.9959428310394287	0.6824970245361328	0.0	1.8116521835327148	0.0	0.5918092727661133	0.5110337734222412	0.47953855991363525	0.992275595664978	0.3869241178035736	0.0	0.7557745575904846	0.0	0.0	0.44484201073646545	0.5729607939720154	0.5755081176757812	0.7065509557723999	0.7114142775535583	0.7285295724868774	0.0	0.7728731036186218	0.0	0.7314172983169556	0.8526597023010254	0.0	0.6823179125785828	0.8086311221122742	0.0	0.0	0.0	0.2328394204378128	0.0	0.0	0.0	0.0	0.0	0.17662934958934784	0.0	0.0	0.0	0.09049583226442337	0.25639745593070984	0.0	0.0	0.0	0.9103225469589233	1.408059000968933	0.0	0.0	0.0	0.6306366324424744	0.0	0.0	0.0	0.0	0.0	0.8798728585243225	0.16973134875297546	0.0	0.0	0.0	0.0	0.0	0.9049010872840881	0.34546175599098206	0.0	0.0	0.0	0.0	0.1533806324005127	0.0	0.8552125096321106	0.0	1.5900697708129883	0.0	0.8238694667816162	0.0	0.0	1.0812666416168213	0.0	0.8828046917915344	0.0	0.7911092042922974	1.2259258031845093	1.159587025642395	0.0	0.0	0.0	0.0	0.0	1.3430899381637573	0.0	0.0	0.7829135060310364	0.09201012551784515	0.0	0.3581700623035431	0.0	0.0	0.0	0.0	0.0	0.0	0.03263763338327408	0.0	0.6269366145133972	0.0	0.0	0.4433366656303406	0.0	0.4160142242908478	1.147765874862671	0.36754298210144043	0.0	0.0	0.0	0.08367680013179779	0.0	0.0	0.0	0.0	0.0	1.1158608198165894	0.16380545496940613	0.0	0.0	0.29987072944641113	0.0	0.0	0.0	0.8853841423988342	0.3121795952320099	0.0	0.6043060421943665	0.0	0.0	0.0	0.0	0.024519646540284157	0.0	0.0	1.099257469177246	0.0	0.0	0.6375679969787598	0.0	0.0	0.5595608949661255	0.47830790281295776	0.4670429527759552	0.10996823012828827	0.6257203817367554	0.0	1.1286110877990723	1.4715123176574707	0.0	0.0	0.0	0.0	0.9075241088867188	0.0	0.23088546097278595	1.2328764200210571	0.2716064453125	0.0	0.0	0.20306941866874695	0.7792089581489563	0.23039530217647552	0.0	0.0	0.696345865726471	0.0	0.0	0.0	0.0	0.0	0.0	0.0	0.0	0.0	0.04011721536517143	0.0	0.5419919490814209	0.0	1.8934047222137451	0.806427001953125	0.0	0.0	0.0	0.0	0.0	0.0	0.0	0.0	0.3573606610298157	0.0	1.1492429971694946	0.9566819667816162	0.0	0.0	0.10258647799491882	0.0	0.0	0.0	0.8700881004333496	0.7961607575416565	0.8093555569648743	0.6972818374633789	0.0	0.0	0.0	0.8724457621574402	0.06584592163562775	0.6137639284133911	1.0454702377319336	0.0	0.0	0.2661994993686676	0.972236692905426	0.2555594742298126	0.0	0.0	0.0	0.0	0.5884014964103699	0.0	0.0	0.0	0.9515849947929382	0.2527853548526764	1.1949589252471924	0.0	0.27951690554618835	0.0	1.0464770793914795	0.9037901163101196	0.0	0.04489477351307869	0.0	0.6571992039680481	0.0	0.0
0.0	0.0	0.0	0.46270686388015747	1.6354236602783203	0.0	0.30422285199165344	0.0	3.26029896736145	0.8174006342887878	2.1642472743988037	0.0	1.0729820728302002	0.3017202615737915	0.0	2.5433499813079834	0.0	0.7619886994361877	0.6049553155899048	0.7462728023529053	0.47019001841545105	0.7079968452453613	0.0	0.36426493525505066	0.0	0.0	0.4873064160346985	0.4542159140110016	1.2583556175231934	1.254984736442566	0.12175951153039932	2.0345816612243652	0.0	0.7053444385528564	0.0	0.0	1.180314064025879	0.0	0.32553133368492126	1.472419023513794	0.0	0.0	0.0	0.9394410848617554	0.0	0.0	0.0	0.0	0.0	0.842962384223938	0.0	0.0	0.0	0.5968207120895386	0.2081262767314911	0.0	0.0	0.0	0.33807042241096497	2.80243182182312	0.0	0.0	0.0	0.852659285068512	0.0	0.0	0.0	0.0	0.0	1.1536608934402466	0.11468040943145752	0.0	0.0	0.0	0.0	0.0	0.5773336887359619	0.8002863526344299	0.0	0.0	0.0	0.0	0.1415814757347107	0.03027341701090336	0.9127112627029419	0.0	2.399675130844116	0.0	1.2242186069488525	0.0	0.0	0.44383859634399414	0.0	1.7095764875411987	0.0	0.35811570286750793	1.769635796546936	1.4481146335601807	0.0	0.0	0.0	0.43972063064575195	0.0	2.2178735733032227	0.0	0.0	0.5213411450386047	0.0	0.0	0.20358236134052277	0.0	0.0	0.0	0.0	0.0	0.0	0.24237160384655	0.0	1.5469852685928345	0.0	0.0	0.5312562584877014	0.0	0.822246789932251	2.485079288482666	0.6057532429695129	0.0	0.0	0.0	0.1624382585287094	0.0	0.0	0.0	0.0	0.0	2.9341728687286377	0.32884520292282104	0.0	0.0	0.10589359700679779	0.0	0.0	0.0	1.0843677520751953	0.0	0.0	0.736217737197876	0.0	0.0	0.0	0.0	0.40881896018981934	0.0	0.0	1.6878570318222046	0.0	0.0	1.3615881204605103	0.0	0.0	0.15216879546642303	0.487256795167923	0.2720157504081726	0.0	0.46027037501335144	0.0	1.517845869064331	3.108532428741455	0.0	0.0	0.0	0.0	0.7740048170089722	0.0	0.0	3.346127986907959	1.3883720636367798	0.0	0.0	0.0	1.4602382183074951	0.1689218282699585	0.0	0.0	0.7186779379844666	0.0	0.0	0.0	0.0	0.0	0.0	0.0	0.0	0.0	0.0	0.0	0.505842924118042	0.0	3.739553689956665	0.3838793635368347	0.0	0.1299876570701599	0.0	0.0	0.0	0.0	0.0	0.0	0.6865307688713074	0.0	2.3649706840515137	1.3208688497543335	0.0	0.0	0.21955685317516327	0.0	0.0	0.0	1.7966569662094116	0.6880877614021301	1.316148042678833	1.7249878644943237	0.0	0.0	0.0	0.8801659941673279	0.5007075071334839	1.370508074760437	0.6230255365371704	0.0	0.0	1.629416823387146	1.3727388381958008	0.0	0.0	0.0	0.0	0.0	1.5477529764175415	0.0	0.0	0.0	0.7001511454582214	0.6884763836860657	1.592164397239685	0.0	0.1860511749982834	0.0	0.3849896192550659	0.7689932584762573	0.0	0.0	0.0	2.219896078109741	0.0	0.0
0.0	0.0	0.0	0.546554684638977	1.738165259361267	0.0	0.43769627809524536	0.0	2.5463004112243652	0.6899479031562805	1.1661908626556396	0.0	0.968723475933075	0.10184866189956665	0.35938557982444763	2.4347331523895264	0.0	0.4573976993560791	0.32877781987190247	0.4345315098762512	0.740390956401825	0.5482176542282104	0.0	0.4062640964984894	0.0	0.0	0.7568280100822449	0.7248585820198059	0.42571231722831726	1.0740466117858887	0.28986266255378723	1.787087082862854	0.0	0.9719904661178589	0.0	0.46599772572517395	1.0675486326217651	0.0	0.14426745474338531	1.0080362558364868	0.0	0.0	0.0	0.8045641779899597	0.0	0.0	0.0	0.0	0.0	1.0542677640914917	0.0	0.0	0.0	0.018306221812963486	0.7421262264251709	0.0	0.0	0.0	0.7489606738090515	2.5943596363067627	0.0	0.0	0.0	0.7235945463180542	0.0	0.0	0.0	0.0	0.0	1.5686652660369873	0.21855975687503815	0.0	0.0	0.0	0.0	0.0	0.961040198802948	1.4507324695587158	0.0	0.0	0.0	0.0	0.0	0.0	0.633366584777832	0.0	2.2373011112213135	0.0	0.44202399253845215	0.0	0.0	1.0058547258377075	0.0	1.7905172109603882	0.0	0.9572043418884277	1.0752389430999756	1.5262154340744019	0.0	0.0	0.0	0.29269906878471375	0.0	1.795562982559204	0.0	0.0	0.5281641483306885	0.48361608386039734	0.0	0.0	0.0	0.0	0.0	0.0	0.0	0.0	0.6092830300331116	0.0	1.5094561576843262	0.0	0.0	0.5926117300987244	0.0	1.478682041168213	1.8630439043045044	0.7743540406227112	0.0	0.0	0.0	0.3157481551170349	0.0	0.0	0.0	0.0	0.0	2.3670432567596436	0.25792983174324036	0.0	0.0	0.5119031667709351	0.0	0.18715982139110565	0.0	1.3092502355575562	0.10241779685020447	0.0	0.3052944839000702	0.0	0.0	0.0	0.0	0.21611425280570984	0.0	0.0	1.692041277885437	0.0	0.0	0.9476935863494873	0.0	0.0	0.5793689489364624	1.1096971035003662	0.5658147931098938	0.0	0.5200254321098328	0.0	1.7895607948303223	2.283054828643799	0.0	0.0	0.0	0.0	0.419262558221817	0.0	0.0	2.805976152420044	1.0775266885757446	0.0	0.0	0.3532158136367798	1.1421922445297241	0.0	0.0	0.0	0.7406446933746338	0.0	0.0	0.0	0.0	0.0	0.0	0.0	0.0	0.0	0.0	0.0	0.29960817098617554	0.0	3.067362070083618	1.2462128400802612	0.0	0.0	0.0	0.0	0.0	0.0	0.0	0.0	0.6039355993270874	0.0	2.188617467880249	1.5919257402420044	0.0	0.0	0.2559027671813965	0.0	0.0	0.0	1.0844223499298096	0.7060998678207397	0.8206002712249756	1.4571032524108887	0.0	0.0	0.0	0.5593234896659851	0.7792998552322388	0.984275758266449	0.5319477319717407	0.0	0.0	1.6230038404464722	1.0676020383834839	0.0	0.0	0.0	0.0	0.0	1.1522771120071411	0.0	0.0	0.0	0.27826499938964844	0.5011963844299316	1.4523169994354248	0.0	0.5266191363334656	0.0	0.6195722222328186	0.7268829941749573	0.0	0.0	0.0	2.126227378845215	0.0	0.0
0.0	0.0	0.0	0.4452707767486572	1.5357410907745361	0.0	0.9762568473815918	0.0	3.1636829376220703	1.5939414501190186	1.5376019477844238	0.0	1.6156806945800781	0.551110565662384	0.009672585874795914	2.7220964431762695	0.0	0.8945308923721313	0.8880303502082825	0.818556547164917	0.7622318267822266	1.1288161277770996	0.0	1.7104192972183228	0.0	0.0	1.458450436592102	0.13678781688213348	1.3901816606521606	1.648187518119812	1.0347555875778198	2.3330163955688477	0.0	1.478467345237732	0.0	0.18488700687885284	1.5605720281600952	0.0	0.837167501449585	1.8343775272369385	0.0	0.0	0.0	0.34533753991127014	0.0	0.0	0.0	0.0	0.0	0.9446133375167847	0.0	0.0	0.0	0.5741660594940186	0.7327560186386108	0.0	0.0	0.27089402079582214	0.6732667088508606	3.3803508281707764	0.0	0.0	0.0	0.5783549547195435	0.0	0.0	0.0	0.0	0.0	1.8448046445846558	0.1919526755809784	0.0	0.0	0.0	0.0	0.0	0.9027884602546692	1.024335503578186	0.0	0.0	0.0	0.0	0.0	0.577979564666748	1.0959492921829224	0.0	3.36653470993042	0.0	1.2561002969741821	0.0	0.0	0.9513752460479736	0.0	2.3680500984191895	0.0	0.7519639134407043	2.0730600357055664	1.6647119522094727	0.0	0.0	0.0	0.0	0.0	2.3159801959991455	0.0	0.0	1.0571155548095703	0.07344808429479599	0.0	0.0	0.0	0.0	0.0	0.0	0.0	0.0	0.9191336035728455	0.0	1.2571302652359009	0.0	0.0	0.45085033774375916	0.0	0.9409934878349304	2.614151954650879	0.7356492877006531	0.0	0.0	0.0	0.0	0.0	0.0	0.30722007155418396	0.0	0.0	3.208392381668091	0.17046596109867096	0.0	0.0	0.3685433864593506	0.0	0.0	0.0	0.9115568399429321	0.0	0.0	0.4224715828895569	0.0	0.0	0.0	0.0	0.2684680223464966	0.0	0.0	2.1814723014831543	0.0	0.0	1.3056100606918335	0.0	0.0	0.9322426319122314	1.3843061923980713	0.786770224571228	0.0	0.8772571086883545	0.0	1.9670617580413818	3.1984119415283203	0.0	0.0	0.0	0.0	1.2876992225646973	0.0	0.0	3.6605117321014404	1.3061939477920532	0.0	0.0	0.0	1.5151835680007935	0.3262864649295807	0.0	0.0	1.1777788400650024	0.0	0.0	0.0	0.0	0.0	0.0	0.0	0.0	0.0	0.18557290732860565	0.0	1.297209620475769	0.0	3.9228837490081787	0.605515718460083	0.0	0.0	0.0	0.0	0.0	0.0	0.0	0.0	0.9789638519287109	0.0	2.046813726425171	2.033064603805542	0.0	0.0	0.3713240623474121	0.0	0.0	0.0	1.663575530052185	1.1034468412399292	1.242454171180725	1.4223116636276245	0.0	0.0	0.0	1.4858542680740356	1.095853567123413	1.4964970350265503	1.445209264755249	0.0	0.0	1.2524663209915161	1.5749101638793945	0.0	0.0	0.0	0.0	0.0	1.7908036708831787	0.0	0.0	0.0	1.226227045059204	0.8371242880821228	1.965471863746643	0.0	0.16548646986484528	0.0	0.6367316842079163	1.2252192497253418	0.0	0.011025650426745415	0.0	2.102651357650757	0.0	0.0
0.0	0.0	0.0	0.46851152181625366	1.2432441711425781	0.0	0.12337058037519455	0.0	1.9900760650634766	0.4045129716396332	1.305991768836975	0.0	0.6975775361061096	0.14933374524116516	0.0	2.0361850261688232	0.0	0.718905508518219	0.32602497935295105	0.8576661348342896	0.10764463990926743	0.7605849504470825	0.0	0.2776790261268616	0.0	0.0	0.18340541422367096	0.09282008558511734	0.9265891313552856	1.0699111223220825	0.22395238280296326	1.3009495735168457	0.0	0.44911709427833557	0.0	0.22220276296138763	0.8175854682922363	0.0	0.2221149206161499	0.8098016977310181	0.0	0.0	0.0	0.386881560087204	0.0	0.0	0.0	0.0	0.0	0.5465080142021179	0.0	0.0	0.0	0.39931270480155945	0.30218949913978577	0.0	0.0	0.0	0.6753635406494141	2.0797955989837646	0.0	0.0	0.0	0.26380473375320435	0.0	0.0	0.0	0.0	0.0	0.7677571177482605	0.11076352745294571	0.0	0.0	0.0	0.0	0.0	0.905665397644043	0.3512214124202728	0.0	0.0	0.0	0.0	0.3933301866054535	0.0	0.4810710549354553	0.0	1.4667422771453857	0.0	0.9870041608810425	0.0	0.0	0.5987525582313538	0.0	1.0858100652694702	0.0	0.029433151707053185	1.0846052169799805	0.6479158997535706	0.0	0.0	0.0	0.3559040427207947	0.0	1.3656790256500244	0.0	0.0	0.07182249426841736	0.0	0.0	0.6389862895011902	0.0	0.0	0.0	0.0	0.0	0.0	0.0	0.0	1.4083423614501953	0.0	0.0	0.0	0.0	0.6053568124771118	1.7438596487045288	0.7702111005783081	0.0	0.0	0.0	0.689113974571228	0.0	0.0	0.1970216929912567	0.0	0.0	2.3019485473632812	0.0	0.0	0.0	0.0	0.0	0.0	0.0	0.34751614928245544	0.0	0.0	0.7266004681587219	0.0	0.0	0.0	0.0	0.5596115589141846	0.0	0.0	0.826156735420227	0.0	0.0	0.9809959530830383	0.0	0.0	0.20195870101451874	0.22624433040618896	0.2661834955215454	0.0	0.4685700535774231	0.0	1.301927089691162	2.1148388385772705	0.0	0.0	0.0	0.0	0.6602262258529663	0.0	0.0	2.386897325515747	1.0817838907241821	0.0	0.0	0.0	1.1488492488861084	0.0	0.0	0.0	0.6647152900695801	0.0	0.0	0.0	0.0	0.0	0.0	0.0	0.0	0.0	0.0	0.0	0.6460924744606018	0.0	2.7449734210968018	0.673425555229187	0.0	0.27144283056259155	0.0	0.0	0.0	0.0	0.0	0.0	0.1857295036315918	0.0	1.8162932395935059	1.1896251440048218	0.0	0.0	0.49239760637283325	0.0	0.0	0.0	0.9725021123886108	0.5957940816879272	1.2604687213897705	1.0918195247650146	0.0	0.0	0.0	0.6996110081672668	0.3998202383518219	0.8971535563468933	0.678786039352417	0.0	0.0	1.284166932106018	0.7831751108169556	0.0	0.0	0.0	0.0	0.0	0.6392094492912292	0.0	0.0	0.0	1.1150771379470825	1.106107473373413	1.1501379013061523	0.0	0.25684261322021484	0.0	0.23317813873291016	0.6337896585464478	0.0	0.0	0.0	1.4001188278198242	0.0	0.0
0.0	0.0	0.0	0.0	2.5387229919433594	0.0	0.0	0.0	3.479822874069214	0.12167605012655258	3.0910444259643555	0.0	0.3741750419139862	0.0	0.0	2.9297568798065186	0.46950119733810425	0.5060825943946838	0.0	0.3034783899784088	0.005794581025838852	0.5051572918891907	0.0	0.0	0.0	0.0	0.0	0.0	0.6203674077987671	1.2339437007904053	0.0	3.009822130203247	0.0	0.14869114756584167	0.0	0.0	0.1944083571434021	0.0	0.0	0.8069162368774414	0.0	0.0	0.0	1.6341272592544556	0.0	0.0	0.23599278926849365	0.0	0.0	1.94074285030365	0.0	0.0	0.0	0.24982081353664398	0.0	0.0	0.0	0.0	0.0	3.3249001502990723	0.0	0.0	0.0	0.0	0.0	0.0	0.0	0.0	0.0	0.544326901435852	0.017876699566841125	0.0	0.0	0.0	0.0	0.0	0.6346518397331238	0.7834072113037109	0.0	0.0	0.0	0.0	0.0	0.0	0.0	0.0	2.187504768371582	0.0	1.6985671520233154	0.0	0.0	0.0	0.0	1.234433650970459	0.0	0.3731968104839325	0.9653943181037903	1.220428705215454	0.0	0.0	0.0	1.2472853660583496	0.0	1.5996991395950317	0.0	0.0	0.17196319997310638	0.8414883613586426	0.0	1.27587890625	0.0	0.0	0.0	0.0	0.0	0.0	0.379058301448822	0.0	2.184892177581787	0.0	0.0	0.1793927103281021	0.0	1.2687715291976929	2.5156331062316895	1.1331746578216553	0.0	0.0	0.0	1.2514184713363647	0.0	0.0	0.22481273114681244	0.0	0.0	3.77209734916687	0.33091843128204346	0.0	0.0	0.0	0.0	0.0	0.0	0.33992618322372437	0.0	0.0	0.967893123626709	0.0	0.0	0.0	0.0	1.3833414316177368	0.0	0.0	1.0232179164886475	0.0	0.0	1.6251342296600342	0.0	0.0	0.0	0.6575518846511841	0.12737615406513214	0.0	0.0	0.0	1.313355803489685	3.3026721477508545	0.0	0.0	0.0	0.0	0.7420812845230103	0.0	0.0	4.542654037475586	2.863957166671753	0.0	0.0	0.0	1.6116619110107422	0.0	0.0	0.0	0.0	0.0	0.0	0.0	0.0	0.0	0.0	0.0	0.0	0.0	0.0	0.0	0.0	0.0	4.564284324645996	0.3134441673755646	0.0	0.48181086778640747	0.0	0.0	0.0	0.0	0.0	0.0	0.8043673634529114	0.0	3.323793411254883	2.2583184242248535	0.0	0.0	0.899311900138855	0.0	0.0	0.0	0.4170279800891876	0.0	1.8010497093200684	2.5689897537231445	0.0	0.0	0.0	0.0	0.9174083471298218	1.087142825126648	0.0	0.0	0.0	2.683098793029785	1.6989529132843018	0.0	0.0	0.0	0.0	0.0	2.023650884628296	0.0	0.0	0.0	0.5174148678779602	1.6285476684570312	0.7046868801116943	0.0	0.3617948889732361	0.0	0.0	0.724265992641449	0.0	0.0	0.0	3.4646031856536865	0.0	0.0
0.0	0.0	0.0	0.49223703145980835	1.801795482635498	0.0	0.04645424336194992	0.0	3.0886664390563965	0.5718480944633484	2.0799715518951416	0.0	0.5911219716072083	0.1604738086462021	0.0	2.6502552032470703	0.22026357054710388	0.8376986384391785	0.40682512521743774	0.4550515413284302	0.5050721764564514	0.7589308619499207	0.0	0.45637592673301697	0.0	0.0	0.47233909368515015	0.0	1.1762864589691162	1.3124061822891235	0.1514541506767273	2.09675669670105	0.0	0.8958701491355896	0.0	0.0	1.1576429605484009	0.0	0.02133662812411785	1.2291274070739746	0.0	0.0	0.0	1.1706799268722534	0.0	0.0	0.0	0.0	0.0	0.7619123458862305	0.0	0.0	0.0	0.6548601984977722	0.7981804013252258	0.0	0.0	0.0	0.08668189495801926	3.1101629734039307	0.0	0.0	0.0	0.3865247964859009	0.0	0.0	0.0	0.0	0.0	1.4698686599731445	0.0	0.0	0.0	0.0	0.0	0.0	0.47658687829971313	0.888543426990509	0.0	0.0	0.0	0.0	0.03639109805226326	0.0	0.5776692032814026	0.0	2.6746530532836914	0.0	1.101878046989441	0.0	0.0	0.965744137763977	0.0	1.6499838829040527	0.0	0.3217361569404602	1.4559435844421387	0.9634192585945129	0.0	0.0	0.0	0.4876498281955719	0.0	2.2325282096862793	0.0	0.0	0.40932828187942505	0.0	0.0	0.6075031757354736	0.0	0.0	0.0	0.0	0.0	0.0	0.0	0.0	1.8997669219970703	0.0	0.0	0.3467947244644165	0.0	1.1676912307739258	2.6164751052856445	0.7836170196533203	0.0	0.0	0.0	0.624487578868866	0.0	0.0	0.0	0.0	0.0	2.9628138542175293	0.0	0.0	0.0	0.0	0.0	0.0	0.0	0.4894750714302063	0.0	0.0	0.9495449662208557	0.0	0.0	0.0	0.0	0.32206541299819946	0.0	0.0	1.5164361000061035	0.0	0.0	1.0512081384658813	0.0	0.0	0.0854053944349289	0.38128992915153503	0.3034488260746002	0.0	0.231610506772995	0.0	1.879888892173767	2.7714977264404297	0.0	0.0	0.0	0.0	1.1291558742523193	0.0	0.0	3.448204278945923	1.8428821563720703	0.0	0.0	0.0	1.3168065547943115	0.0	0.0	0.0	0.8616599440574646	0.0	0.0	0.0	0.0	0.0	0.0	0.0	0.0	0.0	0.0	0.0	0.4542206823825836	0.0	3.9030532836914062	0.5211085081100464	0.0	0.12002371996641159	0.0	0.0	0.0	0.0	0.0	0.0	0.4143746495246887	0.0	2.009023904800415	1.5105273723602295	0.0	0.0	0.37425896525382996	0.0	0.0	0.0	1.2273038625717163	0.6722404360771179	1.6687912940979004	1.5355432033538818	0.0	0.0	0.0	0.6008077263832092	0.39931005239486694	1.1317201852798462	0.560234785079956	0.0	0.0	1.3438528776168823	1.0811524391174316	0.0	0.0	0.0	0.0	0.0	1.621090054512024	0.0	0.0	0.0	1.0178163051605225	1.170310139656067	1.4990178346633911	0.0	0.07411326467990875	0.0	0.26568403840065	0.9462316036224365	0.0	0.0	0.0	2.325126886367798	0.0	0.0
0.0	0.0	0.0	0.35580891370773315	0.32601359486579895	0.0	0.9209340214729309	0.0	1.1904346942901611	0.9845898151397705	0.0	0.0	1.0952666997909546	0.855696976184845	0.0	1.3130133152008057	0.0	0.5796334147453308	0.8809823393821716	0.7703084945678711	0.7781801223754883	0.5637512803077698	0.0	0.9617764353752136	0.0	0.0	0.6504398584365845	0.6262689828872681	0.7548951506614685	0.7737472653388977	0.8715516924858093	0.33943405747413635	0.0	0.8175581693649292	0.0	0.7835695147514343	1.0209962129592896	0.0	0.8239586353302002	1.0127695798873901	0.0	0.0	0.0	0.0	0.0	0.0	0.0	0.0	0.0	0.0	0.0	0.0	0.0	0.2837977111339569	0.708352267742157	0.0	0.0	0.2458920180797577	1.2380017042160034	0.7846527695655823	0.0	0.0	0.0	0.6446947455406189	0.0	0.0	0.0	0.0	0.0	1.0263053178787231	0.40744176506996155	0.0	0.0	0.0	0.0	0.0	0.8254643678665161	0.8421500325202942	0.0	0.11076174676418304	0.0	0.0	0.2681758403778076	0.2997092306613922	1.1103332042694092	0.0	1.4447952508926392	0.0	0.0	0.0	0.0	1.1129323244094849	0.0	1.1017059087753296	0.0	0.873030424118042	1.1206315755844116	1.0361099243164062	0.0	0.10174103081226349	0.0	0.0	0.0	1.1336860656738281	0.0	0.0	0.6178700923919678	0.0	0.0	0.0	0.0	0.0	0.0	0.0	0.0	0.0	0.4398323595523834	0.0	0.10633143037557602	0.0	0.0	0.8164682984352112	0.0	0.034240785986185074	0.6288971304893494	0.32705554366111755	0.0	0.0	0.0	0.0	0.0	0.0	0.0	0.0	0.0	0.6493062376976013	0.20963376760482788	0.0	0.0	0.6216124296188354	0.0	0.0	0.0	1.2125399112701416	0.6233615875244141	0.0	0.5321251153945923	0.0	0.0	0.0	0.0	0.0	0.0	0.0	1.3196191787719727	0.0	0.0	0.5175049901008606	0.0	0.0	0.7174158692359924	0.6422998905181885	0.7354037761688232	0.045443203300237656	0.4281528890132904	0.0	0.8021692037582397	1.1564888954162598	0.0	0.0	0.0	0.0	0.8291758894920349	0.0	0.5996987819671631	0.4703676104545593	0.0	0.0	0.0	0.40232089161872864	0.7496291399002075	0.5528145432472229	0.0	0.0	0.75074702501297	0.0	0.0	0.0	0.0	0.0	0.0	0.0	0.0	0.0	0.38152673840522766	0.0	0.7950740456581116	0.0	1.3248616456985474	0.9903444051742554	0.0	0.0	0.0	0.0	0.0	0.0	0.0	0.0	0.4859539270401001	0.0	0.3271458148956299	0.6291531324386597	0.0	0.0	0.3207217752933502	0.0	0.0	0.0	1.013502597808838	1.061336874961853	0.36459413170814514	0.5376747250556946	0.0	0.0	0.0	1.0792816877365112	0.40119755268096924	0.6801915764808655	1.0340442657470703	0.0	0.0	0.0	0.632605254650116	0.4760000705718994	0.0	0.0	0.0	0.0	0.3691014051437378	0.0	0.0	0.0	0.9214932918548584	0.0	1.2980313301086426	0.0	0.11276241391897202	0.0	0.7795767188072205	0.800828754901886	0.0	0.4734986126422882	0.0	0.19489111006259918	0.0	0.0
0.0	0.0	0.0	0.5031530261039734	2.3288402557373047	0.0	1.1429529190063477	0.0	3.7641775608062744	1.3024970293045044	1.3947557210922241	0.0	2.0495331287384033	1.2812867164611816	0.0	3.69454026222229	0.0	1.178384780883789	0.9949557185173035	0.9321032166481018	0.7734426856040955	1.391601800918579	0.0	0.9552651643753052	0.0	0.0	1.0554238557815552	0.6204683184623718	1.0788732767105103	1.4537019729614258	0.9741536378860474	2.149940013885498	0.0	1.4039479494094849	0.0	0.5191992521286011	1.769274353981018	0.0	1.150003433227539	2.285196542739868	0.0	0.0	0.0	0.9182052612304688	0.0	0.0	0.0	0.0	0.0	0.6802707314491272	0.0	0.0	0.0	1.1307979822158813	0.9469277262687683	0.0	0.0	0.0	1.5523507595062256	3.586092948913574	0.0	0.0	0.0	0.5759497880935669	0.0	0.0	0.0	0.0	0.0	2.1366891860961914	0.3552224934101105	0.0	0.0	0.0	0.0	0.0	1.0242670774459839	1.2958580255508423	0.0	0.0	0.0	0.0	0.0	0.41613513231277466	1.0023648738861084	0.0	3.8441851139068604	0.0	1.515454649925232	0.0	0.0	1.2599257230758667	0.0	2.0152359008789062	0.0	1.2186565399169922	2.4747965335845947	2.1730704307556152	0.0	0.0	0.0	0.0	0.0	3.4960758686065674	0.0	0.0	1.2474884986877441	0.4063982367515564	0.0	0.0	0.0	0.0	0.0	0.0	0.0	0.0	0.18334847688674927	0.0	2.294914960861206	0.0	0.0	0.46233394742012024	0.0	1.0704376697540283	2.498163938522339	0.4902473986148834	0.0	0.0	0.0	0.25421789288520813	0.0	0.0	0.0	0.0	0.0	2.855870246887207	0.0	0.0	0.0	0.509779691696167	0.0	0.0	0.0	1.7071034908294678	0.0	0.0	0.7576523423194885	0.0	0.0	0.0	0.0	0.0	0.0	0.0	2.5512475967407227	0.0	0.0	0.9829159379005432	0.0	0.0	0.6230301856994629	0.9624342918395996	1.30675208568573	0.0	1.0482100248336792	0.0	2.9040191173553467	3.120999813079834	0.0	0.0	0.0	0.0	1.2348753213882446	0.0	0.0	4.026834011077881	1.2483803033828735	0.0	0.0	0.0	1.4754581451416016	0.07325931638479233	0.0	0.0	1.4305297136306763	0.0	0.0	0.0	0.0	0.0	0.0	0.0	0.0	0.0	0.0	0.0	0.9079363346099854	0.0	4.5143723487854	1.1688545942306519	0.0	0.0	0.0	0.0	0.0	0.0	0.0	0.0	0.755864679813385	0.0	1.9972431659698486	2.0006024837493896	0.0	0.0	0.17079423367977142	0.0	0.0	0.0	1.769943118095398	1.3723251819610596	1.3649561405181885	1.6082344055175781	0.0	0.0	0.0	1.4700872898101807	0.49312207102775574	1.816555142402649	1.230663776397705	0.0	0.0	1.1291855573654175	1.399910569190979	0.0	0.0	0.0	0.0	0.0	1.888733983039856	0.0	0.0	0.0	1.824198603630066	1.01699697971344	2.036571979522705	0.0	0.025403810665011406	0.0	0.835269570350647	1.640658974647522	0.0	0.0	0.0	2.4158945083618164	0.0	0.0
0.0	0.0	0.0	0.5404665470123291	1.4825607538223267	0.0	1.4171961545944214	0.0	3.4852094650268555	1.2461764812469482	1.311697244644165	0.0	2.0383646488189697	1.0636051893234253	0.0	2.7511606216430664	0.0	1.0580321550369263	1.4666510820388794	1.2265821695327759	0.7244125604629517	2.0972416400909424	0.0	0.8662264347076416	0.0	0.0	1.6782857179641724	0.4247688055038452	1.4194762706756592	1.348604440689087	0.8917953372001648	1.7311785221099854	0.0	1.7338517904281616	0.0	0.6018268465995789	2.096470355987549	0.0	1.4470685720443726	2.09991717338562	0.0	0.0	0.0	0.07979820668697357	0.0	0.0	0.0	0.0	0.0	0.05415388196706772	0.0	0.0	0.0	1.5022372007369995	1.1457000970840454	0.0	0.0	0.0	1.8075919151306152	3.121504306793213	0.0	0.0	0.0	1.0061115026474	0.0	0.0	0.0	0.0	0.0	2.788930892944336	0.0	0.0	0.0	0.0	0.0	0.0	0.8177654147148132	0.7770353555679321	0.0	0.0	0.0	0.0	0.038861751556396484	1.0567474365234375	1.2725011110305786	0.0	3.7816359996795654	0.0	0.8622339367866516	0.0	0.0	1.4811794757843018	0.0	2.2859232425689697	0.0	0.6831539273262024	2.739453077316284	1.4662866592407227	0.0	0.0	0.0	0.0	0.0	3.0831613540649414	0.0	0.0	0.981963574886322	0.0	0.0	0.0	0.0	0.0	0.0	0.0	0.0	0.0	0.0	0.0	1.1236931085586548	0.0	0.0	0.3261864185333252	0.0	0.5418029427528381	2.4670703411102295	0.17131739854812622	0.0	0.0	0.0	0.0	0.0	0.0	0.0	0.0	0.0	2.816824436187744	0.0	0.0	0.0	1.5284448862075806	0.0	0.017870090901851654	0.0	1.5812458992004395	0.0	0.0	0.44279560446739197	0.0	0.0	0.0	0.0	0.0	0.0	0.0	2.6546006202697754	0.0	0.0	0.8038799166679382	0.0	0.0	0.9794254302978516	0.95954829454422	0.8250370025634766	0.0	0.9442812204360962	0.0	2.5643792152404785	2.6778411865234375	0.0	0.0	0.0	0.0	1.8334627151489258	0.0	0.0	2.4579381942749023	0.37261074781417847	0.0	0.0	0.0	1.2616208791732788	0.6712042689323425	0.0	0.0	1.7428992986679077	0.0	0.0	0.0	0.0	0.0	0.0	0.0	0.0	0.0	0.3360387682914734	0.0	1.7775424718856812	0.0	3.4987547397613525	1.3618754148483276	0.0	0.0	0.0	0.0	0.0	0.0	0.0	0.0	0.2579146921634674	0.0	1.1633940935134888	1.4283267259597778	0.0	0.0	0.0	0.0	0.0	0.0	2.353447675704956	1.4813283681869507	1.6760071516036987	0.6074931025505066	0.0	0.0	0.0	1.6890887022018433	0.020550347864627838	1.3885078430175781	1.512585997581482	0.0	0.0	0.6449354290962219	1.023905873298645	0.09246641397476196	0.0	0.0	0.0	0.0	1.4334224462509155	0.0	0.0	0.0	1.6474913358688354	0.49303147196769714	2.4297146797180176	0.0	0.0	0.0	0.8698802590370178	1.911946415901184	0.0	0.0	0.0	1.3917936086654663	0.0	0.0
0.0	0.0	0.0	0.7437642216682434	1.9758754968643188	0.0	0.0	0.0	2.9708540439605713	0.5381982326507568	2.5676088333129883	0.0	0.7423313856124878	1.0147452354431152	0.0	3.4620888233184814	0.599481999874115	0.560737669467926	0.18753878772258759	0.2507224977016449	0.0	0.0	0.0	0.14122506976127625	0.0	0.0	0.18400534987449646	0.0	0.7190937995910645	1.0144811868667603	0.8778288960456848	1.816666603088379	0.0	0.0	0.0	0.16935500502586365	0.10188797861337662	0.0	0.0	1.1705470085144043	0.0	0.0	0.0	1.2239329814910889	0.0	0.0	0.196829691529274	0.0	0.0	1.0884712934494019	0.0	0.0	0.0	0.0	0.0	0.0	0.0	0.0	0.0	2.6621298789978027	0.0	0.0	0.0	0.16425499320030212	0.0	0.0	0.0	0.0	0.0	0.3018608093261719	0.21665455400943756	0.0	0.0	0.0	0.0	0.0	0.5166950821876526	0.7520455718040466	0.0	0.0	0.0	0.0	0.30057668685913086	0.0	0.20170368254184723	0.0	2.412257432937622	0.0	2.468094825744629	0.0	0.0	0.30388399958610535	0.0	0.8616527318954468	0.0	0.0	1.2547532320022583	0.7456863522529602	0.0	0.0	0.0	0.2490680068731308	0.0	1.3705501556396484	0.0	0.0	0.9653745293617249	0.9138641357421875	0.0	1.183800458908081	0.0	0.0	0.0	0.0	0.0	0.0	0.6561181545257568	0.0	2.2306723594665527	0.0	0.0	0.6349708437919617	0.0	0.8837085962295532	2.4299659729003906	0.9352047443389893	0.0	0.0	0.0	1.0735445022583008	0.0	0.0	0.0	0.0	0.0	3.5912208557128906	0.0	0.0	0.0	0.0	0.0	0.0	0.0	0.8709729909896851	0.0	0.0	1.0699094533920288	0.0	0.0	0.0	0.0	1.0404529571533203	0.0	0.0	0.4250201880931854	0.0	0.0	1.8742530345916748	0.0	0.0	0.0	0.547383189201355	0.0	0.0	0.118436798453331	0.0	0.9574944376945496	2.512958288192749	0.0	0.0	0.0	0.0	0.7154160737991333	0.0	0.0	3.5955326557159424	2.191272258758545	0.0	0.0	0.0	2.1009156703948975	0.0	0.0	0.0	0.25117138028144836	0.0	0.0	0.0	0.0	0.0	0.0	0.0	0.0	0.0	0.0	0.0	0.0	0.0	3.9699959754943848	0.0	0.0	0.3942832350730896	0.0	0.0	0.0	0.0	0.0	0.0	0.8864472508430481	0.0	3.372878074645996	1.9771357774734497	0.0	0.0	0.7301169633865356	0.0	0.0	0.0	0.2818569839000702	0.0	1.661688208580017	1.9886667728424072	0.0	0.0	0.0	0.0	0.5167823433876038	1.1557846069335938	0.01827828399837017	0.0	0.0	2.175793409347534	1.7713812589645386	0.0	0.0	0.0	0.0	0.0	2.492990255355835	0.0	0.0	0.0	0.9636384844779968	1.8933961391448975	0.45428985357284546	0.0	0.8125486373901367	0.0	0.0	0.7760855555534363	0.0	0.0	0.0	2.990774154663086	0.0	0.0
0.0	0.0	0.0	0.07745040953159332	0.6810734868049622	0.0	0.23606117069721222	0.0	1.171762228012085	0.6560558676719666	0.2547915279865265	0.0	0.3157026171684265	0.39966532588005066	0.0	0.8304458856582642	0.0	0.607356607913971	0.45092031359672546	0.4548364281654358	0.4349718391895294	0.4937119781970978	0.0	0.7614718675613403	0.0	0.0	0.3362186551094055	0.3706585764884949	0.5879688858985901	0.44391873478889465	0.44213640689849854	0.45982494950294495	0.0	0.6027094125747681	0.0	0.4123438000679016	0.373067170381546	0.0	0.3918200135231018	0.5909350514411926	0.0	0.0	0.0	0.03490602970123291	0.0	0.0	0.0	0.0	0.0	0.2905515730381012	0.0	0.0	0.0	0.03414767235517502	0.563073456287384	0.0	0.0	0.12950223684310913	0.8959144949913025	0.8367593884468079	0.0	0.0	0.0	0.28661659359931946	0.0	0.0	0.0	0.0	0.0	0.5347740054130554	0.35051557421684265	0.0	0.0	0.0	0.0	0.0	0.6425306797027588	0.48279938101768494	0.0	0.0	0.0	0.0	0.0	0.0	0.5971348881721497	0.0	1.1107499599456787	0.0	0.07697176188230515	0.0	0.0	0.6825774312019348	0.0	0.9135061502456665	0.0	0.4505648612976074	0.8349778056144714	0.6060481071472168	0.0	0.1400889903306961	0.0	0.0	0.0	0.8056945204734802	0.0	0.0	0.24217826128005981	0.0	0.0	0.0	0.0	0.0	0.0	0.0	0.0	0.0	0.1513230949640274	0.0	0.39420416951179504	0.0	0.0	0.4210246801376343	0.0	0.2297782003879547	0.6460779309272766	0.09107626229524612	0.0	0.0	0.0	0.005211945157498121	0.0	0.0	0.23787033557891846	0.0	0.0	0.9274246692657471	0.11546718329191208	0.0	0.0	0.0	0.0	0.0	0.0	0.836077094078064	0.2715723514556885	0.0	0.2893265187740326	0.0	0.0	0.0	0.0	0.026990259066224098	0.0	0.0	0.8437819480895996	0.0	0.0	0.6205072999000549	0.0	0.0	0.4256511330604553	0.6750777363777161	0.4415450692176819	0.05265975371003151	0.5501696467399597	0.0	0.7258276343345642	1.092240571975708	0.0	0.0	0.0	0.0	0.4713565707206726	0.0	0.19772884249687195	0.9045864939689636	0.32425248622894287	0.0	0.0	0.12357419729232788	0.5042808055877686	0.17721275985240936	0.0	0.0	0.6619811654090881	0.0	0.0	0.0	0.0	0.0	0.0	0.0	0.0	0.0	0.24460823833942413	0.0	0.602454662322998	0.0	1.1852706670761108	0.6242619752883911	0.0	0.0	0.0	0.0	0.0	0.0	0.0	0.0	0.5685304999351501	0.0	0.9092570543289185	0.6194725632667542	0.0	0.0	0.2681955397129059	0.0	0.0	0.0	0.7765974402427673	0.6283321380615234	0.34065935015678406	0.5851300954818726	0.0	0.0	0.0	0.23093704879283905	0.41816624999046326	0.5116255879402161	0.6026628613471985	0.0	0.0	0.518857479095459	0.5764022469520569	0.09251577407121658	0.0	0.0	0.0	0.0	0.34983327984809875	0.0	0.0	0.0	0.4283713698387146	0.31960585713386536	0.8563854098320007	0.0	0.2274002730846405	0.0	0.43296703696250916	0.5877633690834045	0.0	0.07102417945861816	0.0	0.6193466782569885	0.0	0.0
0.0	0.0	0.0	0.2925293445587158	1.656161904335022	0.0	1.006919264793396	0.0	2.6235148906707764	1.2807056903839111	1.1410495042800903	0.0	1.3642851114273071	0.8165274858474731	0.0	2.378512382507324	0.0	0.6893311738967896	0.8703707456588745	0.7218971848487854	0.6742256283760071	0.9594767689704895	0.0	0.8857438564300537	0.0	0.0	1.1560263633728027	0.2285350263118744	0.8880622982978821	1.443678855895996	0.8608899712562561	1.2306514978408813	0.0	1.1283502578735352	0.0	0.49605801701545715	0.7693876028060913	0.0	0.6742162704467773	1.4558963775634766	0.0	0.0	0.0	0.8293498754501343	0.0	0.0	0.0	0.0	0.0	0.7211658954620361	0.0	0.0	0.0	0.47575998306274414	0.6800830364227295	0.0	0.0	0.0	1.0114006996154785	2.3949952125549316	0.0	0.0	0.0	0.7840908169746399	0.0	0.0	0.0	0.0	0.0	1.273275375366211	0.45086827874183655	0.0	0.0	0.0	0.0	0.0	0.977828860282898	1.0504769086837769	0.0	0.0	0.0	0.0	0.0	0.22657915949821472	0.8317254185676575	0.0	2.5584373474121094	0.0	0.732291579246521	0.0	0.0	1.286686897277832	0.0	1.9634054899215698	0.0	0.6612278819084167	1.8307766914367676	1.6161351203918457	0.0	0.0	0.0	0.0	0.0	2.0427238941192627	0.0	0.0	0.8540341854095459	0.15205898880958557	0.0	0.0	0.0	0.0	0.0	0.0	0.0	0.0	0.0	0.0	0.8957476615905762	0.0	0.0	0.7466999888420105	0.0	0.6187736988067627	1.5929317474365234	0.385979562997818	0.0	0.0	0.0	0.0	0.0	0.0	0.0	0.0	0.0	2.4800968170166016	0.2647589147090912	0.0	0.0	0.7728629112243652	0.0	0.0	0.0	1.6880549192428589	0.04165274277329445	0.0	0.3616713881492615	0.0	0.0	0.0	0.0	0.0	0.0	0.0	1.7012975215911865	0.0	0.0	1.0131142139434814	0.0	0.0	0.5436832308769226	0.9596353769302368	0.5532599687576294	0.0	0.9930064678192139	0.0	1.7390015125274658	2.3238513469696045	0.0	0.0	0.0	0.0	0.9364588260650635	0.0	0.05295436456799507	2.4348769187927246	0.7457660436630249	0.0	0.0	0.0	0.8324883580207825	0.17185066640377045	0.0	0.0	1.428887963294983	0.0	0.0	0.0	0.0	0.0	0.0	0.0	0.0	0.0	0.0	0.0	1.0956329107284546	0.0	3.1651010513305664	0.9739413261413574	0.0	0.0	0.0	0.0	0.0	0.0	0.0	0.0	0.8355279564857483	0.0	1.727339506149292	1.3780714273452759	0.0	0.0	0.2936052978038788	0.0	0.0	0.0	1.401651382446289	0.9803122878074646	1.18666672706604	0.8701784610748291	0.0	0.0	0.0	0.884278416633606	0.6426375508308411	1.0965056419372559	0.8883037567138672	0.0	0.0	1.178894281387329	1.1478105783462524	0.0	0.0	0.0	0.0	0.0	1.565152645111084	0.0	0.0	0.0	0.8593131303787231	0.6321067214012146	1.5574095249176025	0.0	0.35244232416152954	0.0	0.8596389889717102	1.5412036180496216	0.0	0.0	0.0	1.396787405014038	0.0	0.0
0.0	0.0	0.0	0.0	1.903268575668335	0.0	0.3704996109008789	0.0	3.456294536590576	0.49795475602149963	1.8929693698883057	0.0	1.4047244787216187	0.33773306012153625	0.0	3.6154489517211914	0.0	1.0077903270721436	0.46138349175453186	0.0	1.3354382514953613	1.0781913995742798	0.0	0.20260511338710785	0.0	0.0	0.38040435314178467	0.14166578650474548	0.5419648885726929	0.9427664875984192	0.6245945692062378	1.9096299409866333	0.0	1.360288143157959	0.0	0.184320330619812	0.9197137951850891	0.0	0.17276659607887268	1.6735692024230957	0.0	0.0	0.0	1.7160683870315552	0.0	0.0	0.03998043015599251	0.0	0.0	0.7888823747634888	0.0	0.0	0.0	0.37971875071525574	0.3891548216342926	0.0	0.0	0.0	0.8220190405845642	3.392239570617676	0.0	0.0	0.0	0.34925734996795654	0.0	0.0	0.0	0.0	0.0	1.672205924987793	0.009112042374908924	0.0	0.0	0.0	0.0	0.0	0.0	0.888801097869873	0.0	0.0	0.0	0.0	0.25529271364212036	0.0	0.5692969560623169	0.0	3.092017650604248	0.0	1.3473752737045288	0.0	0.0	0.8933495879173279	0.0	1.6160855293273926	0.0	0.5723022818565369	1.3115991353988647	1.2300848960876465	0.0	0.0	0.0	0.5868163704872131	0.0	2.332874298095703	0.0	0.0	1.307814598083496	0.0	0.0	0.5335432291030884	0.0	0.0	0.0	0.0	0.0	0.0	0.0	0.0	1.9491149187088013	0.0	0.0	0.788263201713562	0.0	1.4711848497390747	3.0611913204193115	0.4648675322532654	0.0	0.0	0.0	0.26387593150138855	0.0	0.0	0.0	0.0	0.0	3.0285518169403076	0.14983132481575012	0.0	0.0	0.9352211356163025	0.0	0.0	0.0	1.4773213863372803	0.0	0.0	0.8064501881599426	0.0	0.0	0.0	0.0	0.03189881145954132	0.0	0.0	2.1316323280334473	0.0	0.0	0.973308265209198	0.0	0.0	0.0	0.7402276992797852	0.24426966905593872	0.0	0.21808375418186188	0.0	2.097651481628418	2.5568313598632812	0.0	0.0	0.0	0.0	0.7433703541755676	0.0	0.0	4.276978969573975	1.9463105201721191	0.0	0.0	0.0	0.9591073989868164	0.0	0.0	0.0	0.5387067794799805	0.0	0.0	0.0	0.0	0.0	0.0	0.0	0.0	0.0	0.0	0.0	0.05436427518725395	0.0	3.7933578491210938	0.38608837127685547	0.0	0.0	0.0	0.0	0.0	0.0	0.0	0.0	0.9329908490180969	0.0	2.063544988632202	1.4408214092254639	0.0	0.0	0.19951102137565613	0.0	0.0	0.0	1.3064866065979004	0.3387190103530884	1.7887874841690063	1.7408127784729004	0.0	0.0	0.0	1.0013138055801392	0.375984787940979	0.9448716640472412	0.791109561920166	0.0	0.0	1.5536155700683594	1.5968048572540283	0.0	0.0	0.0	0.0	0.0	1.6203901767730713	0.0	0.0	0.0	1.1273818016052246	1.2089824676513672	1.3102476596832275	0.0	0.03781301528215408	0.0	1.0111303329467773	1.0261974334716797	0.0	0.0	0.0	2.7989659309387207	0.0	0.0
0.0	0.0	0.0	0.4682897925376892	2.187845468521118	0.0	0.0	0.0	3.2225265502929688	0.4598901569843292	2.461406707763672	0.0	0.38259923458099365	0.6804794669151306	0.0	3.544910192489624	0.4415423274040222	0.6875479817390442	0.312824010848999	0.43891656398773193	0.0	0.16414093971252441	0.0	0.9060172438621521	0.0	0.0	0.2618582844734192	0.0	0.9733160138130188	1.2410039901733398	0.4004444181919098	1.8145970106124878	0.0	0.12138333171606064	0.0	0.0	0.45467454195022583	0.0	0.0	0.912757933139801	0.0	0.0	0.0	1.2569420337677002	0.0	0.0	0.026313627138733864	0.0	0.0	1.4069503545761108	0.0	0.0	0.0	0.006049573887139559	0.0	0.0	0.0	0.0	0.5419869422912598	2.94598126411438	0.0	0.0	0.0	0.07632805407047272	0.0	0.0	0.0	0.0	0.0	0.7908653020858765	0.6825274229049683	0.0	0.0	0.0	0.0	0.0	0.7198280692100525	0.9168687462806702	0.0	0.0	0.0	0.0	0.0	0.0	0.29346373677253723	0.0	2.159688711166382	0.0	2.0045833587646484	0.0	0.0	0.21528120338916779	0.0	0.9672657251358032	0.0	0.13400830328464508	1.3778603076934814	1.396620512008667	0.0	0.0	0.0	0.3651486933231354	0.0	1.902953028678894	0.0	0.0	1.0830097198486328	1.0203577280044556	0.0	0.8306618332862854	0.0	0.0	0.0	0.0	0.0	0.0	0.5286210179328918	0.0	2.2672181129455566	0.0	0.0	0.30161768198013306	0.0	0.715154767036438	2.011523962020874	1.175786018371582	0.0	0.0	0.0	1.4239510297775269	0.0	0.0	0.0	0.0	0.0	3.81555438041687	0.0	0.0	0.0	0.0	0.0	0.0	0.0	1.2846832275390625	0.0	0.0	0.9274755120277405	0.0	0.0	0.0	0.0	0.9769417643547058	0.0	0.0	0.9011676907539368	0.0	0.0	1.7710779905319214	0.0	0.0	0.30772629380226135	0.8646041750907898	0.11167138069868088	0.0	0.4931568205356598	0.0	1.2354214191436768	3.074134111404419	0.0	0.0	0.0	0.0	0.932496190071106	0.0	0.0	3.4422860145568848	2.268183708190918	0.0	0.0	0.0	2.029798746109009	0.0	0.0	0.0	0.3950244188308716	0.0	0.0	0.0	0.0	0.0	0.0	0.0	0.0	0.0	0.0	0.0	0.0	0.0	3.6327733993530273	0.15572971105575562	0.0	0.3192397356033325	0.0	0.0	0.0	0.0	0.0	0.0	1.3622382879257202	0.0	3.16296648979187	2.6269679069519043	0.0	0.0	0.3883422911167145	0.0	0.0	0.0	1.0990854501724243	0.5240917205810547	1.9367876052856445	2.0946481227874756	0.0	0.0	0.0	0.44431808590888977	0.7665761113166809	0.9949714541435242	0.0008093919605016708	0.0	0.0	2.000425338745117	1.9690138101577759	0.0	0.0	0.0	0.0	0.0	2.420692205429077	0.0	0.0	0.0	0.7997474074363708	1.6211624145507812	0.6870662569999695	0.0	0.9193933010101318	0.0	0.0	1.2125139236450195	0.0	0.0	0.0	2.5428647994995117	0.0	0.0
0.0	0.0	0.0	0.6334844827651978	1.555668830871582	0.0	0.40280088782310486	0.0	2.7195611000061035	1.062957763671875	1.7689532041549683	0.0	1.1619199514389038	0.8027058243751526	0.26115113496780396	3.093393564224243	0.0	0.7653988003730774	0.6798104643821716	0.4254947900772095	0.1674918830394745	0.4804912507534027	0.0	0.8848564028739929	0.0	0.0	0.015862809494137764	0.03729190677404404	0.6793093681335449	1.1378670930862427	0.599326491355896	1.4931831359863281	0.0	0.02044297568500042	0.0	0.06850846856832504	1.1172105073928833	0.0	0.5115220546722412	1.2907794713974	0.0	0.0	0.0	0.4602660834789276	0.0	0.0	0.2517252564430237	0.0	0.0	0.5411217212677002	0.0	0.0	0.0	0.04799095168709755	0.15708957612514496	0.0	0.0	0.0	0.5982367992401123	2.498924970626831	0.0	0.0	0.0	0.439348965883255	0.0	0.0	0.0	0.0	0.0	1.1182342767715454	0.3237623870372772	0.0	0.0	0.0	0.0	0.0	0.9452259540557861	0.26613950729370117	0.0	0.0	0.0	0.0	0.0	0.0	0.7451040148735046	0.0	2.1108381748199463	0.0	1.6002867221832275	0.0	0.0	0.27055859565734863	0.0	1.3273513317108154	0.0	0.8735992312431335	1.193219780921936	0.7472895979881287	0.0	0.0	0.0	0.07939084619283676	0.0	2.0378339290618896	0.0	0.0	0.9521949291229248	1.0807044506072998	0.0	0.4277167320251465	0.0	0.0	0.0	0.0	0.0	0.0	0.0	0.0	1.5885589122772217	0.0	0.0	0.10149826854467392	0.0	0.6263515949249268	1.6079859733581543	1.1608898639678955	0.0	0.0	0.0	0.7292863726615906	0.0	0.0	0.0	0.0	0.0	3.0158393383026123	0.0	0.0	0.0	0.054774168878793716	0.0	0.0	0.0	1.060204029083252	0.0	0.0	0.8547376394271851	0.0	0.0	0.0	0.0	0.5022339820861816	0.0	0.0	0.8751123547554016	0.0	0.0	1.4161003828048706	0.0	0.0	0.39191851019859314	0.8267768025398254	0.5086637735366821	0.0	0.8773716688156128	0.0	1.5818690061569214	2.706230401992798	0.0	0.0	0.0	0.0	0.9938209056854248	0.0	0.0	2.6632986068725586	1.2696082592010498	0.0	0.0	0.0	1.7660011053085327	0.2817147672176361	0.0	0.0	1.058048129081726	0.0	0.0	0.0	0.0	0.0	0.0	0.0	0.0	0.0	0.1765112429857254	0.0	0.34996533393859863	0.0	3.312244415283203	0.03267359733581543	0.0	0.0	0.0	0.0	0.0	0.0	0.0	0.0	0.7796780467033386	0.0	1.9450942277908325	1.7815649509429932	0.0	0.0	0.22702886164188385	0.0	0.0	0.0	1.0588101148605347	1.1126633882522583	1.771088719367981	1.7855778932571411	0.0	0.0	0.0	0.903181791305542	0.2558201253414154	0.9531705379486084	0.6142038702964783	0.0	0.0	1.446217656135559	1.262970209121704	0.0	0.0	0.0	0.0	0.0	1.5987696647644043	0.0	0.0	0.0	1.2542113065719604	1.0203601121902466	1.007537603378296	0.0	0.5471503138542175	0.0	0.03706125169992447	1.2592707872390747	0.0	0.0	0.0	1.391050100326538	0.0	0.0
0.0	0.0	0.0	0.0026991521008312702	1.6799850463867188	0.0	0.9225907325744629	0.0	2.8647043704986572	0.9514433741569519	1.1588059663772583	0.0	1.238563895225525	0.27411970496177673	0.0	2.42560076713562	0.0	0.9090322256088257	0.7375497817993164	0.5589887499809265	1.4482450485229492	1.3146417140960693	0.0	0.7893878221511841	0.0	0.0	0.8445243835449219	0.5435798168182373	0.7757930755615234	0.9270625114440918	0.48323556780815125	1.9961134195327759	0.0	1.2268779277801514	0.0	0.6293251514434814	1.3435189723968506	0.0	0.9013680219650269	1.3612935543060303	0.0	0.0	0.0	0.7527341842651367	0.0	0.0	0.0	0.0	0.0	0.5159235596656799	0.0	0.0	0.0	1.118344783782959	0.8451597690582275	0.0	0.0	0.0	1.5979031324386597	2.684828996658325	0.0	0.0	0.0	0.7166688442230225	0.0	0.0	0.0	0.0	0.0	1.9041154384613037	0.21943630278110504	0.0	0.0	0.0	0.0	0.0	0.7019089460372925	0.954791247844696	0.0	0.0	0.0	0.0	0.0	0.3191690146923065	0.9396932125091553	0.0	2.9710960388183594	0.0	0.5652387142181396	0.0	0.0	1.1660398244857788	0.0	1.9568378925323486	0.0	0.8070812225341797	1.6602569818496704	1.7606204748153687	0.0	0.0	0.0	0.0	0.0	2.648650884628296	0.0	0.0	0.9314842820167542	0.21655096113681793	0.0	0.0	0.0	0.0	0.0	0.0	0.0	0.0	0.0	0.0	1.456117033958435	0.0	0.0	0.4383765459060669	0.0	0.7464860081672668	1.9899413585662842	0.007221205625683069	0.0	0.0	0.0	0.010910607874393463	0.0	0.0	0.0	0.0	0.0	2.2614235877990723	0.0	0.0	0.0	0.9979871511459351	0.0	0.0	0.0	1.8405789136886597	0.0	0.0	0.3582455813884735	0.0	0.0	0.0	0.0	0.0	0.0	0.0	2.243920087814331	0.0	0.0	0.11354165524244308	0.0	0.0	0.8284531235694885	0.7942660450935364	0.6326193809509277	0.0	0.8023118376731873	0.0	2.607994318008423	2.782907724380493	0.0	0.0	0.0	0.0	0.7995425462722778	0.0	0.0	2.547281503677368	1.331516981124878	0.0	0.0	0.0	0.7518143057823181	0.35079824924468994	0.0	0.0	0.824278712272644	0.0	0.0	0.0	0.0	0.0	0.0	0.0	0.0	0.0	0.0	0.0	0.6247696876525879	0.0	3.0271289348602295	1.2681804895401	0.0	0.0	0.0	0.0	0.0	0.0	0.0	0.0	0.6224900484085083	0.0	1.5108189582824707	1.5443758964538574	0.0	0.0	0.15631166100502014	0.0	0.0	0.0	1.5586289167404175	1.3369975090026855	1.2235383987426758	0.6222795248031616	0.0	0.0	0.0	1.3348214626312256	0.16051854193210602	1.110410451889038	0.9866212606430054	0.0	0.0	0.6935999393463135	0.7862049341201782	0.0	0.0	0.0	0.0	0.0	0.9958524703979492	0.0	0.0	0.0	1.1863727569580078	0.280805379152298	2.0152292251586914	0.0	0.3776682913303375	0.0	1.0465519428253174	1.654577612876892	0.0	0.0	0.0	1.65287446975708	0.0	0.0
0.0	0.0	0.0	0.09475915879011154	1.0771965980529785	0.0	0.5267106294631958	0.0	1.858585000038147	1.330717921257019	0.7324841618537903	0.0	1.7654037475585938	0.21181027591228485	0.0	1.0424031019210815	0.0	1.2090299129486084	1.1623451709747314	1.1340962648391724	0.8173953890800476	2.2173244953155518	0.0	1.0781277418136597	0.0	0.0	1.0576233863830566	0.5799165964126587	1.4109816551208496	0.7951139211654663	0.00564072048291564	1.5625683069229126	0.0	1.454782247543335	0.0	0.6523739099502563	1.8976373672485352	0.0	1.5142089128494263	1.278444528579712	0.0	0.0	0.0	0.0	0.0	0.0	0.0	0.0	0.0	0.0	0.0	0.0	0.0	0.58444744348526	1.323297142982483	0.0	0.0	0.0	1.1291605234146118	2.399015426635742	0.0	0.0	0.0	0.9473716020584106	0.0	0.0	0.0	0.0	0.0	1.9657737016677856	0.13925893604755402	0.0	0.0	0.0	0.0	0.0	1.4140299558639526	0.5232850909233093	0.0	0.0	0.0	0.0	0.0	0.5350592136383057	1.4348102807998657	0.0	2.0907094478607178	0.0	0.3181954622268677	0.0	0.0	1.611617088317871	0.0	2.198716402053833	0.0	1.130928635597229	1.6947580575942993	0.9715819954872131	0.0	0.0	0.0	0.0	0.0	2.2586827278137207	0.0	0.0	0.2716895639896393	0.0	0.0	0.0	0.0	0.0	0.0	0.0	0.0	0.0	0.0	0.0	1.3073315620422363	0.0	0.0	0.0	0.0	0.9406058192253113	1.4928596019744873	0.498593270778656	0.0	0.0	0.0	0.0	0.0	0.0	0.4733458161354065	0.0	0.0	1.8065135478973389	0.0	0.0	0.0	0.4276803731918335	0.0	0.0	0.0	0.20164094865322113	0.04781058058142662	0.0	0.5578857064247131	0.0	0.0	0.0	0.0	0.0	0.0	0.0	2.4733035564422607	0.0	0.0	0.7929717302322388	0.0	0.0	1.1128277778625488	1.0827560424804688	0.7652285099029541	0.0	1.140181303024292	0.0	2.192643642425537	2.5859901905059814	0.0	0.0	0.0	0.0	1.293177843093872	0.0	0.0	1.8239332437515259	0.0	0.0	0.0	0.0	0.7942278981208801	0.4051787853240967	0.0	0.0	1.7848511934280396	0.0	0.0	0.0	0.0	0.0	0.0	0.0	0.0	0.0	0.7369065284729004	0.0	2.210989475250244	0.0	2.630153179168701	0.9411472678184509	0.0	0.0	0.0	0.0	0.0	0.0	0.0	0.0	0.030066143721342087	0.0	0.6716683506965637	1.295282244682312	0.0	0.0	0.24163314700126648	0.0	0.0	0.0	1.9866366386413574	1.367824673652649	0.7442319393157959	0.0	0.0	0.0	0.0	1.5996586084365845	0.07400031387805939	1.259714961051941	1.0912647247314453	0.0	0.0	0.30251696705818176	0.5399525165557861	0.3091854453086853	0.0	0.0	0.0	0.0	0.0	0.0	0.0	0.0	1.4850056171417236	0.12467538565397263	2.2446749210357666	0.0	0.0	0.0	0.716175377368927	0.9324371218681335	0.0	0.0	0.0	0.2866949141025543	0.0	0.0
0.0	0.0	0.0	0.0	0.4838707149028778	0.0	0.4010155498981476	0.0	1.204453945159912	0.7392460703849792	0.25259116291999817	0.0	0.8474586009979248	0.19428496062755585	0.0	1.1343474388122559	0.0	0.5784069299697876	0.6447076797485352	0.5168185234069824	0.38267800211906433	0.6550279259681702	0.0	0.5908872485160828	0.0	0.0	0.546825647354126	0.5680736303329468	0.6629547476768494	0.6456313133239746	0.6505314111709595	0.5844243764877319	0.0	0.6837520003318787	0.0	0.6113473773002625	0.8968294858932495	0.0	0.461150586605072	0.8329566121101379	0.0	0.0	0.0	0.14780250191688538	0.0	0.0	0.0	0.0	0.0	0.22530177235603333	0.0	0.0	0.0	0.3657393157482147	0.46104714274406433	0.0	0.0	0.0	0.6794708371162415	1.0854514837265015	0.0	0.0	0.0	0.5182536244392395	0.0	0.0	0.0	0.0	0.0	0.9104703068733215	0.4459345042705536	0.0	0.0	0.0	0.0	0.0	0.5208896994590759	0.53065425157547	0.0	0.004155642352998257	0.0	0.0	0.16493384540081024	0.03461190685629845	0.74913090467453	0.0	1.3690437078475952	0.0	0.033258311450481415	0.0	0.0	0.7301874756813049	0.0	0.9669517278671265	0.0	0.47993719577789307	0.8871442675590515	0.7359580993652344	0.0	0.0	0.0	0.0	0.0	1.137952208518982	0.0	0.0	0.4176045060157776	0.0	0.0	0.0	0.0	0.0	0.0	0.0	0.0	0.0	0.0435878150165081	0.0	0.4937562942504883	0.0	0.0	0.4575263261795044	0.0	0.35634779930114746	0.798204243183136	0.19085748493671417	0.0	0.0	0.0	0.0	0.0	0.0	0.09920048713684082	0.0	0.0	0.9379050731658936	0.4220505654811859	0.0	0.0	0.22706346213817596	0.0	0.0	0.0	0.88031405210495	0.25916510820388794	0.0	0.13624882698059082	0.0	0.0	0.0	0.0	0.0	0.0	0.0	0.9114385843276978	0.0	0.0	0.3625829815864563	0.0	0.0	0.3452388644218445	0.7060863971710205	0.3914259076118469	0.0	0.47474750876426697	0.0	0.8283237218856812	1.2117382287979126	0.0	0.0	0.0	0.0	0.6110527515411377	0.0	0.1854238063097	0.8886480331420898	0.3458135426044464	0.0	0.0	0.0	0.4027414619922638	0.40891364216804504	0.0	0.0	0.64939284324646	0.0	0.0	0.0	0.0	0.0	0.0	0.0	0.0	0.0	0.27624499797821045	0.0	0.6081803441047668	0.0	1.3426291942596436	0.6377626657485962	0.0	0.0	0.0	0.0	0.0	0.0	0.0	0.0	0.49145078659057617	0.0	0.5435959100723267	0.6012898683547974	0.0	0.0	0.0	0.0	0.0	0.0	0.8802260756492615	0.6616336107254028	0.31844815611839294	0.4916878044605255	0.0	0.0	0.0	0.4000009000301361	0.3682042956352234	0.6098777055740356	0.6844539642333984	0.0	0.0	0.07854335755109787	0.3111377954483032	0.10551722347736359	0.0	0.0	0.0	0.0	0.3120613694190979	0.0	0.0	0.0	0.4985358715057373	0.1786971092224121	1.1298273801803589	0.0	0.015215021558105946	0.0	0.7620440125465393	0.6320555806159973	0.0	0.0	0.0	0.4616236090660095	0.0	0.0
0.0	0.0	0.0	0.0	2.88389253616333	0.0	0.23477789759635925	0.0	4.263851642608643	1.6896862983703613	2.490114212036133	0.0	1.4695467948913574	1.0062360763549805	0.25262168049812317	4.1831278800964355	0.0	0.6628998517990112	0.8140460848808289	1.03457510471344	1.0243891477584839	0.7367590665817261	0.0	0.7899347543716431	0.0	0.0	0.6927874088287354	0.4998466968536377	1.153407096862793	1.9616994857788086	0.9969309568405151	2.1969738006591797	0.0	1.0612998008728027	0.0	0.5076610445976257	1.3221697807312012	0.0	0.2339421659708023	1.814725399017334	0.0	0.0	0.0	1.8015055656433105	0.0	0.0	0.0	0.0	0.0	1.365080714225769	0.0	0.0	0.0	0.2739761471748352	0.19294162094593048	0.0	0.0	0.0	1.3018293380737305	3.5975661277770996	0.0	0.0	0.0	0.8569545149803162	0.0	0.0	0.0	0.0	0.0	1.5109119415283203	0.6360588669776917	0.0	0.0	0.0	0.0	0.0	1.4855124950408936	1.5396347045898438	0.0	0.0	0.0	0.0	0.0	0.007188551127910614	0.9165568947792053	0.0	3.337883234024048	0.0	1.4637106657028198	0.0	0.0	1.1074825525283813	0.0	2.5080323219299316	0.0	0.9129362106323242	1.9492123126983643	2.250797748565674	0.0	0.0	0.0	0.0	0.0	2.881484031677246	0.0	0.0	0.9545244574546814	0.5289148688316345	0.0	0.06479217857122421	0.0	0.0	0.0	0.0	0.0	0.0	0.46442466974258423	0.0	2.117377519607544	0.0	0.0	1.0981471538543701	0.0	1.208038330078125	2.194413900375366	0.9591809511184692	0.0	0.0	0.0	0.34068530797958374	0.0	0.0	0.6272053718566895	0.0	0.0	4.155111312866211	0.3358721435070038	0.0	0.0	0.7265018224716187	0.0	0.0	0.0	1.9079045057296753	0.0	0.0	0.8529219627380371	0.0	0.0	0.0	0.0	0.798373281955719	0.0	0.0	2.274611473083496	0.0	0.0	1.7972103357315063	0.0	0.0	0.6676719188690186	1.3304238319396973	1.2094646692276	0.0	0.878510594367981	0.0	2.611419439315796	3.860604763031006	0.0	0.0	0.0	0.0	0.9284220337867737	0.0	0.0	4.520839214324951	2.380401611328125	0.0	0.0	0.0	1.7668793201446533	0.0	0.0	0.0	1.0733236074447632	0.0	0.0	0.0	0.0	0.0	0.0	0.0	0.0	0.0	0.0	0.0	0.5052168965339661	0.0	4.543124675750732	0.8690066933631897	0.0	0.0	0.0	0.0	0.0	0.0	0.0	0.0	1.3480230569839478	0.0	3.3678736686706543	2.2898097038269043	0.0	0.0	0.04188404232263565	0.0	0.0	0.0	1.539896845817566	1.2943397760391235	1.8589763641357422	2.304696559906006	0.0	0.0	0.0	0.7948848605155945	1.3317632675170898	1.2767302989959717	0.845204770565033	0.0	0.0	2.256685733795166	2.16106915473938	0.0	0.0	0.0	0.0	0.0	2.828042507171631	0.0	0.0	0.0	0.7597730755805969	1.4090548753738403	1.8498255014419556	0.0	0.8282024264335632	0.0	0.15334786474704742	1.5806931257247925	0.0	0.0	0.0	2.6951658725738525	0.0	0.0
0.0	0.0	0.0	0.8219643235206604	2.3292858600616455	0.0	0.31131240725517273	0.0	3.364428758621216	0.729874312877655	2.2378318309783936	0.0	1.4454100131988525	0.8481513261795044	0.0	3.4868617057800293	0.0	0.8267138004302979	0.48766475915908813	0.46960437297821045	0.809239387512207	0.25006043910980225	0.0	0.3561515212059021	0.0	0.0	0.6407173275947571	0.3979281783103943	0.9068971872329712	1.4810727834701538	1.0822811126708984	1.9555249214172363	0.0	0.349690705537796	0.0	0.06520407646894455	0.9113023281097412	0.0	0.3607608377933502	1.6151434183120728	0.0	0.0	0.0	1.2023457288742065	0.0	0.0	0.0	0.0	0.0	1.1758887767791748	0.0	0.0	0.0	0.205475851893425	0.0	0.0	0.0	0.0	0.6115137934684753	3.173013925552368	0.0	0.0	0.0	0.3976089060306549	0.0	0.0	0.0	0.0	0.0	0.9577208757400513	0.09954001009464264	0.0	0.0	0.0	0.0	0.0	0.9952170848846436	0.6917486190795898	0.0	0.0	0.0	0.0	0.1874435544013977	0.0	0.5749413371086121	0.0	2.8692853450775146	0.0	2.255178689956665	0.0	0.0	0.6375798583030701	0.0	1.4869519472122192	0.0	0.8808183670043945	2.018972635269165	0.9975544214248657	0.0	0.0	0.0	0.24181818962097168	0.0	2.1818671226501465	0.0	0.0	0.8491525053977966	0.3605983257293701	0.0	0.2929137349128723	0.0	0.0	0.0	0.0	0.0	0.0	0.03985852003097534	0.0	2.0308985710144043	0.0	0.0	0.44658899307250977	0.0	1.1079931259155273	2.2727177143096924	0.871209979057312	0.0	0.0	0.0	0.51511150598526	0.0	0.0	0.0	0.0	0.0	3.510751485824585	0.0	0.0	0.0	0.0	0.0	0.0	0.0	1.7382181882858276	0.0	0.0	0.6528943777084351	0.0	0.0	0.0	0.0	0.40608054399490356	0.0	0.0	1.1056143045425415	0.0	0.0	1.4946706295013428	0.0	0.0	0.21411189436912537	0.5807543396949768	0.7626308798789978	0.0	0.5530040264129639	0.0	2.1189639568328857	3.0716962814331055	0.0	0.0	0.0	0.0	0.7679916620254517	0.0	0.0	3.7858312129974365	1.8026598691940308	0.0	0.0	0.0	1.8399206399917603	0.0	0.0	0.0	0.8692337274551392	0.0	0.0	0.0	0.0	0.0	0.0	0.0	0.0	0.0	0.0	0.0	0.453668475151062	0.0	4.214865684509277	0.5652246475219727	0.0	0.0	0.0	0.0	0.0	0.0	0.0	0.0	1.0765955448150635	0.0	2.8270905017852783	2.3971903324127197	0.0	0.0	0.3518025875091553	0.0	0.0	0.0	0.9925115704536438	0.7538242340087891	1.7338409423828125	1.8714104890823364	0.0	0.0	0.0	0.46205177903175354	0.10607744008302689	1.6256508827209473	0.629618227481842	0.0	0.0	1.8358325958251953	1.9046986103057861	0.0	0.0	0.0	0.0	0.0	2.0937259197235107	0.0	0.0	0.0	1.2955718040466309	1.5858209133148193	1.600075602531433	0.0	0.33503958582878113	0.0	0.5147035121917725	1.61801016330719	0.0	0.0	0.0	2.6685805320739746	0.0	0.0
0.0	0.0	0.0	0.26171210408210754	1.3657493591308594	0.0	0.33440905809402466	0.0	3.237520456314087	0.7643126845359802	2.0070626735687256	0.0	1.5763801336288452	0.40039587020874023	0.0	3.350306987762451	0.0	1.2363765239715576	0.5990031361579895	0.1854768544435501	0.8800645470619202	0.4332965910434723	0.0	0.5543228983879089	0.0	0.0	0.21679817140102386	0.0	1.2027113437652588	1.2954540252685547	0.946155846118927	1.8585971593856812	0.0	0.7773480415344238	0.0	0.0	1.2205160856246948	0.0	0.4207697808742523	1.4814282655715942	0.0	0.0	0.0	0.6075749397277832	0.0	0.0	0.3720017075538635	0.0	0.0	0.5282110571861267	0.0	0.0	0.0	0.6068897843360901	0.030779724940657616	0.0	0.0	0.0	0.6535064578056335	3.153883695602417	0.0	0.0	0.0	0.1614222526550293	0.0	0.0	0.0	0.0	0.0	1.2291454076766968	0.16332106292247772	0.0	0.0	0.0	0.0	0.0	0.5374161601066589	0.24877025187015533	0.0	0.0	0.0	0.0	0.4143122434616089	0.0	0.9613851308822632	0.0	2.9810075759887695	0.0	1.5997694730758667	0.0	0.0	0.7481008768081665	0.0	1.5087224245071411	0.0	0.4510955810546875	1.7714567184448242	0.7692434191703796	0.0	0.0	0.0	0.43458443880081177	0.0	2.2852485179901123	0.0	0.0	1.2010363340377808	0.337225079536438	0.0	0.8062409162521362	0.0	0.0	0.0	0.0	0.0	0.0	0.02968006394803524	0.0	1.6047335863113403	0.0	0.0	0.0	0.0	0.5771639943122864	2.4786369800567627	1.2678149938583374	0.0	0.0	0.0	0.0	0.0	0.0	0.0	0.0	0.0	2.805924654006958	0.0	0.0	0.0	0.08315975964069366	0.0	0.0	0.0	1.019437551498413	0.0	0.0	1.041057825088501	0.0	0.0	0.0	0.0	0.1924806833267212	0.0	0.0	1.3980244398117065	0.0	0.0	1.1306540966033936	0.0	0.0	0.45118534564971924	1.0336650609970093	0.01757810264825821	0.0	0.4468213617801666	0.0	1.9563766717910767	2.5853915214538574	0.0	0.0	0.0	0.0	1.382601261138916	0.0	0.0	3.326948404312134	1.4349815845489502	0.0	0.0	0.0	1.5906736850738525	0.16259026527404785	0.0	0.0	0.6239622831344604	0.0	0.0	0.0	0.0	0.0	0.0	0.0	0.0	0.0	0.0	0.0	0.7257315516471863	0.0	4.036631107330322	0.3267415463924408	0.0	0.45387744903564453	0.0	0.0	0.0	0.0	0.0	0.0	0.5687544941902161	0.0	2.3013358116149902	1.6473268270492554	0.0	0.0	0.5709793567657471	0.0	0.0	0.0	1.468528389930725	0.9365225434303284	1.7452178001403809	1.6111104488372803	0.0	0.0	0.0	1.183978796005249	0.04590466618537903	1.5038279294967651	0.6279458403587341	0.0	0.0	1.224104404449463	1.1754192113876343	0.0	0.0	0.0	0.0	0.0	1.8311113119125366	0.0	0.0	0.0	1.5013564825057983	1.239030361175537	1.222265362739563	0.0	0.14825841784477234	0.0	0.30488115549087524	1.6365641355514526	0.0	0.0	0.0	2.485184907913208	0.0	0.0
0.0	0.0	0.0	0.3854881823062897	1.5336449146270752	0.0	0.8812287449836731	0.0	2.8201143741607666	1.4584784507751465	1.4055674076080322	0.0	1.3285001516342163	0.6377514600753784	0.0	2.476182699203491	0.0	0.8754184246063232	0.9519330263137817	1.196537733078003	1.0176961421966553	0.8686553239822388	0.0	0.815077006816864	0.0	0.0	0.8357929587364197	0.41786882281303406	0.9725031852722168	1.5689167976379395	0.6275722980499268	2.114589214324951	0.0	1.0254586935043335	0.0	0.7454586625099182	1.5063616037368774	0.0	0.8053609132766724	1.6945832967758179	0.0	0.0	0.0	0.11538078635931015	0.0	0.0	0.0	0.0	0.0	0.5934766530990601	0.0	0.0	0.0	0.6785550117492676	0.6154076457023621	0.0	0.0	0.0	1.2327210903167725	2.35878586769104	0.0	0.0	0.0	1.0130844116210938	0.0	0.0	0.0	0.0	0.0	1.575332522392273	0.06440289318561554	0.0	0.0	0.0	0.0	0.0	0.8713857531547546	0.9511079788208008	0.0	0.0	0.0	0.0	0.0	0.08841612935066223	1.353074550628662	0.0	2.9614176750183105	0.0	0.8210965991020203	0.0	0.0	0.9896342158317566	0.0	1.8083298206329346	0.0	1.0040614604949951	1.6335947513580322	1.5592162609100342	0.0	0.0	0.0	0.0	0.0	2.4529869556427	0.0	0.0	0.8033727407455444	0.32709670066833496	0.0	0.0	0.0	0.0	0.0	0.0	0.0	0.0	0.4783937335014343	0.0	1.689590334892273	0.0	0.0	0.4456009566783905	0.0	0.9312475323677063	1.8847798109054565	1.1571712493896484	0.0	0.0	0.0	0.0	0.0	0.0	0.0	0.0	0.0	2.864194869995117	0.2152102291584015	0.0	0.0	0.6163731813430786	0.0	0.0	0.0	0.6731926202774048	0.0	0.0	0.3796108663082123	0.0	0.0	0.0	0.0	0.0	0.0	0.0	1.798816204071045	0.0	0.0	1.1231802701950073	0.0	0.0	0.790127158164978	1.4578694105148315	0.6171444058418274	0.0	1.089905858039856	0.0	1.9461947679519653	2.649015426635742	0.0	0.0	0.0	0.0	1.2710444927215576	0.0	0.0	2.9064443111419678	0.7771171927452087	0.0	0.0	0.0	1.5832874774932861	0.2564024031162262	0.0	0.0	1.1945606470108032	0.0	0.0	0.0	0.0	0.0	0.0	0.0	0.0	0.0	0.3819851577281952	0.0	1.0281598567962646	0.0	3.5199413299560547	1.1301100254058838	0.0	0.0	0.0	0.0	0.0	0.0	0.0	0.0	0.29838261008262634	0.0	1.8466908931732178	2.035208225250244	0.0	0.0	0.1422959417104721	0.0	0.0	0.0	1.6865410804748535	1.4795502424240112	0.9832133054733276	1.0715547800064087	0.0	0.0	0.0	1.2283858060836792	0.7156015038490295	1.1157861948013306	1.1650816202163696	0.0	0.0	1.165479302406311	1.6266998052597046	0.0	0.0	0.0	0.0	0.0	1.5566768646240234	0.0	0.0	0.0	1.005805492401123	0.4734463691711426	1.6694797277450562	0.0	0.204056516289711	0.0	0.6286280751228333	1.1475712060928345	0.0	0.0	0.0	1.506458044052124	0.0	0.0
0.0	0.0	0.0	0.003020163392648101	1.9472887516021729	0.0	0.0	0.0	2.0197153091430664	0.06982271373271942	1.9656342267990112	0.0	0.0	0.0	0.17784328758716583	1.691489815711975	0.6483507752418518	0.0	0.0	0.26751336455345154	0.0	0.0	0.0	0.4170762300491333	0.0	0.0	0.0	0.16276729106903076	0.0	0.4568755626678467	0.0	2.1244559288024902	0.0	0.0	0.0	0.18633469939231873	0.0	0.0	0.0	0.0	0.0	0.0	0.0	1.1961828470230103	0.0	0.0	0.10705399513244629	0.0	0.0	1.5640506744384766	0.0	0.0	0.0	0.0	0.0	0.0	0.0	0.26380181312561035	0.0	1.4019218683242798	0.0	0.0	0.0	0.0908498764038086	0.0	0.0	0.0	0.0	0.0	0.0	0.46978193521499634	0.0	0.0	0.22180011868476868	0.0	0.0	0.34345152974128723	0.7830103635787964	0.0	0.0	0.0	0.0	0.0	0.0	0.0	0.0	0.8220939040184021	0.0	0.7960563898086548	0.0	0.0	0.0	0.0	0.746789276599884	0.0	0.17717041075229645	0.0	1.0258288383483887	0.0	0.0	0.0	0.5616017580032349	0.0	0.20363157987594604	0.0	0.0	0.0	1.2476074695587158	0.0	1.0051192045211792	0.0	0.0	0.0	0.0	0.0	0.0	0.9537703990936279	0.0	1.9603866338729858	0.0	0.0	0.3908011019229889	0.0	1.4581395387649536	0.7533355951309204	1.0335527658462524	0.0	0.0	0.0	1.4633939266204834	0.0	0.0	0.6296939849853516	0.0	0.0	2.7663967609405518	0.5236377120018005	0.0	0.0	0.0	0.0	0.0	0.0	0.0	0.0	0.0	0.4199059009552002	0.0	0.0	0.0	0.0	1.5570166110992432	0.0	0.0	0.01524544321000576	0.0	0.0	1.0811916589736938	0.0	0.0	0.03984064981341362	0.5311998128890991	0.11299850791692734	0.053268350660800934	0.0	0.0	1.0537995100021362	2.062542200088501	0.0	0.0	0.0	0.0	0.013716849498450756	0.0	0.0	2.9809489250183105	1.8135137557983398	0.0	0.0	0.0	1.2636280059814453	0.0	0.0	0.0	0.0	0.0	0.0	0.0	0.0	0.0	0.0	0.0	0.0	0.0	0.0	0.0	0.0	0.0	2.9234161376953125	0.0	0.0	0.6575750112533569	0.0	0.0	0.0	0.0	0.0	0.0	1.2496596574783325	0.0	2.432858943939209	1.559502124786377	0.0	0.0	0.20625919103622437	0.0	0.0	0.0	0.0	0.0	1.0492221117019653	1.9073336124420166	0.0	0.0	0.0	0.0	1.195937991142273	0.0	0.0	0.0	0.0	2.4538187980651855	1.9646472930908203	0.0	0.0	0.0	0.0	0.0	1.5112274885177612	0.0	0.0	0.0	0.15592408180236816	1.2152268886566162	0.0634613186120987	0.0	0.7738447785377502	0.0	0.0	0.09539952129125595	0.0	0.0	0.0	1.9430594444274902	0.0	0.0
0.0	0.0	0.0	0.44859206676483154	1.182792067527771	0.0	0.7204381227493286	0.0	2.745845079421997	1.3372526168823242	1.1507325172424316	0.0	1.761083960533142	0.41279497742652893	0.0	2.504791021347046	0.0	0.9352144598960876	0.7821426391601562	0.9176540374755859	0.8301794528961182	1.1935518980026245	0.0	0.6859303116798401	0.0	0.0	1.2537899017333984	0.6877781748771667	1.6104234457015991	1.3137928247451782	0.8892948031425476	1.3088343143463135	0.0	0.8365039825439453	0.0	0.4588480591773987	1.518444299697876	0.0	1.1683838367462158	1.5090699195861816	0.0	0.0	0.0	0.0	0.0	0.0	0.0	0.0	0.0	0.13778649270534515	0.0	0.0	0.0	0.6086001992225647	0.9367481470108032	0.0	0.0	0.0	1.0207428932189941	2.4766976833343506	0.0	0.0	0.0	0.9321945905685425	0.0	0.0	0.0	0.0	0.0	1.654829978942871	0.39606064558029175	0.0	0.0	0.0	0.0	0.0	1.4576637744903564	0.860048770904541	0.0	0.0	0.0	0.0	0.0	0.149994894862175	1.60678231716156	0.0	2.598423480987549	0.0	0.7211801409721375	0.0	0.0	1.1076935529708862	0.0	2.141113758087158	0.0	1.171937108039856	1.5574337244033813	0.8369607329368591	0.0	0.0	0.0	0.0	0.0	2.151577949523926	0.0	0.0	0.8499597907066345	0.12174400687217712	0.0	0.0	0.0	0.0	0.0	0.0	0.0	0.0	0.2902930974960327	0.0	1.0901741981506348	0.0	0.2084786295890808	0.18275751173496246	0.0	0.4857423007488251	1.6099486351013184	0.819137692451477	0.0	0.0	0.0	0.0	0.0	0.0	0.1064290851354599	0.0	0.0	2.5232532024383545	0.0	0.0	0.0	0.5456685423851013	0.0	0.0	0.0	0.7754958868026733	0.0	0.0	0.8990132808685303	0.0	0.0	0.0	0.0	0.016448574140667915	0.0	0.0	1.7360783815383911	0.0	0.0	1.1356866359710693	0.0	0.0	0.878709614276886	1.0157299041748047	0.5483018159866333	0.0	1.3153104782104492	0.0	1.6073391437530518	2.4807565212249756	0.0	0.0	0.0	0.0	1.6412116289138794	0.0	0.0	2.251514196395874	0.3243725299835205	0.0	0.0	0.0	1.5421890020370483	0.4786350131034851	0.0	0.0	1.4876450300216675	0.0	0.0	0.0	0.0	0.0	0.0	0.0	0.0	0.0	0.6943976879119873	0.0	1.333715796470642	0.0	3.258173942565918	0.8111920952796936	0.0	0.0	0.0	0.0	0.0	0.0	0.0	0.0	0.6750400066375732	0.0	1.772220253944397	1.4221352338790894	0.0	0.0	0.5716186165809631	0.0	0.0	0.0	1.8591071367263794	1.4272149801254272	1.1304781436920166	0.8254204988479614	0.0	0.0	0.0	1.2849174737930298	0.26088783144950867	1.241434097290039	1.1677627563476562	0.0	0.0	1.0484271049499512	1.2365446090698242	0.0	0.0	0.0	0.0	0.0	1.1034122705459595	0.0	0.0	0.0	1.2905958890914917	0.4377707242965698	1.9156162738800049	0.0	0.37839898467063904	0.0	0.43475601077079773	1.2461048364639282	0.0	0.0	0.0	1.135667085647583	0.0	0.0
0.0	0.0	0.0	0.855161190032959	0.8218039274215698	0.0	1.010779619216919	0.0	2.7381081581115723	1.5732529163360596	0.7856573462486267	0.0	1.5649656057357788	0.33255735039711	0.008659617975354195	2.239621639251709	0.0	1.0684034824371338	0.9524968862533569	0.9047783017158508	1.0183019638061523	1.421917200088501	0.0	0.7181618213653564	0.0	0.0	1.3525253534317017	0.2621127963066101	1.6883662939071655	1.6234983205795288	1.0197783708572388	1.1331130266189575	0.0	1.0900616645812988	0.0	0.10784642398357391	1.6347413063049316	0.0	1.0382965803146362	1.6342793703079224	0.0	0.0	0.0	0.0	0.0	0.0	0.0	0.0	0.0	0.08771304786205292	0.0	0.0	0.0	0.8655405044555664	1.1472671031951904	0.0	0.0	0.0	0.9925938844680786	2.6115448474884033	0.0	0.0	0.0	0.4174697995185852	0.0	0.0	0.0	0.0	0.0	1.5081326961517334	0.508770763874054	0.0	0.0	0.0	0.0	0.0	1.4241466522216797	1.1546202898025513	0.0	0.0	0.0	0.0	0.0	0.41143858432769775	1.2635842561721802	0.0	2.549436330795288	0.0	0.7303605079650879	0.0	0.0	1.1983540058135986	0.0	1.820488452911377	0.0	1.2408344745635986	2.167163372039795	1.0926586389541626	0.0	0.0	0.0	0.0	0.0	2.061248540878296	0.0	0.0	0.845287561416626	0.0	0.0	0.0	0.0	0.0	0.0	0.0	0.0	0.0	0.6032520532608032	0.0	0.41345489025115967	0.0	0.09508968144655228	0.4106329381465912	0.0	0.18026341497898102	1.6328574419021606	0.8146654963493347	0.0	0.0	0.0	0.0	0.0	0.0	0.852753221988678	0.0	0.0	2.257133722305298	0.0	0.0	0.0	0.19125616550445557	0.0	0.0	0.0	0.7136679887771606	0.1306084543466568	0.0	0.6522270441055298	0.0	0.0	0.0	0.0	0.0	0.0	0.0	1.826557993888855	0.0	0.0	1.5029122829437256	0.0	0.0	0.9459782242774963	1.5397224426269531	1.0280110836029053	0.0	0.9712687730789185	0.0	1.3118536472320557	2.283989906311035	0.0	0.0	0.0	0.0	1.7348722219467163	0.0	0.0	1.9014040231704712	0.27504563331604004	0.0	0.0	0.0	0.9961032271385193	0.6599998474121094	0.0	0.0	1.5777218341827393	0.0	0.0	0.0	0.0	0.0	0.0	0.0	0.0	0.0	0.8803568482398987	0.0	1.4797686338424683	0.0	3.0198230743408203	0.8203176259994507	0.0	0.0	0.0	0.0	0.0	0.0	0.0	0.0	0.6249490976333618	0.0	1.5261015892028809	1.6982219219207764	0.0	0.0	0.7809847593307495	0.0	0.0	0.0	1.7861156463623047	1.3966842889785767	0.9581505060195923	0.6481800675392151	0.0	0.0	0.0	1.308233618736267	0.48266908526420593	1.6171672344207764	1.2029160261154175	0.0	0.0	0.7883403897285461	1.0196037292480469	0.265155166387558	0.0	0.0	0.0	0.0	0.9383640885353088	0.0	0.0	0.0	1.2904657125473022	0.12176456302404404	2.0502092838287354	0.0	0.0	0.0	0.5358226299285889	1.2736470699310303	0.0	0.0	0.0	1.030061960220337	0.0	0.0
0.0	0.0	0.0	0.5752415060997009	1.6710671186447144	0.0	1.0072932243347168	0.0	3.377368927001953	1.4816173315048218	1.1592575311660767	0.0	1.8383293151855469	1.033732533454895	0.0	3.3647289276123047	0.0	1.2022367715835571	1.1932673454284668	0.8117908239364624	1.7334345579147339	0.8946317434310913	0.0	0.8021900057792664	0.0	0.0	1.2465745210647583	0.8597272634506226	1.328918695449829	1.643803596496582	1.116283655166626	1.6406720876693726	0.0	1.110561728477478	0.0	0.5591942071914673	1.6393495798110962	0.0	1.0566911697387695	2.066431999206543	0.0	0.0	0.0	0.6248216032981873	0.0	0.0	0.0	0.0	0.0	0.5577017664909363	0.0	0.0	0.0	0.7873706817626953	0.5655769109725952	0.0	0.0	0.0	1.5196713209152222	2.9443700313568115	0.0	0.0	0.0	0.8314878344535828	0.0	0.0	0.0	0.0	0.0	1.785057783126831	0.3788445293903351	0.0	0.0	0.0	0.0	0.0	1.374550461769104	1.1279489994049072	0.0	0.0	0.0	0.0	0.012880710884928703	0.24298708140850067	1.1316373348236084	0.0	3.024199962615967	0.0	1.3680342435836792	0.0	0.0	1.6271299123764038	0.0	2.0364742279052734	0.0	1.1096854209899902	2.0294620990753174	1.837684154510498	0.0	0.0	0.0	0.0	0.0	2.6603736877441406	0.0	0.0	1.1206923723220825	0.13183295726776123	0.0	0.0	0.0	0.0	0.0	0.0	0.0	0.0	0.6302857398986816	0.0	1.1966625452041626	0.0	0.0	0.7734816670417786	0.0	0.5552559494972229	2.1929826736450195	0.7894981503486633	0.0	0.0	0.0	0.0	0.0	0.0	0.0	0.0	0.0	2.9790468215942383	0.32292765378952026	0.0	0.0	0.8833785057067871	0.0	0.0	0.0	1.7020494937896729	0.013276414945721626	0.0	0.5323362350463867	0.0	0.0	0.0	0.0	0.0	0.0	0.0	2.0159831047058105	0.0	0.0	1.0752705335617065	0.0	0.0	0.918357789516449	1.4757734537124634	0.9454295635223389	0.0	0.8182229399681091	0.0	2.1484782695770264	3.0266761779785156	0.0	0.0	0.0	0.0	1.2726874351501465	0.0	0.0	2.864659547805786	0.8191240429878235	0.0	0.0	0.0	1.6318484544754028	0.44266557693481445	0.0	0.0	1.290711760520935	0.0	0.0	0.0	0.0	0.0	0.0	0.0	0.0	0.0	0.06531243771314621	0.0	0.9622172713279724	0.0	3.8687872886657715	1.1659531593322754	0.0	0.0	0.0	0.0	0.0	0.0	0.0	0.0	0.957950234413147	0.0	2.183109760284424	1.6664421558380127	0.0	0.0	0.22210237383842468	0.0	0.0	0.0	1.8509608507156372	1.5030759572982788	1.242628574371338	1.3035908937454224	0.0	0.0	0.0	1.096372365951538	0.5979230403900146	1.6040548086166382	1.2786900997161865	0.0	0.0	1.1200625896453857	1.604433298110962	0.0	0.0	0.0	0.0	0.0	1.5841901302337646	0.0	0.0	0.0	1.1531933546066284	0.6218463182449341	2.395026445388794	0.0	0.3439027965068817	0.0	0.7422292232513428	1.89144766330719	0.0	0.0	0.0	1.848146915435791	0.0	0.0
0.0	0.0	0.0	0.8357422351837158	1.410643219947815	0.0	0.2948838770389557	0.0	2.704620838165283	0.7999187111854553	1.8676965236663818	0.0	0.9964317083358765	0.7730890512466431	0.0	2.8183321952819824	0.134614035487175	1.1364325284957886	0.9542717933654785	0.4369516372680664	0.43404969573020935	0.44365647435188293	0.0	0.7405779361724854	0.0	0.0	0.526326060295105	0.0	1.2287449836730957	1.3227365016937256	0.581169843673706	1.7078851461410522	0.0	0.5809594392776489	0.0	0.04225262999534607	1.064024806022644	0.0	0.45782017707824707	1.2626821994781494	0.0	0.0	0.0	0.5437660217285156	0.0	0.0	0.16224217414855957	0.0	0.0	0.35198289155960083	0.0	0.0	0.0	0.3175654113292694	0.6226387619972229	0.0	0.0	0.0	0.6199311017990112	2.613513231277466	0.0	0.0	0.0	0.48621681332588196	0.0	0.0	0.0	0.0	0.0	1.357383131980896	0.12177160382270813	0.0	0.0	0.0	0.0	0.0	1.1247146129608154	0.908735990524292	0.0	0.0	0.0	0.0	0.3791397213935852	0.12707921862602234	0.7410046458244324	0.0	2.7911152839660645	0.0	1.4027745723724365	0.0	0.0	0.573398232460022	0.0	1.3948307037353516	0.0	0.8141617774963379	1.5523045063018799	0.6647966504096985	0.0	0.0	0.0	0.0	0.0	2.0610175132751465	0.0	0.0	1.1115074157714844	0.20435474812984467	0.0	0.7332172393798828	0.0	0.0	0.0	0.0	0.0	0.0	0.0	0.0	1.29599928855896	0.0	0.0	0.3122149705886841	0.0	0.3935912549495697	2.2138381004333496	0.782163679599762	0.0	0.0	0.0	0.32601043581962585	0.0	0.0	0.0	0.0	0.0	2.7292490005493164	0.0	0.0	0.0	0.0	0.0	0.0	0.0	1.154732346534729	0.0	0.0	1.2299838066101074	0.0	0.0	0.0	0.0	0.2438407838344574	0.0	0.0	1.2753962278366089	0.0	0.0	1.3373956680297852	0.0	0.0	0.6035077571868896	0.7467827796936035	0.29316481947898865	0.0	0.6807845234870911	0.0	1.3856779336929321	2.508967161178589	0.0	0.0	0.0	0.0	1.0706838369369507	0.0	0.0	2.542772054672241	1.4955072402954102	0.0	0.0	0.0	1.5909444093704224	0.06466863304376602	0.0	0.0	1.0796891450881958	0.0	0.0	0.0	0.0	0.0	0.0	0.0	0.0	0.0	0.02130868285894394	0.0	0.8904679417610168	0.0	3.4007086753845215	0.4293074607849121	0.0	0.06790582090616226	0.0	0.0	0.0	0.0	0.0	0.0	1.0031930208206177	0.0	1.8915456533432007	1.4669897556304932	0.0	0.0	0.8059976100921631	0.0	0.0	0.0	1.2019449472427368	0.9305149912834167	1.629302740097046	1.346706509590149	0.0	0.0	0.0	0.8879386782646179	0.24669884145259857	1.5536935329437256	0.5982826948165894	0.0	0.0	1.5444363355636597	1.2092878818511963	0.0	0.0	0.0	0.0	0.0	1.2615491151809692	0.0	0.0	0.0	1.5201777219772339	1.0227493047714233	1.3062589168548584	0.0	0.16919800639152527	0.0	0.0	0.9670891165733337	0.0	0.0	0.0	1.7909027338027954	0.0	0.0
0.0	0.0	0.0	0.0	2.3444015979766846	0.0	0.0	0.0	3.016024351119995	0.22170042991638184	2.331023693084717	0.0	0.2844809591770172	0.0	0.18806615471839905	1.8733315467834473	0.38148999214172363	0.22438398003578186	0.12984633445739746	0.4540294110774994	0.2001594752073288	0.17301681637763977	0.0	0.24539420008659363	0.0	0.0	0.0	0.06274633854627609	0.10851775854825974	0.6098945736885071	0.0	2.6034278869628906	0.0	0.3707808256149292	0.0	0.14648771286010742	0.0	0.0	0.0	0.11921278387308121	0.0	0.0	0.0	1.4289538860321045	0.0	0.0	0.17561566829681396	0.0	0.0	1.5544904470443726	0.0	0.0	0.0	0.0	0.0	0.0	0.0	0.0	0.10780099779367447	2.4020228385925293	0.0	0.0	0.0	0.0989852324128151	0.0	0.0	0.0	0.0	0.0	0.487544983625412	0.08797311037778854	0.0	0.0	0.0	0.0	0.0	0.3588624596595764	0.7402071356773376	0.0	0.0	0.0	0.0	0.0	0.0	0.0	0.0	1.5410723686218262	0.0	0.6969303488731384	0.0	0.0	0.0	0.0	1.3205538988113403	0.0	0.16443736851215363	0.4204268157482147	1.1769530773162842	0.0	0.0	0.0	0.910071611404419	0.0	1.0671768188476562	0.0	0.0	0.16020610928535461	0.9699692130088806	0.0	1.174565315246582	0.0	0.0	0.0	0.0	0.0	0.0	0.5521937608718872	0.0	2.2833051681518555	0.0	0.0	0.3911743760108948	0.0	1.3856128454208374	1.6154899597167969	0.7229158282279968	0.0	0.0	0.0	1.245394229888916	0.0	0.0	0.4504069685935974	0.0	0.0	3.435114860534668	0.288569837808609	0.0	0.0	0.0	0.0	0.0	0.0	0.33629703521728516	0.0	0.0	0.40631070733070374	0.0	0.0	0.0	0.0	0.8954799771308899	0.0	0.0	0.6089644432067871	0.0	0.0	1.061958909034729	0.0	0.0	0.16010354459285736	0.36877575516700745	0.21447519958019257	0.0	0.1037382110953331	0.0	1.8986674547195435	2.776946783065796	0.0	0.0	0.0	0.0	0.1766037791967392	0.0	0.0	3.540719509124756	2.2968478202819824	0.0	0.0	0.0	1.0966637134552002	0.0	0.0	0.0	0.06519842892885208	0.0	0.0	0.0	0.0	0.0	0.0	0.0	0.0	0.0	0.0	0.0	0.0	0.0	3.156357526779175	0.0	0.0	0.5441567897796631	0.0	0.0	0.0	0.0	0.0	0.0	0.7070866823196411	0.0	2.7012569904327393	1.47035551071167	0.0	0.0	0.2105608582496643	0.0	0.0	0.0	0.2971818149089813	0.0	1.18301260471344	2.0026674270629883	0.0	0.0	0.0	0.0	0.9953591227531433	0.48452407121658325	0.0	0.0	0.0	2.166755437850952	1.7609450817108154	0.0	0.0	0.0	0.0	0.0	1.4827903509140015	0.0	0.0	0.0	0.3656664490699768	1.3998816013336182	0.6062516570091248	0.0	0.6637911200523376	0.0	0.0	0.17336928844451904	0.0	0.0	0.0	2.1544389724731445	0.0	0.0
0.0	0.0	0.0	0.8402081727981567	2.412102222442627	0.0	0.0	0.0	3.03371262550354	1.1386761665344238	1.5745010375976562	0.0	0.869290828704834	0.715440034866333	0.0	3.639911413192749	0.0	0.4723314940929413	0.5820481777191162	0.12992867827415466	0.7667760848999023	0.0	0.0	0.7034614086151123	0.0	0.0	0.5018103718757629	0.41957786679267883	0.5320358276367188	0.8552458882331848	0.4014924466609955	1.584560751914978	0.0	0.3547437787055969	0.0	0.137061208486557	0.23971746861934662	0.0	0.19103893637657166	1.3903177976608276	0.0	0.0	0.0	0.9606351852416992	0.0	0.0	0.0	0.0	0.0	1.1257364749908447	0.0	0.0	0.0	0.07794952392578125	0.0	0.0	0.0	0.0	0.8183866143226624	2.5019404888153076	0.0	0.0	0.0	0.27344611287117004	0.0	0.0	0.0	0.0	0.0	0.3003396987915039	0.41601258516311646	0.0	0.0	0.0	0.0	0.0	0.6743557453155518	0.6493998169898987	0.0	0.0	0.0	0.0	0.19748710095882416	0.0	0.4040053188800812	0.0	2.2439229488372803	0.0	2.275663375854492	0.0	0.0	0.8004052042961121	0.0	0.8149749636650085	0.0	0.621907114982605	1.4537779092788696	1.958754301071167	0.0	0.0	0.0	0.35758671164512634	0.0	1.8608098030090332	0.0	0.0	1.1970757246017456	0.9610486030578613	0.0	0.6673988103866577	0.0	0.0	0.0	0.0	0.0	0.0	0.38737815618515015	0.0	1.6406913995742798	0.0	0.0	0.7104113101959229	0.0	1.3506217002868652	1.5466934442520142	1.4012619256973267	0.0	0.0	0.0	0.544934868812561	0.0	0.0	0.0	0.0	0.0	2.9267666339874268	0.506380558013916	0.0	0.0	0.0	0.0	0.0	0.0	1.2665836811065674	0.5988972187042236	0.0	1.3729127645492554	0.0	0.0	0.0	0.0	1.2946668863296509	0.0	0.0	1.0199148654937744	0.0	0.0	1.4574171304702759	0.0	0.0	0.18366214632987976	1.0251617431640625	0.5077017545700073	0.0	0.2904719114303589	0.0	1.947344183921814	2.4894657135009766	0.0	0.0	0.0	0.0	0.768333911895752	0.0	0.0	3.0092499256134033	1.561976432800293	0.0	0.0	0.04617708548903465	1.5081549882888794	0.0	0.0	0.0	0.5930649042129517	0.0	0.0	0.0	0.0	0.0	0.0	0.0	0.0	0.0	0.012130283750593662	0.0	0.17289161682128906	0.0	3.5947251319885254	0.6428691148757935	0.0	0.0	0.0	0.0	0.0	0.0	0.0	0.0	1.2136634588241577	0.0	2.149254560470581	2.116133689880371	0.0	0.0	0.3209269642829895	0.0	0.0	0.0	1.1409902572631836	0.6348068714141846	1.3529486656188965	1.9681543111801147	0.0	0.0	0.0	0.6484743356704712	0.6129178404808044	0.9059855341911316	0.6473776698112488	0.0	0.0	1.747360110282898	1.4931761026382446	0.0	0.0	0.0	0.0	0.0	1.863106369972229	0.0	0.0	0.0	1.0573737621307373	1.3495328426361084	1.1897112131118774	0.0	0.215712770819664	0.0	0.648485004901886	1.3076224327087402	0.0	0.0	0.0	2.240738868713379	0.0	0.0
0.0	0.0	0.0	0.0	1.3775396347045898	0.0	0.8941460847854614	0.0	2.5748255252838135	1.560104250907898	1.2973467111587524	0.0	1.478245735168457	0.17857176065444946	0.09363933652639389	1.8203651905059814	0.0	0.47479012608528137	0.8643686771392822	0.8862470388412476	1.0876691341400146	1.4974019527435303	0.0	0.8785934448242188	0.0	0.0	0.9926944971084595	0.47789573669433594	1.0182113647460938	0.9300440549850464	0.3349880874156952	2.093989610671997	0.0	1.5591830015182495	0.0	0.5406712889671326	1.100193738937378	0.0	1.247833490371704	1.4558273553848267	0.0	0.0	0.0	0.20334309339523315	0.0	0.0	0.0	0.0	0.0	0.33015570044517517	0.0	0.0	0.0	0.4900733232498169	1.0956923961639404	0.0	0.0	0.0	1.1148446798324585	2.3002166748046875	0.0	0.0	0.0	1.0423409938812256	0.0	0.0	0.0	0.0	0.0	1.6945137977600098	0.5056401491165161	0.0	0.0	0.0	0.0	0.0	0.7735381722450256	1.3450404405593872	0.0	0.0	0.0	0.0	0.0	0.03226780146360397	1.1443182229995728	0.0	2.6721537113189697	0.0	0.806225061416626	0.0	0.0	1.0070278644561768	0.0	1.8130486011505127	0.0	0.7789109349250793	1.5223056077957153	1.3167916536331177	0.0	0.0	0.0	0.0	0.0	2.306581974029541	0.0	0.0	0.7144830226898193	0.045443739742040634	0.0	0.0	0.0	0.0	0.0	0.0	0.0	0.0	0.2715250253677368	0.0	1.582720398902893	0.0	0.0	0.670362651348114	0.0	1.0626081228256226	1.992615818977356	0.45542484521865845	0.0	0.0	0.0	0.0	0.0	0.0	0.26913630962371826	0.0	0.0	2.0535919666290283	0.0	0.0	0.0	0.5474609732627869	0.0	0.0	0.0	0.6356737613677979	0.0	0.0	0.20828211307525635	0.0	0.0	0.0	0.0	0.012437675148248672	0.0	0.0	2.056817054748535	0.0	0.0	0.4422151446342468	0.0	0.0	0.7826383709907532	1.0765701532363892	0.8463625311851501	0.0	0.845020592212677	0.0	2.4383633136749268	2.3407142162323	0.0	0.0	0.0	0.0	0.843395471572876	0.0	0.0	2.5230815410614014	0.9200950264930725	0.0	0.0	0.0	0.6065691113471985	0.3179866671562195	0.0	0.0	1.4457440376281738	0.0	0.0	0.0	0.0	0.0	0.0	0.0	0.0	0.0	0.0	0.0	1.3365079164505005	0.0	3.032405376434326	1.016181468963623	0.0	0.0	0.0	0.0	0.0	0.0	0.0	0.0	0.7047991156578064	0.0	1.2484714984893799	1.0802918672561646	0.0	0.0	0.17680631577968597	0.0	0.0	0.0	1.3541033267974854	1.1576738357543945	0.6499689817428589	0.6797499656677246	0.0	0.0	0.0	1.2750402688980103	0.6258473992347717	1.3084640502929688	1.0921545028686523	0.0	0.0	0.7544161677360535	1.0747579336166382	0.0	0.0	0.0	0.0	0.0	1.163326621055603	0.0	0.0	0.0	0.8187587261199951	0.4124020040035248	1.7275909185409546	0.0	0.0	0.0	0.8280225396156311	1.121130108833313	0.0	0.0	0.0	1.3558075428009033	0.0	0.0
0.0	0.0	0.01969263143837452	0.0	0.5040575861930847	0.0	0.3774762749671936	0.0	0.7098413109779358	0.5924102067947388	0.1121678277850151	0.0	0.4748571515083313	0.33872178196907043	0.19946515560150146	0.48692718148231506	0.0	0.20795828104019165	0.3182295858860016	0.4846532344818115	0.2808366119861603	0.4160832464694977	0.0	0.7227070927619934	0.0	0.0	0.4217706322669983	0.44431009888648987	0.3529241383075714	0.36325663328170776	0.3106676936149597	0.41334429383277893	0.0	0.6739315390586853	0.0	0.4239928722381592	0.4699060320854187	0.0	0.5149062871932983	0.331268310546875	0.0	0.0	0.0	0.0	0.0	0.0	0.0	0.0	0.0	0.20646286010742188	0.0	0.0	0.0	0.0	0.292266309261322	0.0	0.0	0.1192474290728569	0.8176230192184448	0.46471676230430603	0.0	0.0	0.0	0.43069252371788025	0.0	0.0	0.0	0.0	0.0	0.3872743546962738	0.36060917377471924	0.0	0.0	0.0	0.0	0.0	0.4460062086582184	0.5015414357185364	0.0	0.0892135500907898	0.0	0.0	0.014955324120819569	0.12433221936225891	0.5032303929328918	0.0	0.7526739835739136	0.0	0.0	0.0	0.0	0.5793657302856445	0.0	0.6854206323623657	0.0	0.409945011138916	0.6526618003845215	0.5570333003997803	0.0	0.06317019462585449	0.0	0.0	0.0	0.5681411623954773	0.0	0.0	0.08304160833358765	0.0	0.0	0.0	0.0	0.0	0.0	0.0	0.0	0.0	0.08960743248462677	0.0	0.2718004286289215	0.0	0.0	0.39368999004364014	0.0	0.13866287469863892	0.47194650769233704	0.09513406455516815	0.0	0.0	0.0	0.0	0.0	0.0	0.14673501253128052	0.0	0.0	0.696942150592804	0.21971434354782104	0.0	0.0	0.0	0.0	0.0	0.0	0.6772409677505493	0.3305884599685669	0.0	0.046149447560310364	0.0	0.0	0.0	0.0	0.043795760720968246	0.0	0.0	0.7378559112548828	0.0	0.0	0.3393380343914032	0.0	0.0	0.42639127373695374	0.4273425042629242	0.39181026816368103	0.10462327301502228	0.3626300096511841	0.0	0.5660344958305359	0.8094696402549744	0.0	0.0	0.0	0.0	0.24454668164253235	0.0	0.25397422909736633	0.5028964877128601	0.0	0.0	0.0	0.29094529151916504	0.2881113886833191	0.29795369505882263	0.0	0.0	0.511795699596405	0.0	0.0	0.0	0.0	0.0	0.0	0.0	0.0	0.0	0.18602171540260315	0.0	0.521729588508606	0.0	0.9049407243728638	0.5473767518997192	0.0	0.0	0.0	0.0	0.0	0.0	0.0	0.0	0.4196554124355316	0.0	0.3017234802246094	0.6251383423805237	0.0	0.0	0.09732489287853241	0.0	0.0	0.0	0.583682656288147	0.7121868133544922	0.24030190706253052	0.45973819494247437	0.0	0.0	0.0	0.3366481065750122	0.5615072846412659	0.3510923683643341	0.5864667296409607	0.0	0.0	0.14473989605903625	0.374485045671463	0.0775865837931633	0.0	0.0	0.0	0.0	0.22426460683345795	0.0	0.0	0.0	0.5125925540924072	0.0	0.7595964670181274	0.0	0.06960892677307129	0.0	0.5371189117431641	0.47658926248550415	0.0	0.20941296219825745	0.0	0.12671063840389252	0.0	0.0
0.0	0.0	0.0	0.4477466642856598	1.9733484983444214	0.0	0.3795022666454315	0.0	3.0150368213653564	0.5655893087387085	2.0798168182373047	0.0	1.3627490997314453	0.9417908191680908	0.11194391548633575	3.7384579181671143	0.0	0.8809306621551514	0.6608378291130066	0.549109935760498	0.07498691231012344	0.6490435004234314	0.0	0.8481851816177368	0.0	0.0	0.4976905584335327	0.3809126019477844	0.8788610100746155	1.6413832902908325	0.8915504217147827	1.826919674873352	0.0	0.44899848103523254	0.0	0.0	0.7758383750915527	0.0	0.6091111898422241	1.8641334772109985	0.0	0.0	0.0	0.8510124683380127	0.0	0.0	0.13006240129470825	0.0	0.0	0.8051576614379883	0.0	0.0	0.0	0.3479832112789154	0.0	0.0	0.0	0.0	0.585573136806488	3.4100003242492676	0.0	0.0	0.0	0.8263933658599854	0.0	0.0	0.0	0.0	0.0	1.040496826171875	0.058940209448337555	0.0	0.0	0.0	0.0	0.0	1.0474741458892822	0.6677430272102356	0.0	0.0	0.0	0.0	0.4570642411708832	0.08302805572748184	0.7799935936927795	0.0	2.787351608276367	0.0	2.09795880317688	0.0	0.0	0.3791408836841583	0.0	1.5950607061386108	0.0	0.7749482989311218	1.9154980182647705	1.1845293045043945	0.0	0.0	0.0	0.019532732665538788	0.0	2.6584227085113525	0.0	0.0	1.1524643898010254	0.4359520673751831	0.0	0.8621737360954285	0.0	0.0	0.0	0.0	0.0	0.0	0.0	0.0	1.895740270614624	0.0	0.0	0.0	0.0	0.6218138337135315	2.5076003074645996	0.9840176105499268	0.0	0.0	0.0	0.7064934372901917	0.0	0.0	0.0	0.0	0.0	3.4193928241729736	0.0	0.0	0.0	0.1531548947095871	0.0	0.0	0.0	1.686111330986023	0.0	0.0	0.9431488513946533	0.0	0.0	0.0	0.0	0.2741706073284149	0.0	0.0	1.371526837348938	0.0	0.0	1.0487743616104126	0.0	0.0	0.44534286856651306	0.5446783900260925	0.43700847029685974	0.0	0.8766610026359558	0.0	2.0806164741516113	2.852712869644165	0.0	0.0	0.0	0.0	1.1108484268188477	0.0	0.0	3.067262887954712	1.3051060438156128	0.0	0.0	0.0	1.823879361152649	0.0	0.0	0.0	0.8880655765533447	0.0	0.0	0.0	0.0	0.0	0.0	0.0	0.0	0.0	0.0	0.0	0.7657999992370605	0.0	3.6668426990509033	0.5155649185180664	0.0	0.09729298204183578	0.0	0.0	0.0	0.0	0.0	0.0	0.6279777884483337	0.0	2.2982065677642822	1.9498839378356934	0.0	0.0	0.3702389895915985	0.0	0.0	0.0	1.6846752166748047	0.931110143661499	2.26206111907959	1.8499624729156494	0.0	0.0	0.0	0.8969250321388245	0.13793793320655823	1.5983800888061523	0.9162175059318542	0.0	0.0	1.8442888259887695	1.4614475965499878	0.0	0.0	0.0	0.0	0.0	1.9603568315505981	0.0	0.0	0.0	1.6497273445129395	1.3204530477523804	1.811160922050476	0.0	0.3605194687843323	0.0	0.46790602803230286	1.3970211744308472	0.0	0.0	0.0	2.330138921737671	0.0	0.0
0.0	0.0	0.0	0.2111573964357376	2.0137383937835693	0.0	0.0	0.0	3.4124715328216553	0.6651902794837952	2.6113762855529785	0.0	0.7268089056015015	0.4853672981262207	0.2193303406238556	3.33276629447937	0.040694329887628555	0.30830174684524536	0.21931251883506775	0.054279591888189316	0.0	0.0	0.0	0.6078270673751831	0.0	0.0	0.08931919932365417	0.0	0.7431666851043701	1.148175835609436	0.1715209037065506	2.268723726272583	0.0	0.0	0.0	0.0	0.17826947569847107	0.0	0.0	0.9503915905952454	0.0	0.0	0.0	1.5987285375595093	0.0	0.0	0.21948838233947754	0.0	0.0	1.6163032054901123	0.0	0.0	0.0	0.21283558011054993	0.0	0.0	0.0	0.0	0.0	3.02000093460083	0.0	0.0	0.0	0.09531532227993011	0.0	0.0	0.0	0.0	0.0	0.5307065844535828	0.2994402050971985	0.0	0.0	0.0	0.0	0.0	0.2201738953590393	0.28121665120124817	0.0	0.0	0.0	0.0	0.35541945695877075	0.0	0.0	0.0	2.112492799758911	0.0	1.9468727111816406	0.0	0.0	0.07698233425617218	0.0	1.02903413772583	0.0	0.28473231196403503	1.0854876041412354	1.0153871774673462	0.0	0.0	0.0	0.6341923475265503	0.0	1.880272388458252	0.0	0.0	0.6301606893539429	1.2569303512573242	0.0	0.58762127161026	0.0	0.0	0.0	0.0	0.0	0.0	0.2553172707557678	0.0	2.168574571609497	0.0	0.0	0.357030987739563	0.0	0.9177842736244202	1.9146103858947754	1.0256620645523071	0.0	0.0	0.0	1.6645525693893433	0.0	0.0	0.0	0.0	0.0	3.9085030555725098	0.1063750609755516	0.0	0.0	0.0	0.0	0.0	0.0	0.782238245010376	0.0	0.0	0.5129297375679016	0.0	0.0	0.0	0.0	0.810606837272644	0.0	0.0	0.4654688835144043	0.0	0.0	1.5591731071472168	0.0	0.0	0.03969414159655571	0.6172276735305786	0.06872198730707169	0.0	0.07114645093679428	0.0	1.5812644958496094	3.032653331756592	0.0	0.0	0.0	0.0	0.5273871421813965	0.0	0.0	3.6128666400909424	2.1373462677001953	0.0	0.0	0.0	1.7808854579925537	0.0	0.0	0.0	0.25059574842453003	0.0	0.0	0.0	0.0	0.0	0.0	0.0	0.0	0.0	0.0	0.0	0.0	0.0	3.674978256225586	0.0	0.0	0.7180991172790527	0.0	0.0	0.0	0.0	0.0	0.0	1.022465467453003	0.0	2.7025158405303955	2.158571481704712	0.0	0.0	0.4036215543746948	0.0	0.0	0.0	0.48413965106010437	0.026646604761481285	2.080995559692383	2.1227805614471436	0.0	0.0	0.0	0.3359793722629547	0.5035185217857361	0.9093210101127625	0.0	0.0	0.0	2.0979645252227783	1.9501252174377441	0.0	0.0	0.0	0.0	0.0	2.4797277450561523	0.0	0.0	0.0	1.0036299228668213	1.8153122663497925	0.5152268409729004	0.0	0.8693890571594238	0.0	0.0	0.8539523482322693	0.0	0.0	0.0	2.8642349243164062	0.0	0.0
0.0	0.0	0.0	0.37667861580848694	1.6429295539855957	0.0	0.6731603145599365	0.0	3.2650914192199707	1.6333811283111572	1.944443702697754	0.0	1.3183696269989014	0.9373414516448975	0.0	2.9638822078704834	0.0	1.2895398139953613	0.5695110559463501	0.5897448658943176	1.0996122360229492	1.1427973508834839	0.0	0.44379398226737976	0.0	0.0	0.3990941345691681	0.29002389311790466	1.3438572883605957	1.617769479751587	0.7293718457221985	1.404610276222229	0.0	0.8541243672370911	0.0	0.2578431963920593	1.2989311218261719	0.0	0.6723976731300354	1.9142903089523315	0.0	0.0	0.0	0.8966466188430786	0.0	0.0	0.0	0.0	0.0	0.616569459438324	0.0	0.0	0.0	0.9391246438026428	0.33202674984931946	0.0	0.0	0.11958470940589905	0.8965125679969788	3.3996078968048096	0.0	0.0	0.0	0.4660707414150238	0.0	0.0	0.0	0.0	0.0	1.5296521186828613	0.08798448741436005	0.0	0.0	0.0	0.0	0.0	0.9858406186103821	0.943294107913971	0.0	0.0	0.0	0.0	0.0	0.0	1.0313410758972168	0.0	2.9225330352783203	0.0	1.318752646446228	0.0	0.0	0.961750328540802	0.0	1.4149023294448853	0.0	1.1555328369140625	2.0399270057678223	1.2481334209442139	0.0	0.0	0.0	0.052287813276052475	0.0	2.747873544692993	0.0	0.0	1.233580470085144	0.29108697175979614	0.0	0.17811262607574463	0.0	0.0	0.0	0.0	0.0	0.0	0.3145928382873535	0.0	1.3876967430114746	0.0	0.0	0.41151437163352966	0.0	0.5719519853591919	2.3009605407714844	0.844427227973938	0.0	0.0	0.0	0.14618448913097382	0.0	0.0	0.0	0.0	0.0	2.924497127532959	0.0	0.0	0.0	0.22201719880104065	0.0	0.0	0.0	1.4794681072235107	0.0	0.0	0.8482748866081238	0.0	0.0	0.0	0.0	0.3982416093349457	0.0	0.0	1.549462080001831	0.0	0.0	1.338489055633545	0.0	0.0	0.30813032388687134	0.8411287665367126	0.747247576713562	0.0	0.4484551250934601	0.0	2.051244020462036	2.9911646842956543	0.0	0.0	0.0	0.0	1.4442142248153687	0.0	0.0	3.3986928462982178	1.3653180599212646	0.0	0.0	0.0	1.4200360774993896	0.041309136897325516	0.0	0.0	1.0760420560836792	0.0	0.0	0.0	0.0	0.0	0.0	0.0	0.0	0.0	0.0	0.0	0.9146881103515625	0.0	3.997159719467163	0.6577852368354797	0.0	0.011745667085051537	0.0	0.0	0.0	0.0	0.0	0.0	0.904136598110199	0.0	2.2922027111053467	2.155219316482544	0.0	0.0	0.34937694668769836	0.0	0.0	0.0	1.3274648189544678	0.9181293249130249	1.809393048286438	1.4090815782546997	0.0	0.0	0.0	1.2694443464279175	0.4998529553413391	1.5502972602844238	0.88176029920578	0.0	0.0	1.4218134880065918	1.1982064247131348	0.0	0.0	0.0	0.0	0.0	1.50937020778656	0.0	0.0	0.0	1.2957427501678467	1.1674213409423828	1.5575823783874512	0.0	0.026443054899573326	0.0	0.3320680558681488	1.251157283782959	0.0	0.0	0.0	2.2493410110473633	0.0	0.0
0.0	0.0	0.0	0.25297030806541443	2.4028608798980713	0.0	0.4876837134361267	0.0	3.7352492809295654	1.1541478633880615	2.0145437717437744	0.0	0.9505729079246521	1.081167459487915	0.0	3.292479991912842	0.0	0.8092128038406372	0.7967674136161804	0.6237431168556213	0.4051634967327118	0.9091536998748779	0.0	0.7885470986366272	0.0	0.0	0.7843039035797119	0.020726308226585388	0.9852047562599182	1.3361765146255493	0.9245181679725647	1.723067045211792	0.0	0.8642476797103882	0.0	0.0	0.9518367648124695	0.0	0.4210946559906006	1.7299789190292358	0.0	0.0	0.0	1.5212290287017822	0.0	0.0	0.0	0.0	0.0	0.9516595005989075	0.0	0.0	0.0	0.576220691204071	0.12393269687891006	0.0	0.0	0.0	0.7347513437271118	3.267354726791382	0.0	0.0	0.0	0.2630729079246521	0.0	0.0	0.0	0.0	0.0	1.1593319177627563	0.8477090001106262	0.0	0.0	0.0	0.0	0.0	0.7720272541046143	1.13821542263031	0.0	0.0	0.0	0.0	0.0	0.013898721896111965	0.5432013869285583	0.0	3.3221449851989746	0.0	1.940459966659546	0.0	0.0	0.9481468200683594	0.0	1.805086374282837	0.0	0.5446344614028931	1.652884840965271	1.3405996561050415	0.0	0.0	0.0	0.0	0.0	2.4508864879608154	0.0	0.0	1.243917465209961	0.7384616732597351	0.0	0.308952271938324	0.0	0.0	0.0	0.0	0.0	0.0	0.0	0.0	1.6209444999694824	0.0	0.0	0.6001509428024292	0.0	0.7935720682144165	2.3355093002319336	0.9032585620880127	0.0	0.0	0.0	0.8254715800285339	0.0	0.0	0.0	0.0	0.0	3.702826738357544	0.0	0.0	0.0	0.0	0.0	0.0	0.0	1.5068786144256592	0.0	0.0	0.5690663456916809	0.0	0.0	0.0	0.0	0.3906911611557007	0.0	0.0	1.5651854276657104	0.0	0.0	1.2422677278518677	0.0	0.0	0.5208898782730103	0.5778122544288635	0.45769503712654114	0.0	0.7389103174209595	0.0	2.0833961963653564	3.207683801651001	0.0	0.0	0.0	0.0	1.0223336219787598	0.0	0.0	3.7376601696014404	1.479020118713379	0.0	0.0	0.0	1.9491653442382812	0.0	0.0	0.0	1.1679885387420654	0.0	0.0	0.0	0.0	0.0	0.0	0.0	0.0	0.0	0.0	0.0	0.8913731575012207	0.0	4.381677627563477	0.9593181610107422	0.0	0.0	0.0	0.0	0.0	0.0	0.0	0.0	0.7581345438957214	0.0	3.1460983753204346	2.0932981967926025	0.0	0.0	0.5492753386497498	0.0	0.0	0.0	1.4641679525375366	0.9373217225074768	1.686205506324768	1.8300851583480835	0.0	0.0	0.0	0.5789733529090881	0.6215289235115051	1.2554622888565063	1.1033926010131836	0.0	0.0	2.00003981590271	1.5707868337631226	0.0	0.0	0.0	0.0	0.0	2.380505084991455	0.0	0.0	0.0	0.6670814156532288	1.5645307302474976	1.494136095046997	0.0	0.32763078808784485	0.0	0.0	1.6759374141693115	0.0	0.0	0.0	2.969195604324341	0.0	0.0
0.0	0.0	0.0	0.2910310924053192	1.626033902168274	0.0	0.0	0.0	2.788114547729492	0.3565811514854431	1.8757264614105225	0.0	0.6400521993637085	0.0	0.0	2.265252113342285	0.29136231541633606	0.37952539324760437	0.17530640959739685	0.3439837694168091	0.0	0.05773763358592987	0.0	0.48626041412353516	0.0	0.0	0.0	0.0	0.7816022634506226	1.3173441886901855	0.0	2.1084706783294678	0.0	0.1331983208656311	0.0	0.0	0.1940045803785324	0.0	0.0	0.46504002809524536	0.0	0.0	0.0	0.9112562537193298	0.0	0.0	0.07083114981651306	0.0	0.0	1.3365821838378906	0.0	0.0	0.0	0.14681440591812134	0.11215008050203323	0.0	0.0	0.03795497491955757	0.0014672114048153162	2.1467738151550293	0.0	0.0	0.0	0.19931936264038086	0.0	0.0	0.0	0.0	0.0	0.7356428503990173	0.2571476995944977	0.0	0.0	0.0	0.0	0.0	0.39556601643562317	0.6200838088989258	0.0	0.0	0.0	0.0	0.21730023622512817	0.0	0.17576488852500916	0.0	1.4612913131713867	0.0	1.026074767112732	0.0	0.0	0.0	0.0	0.9433944821357727	0.0	0.5194645524024963	0.8251661062240601	1.081166386604309	0.0	0.0	0.0	0.7199451327323914	0.0	0.7118188738822937	0.0	0.0	0.3864358365535736	0.5852604508399963	0.0	0.8235682249069214	0.0	0.0	0.0	0.0	0.0	0.0	0.5378144979476929	0.0	1.4312744140625	0.0	0.0	0.5878291130065918	0.0	0.7335957884788513	1.7749193906784058	1.0083098411560059	0.0	0.0	0.0	0.6630352139472961	0.0	0.0	0.06354400515556335	0.0	0.0	2.8530473709106445	0.5784685611724854	0.0	0.0	0.0	0.0	0.0	0.0	0.0	0.0	0.0	0.6774468421936035	0.0	0.0	0.0	0.0	1.0665637254714966	0.0	0.0	0.574588418006897	0.0	0.0	1.4113470315933228	0.0	0.0	0.0	0.4070306122303009	0.5030478835105896	0.0	0.0	0.0	0.8407358527183533	2.140366315841675	0.0	0.0	0.0	0.0	0.6660045385360718	0.0	0.0	2.8082590103149414	1.7874424457550049	0.0	0.0	0.0	1.1232426166534424	0.0	0.0	0.0	0.04930473491549492	0.0	0.0	0.0	0.0	0.0	0.0	0.0	0.0	0.0	0.0	0.0	0.0	0.0	3.169884204864502	0.09895817935466766	0.0	0.477158784866333	0.0	0.0	0.0	0.0	0.0	0.0	0.8240411281585693	0.0	2.162830114364624	1.4904751777648926	0.0	0.0	0.7325718402862549	0.0	0.0	0.0	0.7572298049926758	0.06682726740837097	1.3914419412612915	1.517275333404541	0.0	0.0	0.0	0.17792809009552002	0.7665846347808838	0.544508159160614	0.1692689210176468	0.0	0.0	1.7962381839752197	1.4024581909179688	0.0	0.0	0.0	0.0	0.0	1.5196510553359985	0.0	0.0	0.0	0.6549099087715149	1.0123614072799683	0.6965581178665161	0.0	0.35824087262153625	0.0	0.0	0.35555586218833923	0.0	0.0	0.0	2.290867328643799	0.0	0.0
0.0	0.0	0.0	0.4849052131175995	2.069626569747925	0.0	0.6428057551383972	0.0	3.0007545948028564	1.0667171478271484	2.045196771621704	0.0	0.9315285086631775	1.118721842765808	0.6300383806228638	3.75557279586792	0.0	0.5881933569908142	0.7021788358688354	0.4277898669242859	0.8410907983779907	0.2029235064983368	0.0	0.9155134558677673	0.0	0.0	0.14870133996009827	0.36601248383522034	0.6934577226638794	1.2064663171768188	0.7462369799613953	1.8916723728179932	0.0	0.37753865122795105	0.0	0.5347392559051514	0.7944797277450562	0.0	0.37984225153923035	1.6388256549835205	0.0	0.0	0.0	1.3223464488983154	0.0	0.0	0.10722809284925461	0.0	0.0	0.8153047561645508	0.0	0.0	0.0	0.21326228976249695	0.0	0.0	0.0	0.0	0.8957507610321045	2.936943769454956	0.0	0.0	0.0	0.5571823716163635	0.0	0.0	0.0	0.0	0.0	0.9483391642570496	0.5468631982803345	0.0	0.0	0.0	0.0	0.0	0.8186051249504089	0.8874464631080627	0.0	0.0	0.0	0.0	0.0	0.0	0.6384615898132324	0.0	2.8166801929473877	0.0	1.8435529470443726	0.0	0.0	0.3567899763584137	0.0	1.1678308248519897	0.0	1.104762077331543	1.158119559288025	1.9797271490097046	0.0	0.0	0.0	0.0	0.0	2.251049518585205	0.0	0.0	1.1608370542526245	0.934945821762085	0.0	0.6928068399429321	0.0	0.0	0.0	0.0	0.0	0.0	0.12257286161184311	0.0	1.99416983127594	0.0	0.06868471205234528	0.9330168962478638	0.0	1.1532195806503296	1.9585245847702026	1.296686053276062	0.0	0.0	0.0	0.6949059367179871	0.0	0.0	0.0	0.0	0.0	3.0247740745544434	0.0	0.0	0.0	0.0	0.0	0.0	0.0	1.324882984161377	0.0	0.0	1.0502204895019531	0.0	0.0	0.0	0.0	0.8316581845283508	0.0	0.0	0.8248606324195862	0.0	0.0	1.2106420993804932	0.0	0.0	0.2529449462890625	1.1222370862960815	0.8864568471908569	0.0	0.5673382878303528	0.0	2.252657651901245	2.7354483604431152	0.0	0.0	0.0	0.0	0.911542534828186	0.0	0.0	3.740347146987915	1.3204410076141357	0.0	0.0	0.0	1.6533387899398804	0.0	0.0	0.0	0.8343265056610107	0.0	0.0	0.0	0.0	0.0	0.0	0.0	0.0	0.0	0.0	0.0	0.13851600885391235	0.0	3.9925456047058105	0.5859858989715576	0.0	0.04880513250827789	0.0	0.0	0.0	0.0	0.0	0.0	1.1480553150177002	0.0	2.911728620529175	2.2010817527770996	0.0	0.0	0.35093453526496887	0.0	0.0	0.0	0.8764534592628479	0.687939465045929	1.6090883016586304	2.3462183475494385	0.0	0.0	0.0	0.30036410689353943	0.6190617680549622	0.9536823630332947	0.8719151020050049	0.0	0.0	1.7457935810089111	1.4933925867080688	0.0	0.0	0.0	0.0	0.0	2.063342332839966	0.0	0.0	0.0	0.9997470378875732	1.4372515678405762	1.3389968872070312	0.0	0.6337856650352478	0.0	0.5359365940093994	1.0639166831970215	0.0	0.0	0.0	2.3864972591400146	0.0	0.0
0.0	0.0	0.0	0.0	2.2624895572662354	0.0	0.07412976771593094	0.0	2.5911428928375244	0.9475584626197815	1.7338508367538452	0.0	0.9464547038078308	0.529427707195282	0.3264552652835846	2.709907293319702	0.0	0.14083263278007507	0.3317021131515503	0.9414368271827698	0.6220526695251465	0.5109273791313171	0.0	0.7874743938446045	0.0	0.0	0.4485730528831482	0.5011991858482361	0.7827683687210083	0.8816751837730408	0.34471699595451355	1.8366159200668335	0.0	0.29862505197525024	0.0	0.1706097424030304	1.202734112739563	0.0	0.5326175093650818	1.474479079246521	0.0	0.0	0.0	1.1175251007080078	0.0	0.0	0.0	0.0	0.0	1.157010555267334	0.0	0.0	0.0	0.34005460143089294	0.0	0.0	0.0	0.0	0.7275894284248352	2.718724489212036	0.0	0.0	0.0	0.6505712866783142	0.0	0.0	0.0	0.0	0.0	1.0147677659988403	0.198628231883049	0.0	0.0	0.0	0.0	0.0	0.9519080519676208	0.5151640772819519	0.0	0.0	0.0	0.0	0.0	0.05953212082386017	0.5124712586402893	0.0	2.141355276107788	0.0	0.9513685703277588	0.0	0.0	0.2238684594631195	0.0	1.7722247838974	0.0	0.5925896167755127	1.1924360990524292	1.4751014709472656	0.0	0.0	0.0	0.25185298919677734	0.0	2.29682993888855	0.0	0.0	0.5352741479873657	0.768711268901825	0.0	0.0	0.0	0.0	0.0	0.0	0.0	0.0	0.09568633139133453	0.0	1.4582184553146362	0.0	0.0	0.49208900332450867	0.0	0.9649348855018616	1.506881833076477	0.8260432481765747	0.0	0.0	0.0	0.6619256138801575	0.0	0.0	0.3059583008289337	0.0	0.0	3.016427993774414	0.21696822345256805	0.0	0.0	0.19871506094932556	0.0	0.0	0.0	1.1993353366851807	0.0	0.0	0.416617214679718	0.0	0.0	0.0	0.0	0.5665531754493713	0.0	0.0	1.2727513313293457	0.0	0.0	0.9052209258079529	0.0	0.0	0.4444098472595215	0.847885251045227	0.7333463430404663	0.0	0.751948356628418	0.0	2.2137322425842285	2.7039501667022705	0.0	0.0	0.0	0.0	0.6576247215270996	0.0	0.0	2.737605094909668	1.449853777885437	0.0	0.0	0.0	1.443405270576477	0.0	0.0	0.0	0.5850705504417419	0.0	0.0	0.0	0.0	0.0	0.0	0.0	0.0	0.0	0.0	0.0	0.5387299060821533	0.0	3.364546060562134	0.3685090243816376	0.0	0.007008861284703016	0.0	0.0	0.0	0.0	0.0	0.0	0.7588724493980408	0.0	2.130713939666748	1.9608080387115479	0.0	0.0	0.0	0.0	0.0	0.0	0.9061957001686096	0.9253395199775696	1.3383526802062988	1.4189090728759766	0.0	0.0	0.0	0.6135589480400085	0.5227171778678894	0.6511269807815552	0.5410184264183044	0.0	0.0	1.641880750656128	1.3360419273376465	0.0	0.0	0.0	0.0	0.0	1.6913306713104248	0.0	0.0	0.0	0.7311908006668091	0.911826491355896	1.426133632659912	0.0	0.5367631912231445	0.0	0.32442131638526917	1.2547394037246704	0.0	0.0	0.0	1.5797826051712036	0.0	0.0
0.0	0.0	0.0	0.32063332200050354	1.270288348197937	0.0	0.5178683996200562	0.0	2.1904172897338867	0.8300931453704834	1.1686007976531982	0.0	0.42738106846809387	0.9181528091430664	0.024983005598187447	2.4351823329925537	0.0778690055012703	0.6436532139778137	0.46420425176620483	0.573370635509491	0.5557093620300293	0.43824303150177	0.0	0.540136456489563	0.0	0.0	0.4758720397949219	0.1584082692861557	0.7954899072647095	1.1004804372787476	0.3675544261932373	1.1523269414901733	0.0	0.7485966086387634	0.0	0.0	0.7984380722045898	0.0	0.7293309569358826	1.1320430040359497	0.0	0.0	0.0	0.40067678689956665	0.0	0.0	0.0	0.0	0.0	0.5830311179161072	0.0	0.0	0.0	0.15455038845539093	0.4588048756122589	0.0	0.0	0.3102610111236572	0.644505500793457	1.9841731786727905	0.0	0.0	0.0	0.6035794615745544	0.0	0.0	0.0	0.0	0.0	1.3360735177993774	0.3246554136276245	0.0	0.0	0.0	0.0	0.0	0.3071952760219574	0.9855706095695496	0.0	0.0	0.0	0.0	0.0	0.0	0.5388162136077881	0.0	2.0389678478240967	0.0	0.8543094396591187	0.0	0.0	0.7525168061256409	0.0	1.4221621751785278	0.0	1.032684564590454	1.4099223613739014	1.0584332942962646	0.0	0.0	0.0	0.0	0.0	1.6248507499694824	0.0	0.0	0.5494605898857117	0.41184374690055847	0.0	0.09395994991064072	0.0	0.0	0.0	0.0	0.0	0.0	0.559827983379364	0.0	0.9271681308746338	0.0	0.01198631152510643	0.2255702167749405	0.0	0.5402040481567383	1.309548020362854	0.7304919958114624	0.0	0.0	0.0	0.13000012934207916	0.0	0.0	0.25525781512260437	0.0	0.0	2.1746060848236084	0.0	0.0	0.0	0.0	0.0	0.0	0.0	1.047900915145874	0.0	0.0	0.5875082015991211	0.0	0.0	0.0	0.0	0.21576392650604248	0.0	0.0	1.1626871824264526	0.0	0.0	1.2386155128479004	0.0	0.0	0.34644338488578796	0.8370556831359863	0.4801003038883209	0.0	0.3390128016471863	0.0	0.9641391634941101	2.077645778656006	0.0	0.0	0.0	0.0	0.9046058058738708	0.0	0.0	2.195190906524658	0.7434461116790771	0.0	0.0	0.0	1.3403910398483276	0.11983014643192291	0.0	0.0	0.8175747394561768	0.0	0.0	0.0	0.0	0.0	0.0	0.0	0.0	0.0	0.029245825484395027	0.0	0.6492643356323242	0.0	2.837482213973999	0.6096861362457275	0.0	0.0	0.0	0.0	0.0	0.0	0.0	0.0	0.6358392834663391	0.0	1.759222149848938	1.7634742259979248	0.0	0.0	0.23199224472045898	0.0	0.0	0.0	1.2768138647079468	0.8591563701629639	0.7529582381248474	1.256173849105835	0.0	0.0	0.0	0.4425310492515564	0.5827307105064392	1.0930566787719727	0.4461295008659363	0.0	0.0	1.264739751815796	1.1522693634033203	0.0	0.0	0.0	0.0	0.0	1.275042176246643	0.0	0.0	0.0	0.7254737019538879	0.6449568867683411	1.2165671586990356	0.0	0.3280453383922577	0.0	0.21030369400978088	0.9045485854148865	0.0	0.0	0.0	1.571258544921875	0.0	0.0
0.0	0.0	0.0	0.212059885263443	2.699476957321167	0.0	1.2400206327438354	0.0	4.1275248527526855	1.7357189655303955	1.6527888774871826	0.0	1.7802523374557495	1.0477757453918457	0.1001189574599266	3.3294265270233154	0.0	0.8194646835327148	1.3238160610198975	0.8964788913726807	1.662704348564148	1.1063259840011597	0.0	1.6557546854019165	0.0	0.0	1.6554005146026611	0.9041036367416382	1.3230267763137817	1.5559958219528198	0.7204926013946533	2.571146249771118	0.0	1.5628939867019653	0.0	0.5008143782615662	1.9500905275344849	0.0	1.4910485744476318	2.4755406379699707	0.0	0.0	0.0	1.1083792448043823	0.0	0.0	0.0	0.0	0.0	0.9246892929077148	0.0	0.0	0.0	0.8036819100379944	0.668511688709259	0.0	0.0	0.0	1.9565082788467407	3.536288022994995	0.0	0.0	0.0	1.1439985036849976	0.0	0.0	0.0	0.0	0.0	2.1836440563201904	0.84638911485672	0.0	0.0	0.0	0.0	0.0	1.6410692930221558	1.6094733476638794	0.0	0.0	0.0	0.0	0.0	0.3157776892185211	1.3760186433792114	0.0	3.9900341033935547	0.0	0.8525698184967041	0.0	0.0	1.7487823963165283	0.0	2.747520685195923	0.0	1.8984767198562622	2.381694793701172	2.8113489151000977	0.0	0.0	0.0	0.0	0.0	3.3542239665985107	0.0	0.0	1.137686014175415	0.6727815270423889	0.0	0.0	0.0	0.0	0.0	0.0	0.0	0.0	0.7231906056404114	0.0	1.8725932836532593	0.0	0.0	0.7570847868919373	0.0	1.3092707395553589	2.328094005584717	0.6954694390296936	0.0	0.0	0.0	0.16527031362056732	0.0	0.0	0.3495637774467468	0.0	0.0	3.8593921661376953	0.07265797257423401	0.0	0.0	0.9122211337089539	0.0	0.0	0.0	2.0005381107330322	0.1946718543767929	0.0	0.7274423837661743	0.0	0.0	0.0	0.0	0.0	0.0	0.0	2.853466033935547	0.0	0.0	1.152553915977478	0.0	0.0	1.4120773077011108	1.7307103872299194	1.1068683862686157	0.0	1.4829356670379639	0.0	3.4333572387695312	3.552366256713867	0.0	0.0	0.0	0.0	1.0590876340866089	0.0	0.0	3.646291494369507	1.2169275283813477	0.0	0.0	0.0	2.1055009365081787	0.3780880272388458	0.0	0.0	1.6451927423477173	0.0	0.0	0.0	0.0	0.0	0.0	0.0	0.0	0.0	0.0	0.0	1.5357357263565063	0.0	4.895488262176514	1.5133986473083496	0.0	0.0	0.0	0.0	0.0	0.0	0.0	0.0	1.5546976327896118	0.0	2.8084654808044434	2.855471611022949	0.0	0.0	0.0	0.0	0.0	0.0	1.9811819791793823	2.1918506622314453	1.174342155456543	2.0249369144439697	0.0	0.0	0.0	1.7312649488449097	1.4717320203781128	1.6468502283096313	1.3089332580566406	0.0	0.0	1.8629111051559448	2.2731523513793945	0.0	0.0	0.0	0.0	0.0	2.246028184890747	0.0	0.0	0.0	0.89486163854599	0.6946256160736084	2.4797704219818115	0.0	0.7948737740516663	0.0	0.9652097821235657	2.079288959503174	0.0	0.0	0.0	2.3331587314605713	0.0	0.0
0.0	0.0	0.0	0.2773433029651642	2.0653510093688965	0.0	1.2975778579711914	0.0	3.532083749771118	1.780961275100708	1.1788272857666016	0.0	2.0610930919647217	0.7519018054008484	0.0	3.0554397106170654	0.0	1.2384763956069946	1.3428467512130737	0.9182058572769165	1.3891730308532715	1.6069440841674805	0.0	1.3978569507598877	0.0	0.0	1.2767915725708008	0.685388445854187	1.483825445175171	1.3313894271850586	0.4669853448867798	2.2610244750976562	0.0	1.5922942161560059	0.0	0.7526832818984985	1.827712059020996	0.0	1.3620024919509888	2.07035493850708	0.0	0.0	0.0	0.9531532526016235	0.0	0.0	0.0	0.0	0.0	0.34657251834869385	0.0	0.0	0.0	1.1101291179656982	1.4069041013717651	0.0	0.0	0.0	1.4568787813186646	2.7723584175109863	0.0	0.0	0.0	1.0671981573104858	0.0	0.0	0.0	0.0	0.0	2.1367006301879883	0.6149390339851379	0.0	0.0	0.0	0.0	0.0	0.8683194518089294	1.5973397493362427	0.0	0.0	0.0	0.0	0.0	0.6945119500160217	1.4471020698547363	0.0	3.581851005554199	0.0	0.6981584429740906	0.0	0.0	1.1987329721450806	0.0	2.2184226512908936	0.0	1.1952699422836304	2.028297185897827	2.2126381397247314	0.0	0.0	0.0	0.0	0.0	2.8910927772521973	0.0	0.0	1.3739955425262451	0.0	0.0	0.0	0.0	0.0	0.0	0.0	0.0	0.0	0.07723455876111984	0.0	1.179908275604248	0.0	0.0	0.9182223677635193	0.0	0.7755542993545532	2.1757030487060547	0.37879428267478943	0.0	0.0	0.0	0.0	0.0	0.0	0.009527781046926975	0.0	0.0	2.4262139797210693	0.16359223425388336	0.0	0.0	0.9824571013450623	0.0	0.0	0.0	1.8153454065322876	0.046820566058158875	0.0	0.4764203429222107	0.0	0.0	0.0	0.0	0.0	0.0	0.0	2.8786566257476807	0.0	0.0	0.7825630903244019	0.0	0.0	0.9213957786560059	1.3489570617675781	0.9116848111152649	0.0	0.9730880856513977	0.0	3.2043793201446533	3.0599067211151123	0.0	0.0	0.0	0.0	1.1954048871994019	0.0	0.0	2.852928400039673	0.690531849861145	0.0	0.0	0.0	0.727863073348999	0.748207688331604	0.0	0.0	1.5714794397354126	0.0	0.0	0.0	0.0	0.0	0.0	0.0	0.0	0.0	0.0	0.0	1.4225817918777466	0.0	3.7439205646514893	1.3745325803756714	0.0	0.0	0.0	0.0	0.0	0.0	0.0	0.0	0.9213389158248901	0.0	1.5715306997299194	1.6474756002426147	0.0	0.0	0.18014909327030182	0.0	0.0	0.0	1.807304859161377	1.9278303384780884	1.107677936553955	1.1827442646026611	0.0	0.0	0.0	1.5502889156341553	0.679286777973175	1.5761809349060059	1.587984561920166	0.0	0.0	0.6931672096252441	1.4692566394805908	0.011178873479366302	0.0	0.0	0.0	0.0	1.5415303707122803	0.0	0.0	0.0	1.5383906364440918	0.31855037808418274	2.5418944358825684	0.0	0.0	0.0	0.9305094480514526	2.0029149055480957	0.0	0.0	0.0	1.4365497827529907	0.0	0.0
0.0	0.0	0.0	0.2776975929737091	1.9811056852340698	0.0	0.2941644489765167	0.0	3.234219789505005	1.2342286109924316	1.5848090648651123	0.0	1.1301319599151611	0.7518233060836792	0.0	3.150738477706909	0.0	0.8987341523170471	1.1649879217147827	0.3680598735809326	0.6629525423049927	0.7408336997032166	0.0	0.5605920553207397	0.0	0.0	0.6355564594268799	0.37206876277923584	0.5316739678382874	1.1118706464767456	0.7622854113578796	1.320223093032837	0.0	0.9885401129722595	0.0	0.4863850772380829	1.1295387744903564	0.0	0.20565193891525269	1.415954351425171	0.0	0.0	0.0	1.0756051540374756	0.0	0.0	0.04704556614160538	0.0	0.0	0.6143350601196289	0.0	0.0	0.0	0.5594447255134583	0.5223329067230225	0.0	0.0	0.041996318846940994	1.4066792726516724	2.651946544647217	0.0	0.0	0.0	0.42010289430618286	0.0	0.0	0.0	0.0	0.0	1.359493374824524	0.447624534368515	0.0	0.0	0.0	0.0	0.0	0.9632011651992798	0.846985936164856	0.0	0.0	0.0	0.0	0.026249535381793976	0.0	0.40052032470703125	0.0	2.933486223220825	0.0	1.3239924907684326	0.0	0.0	0.9361257553100586	0.0	1.8005447387695312	0.0	0.4988479018211365	1.637760043144226	1.3018279075622559	0.0	0.0	0.0	0.0	0.0	2.13505482673645	0.0	0.0	1.2075062990188599	0.2343866378068924	0.0	0.2389356940984726	0.0	0.0	0.0	0.0	0.0	0.0	0.23568642139434814	0.0	1.4664855003356934	0.0	0.0	0.6524927020072937	0.0	0.5293640494346619	2.391073226928711	0.7393293380737305	0.0	0.0	0.0	0.25046420097351074	0.0	0.0	0.17419074475765228	0.0	0.0	3.192760944366455	0.1614220142364502	0.0	0.0	0.46830010414123535	0.0	0.0	0.0	1.9582561254501343	0.10940905660390854	0.0	0.9743568897247314	0.0	0.0	0.0	0.0	0.49214276671409607	0.0	0.0	1.8681657314300537	0.0	0.0	0.9466551542282104	0.0	0.0	0.416133850812912	1.1147669553756714	0.7024513483047485	0.0	0.5492555499076843	0.0	2.2211461067199707	2.8086113929748535	0.0	0.0	0.0	0.0	1.1010549068450928	0.0	0.0	3.098639965057373	1.434393048286438	0.0	0.0	0.0	1.2721859216690063	0.3506051003932953	0.0	0.0	1.1621390581130981	0.0	0.0	0.0	0.0	0.0	0.0	0.0	0.0	0.0	0.0	0.0	0.8559714555740356	0.0	3.4779911041259766	0.7422822713851929	0.0	0.0	0.0	0.0	0.0	0.0	0.0	0.0	1.0244618654251099	0.0	2.4931085109710693	1.8423243761062622	0.0	0.0	0.5458285808563232	0.0	0.0	0.0	1.6746901273727417	1.120357632637024	1.4756693840026855	1.479017972946167	0.0	0.0	0.0	0.6406869888305664	0.6954569816589355	1.2045296430587769	0.6473427414894104	0.0	0.0	1.0761653184890747	1.7476191520690918	0.0	0.0	0.0	0.0	0.0	1.8483985662460327	0.0	0.0	0.0	0.7198725938796997	0.9913783669471741	1.8330707550048828	0.0	0.48516884446144104	0.0	0.8222441077232361	1.287014126777649	0.0	0.0	0.0	2.06980037689209	0.0	0.0
0.0	0.0	0.0	0.5032512545585632	2.0126054286956787	0.0	0.611944317817688	0.0	3.3250648975372314	1.4033350944519043	1.4921945333480835	0.0	1.943339467048645	0.7248090505599976	0.021761657670140266	2.759526252746582	0.0	0.5758668184280396	0.9815177321434021	0.8606467247009277	0.998917818069458	0.8906742334365845	0.0	0.9083454608917236	0.0	0.0	1.044681429862976	0.5026125907897949	0.9667900204658508	1.3008131980895996	0.6962018609046936	2.0499966144561768	0.0	1.238113284111023	0.0	0.24188515543937683	1.4783828258514404	0.0	0.9162341356277466	1.6060988903045654	0.0	0.0	0.0	1.061084270477295	0.0	0.0	0.0	0.0	0.0	0.47428059577941895	0.0	0.0	0.0	0.9254897832870483	0.5042705535888672	0.0	0.0	0.0	1.5370757579803467	2.974844217300415	0.0	0.0	0.0	0.9118793606758118	0.0	0.0	0.0	0.0	0.0	1.6222487688064575	0.192864328622818	0.0	0.0	0.0	0.0	0.0	1.011155128479004	0.7292792201042175	0.0	0.0	0.0	0.0	0.0	0.15537939965724945	0.8930870890617371	0.0	3.183746576309204	0.0	1.1958084106445312	0.0	0.0	0.8715142607688904	0.0	2.2806203365325928	0.0	0.8788458704948425	1.8622020483016968	1.856141209602356	0.0	0.0	0.0	0.0	0.0	3.032243490219116	0.0	0.0	0.5835695862770081	0.20259729027748108	0.0	0.0	0.0	0.0	0.0	0.0	0.0	0.0	0.14445950090885162	0.0	1.5814884901046753	0.0	0.0	0.2951289117336273	0.0	1.0732178688049316	1.8603016138076782	0.7996626496315002	0.0	0.0	0.0	0.0	0.0	0.0	0.08356212824583054	0.0	0.0	3.053046464920044	0.0	0.0	0.0	0.4340776801109314	0.0	0.0	0.0	1.0192582607269287	0.0	0.0	0.13977836072444916	0.0	0.0	0.0	0.0	0.16301554441452026	0.0	0.0	1.8997453451156616	0.0	0.0	0.9291394352912903	0.0	0.0	0.8681570291519165	0.7419226765632629	1.0299586057662964	0.0	0.7086626291275024	0.0	2.4375035762786865	2.6071054935455322	0.0	0.0	0.0	0.0	1.1992771625518799	0.0	0.0	3.0127480030059814	1.077175498008728	0.0	0.0	0.0	1.5163941383361816	0.040374889969825745	0.0	0.0	1.2762202024459839	0.0	0.0	0.0	0.0	0.0	0.0	0.0	0.0	0.0	0.0	0.0	0.7790494561195374	0.0	3.763335704803467	0.8513832092285156	0.0	0.0	0.0	0.0	0.0	0.0	0.0	0.0	0.8343392610549927	0.0	2.151528835296631	1.707784652709961	0.0	0.0	0.0	0.0	0.0	0.0	1.467651128768921	1.0424991846084595	0.9665600061416626	1.1161620616912842	0.0	0.0	0.0	1.349656581878662	0.5464631915092468	0.8368687033653259	1.1690033674240112	0.0	0.0	1.0681480169296265	1.6075770854949951	0.0	0.0	0.0	0.0	0.0	2.345146417617798	0.0	0.0	0.0	1.2614580392837524	0.8484843969345093	2.1462836265563965	0.0	0.0	0.0	0.6721789240837097	1.7886130809783936	0.0	0.0	0.0	1.6737804412841797	0.0	0.0
0.0	0.0	0.0	0.19994917511940002	0.6597511172294617	0.0	0.5178354382514954	0.0	1.0119316577911377	0.7310707569122314	0.09770167618989944	0.0	0.6990530490875244	0.6020137071609497	0.06689312309026718	1.0045355558395386	0.0	0.386798232793808	0.49748268723487854	0.5766982436180115	0.5941289663314819	0.30016809701919556	0.0	0.6972901225090027	0.0	0.0	0.4130883514881134	0.7355877161026001	0.4395717680454254	0.5344887971878052	0.4226709306240082	0.48389655351638794	0.0	0.5328128337860107	0.0	0.5291276574134827	0.7176138758659363	0.0	0.46702274680137634	0.6613488793373108	0.0	0.0	0.0	0.005024311598390341	0.0	0.0	0.0	0.0	0.0	0.025058792904019356	0.0	0.0	0.0	0.21495400369167328	0.5482258796691895	0.0	0.0	0.11158815771341324	1.1115097999572754	0.6044421195983887	0.0	0.0	0.0	0.5379557609558105	0.0	0.0	0.0	0.0	0.0	0.8398842811584473	0.4314125180244446	0.0	0.0	0.0	0.0	0.0	0.6877474188804626	0.5868308544158936	0.0	0.07602857053279877	0.0	0.0	0.13997773826122284	0.0	0.6622334718704224	0.0	0.9640064239501953	0.0	0.0	0.0	0.0	0.6127308011054993	0.0	0.7817394137382507	0.0	0.5112911462783813	0.8052439093589783	0.902707040309906	0.0	0.0	0.0	0.0	0.0	0.6922441720962524	0.0	0.0	0.28282177448272705	0.0456775426864624	0.0	0.0	0.0	0.09207005053758621	0.0	0.0	0.0	0.0	0.3064243197441101	0.0	0.3799980878829956	0.0	0.048598580062389374	0.4164986312389374	0.0	0.1376403123140335	0.46286720037460327	0.373329758644104	0.0	0.0	0.0	0.0	0.0	0.0	0.18982836604118347	0.0	0.0	0.5793829560279846	0.38330766558647156	0.0	0.0	0.36775290966033936	0.0	0.0	0.0	0.9668074250221252	0.41137105226516724	0.0	0.3431967496871948	0.0	0.0	0.0	0.0	0.11060064285993576	0.0	0.0	0.7492757439613342	0.0	0.0	0.6040254235267639	0.0	0.0	0.4338664710521698	0.6669759750366211	0.4219609797000885	0.05352650210261345	0.7122530937194824	0.0	0.6478939056396484	0.8892492651939392	0.0	0.0	0.0	0.0	0.46385449171066284	0.0	0.4060971140861511	0.7876836061477661	0.0	0.0	0.0	0.4444093704223633	0.6190575957298279	0.2946494221687317	0.0	0.0	0.5981429815292358	0.0	0.0	0.0	0.0	0.0	0.0	0.0	0.0	0.0	0.14951665699481964	0.0	0.5523337125778198	0.0	1.2765125036239624	0.6617253422737122	0.0	0.0	0.0	0.0	0.0	0.0	0.0	0.0	0.47444766759872437	0.0	0.6340059638023376	0.7721731066703796	0.016087446361780167	0.0	0.0	0.0	0.0	0.0	0.6771969795227051	0.8485097885131836	0.20585361123085022	0.4685240387916565	0.0	0.0	0.0	0.4794630706310272	0.5118000507354736	0.4160645604133606	0.7684284448623657	0.0	0.0	0.18597474694252014	0.7689365744590759	0.2880968451499939	0.0	0.0	0.0	0.0	0.4939224123954773	0.0	0.0	0.0	0.49592125415802	0.010379164479672909	0.870516836643219	0.0	0.33005988597869873	0.0	0.7260819673538208	0.7825450301170349	0.0	0.2660503387451172	0.0	0.35117214918136597	0.0	0.0
0.0	0.0	0.0	0.09681392461061478	2.2794134616851807	0.0	0.42883023619651794	0.0	3.1151187419891357	0.5986438989639282	2.1555988788604736	0.0	1.4562101364135742	0.3453889787197113	0.0	2.8785793781280518	0.0	0.5828529000282288	0.5288150906562805	0.40635910630226135	0.24467341601848602	1.3829245567321777	0.0	0.6825286149978638	0.0	0.0	0.6273595094680786	0.32095661759376526	1.0653433799743652	1.3120065927505493	0.5225976705551147	1.4350850582122803	0.0	0.9310888051986694	0.0	0.0	0.9799172878265381	0.0	0.4761507213115692	1.838762879371643	0.0	0.0	0.0	0.9721134901046753	0.0	0.0	0.0	0.0	0.0	0.6718851923942566	0.0	0.0	0.0	0.8803589344024658	0.4689713716506958	0.0	0.0	0.0	0.7328323721885681	3.6430399417877197	0.0	0.0	0.0	0.6853948831558228	0.0	0.0	0.0	0.0	0.0	1.4113810062408447	0.534405529499054	0.0	0.0	0.0	0.0	0.0	0.3059743344783783	1.1982214450836182	0.0	0.0	0.0	0.0	0.0	0.4033956229686737	0.5764361619949341	0.0	3.1928813457489014	0.0	1.455306887626648	0.0	0.0	0.8233141899108887	0.0	1.752960205078125	0.0	0.24752764403820038	1.5256139039993286	1.406746745109558	0.0	0.0	0.0	0.4436235725879669	0.0	2.747192621231079	0.0	0.0	0.8906546235084534	0.0	0.0	0.17475272715091705	0.0	0.0	0.0	0.0	0.0	0.0	0.0	0.0	1.621928095817566	0.0	0.0	0.6003304719924927	0.0	0.7605032920837402	2.7698071002960205	0.6320514678955078	0.0	0.0	0.0	0.5587214827537537	0.0	0.0	0.0	0.0	0.0	2.9433302879333496	0.0	0.0	0.0	0.4045925736427307	0.0	0.0	0.0	1.763683557510376	0.0	0.0	0.6633849740028381	0.0	0.0	0.0	0.0	0.1531677544116974	0.0	0.0	1.5135509967803955	0.0	0.0	0.9342647194862366	0.0	0.0	0.34794580936431885	0.7178067564964294	0.756229817867279	0.0	0.904507577419281	0.0	2.641766309738159	2.7807629108428955	0.0	0.0	0.0	0.0	1.0281137228012085	0.0	0.0	3.8009960651397705	1.483890414237976	0.0	0.0	0.0	1.3219470977783203	0.0	0.0	0.0	1.1661072969436646	0.0	0.0	0.0	0.0	0.0	0.0	0.0	0.0	0.0	0.0	0.0	0.8426198363304138	0.0	3.8663811683654785	0.9446873664855957	0.0	0.19631324708461761	0.0	0.0	0.0	0.0	0.0	0.0	0.19679506123065948	0.0	2.2184927463531494	1.8255671262741089	0.0	0.0	0.07779251039028168	0.0	0.0	0.0	1.7204890251159668	0.7624253034591675	1.501312494277954	1.7068989276885986	0.0	0.0	0.0	0.7846524119377136	0.022487318143248558	1.146501064300537	0.6956318020820618	0.0	0.0	1.6505783796310425	1.0615593194961548	0.0	0.0	0.0	0.0	0.0	2.10467791557312	0.0	0.0	0.0	0.72704017162323	1.47601318359375	1.7297098636627197	0.0	0.12914404273033142	0.0	0.4517642557621002	1.217908263206482	0.0	0.0	0.0	2.780407667160034	0.0	0.0
0.0	0.0	0.0	0.2822044789791107	2.651275396347046	0.0	0.0	0.0	2.423676013946533	0.17205871641635895	1.9080148935317993	0.0	0.3956550657749176	0.5266083478927612	0.578725278377533	2.8858425617218018	0.2704581320285797	0.09643407166004181	0.0	0.30738526582717896	0.0	0.12333422154188156	0.0	0.7356929779052734	0.0	0.0	0.3658294081687927	0.0	0.2544482350349426	0.7247591018676758	0.0	1.565739631652832	0.0	0.32361742854118347	0.0	0.3429228365421295	0.12692749500274658	0.0	0.0	0.6811597347259521	0.0	0.0	0.0	1.8233078718185425	0.0	0.0	0.0	0.0	0.0	1.6676267385482788	0.0	0.0	0.0	0.0	0.0896240696310997	0.0	0.0	0.0	0.2320214956998825	2.1708314418792725	0.0	0.0	0.0	0.7620416283607483	0.0	0.0	0.0	0.0	0.0	0.28697338700294495	0.5470283627510071	0.0	0.0	0.0	0.0	0.0	0.4327816367149353	0.8016176819801331	0.0	0.0	0.0	0.0	0.0	0.0	0.0	0.0	1.7666611671447754	0.0	1.563729166984558	0.0	0.0	0.20043516159057617	0.0	0.9142391085624695	0.0	0.0	0.5891908407211304	1.7433679103851318	0.0	0.0	0.0	0.3583986461162567	0.0	1.1260484457015991	0.0	0.0	0.47752025723457336	1.0664759874343872	0.0	0.6749246716499329	0.0	0.0	0.0	0.0	0.0	0.0	0.37140318751335144	0.0	2.180753469467163	0.0	0.0	0.9550179243087769	0.0	1.4454487562179565	1.5281946659088135	0.9618666172027588	0.0	0.0	0.0	1.641364336013794	0.0	0.0	0.2915523648262024	0.0	0.0	3.3734827041625977	0.16211043298244476	0.0	0.0	0.0	0.0	0.0	0.0	0.5534254908561707	0.3371164798736572	0.0	0.4756060838699341	0.0	0.0	0.0	0.0	1.0318520069122314	0.0	0.0	0.9791979789733887	0.0	0.0	1.0759776830673218	0.0	0.0	0.38716766238212585	0.9308798909187317	0.5767825245857239	0.0	0.527930736541748	0.0	1.5818150043487549	2.6517248153686523	0.0	0.0	0.0	0.0	0.12116874009370804	0.0	0.0	3.1849148273468018	1.7342549562454224	0.0	0.0	0.0	1.7837035655975342	0.0	0.0	0.0	0.14258871972560883	0.0	0.0	0.0	0.0	0.0	0.0	0.0	0.0	0.0	0.0	0.0	0.0	0.0	3.170610189437866	0.3784792721271515	0.0	0.297357439994812	0.0	0.0	0.0	0.0	0.0	0.0	1.0122359991073608	0.0	2.699282169342041	2.332301616668701	0.0	0.0	0.12596163153648376	0.0	0.0	0.0	0.1474791169166565	0.20030608773231506	1.1303881406784058	1.9517028331756592	0.0	0.0	0.0	0.08480783551931381	1.2079626321792603	0.3850414752960205	0.0	0.0	0.0	2.652895212173462	2.1019253730773926	0.0	0.0	0.0	0.0	0.0	1.7270612716674805	0.0	0.0	0.0	0.12080501019954681	1.2289124727249146	0.36398085951805115	0.0	1.0555063486099243	0.0	0.0	0.653997004032135	0.0	0.0	0.0	2.4860756397247314	0.0	0.0
0.0	0.0	0.0	0.3178432583808899	1.419703722000122	0.0	0.4763825237751007	0.0	2.004350423812866	1.0662287473678589	0.8223415017127991	0.0	1.456784963607788	0.21646469831466675	0.12700077891349792	1.8116133213043213	0.0	0.6753237843513489	1.0685003995895386	1.0598222017288208	0.7352607250213623	1.1627823114395142	0.0	0.9996095299720764	0.0	0.0	0.5718874931335449	0.5556378364562988	0.7773610353469849	1.0815861225128174	0.34054672718048096	1.5098286867141724	0.0	1.335873007774353	0.0	0.6490240097045898	1.4358806610107422	0.0	0.7832276225090027	1.2175222635269165	0.0	0.0	0.0	0.14859983325004578	0.0	0.0	0.0	0.0	0.0	0.5270184278488159	0.0	0.0	0.0	0.29627925157546997	0.6758713722229004	0.0	0.0	0.0	0.9171769022941589	2.3023040294647217	0.0	0.0	0.0	0.8772907257080078	0.0	0.0	0.0	0.0	0.0	1.3608810901641846	0.0661780834197998	0.0	0.0	0.0	0.0	0.0	1.088810920715332	0.5757396221160889	0.0	0.0	0.0	0.0	0.0	0.0	0.9299246668815613	0.0	1.9345734119415283	0.0	0.38415712118148804	0.0	0.0	0.7275663018226624	0.0	1.7742102146148682	0.0	0.7684584259986877	1.25444495677948	1.1144616603851318	0.0	0.0	0.0	0.10111235827207565	0.0	1.8094533681869507	0.0	0.0	0.4081467390060425	0.17056964337825775	0.0	0.0	0.0	0.0	0.0	0.0	0.0	0.0	0.06446921825408936	0.0	1.2282230854034424	0.0	0.0	0.5060694813728333	0.0	0.5035995841026306	1.9123274087905884	0.43293821811676025	0.0	0.0	0.0	0.19240736961364746	0.0	0.0	0.5235762596130371	0.0	0.0	2.0659005641937256	0.13923312723636627	0.0	0.0	0.6174097061157227	0.0	0.0	0.0	0.886816680431366	0.0	0.0	0.4930645525455475	0.0	0.0	0.0	0.0	0.0	0.0	0.0	1.7969996929168701	0.0	0.0	0.7833094596862793	0.0	0.0	0.5700426697731018	0.9717915654182434	0.7466949224472046	0.0	0.8779512643814087	0.0	1.7486518621444702	2.324528455734253	0.0	0.0	0.0	0.0	0.929953932762146	0.0	0.0	2.357078790664673	0.6573992371559143	0.0	0.0	0.0	0.8432183861732483	0.5015550851821899	0.0	0.0	1.1590733528137207	0.0	0.0	0.0	0.0	0.0	0.0	0.0	0.0	0.0	0.25272706151008606	0.0	1.0309401750564575	0.0	2.6327319145202637	0.9936376214027405	0.0	0.0	0.0	0.0	0.0	0.0	0.0	0.0	0.29132524132728577	0.0	1.6153359413146973	1.1124871969223022	0.0	0.0	0.41755008697509766	0.0	0.0	0.0	1.4191309213638306	1.0603269338607788	0.9761136770248413	0.925334095954895	0.0	0.0	0.0	1.1624900102615356	0.5944156646728516	0.6811856031417847	1.0831407308578491	0.0	0.0	0.6749438047409058	0.946301281452179	0.0	0.0	0.0	0.0	0.0	0.8466945290565491	0.0	0.0	0.0	0.9745597243309021	0.5403667688369751	1.5163071155548096	0.0	0.229352205991745	0.0	0.7447142004966736	1.0193140506744385	0.0	0.01742647774517536	0.0	0.970163881778717	0.0	0.0
0.0	0.0	0.0	0.34178608655929565	1.477010726928711	0.0	0.6812666654586792	0.0	2.7908143997192383	1.344708800315857	1.1605249643325806	0.0	1.2631077766418457	0.2857610881328583	0.19320543110370636	2.247514009475708	0.0	0.8897640705108643	1.0110424757003784	0.8397189378738403	0.960139274597168	1.0893232822418213	0.0	1.024284839630127	0.0	0.0	1.1601650714874268	0.7365732192993164	1.4301834106445312	1.4977089166641235	0.3077396750450134	2.1388018131256104	0.0	1.284580111503601	0.0	0.0	1.4469516277313232	0.0	1.4417837858200073	1.3870389461517334	0.0	0.0	0.0	0.0	0.0	0.0	0.0	0.0	0.0	0.4476121664047241	0.0	0.0	0.0	0.34157127141952515	0.739409327507019	0.0	0.0	0.0	1.2279136180877686	2.608553886413574	0.0	0.0	0.0	1.1679341793060303	0.0	0.0	0.0	0.0	0.0	1.557861328125	0.23699365556240082	0.0	0.0	0.0	0.0	0.0	1.0400820970535278	1.1101003885269165	0.0	0.1339917778968811	0.0	0.0	0.0	0.09320211410522461	1.091073989868164	0.0	2.516566514968872	0.0	0.8615322709083557	0.0	0.0	1.1970397233963013	0.0	2.1945881843566895	0.0	1.0264073610305786	1.7833490371704102	1.6805667877197266	0.0	0.0	0.0	0.0	0.0	2.1709346771240234	0.0	0.0	0.657478928565979	0.1260562688112259	0.0	0.0	0.0	0.0	0.0	0.0	0.0	0.0	0.4336647093296051	0.0	1.5933892726898193	0.0	0.0	0.010516750626266003	0.0	1.1594606637954712	1.7479692697525024	0.8077263832092285	0.0	0.0	0.0	0.0	0.0	0.0	1.042150855064392	0.0	0.0	2.9815926551818848	0.28132179379463196	0.0	0.0	0.3390827178955078	0.0	0.0	0.0	0.8055912256240845	0.0	0.0	0.5565592646598816	0.0	0.0	0.0	0.0	0.0	0.0	0.0	1.9037071466445923	0.0	0.0	0.9433414936065674	0.0	0.0	0.9046457409858704	1.117131233215332	1.26808762550354	0.0	1.0594515800476074	0.0	2.2789032459259033	2.833378553390503	0.0	0.0	0.0	0.0	0.8415457010269165	0.0	0.0	2.5844664573669434	0.7244420051574707	0.0	0.0	0.0	1.3467581272125244	0.01922464743256569	0.0	0.0	1.5039199590682983	0.0	0.0	0.0	0.0	0.0	0.0	0.0	0.0	0.0	0.5937701463699341	0.0	1.2625534534454346	0.0	3.361375093460083	1.1172105073928833	0.0	0.0	0.0	0.0	0.0	0.0	0.0	0.0	0.8169723153114319	0.0	1.9051426649093628	1.6463696956634521	0.0	0.0	0.36475467681884766	0.0	0.0	0.0	1.9891401529312134	1.519295573234558	1.1736810207366943	0.973717451095581	0.0	0.0	0.0	1.2059212923049927	0.45160192251205444	1.3403871059417725	0.6561127305030823	0.0	0.0	1.1158850193023682	1.1546218395233154	0.0	0.0	0.0	0.0	0.0	1.125154972076416	0.0	0.0	0.0	1.0468825101852417	0.23603343963623047	1.93740975856781	0.0	0.07132694125175476	0.0	0.6817474961280823	1.346954584121704	0.0	0.0	0.0	1.1319504976272583	0.0	0.0
0.0	0.0	0.0	0.0	1.4450570344924927	0.0	0.4275197386741638	0.0	2.8616650104522705	1.2215845584869385	1.2106436491012573	0.0	1.0859053134918213	0.134061798453331	0.0004370726819615811	1.4361053705215454	0.0	0.44058758020401	0.710314929485321	0.9208840131759644	0.7587124109268188	1.2681342363357544	0.0	1.021767258644104	0.0	0.0	0.9068048000335693	0.6106914281845093	0.9921550154685974	1.1407291889190674	0.4576631486415863	2.0885143280029297	0.0	0.8581311702728271	0.0	0.2203737497329712	0.8571305871009827	0.0	0.7185397744178772	0.9525925517082214	0.0	0.0	0.0	0.5133543610572815	0.0	0.0	0.0	0.0	0.0	0.6058657169342041	0.0	0.0	0.0	0.596193253993988	0.3373569846153259	0.0	0.0	0.0	1.1397322416305542	2.2110307216644287	0.0	0.0	0.0	0.8823063373565674	0.0	0.0	0.0	0.0	0.0	1.568095088005066	0.14838910102844238	0.0	0.0	0.0	0.0	0.0	0.8650978207588196	0.4836196303367615	0.0	0.0	0.0	0.0	0.0	0.4502643048763275	0.7864316701889038	0.0	2.263906478881836	0.0	0.3683728873729706	0.0	0.0	0.7359698414802551	0.0	1.6898715496063232	0.0	0.44717279076576233	1.6564266681671143	1.4140304327011108	0.0	0.0	0.0	0.0	0.0	2.183147430419922	0.0	0.0	0.5657939910888672	0.0	0.0	0.0	0.0	0.0	0.0	0.0	0.0	0.0	0.0	0.0	0.9260962009429932	0.0	0.0	0.6664789319038391	0.0	0.8644636273384094	1.8164480924606323	0.14955788850784302	0.0	0.0	0.0	0.07055764645338058	0.0	0.0	0.2605447769165039	0.0	0.0	1.9950450658798218	0.23522424697875977	0.0	0.0	0.6802733540534973	0.0	0.11166668683290482	0.0	0.5716880559921265	0.0	0.0	0.0	0.0	0.0	0.0	0.0	0.0	0.0	0.0	1.6011934280395508	0.0	0.0	0.6723527312278748	0.0	0.0	1.0315544605255127	0.5630226135253906	0.7031524181365967	0.0	0.6341680288314819	0.0	2.063462495803833	2.5338311195373535	0.0	0.0	0.0	0.0	0.6164165735244751	0.0	0.0	2.4734535217285156	0.8062981963157654	0.0	0.0	0.0	0.8446750640869141	0.15239258110523224	0.0	0.0	0.9159983396530151	0.0	0.0	0.0	0.0	0.0	0.0	0.0	0.0	0.0	0.056445661932229996	0.0	0.971230685710907	0.0	2.948723316192627	0.677954375743866	0.0	0.0	0.0	0.0	0.0	0.0	0.0	0.0	0.31552985310554504	0.0	1.4696142673492432	1.1330455541610718	0.0	0.0	0.0	0.0	0.0	0.0	1.5592293739318848	0.9515964984893799	0.8459159135818481	0.7727099061012268	0.0	0.0	0.0	0.9486538171768188	0.5431634783744812	0.8122643828392029	0.9939426779747009	0.0	0.0	0.581055223941803	0.896295964717865	0.0	0.0	0.0	0.0	0.0	1.4703229665756226	0.0	0.0	0.0	0.8313068151473999	0.3726070523262024	1.5032622814178467	0.0	0.0	0.0	0.7946968674659729	1.4705122709274292	0.0	0.0	0.0	1.031275749206543	0.0	0.0
0.0	0.0	0.0	1.344609022140503	1.00972318649292	0.0	0.5454362034797668	0.0	2.919830083847046	0.5083814859390259	2.1503803730010986	0.0	1.092660903930664	0.6586613655090332	0.0	3.3911526203155518	0.1741301566362381	0.8542407751083374	0.856754720211029	0.0	0.15672774612903595	0.8045520186424255	0.0	0.0	0.0	0.0	0.06824178993701935	0.0	1.1686606407165527	1.149043321609497	0.9786747694015503	1.4913150072097778	0.0	0.5153349041938782	0.0	0.0	1.2102512121200562	0.0	0.37987491488456726	1.6751614809036255	0.0	0.0	0.0	0.4336290657520294	0.0	0.0	0.7398738265037537	0.0	0.0	0.2448691725730896	0.0	0.0	0.0	0.9577651023864746	0.25031787157058716	0.0	0.0	0.0	0.42825064063072205	3.0605764389038086	0.0	0.0	0.0	0.07018330693244934	0.0	0.0	0.0	0.0	0.0	1.156509280204773	0.08687934279441833	0.0	0.0	0.0	0.0	0.0	0.4509637951850891	0.209345743060112	0.0	0.0	0.0	0.0	0.48797205090522766	0.0	0.5680543184280396	0.0	2.6603195667266846	0.0	2.1577181816101074	0.0	0.0	0.5058789849281311	0.0	0.7960212826728821	0.0	0.4472876787185669	1.413106083869934	0.2892909049987793	0.0	0.0	0.0	0.5035490393638611	0.0	2.267906665802002	0.0	0.0	1.2853169441223145	0.04885255545377731	0.0	0.7015069127082825	0.0	0.0	0.0	0.0	0.0	0.0	0.0	0.0	1.665002465248108	0.0	0.0	0.10750889033079147	0.0	0.4731525778770447	2.425563335418701	0.7892504334449768	0.0	0.0	0.0	0.13086079061031342	0.0	0.0	0.0	0.0	0.0	2.3722684383392334	0.0	0.0	0.0	0.20689833164215088	0.0	0.0	0.0	1.1333285570144653	0.0	0.0	1.217910647392273	0.0	0.0	0.0	0.0	0.24969319999217987	0.0	0.0	0.9112703800201416	0.0	0.0	1.281875729560852	0.0	0.0	0.0	0.696358859539032	0.3401395380496979	0.0	0.6758280396461487	0.0	1.4302308559417725	2.064514636993408	0.0	0.0	0.0	0.0	1.3842382431030273	0.0	0.0	3.175699472427368	1.4794236421585083	0.0	0.0	0.0	1.2527681589126587	0.0	0.0	0.0	0.6353389024734497	0.0	0.0	0.0	0.0	0.0	0.0	0.0	0.0	0.0	0.29950642585754395	0.0	0.8466300368309021	0.0	3.3242380619049072	0.0	0.0	0.23835860192775726	0.0	0.0	0.0	0.0	0.0	0.0	0.0	0.0	1.0571351051330566	1.1711962223052979	0.0	0.0	0.9486900568008423	0.0	0.0	0.0	1.2193894386291504	0.8190844058990479	2.192401885986328	1.3234783411026	0.0	0.0	0.0	1.105554461479187	0.0	1.5426419973373413	0.7160472273826599	0.0	0.0	0.7454065680503845	0.8052183985710144	0.0	0.0	0.0	0.0	0.0	1.829489827156067	0.0	0.0	0.0	2.0457746982574463	1.7130697965621948	1.0188243389129639	0.0	0.0	0.0	0.2611619532108307	1.1174201965332031	0.0	0.0	0.0	2.344771146774292	0.0	0.0
0.0	0.0	0.0	0.5240962505340576	1.149559497833252	0.0	0.4738689661026001	0.0	2.38185977935791	0.5066701769828796	0.7864718437194824	0.0	0.9008893966674805	0.6159500479698181	0.0	2.489537000656128	0.0	0.6851030588150024	0.5050801634788513	0.2573467493057251	0.8348709940910339	0.15762779116630554	0.0	0.7158085107803345	0.0	0.0	0.513876736164093	0.5007790923118591	0.8483608961105347	0.7166352272033691	0.6005373597145081	1.1206408739089966	0.0	0.8481811881065369	0.0	0.0	0.39831286668777466	0.0	0.37876003980636597	1.1559876203536987	0.0	0.0	0.0	0.9176442623138428	0.0	0.0	0.10150792449712753	0.0	0.0	0.4986776113510132	0.0	0.0	0.0	0.2493506520986557	0.24748902022838593	0.0	0.0	0.0	0.2170955091714859	1.9027754068374634	0.0	0.0	0.0	0.0	0.0	0.0	0.0	0.0	0.0	0.7259078025817871	0.0	0.0	0.0	0.0	0.0	0.0	0.2601161301136017	0.47966140508651733	0.0	0.0	0.0	0.0	0.585848331451416	0.03192133828997612	0.3433104455471039	0.0	1.9556958675384521	0.0	1.5488489866256714	0.0	0.0	0.8268411755561829	0.0	0.5979760885238647	0.0	0.26460203528404236	1.4093804359436035	1.169179916381836	0.0	0.0	0.0	0.0	0.0	1.5285732746124268	0.0	0.0	1.0516815185546875	0.35015949606895447	0.0	0.0911342054605484	0.0	0.0	0.0	0.0	0.0	0.0	0.0	0.0	0.9485092163085938	0.0	0.0	0.3311310112476349	0.0	0.3722262382507324	1.7519017457962036	0.4326710104942322	0.0	0.0	0.0	0.20556262135505676	0.0	0.0	0.0	0.0	0.0	1.820257306098938	0.16531315445899963	0.0	0.0	0.1463632732629776	0.0	0.0	0.0	1.3685256242752075	0.21910318732261658	0.0	0.6921119689941406	0.0	0.0	0.0	0.0	0.4419686496257782	0.0	0.0	1.1363108158111572	0.0	0.0	0.8775067925453186	0.0	0.0	0.47446882724761963	0.4028324484825134	0.2468363642692566	0.0	0.39018693566322327	0.0	1.0072225332260132	1.6967198848724365	0.0	0.0	0.0	0.0	0.7591805458068848	0.0	0.0	2.34643816947937	1.1050410270690918	0.0	0.0	0.018921323120594025	1.0966670513153076	0.1499365121126175	0.0	0.0	0.2513488829135895	0.0	0.0	0.0	0.0	0.0	0.0	0.0	0.0	0.0	0.0	0.0	0.2607008218765259	0.0	2.786508321762085	0.1278734803199768	0.0	0.0	0.0	0.0	0.0	0.0	0.0	0.0	0.7265223264694214	0.0	1.0136125087738037	0.9427947402000427	0.0	0.0	0.5719375610351562	0.0	0.0	0.0	0.8145878911018372	0.5572792887687683	1.2517149448394775	1.5336123704910278	0.0	0.0	0.0	0.8484070897102356	0.14648310840129852	1.046647548675537	0.6736000776290894	0.0	0.0	0.62715744972229	0.9167396426200867	0.0	0.0	0.0	0.0	0.0	1.1924285888671875	0.0	0.0	0.0	1.0420492887496948	0.8191664814949036	0.8374192118644714	0.0	0.0	0.0	0.6938526034355164	1.2066311836242676	0.0	0.0	0.0	1.6880227327346802	0.0	0.0
0.0	0.0	0.0	0.011009270325303078	2.2679519653320312	0.0	0.0	0.0	2.300062417984009	0.30792921781539917	2.2957663536071777	0.0	0.19843529164791107	0.09891115874052048	0.07588458061218262	2.3685879707336426	0.07901907712221146	0.0	0.0	0.4454113841056824	0.0	0.10019831359386444	0.0	0.32909098267555237	0.0	0.0	0.0	0.057100649923086166	0.34708282351493835	0.3255874812602997	0.05033164471387863	1.8486567735671997	0.0	0.41511982679367065	0.0	0.3653699457645416	0.38501906394958496	0.0	0.0	0.7518619894981384	0.0	0.0	0.0	1.335453748703003	0.0	0.0	0.04194943234324455	0.0	0.0	1.1441160440444946	0.0	0.0	0.0	0.0	0.0	0.0	0.0	0.0	0.14697308838367462	2.135141372680664	0.0	0.0	0.0	0.35915011167526245	0.0	0.0	0.0	0.0	0.0	0.45698845386505127	0.0	0.0	0.0	0.0	0.0	0.0	0.10082260519266129	0.381008118391037	0.0	0.0	0.0	0.0	0.0	0.0	0.04794776439666748	0.0	1.703680396080017	0.0	1.2047592401504517	0.0	0.0	0.20470350980758667	0.0	0.9421818852424622	0.0	0.014616474509239197	0.6880316138267517	0.9153887629508972	0.0	0.0	0.0	0.4932374656200409	0.0	1.7652983665466309	0.0	0.0	0.03571197763085365	0.7726314067840576	0.0	1.0821348428726196	0.0	0.0	0.0	0.0	0.0	0.0	0.0	0.0	1.9882769584655762	0.0	0.0	0.06794445216655731	0.0	1.3412338495254517	1.656402349472046	0.5346077680587769	0.0	0.0	0.0	1.265640377998352	0.0	0.0	0.0	0.0	0.0	2.804697275161743	0.0402405746281147	0.0	0.0	0.0	0.0	0.0	0.0	0.4665937125682831	0.0	0.0	0.47939643263816833	0.0	0.0	0.0	0.0	0.7396453619003296	0.0	0.0	0.6500069499015808	0.0	0.0	0.5905510187149048	0.0	0.0	0.0	0.21010315418243408	0.024423006922006607	0.0	0.48699119687080383	0.0	1.5034390687942505	2.2620010375976562	0.0	0.0	0.0	0.0	0.1393076330423355	0.0	0.0	3.0764567852020264	1.7053618431091309	0.0	0.0	0.0	1.1806633472442627	0.0	0.0	0.0	0.09656984359025955	0.0	0.0	0.0	0.0	0.0	0.0	0.0	0.0	0.0	0.0	0.0	0.0	0.0	2.978240489959717	0.0	0.0	0.4542309045791626	0.0	0.0	0.0	0.0	0.0	0.0	0.44975996017456055	0.0	2.354933500289917	1.6718859672546387	0.0	0.0	0.0	0.0	0.0	0.0	0.40606504678726196	0.2652195692062378	1.4693080186843872	1.5160542726516724	0.0	0.0	0.0	0.10315793007612228	0.5594537854194641	0.36269843578338623	0.0	0.0	0.0	1.5955990552902222	1.1703693866729736	0.0	0.0	0.0	0.0	0.0	1.5489054918289185	0.0	0.0	0.0	0.25865328311920166	1.56242835521698	0.6541440486907959	0.0	0.6663761138916016	0.0	0.06713913381099701	0.28438547253608704	0.0	0.0	0.0	2.2907614707946777	0.0	0.0
0.0	0.0	0.0	0.03588107228279114	0.22944636642932892	0.0	0.2504165470600128	0.0	0.6365671157836914	0.39472904801368713	0.0	0.0	0.45218348503112793	0.3637028932571411	0.07724955677986145	0.4889196455478668	0.0	0.24982880055904388	0.3124163746833801	0.4898572266101837	0.27336764335632324	0.19717347621917725	0.0	0.5771966576576233	0.0	0.0	0.28539660573005676	0.6336784362792969	0.37777596712112427	0.2922119200229645	0.2618311643600464	0.2642177641391754	0.0	0.42231443524360657	0.0	0.4271760582923889	0.38111642003059387	0.0	0.3904981017112732	0.37087392807006836	0.0	0.0	0.0	0.0	0.0	0.0	0.0	0.0	0.0	0.15818877518177032	0.0	0.0	0.0	0.0	0.35694560408592224	0.0	0.0	0.05072656646370888	0.8143768310546875	0.43394869565963745	0.0	0.0	0.0	0.33822891116142273	0.0	0.0	0.0	0.0	0.0	0.27965161204338074	0.33943575620651245	0.0	0.0	0.0	0.0	0.0	0.39801546931266785	0.39813733100891113	0.0	0.11951680481433868	0.0	0.0	0.1277596801519394	0.038970448076725006	0.33553698658943176	0.0	0.5449361801147461	0.0	0.0	0.0	0.0	0.5848684310913086	0.0	0.5507074594497681	0.0	0.3553211987018585	0.4987706243991852	0.40498626232147217	0.0	0.039219580590724945	0.0	0.0	0.0	0.4165174067020416	0.0	0.0	0.1360979974269867	0.0	0.0	0.0	0.0	0.05002738535404205	0.0	0.0	0.0	0.0	0.0	0.0	0.19030562043190002	0.0	0.0055953869596123695	0.2595970034599304	0.0	0.0	0.15358947217464447	0.11912260204553604	0.0	0.0	0.0	0.0	0.07731159776449203	0.0	0.10059115290641785	0.0	0.0	0.47269943356513977	0.2690603733062744	0.0	0.0	0.0	0.0	0.0	0.0	0.6212447881698608	0.31319084763526917	0.0	0.1237858384847641	0.0	0.0	0.0	0.0	0.061091963201761246	0.0	0.0	0.5467276573181152	0.0	0.0	0.3881581723690033	0.0	0.0	0.32774853706359863	0.31610676646232605	0.33132678270339966	0.08148513734340668	0.2876363694667816	0.0	0.3453250527381897	0.4920896589756012	0.0	0.0	0.0	0.0	0.29553452134132385	0.0	0.390362948179245	0.31915685534477234	0.0	0.0	0.0	0.2525351047515869	0.3094925284385681	0.24460580945014954	0.0	0.0	0.32422131299972534	0.0	0.0	0.0	0.0	0.0	0.0	0.0	0.0	0.0	0.2964448034763336	0.0	0.41047242283821106	0.0	0.5802730917930603	0.5392730832099915	0.0	0.0	0.0	0.0	0.0	0.0	0.0	0.0	0.27167555689811707	0.0	0.16744184494018555	0.3324148952960968	0.06221701204776764	0.0	0.0	0.0	0.0	0.0	0.5321989059448242	0.5373095273971558	0.1121169850230217	0.38925448060035706	0.0	0.0	0.0	0.22291606664657593	0.3385598063468933	0.26194074749946594	0.5353971123695374	0.0	0.0	0.0882369875907898	0.35816866159439087	0.17178121209144592	0.0	0.0	0.0	0.0	0.1858275681734085	0.0	0.0	0.0	0.3402736485004425	0.0	0.6490938663482666	0.0	0.0501859150826931	0.0	0.5225092768669128	0.4507582187652588	0.0	0.16086339950561523	0.0	0.12291320413351059	0.0	0.0
0.0	0.0	0.0	0.0	1.7043471336364746	0.0	0.06961403042078018	0.0	1.8861382007598877	0.18200162053108215	0.9253454208374023	0.0	0.45536476373672485	0.0	0.23836871981620789	1.0004751682281494	0.0	0.15227538347244263	0.23087561130523682	0.7497995495796204	0.2680090367794037	0.9192093014717102	0.0	0.9586194157600403	0.0	0.0	0.2341713160276413	0.47623300552368164	0.2914578318595886	0.561734139919281	0.0	1.5897624492645264	0.0	0.6689413785934448	0.0	0.44224971532821655	0.8645821213722229	0.0	0.6389750838279724	0.14249470829963684	0.0	0.0	0.0	0.3009207248687744	0.0	0.0	0.0	0.0	0.0	0.938555896282196	0.0	0.0	0.0	0.19643659889698029	0.3406473994255066	0.0	0.0	0.0	0.7863667607307434	2.0536139011383057	0.0	0.0	0.0	0.7391396164894104	0.0	0.0	0.0	0.0	0.0	0.9676049947738647	0.2721764147281647	0.0	0.0	0.0	0.0	0.0	0.7733943462371826	0.4039071202278137	0.0	0.10650206357240677	0.0	0.0	0.0	0.0	0.6819514632225037	0.0	1.2251875400543213	0.0	0.0	0.0	0.0	0.07640381157398224	0.0	1.978879451751709	0.0	0.7726240158081055	0.44533348083496094	1.1592293977737427	0.0	0.0	0.0	0.23688969016075134	0.0	1.239245057106018	0.0	0.0	0.0	0.4216096103191376	0.0	0.08745363354682922	0.0	0.0	0.0	0.0	0.0	0.0	0.0	0.0	1.4121508598327637	0.0	0.0	0.0	0.0	0.8873604536056519	1.8319908380508423	0.358609139919281	0.0	0.0	0.0	0.5873957872390747	0.0	0.0	0.5748359560966492	0.0	0.0	2.3540470600128174	0.16539564728736877	0.0	0.0	0.3144121766090393	0.0	0.0	0.0	0.37977686524391174	0.0	0.0	0.0	0.0	0.0	0.0	0.0	0.2120245397090912	0.0	0.0	1.5198192596435547	0.0	0.0	0.2709411680698395	0.0	0.0	0.5806998610496521	0.7400656342506409	0.6208904385566711	0.0	0.9924663305282593	0.0	1.845801591873169	2.2173924446105957	0.0	0.0	0.0	0.0	0.5898285508155823	0.0	0.0	1.7534148693084717	0.6960747838020325	0.0	0.0	0.0	0.7251870632171631	0.0	0.0	0.0	0.8372693061828613	0.0	0.0	0.0	0.0	0.0	0.0	0.0	0.0	0.0	0.09612598270177841	0.0	0.43704646825790405	0.0	1.6396093368530273	0.607345700263977	0.0	0.23558133840560913	0.0	0.0	0.0	0.0	0.0	0.0	0.5681299567222595	0.0	1.4457052946090698	0.8881085515022278	0.0	0.0	0.0	0.0	0.0	0.0	1.2261321544647217	0.7763166427612305	0.6512733697891235	0.4592018127441406	0.0	0.0	0.0	0.8113484382629395	1.003280520439148	0.1880015879869461	0.4479130506515503	0.0	0.0	0.9314854741096497	0.932349681854248	0.0	0.0	0.0	0.0	0.0	0.5245554447174072	0.0	0.0	0.0	0.5837631821632385	0.5797663331031799	1.3619033098220825	0.0	0.0	0.0	0.5130081176757812	0.3248954713344574	0.0	0.0	0.0	0.7890171408653259	0.0	0.0
0.0	0.0	0.0	0.0	2.42852783203125	0.0	0.07213446497917175	0.0	4.257448196411133	0.5289595723152161	2.738234758377075	0.0	0.5675697922706604	0.5340219140052795	0.0	3.683178663253784	0.0	0.6336448788642883	0.12641026079654694	0.2766400873661041	0.8590941429138184	0.0	0.0	0.5021145343780518	0.0	0.0	0.2203672230243683	0.0	0.8438387513160706	1.5356478691101074	0.6414207816123962	2.4501190185546875	0.0	0.300251305103302	0.0	0.24919605255126953	0.3687562346458435	0.0	0.0	1.1447118520736694	0.0	0.0	0.0	1.9733891487121582	0.0	0.0	0.042385175824165344	0.0	0.0	1.473061442375183	0.0	0.0	0.0	0.2624495029449463	0.0	0.0	0.0	0.0	0.4304605722427368	3.5111427307128906	0.0	0.0	0.0	0.33632785081863403	0.0	0.0	0.0	0.0	0.0	0.7379622459411621	0.0	0.0	0.0	0.0	0.0	0.0	0.8971853852272034	0.919135570526123	0.0	0.0	0.0	0.0	0.11598721891641617	0.0	0.3776240646839142	0.0	2.4887735843658447	0.0	1.8628215789794922	0.0	0.0	0.01726953499019146	0.0	1.3973430395126343	0.0	0.5950236320495605	1.5486302375793457	1.8821285963058472	0.0	0.0	0.0	0.6007751226425171	0.0	2.4231035709381104	0.0	0.0	1.2871263027191162	0.9624081254005432	0.0	0.9685670733451843	0.0	0.0	0.0	0.0	0.0	0.0	0.6474725604057312	0.0	2.5486743450164795	0.0	0.0	0.8930112719535828	0.0	1.2233264446258545	2.6780853271484375	1.5918282270431519	0.0	0.0	0.0	0.49848997592926025	0.0	0.0	0.0	0.0	0.0	4.098663330078125	0.08031781762838364	0.0	0.0	0.0	0.0	0.0	0.0	1.2247498035430908	0.0	0.0	0.9549493789672852	0.0	0.0	0.0	0.0	1.002961277961731	0.0	0.0	1.090285301208496	0.0	0.0	1.631457805633545	0.0	0.0	0.0	0.8408542275428772	0.49449092149734497	0.0	0.0	0.0	1.806673288345337	3.3775055408477783	0.0	0.0	0.0	0.0	0.7911728620529175	0.0	0.0	4.509803295135498	2.5078301429748535	0.0	0.0	0.0	1.8143473863601685	0.0	0.0	0.0	0.05112007260322571	0.0	0.0	0.0	0.0	0.0	0.0	0.0	0.0	0.0	0.0	0.0	0.0	0.0	4.797614574432373	0.19979684054851532	0.0	0.19530802965164185	0.0	0.0	0.0	0.0	0.0	0.0	1.313293695449829	0.0	3.594114303588867	2.265547513961792	0.0	0.0	0.7622988820075989	0.0	0.0	0.0	0.7944276928901672	0.512624204158783	1.9260625839233398	2.72288179397583	0.0	0.0	0.0	0.13782499730587006	1.0926529169082642	1.0627777576446533	0.20250564813613892	0.0	0.0	2.3423209190368652	2.1881768703460693	0.0	0.0	0.0	0.0	0.0	2.4990010261535645	0.0	0.0	0.0	0.6054098010063171	1.5403728485107422	0.9882080554962158	0.0	0.40628162026405334	0.0	0.5317367911338806	0.9934902787208557	0.0	0.0	0.0	3.13919997215271	0.0	0.0
0.0	0.0	0.0	0.307914137840271	1.6353061199188232	0.0	0.4867667555809021	0.0	2.922600269317627	0.9995765686035156	1.1389060020446777	0.0	1.298715591430664	1.1270151138305664	0.0	3.139408588409424	0.0	0.9973573088645935	0.733723521232605	0.26269012689590454	1.0530997514724731	0.6446627378463745	0.0	0.7281399369239807	0.0	0.0	1.0433874130249023	0.2647099494934082	0.975814700126648	1.5182435512542725	0.8716304898262024	1.4278932809829712	0.0	0.7057636380195618	0.0	0.29101112484931946	0.795818567276001	0.0	0.41203543543815613	1.6135188341140747	0.0	0.0	0.0	0.868547260761261	0.0	0.0	0.0	0.0	0.0	0.6836755871772766	0.0	0.0	0.0	0.5069854855537415	0.6267884373664856	0.0	0.0	0.0	1.2069694995880127	2.483518362045288	0.0	0.0	0.0	0.25888171792030334	0.0	0.0	0.0	0.0	0.0	1.167999029159546	0.4854881167411804	0.0	0.0	0.0	0.0	0.0	0.7896422743797302	0.9868053197860718	0.0	0.0	0.0	0.0	0.36532318592071533	0.36976101994514465	1.0530098676681519	0.0	2.76967453956604	0.0	1.3119698762893677	0.0	0.0	1.2407984733581543	0.0	1.0518908500671387	0.0	0.9414520859718323	1.6694495677947998	1.413348913192749	0.0	0.0	0.0	0.0	0.0	2.0602056980133057	0.0	0.0	1.0884133577346802	0.2453949898481369	0.0	0.35345199704170227	0.0	0.0	0.0	0.0	0.0	0.0	0.47138169407844543	0.0	1.1597018241882324	0.0	0.0	0.9523183703422546	0.0	0.3138812184333801	2.241694211959839	0.49120065569877625	0.0	0.0	0.0	0.0	0.0	0.0	0.0	0.0	0.0	2.246222734451294	0.07720010727643967	0.0	0.0	0.20987379550933838	0.0	0.0	0.0	1.7349390983581543	0.16772200167179108	0.0	1.031946063041687	0.0	0.0	0.0	0.0	0.2432044893503189	0.0	0.0	1.57187819480896	0.0	0.0	1.3570014238357544	0.0	0.0	0.3148474395275116	0.9483634829521179	0.7650686502456665	0.0	0.3720816373825073	0.0	1.6757078170776367	2.6365127563476562	0.0	0.0	0.0	0.0	0.9914414882659912	0.0	0.0	2.9516258239746094	1.6219958066940308	0.0	0.0	0.1643000692129135	1.3327420949935913	0.17764821648597717	0.0	0.0	0.9653576612472534	0.0	0.0	0.0	0.0	0.0	0.0	0.0	0.0	0.0	0.0	0.0	0.6582277417182922	0.0	3.4362735748291016	0.891411542892456	0.0	0.0	0.0	0.0	0.0	0.0	0.0	0.0	0.5887286067008972	0.0	2.273653268814087	1.3500291109085083	0.0	0.0	0.595619261264801	0.0	0.0	0.0	1.3089687824249268	0.7193810939788818	1.2335439920425415	1.4678326845169067	0.0	0.0	0.0	0.5806878209114075	0.24467799067497253	1.5807805061340332	0.8789958357810974	0.0	0.0	1.064174771308899	0.9965448379516602	0.0	0.0	0.0	0.0	0.0	1.5942431688308716	0.0	0.0	0.0	0.5148090720176697	0.9151852130889893	1.6670483350753784	0.0	0.0	0.0	0.4193798005580902	1.9280142784118652	0.0	0.0	0.0	2.0781965255737305	0.0	0.0
0.0	0.0	0.0	0.8379478454589844	0.7194817662239075	0.0	0.0	0.0	2.770052433013916	0.5785654187202454	2.0595433712005615	0.0	1.2745963335037231	0.8078199625015259	0.0	3.470026969909668	0.0	0.843375027179718	0.8848872780799866	0.3275418281555176	0.0	0.47490987181663513	0.0	0.5662553310394287	0.0	0.0	0.5254669189453125	0.11808975040912628	1.2488833665847778	1.2837828397750854	0.8168622851371765	0.9511356949806213	0.0	0.15014030039310455	0.0	0.0	1.2057453393936157	0.0	0.4363316297531128	1.9577637910842896	0.0	0.0	0.0	0.4851653575897217	0.0	0.0	0.0	0.0	0.0	0.28444984555244446	0.0	0.0	0.0	0.22879460453987122	0.0	0.0	0.0	0.0	0.4818626344203949	2.687650442123413	0.0	0.0	0.0	0.441275030374527	0.0	0.0	0.0	0.0	0.0	0.8617758750915527	0.5116190910339355	0.0	0.0	0.0	0.0	0.0	0.8104013204574585	0.654059648513794	0.0	0.0	0.0	0.0	0.09378529340028763	0.2110830396413803	0.590552031993866	0.0	2.076713800430298	0.0	2.4488234519958496	0.0	0.0	0.29363083839416504	0.0	0.8668176531791687	0.0	0.23235644400119781	1.2347559928894043	0.5492421984672546	0.0	0.0	0.0	0.20171181857585907	0.0	1.9610567092895508	0.0	0.0	1.3864315748214722	0.2959175705909729	0.0	0.17247967422008514	0.0	0.0	0.0	0.0	0.0	0.0	0.13968029618263245	0.0	1.2362836599349976	0.0	0.0	0.456383615732193	0.0	0.15574294328689575	1.804032802581787	1.250951886177063	0.0	0.0	0.0	0.6272165775299072	0.0	0.0	0.0	0.0	0.0	2.896397829055786	0.0	0.0	0.0	0.0	0.0	0.0	0.0	1.106627106666565	0.30520644783973694	0.0	1.012269377708435	0.0	0.0	0.0	0.0	0.3991102874279022	0.0	0.0	1.1005820035934448	0.0	0.0	1.9022265672683716	0.0	0.0	0.44162046909332275	0.4407447278499603	0.43961167335510254	0.0	0.7177742123603821	0.0	1.0171364545822144	2.1893069744110107	0.0	0.0	0.0	0.0	1.2016549110412598	0.0	0.0	3.0496654510498047	1.5851097106933594	0.0	0.0	0.0	1.7426111698150635	0.24938297271728516	0.0	0.0	0.9922916293144226	0.0	0.0	0.0	0.0	0.0	0.0	0.0	0.0	0.0	0.38433903455734253	0.0	1.0396504402160645	0.0	3.2926182746887207	0.11708267778158188	0.0	0.04425451159477234	0.0	0.0	0.0	0.0	0.0	0.0	0.47415465116500854	0.0	2.1675126552581787	1.5855915546417236	0.0	0.0	0.9148357510566711	0.0	0.0	0.0	1.3692283630371094	0.8322809338569641	1.890070915222168	1.7190890312194824	0.0	0.0	0.0	0.5948314070701599	0.0	1.2534297704696655	0.5119717121124268	0.0	0.0	0.994941771030426	0.7340543866157532	0.0	0.0	0.0	0.0	0.0	1.7590032815933228	0.0	0.0	0.0	1.2746185064315796	1.1117724180221558	0.8676204681396484	0.0	0.40452298521995544	0.0	0.0	1.2899603843688965	0.0	0.0	0.0	1.7789413928985596	0.0	0.0
0.0	0.0	0.0	0.26973551511764526	1.8338816165924072	0.0	0.2625308930873871	0.0	1.901180624961853	0.9215971827507019	0.34496206045150757	0.0	0.760507345199585	0.8053287863731384	0.6131299138069153	1.9506452083587646	0.0	0.1903252899646759	0.33169451355934143	0.7106977701187134	0.7054135799407959	0.08052466809749603	0.0	1.1591726541519165	0.0	0.0	0.5574803948402405	0.8992896676063538	0.2730717658996582	0.9247786402702332	0.40435221791267395	0.8717981576919556	0.0	0.37379470467567444	0.0	0.6350984573364258	0.6322325468063354	0.0	0.4296974241733551	0.5474019050598145	0.0	0.0	0.0	0.6886336207389832	0.0	0.0	0.0	0.0	0.0	0.6268723011016846	0.0	0.0	0.0	0.0	0.20654554665088654	0.0	0.0	0.21665552258491516	1.025903582572937	1.2017905712127686	0.0	0.0	0.0	0.5743865370750427	0.0	0.0	0.0	0.0	0.0	0.8880670070648193	0.8222636580467224	0.0	0.0	0.015566102229058743	0.0	0.0	0.8947859406471252	0.9763873815536499	0.0	0.09597301483154297	0.0	0.0	0.0	0.0	0.5648926496505737	0.0	1.36163330078125	0.0	0.5588489770889282	0.0	0.0	0.6603694558143616	0.0	1.1462088823318481	0.0	0.7262413501739502	0.9008862376213074	1.6000441312789917	0.0	0.0	0.0	0.0	0.0	1.0389851331710815	0.0	0.0	0.4585871398448944	0.7837060689926147	0.0	0.0	0.0	0.0	0.0	0.0	0.0	0.0	0.7577319741249084	0.0	0.9910468459129333	0.0	0.12712432444095612	0.7991247773170471	0.0	0.8933886289596558	0.6863911151885986	0.8904135823249817	0.0	0.0	0.0	0.5252290368080139	0.0	0.0	0.29718223214149475	0.0	0.0	2.1105966567993164	0.23186160624027252	0.0	0.0	0.2020239233970642	0.0	0.0	0.0	1.0232429504394531	0.805016279220581	0.0	0.5071737766265869	0.0	0.0	0.0	0.0	0.7191087603569031	0.0	0.0	0.9389733672142029	0.0	0.0	0.6222365498542786	0.0	0.0	0.6597188115119934	1.1539700031280518	0.8158215880393982	0.1059306338429451	0.72406405210495	0.0	1.0397698879241943	1.8611096143722534	0.0	0.0	0.0	0.0	0.4452842175960541	0.0	0.17628806829452515	1.5446339845657349	0.5092414617538452	0.0	0.0	0.2394791841506958	1.4279687404632568	0.22204425930976868	0.0	0.0	0.6030293107032776	0.0	0.0	0.0	0.0	0.0	0.0	0.0	0.0	0.0	0.14778846502304077	0.0	0.2119925320148468	0.0	2.373222827911377	0.7624988555908203	0.0	0.0	0.0	0.0	0.0	0.0	0.0	0.0	1.2114477157592773	0.0	1.6213037967681885	1.7102432250976562	0.0	0.0	0.0	0.0	0.0	0.0	0.5757209658622742	1.1747485399246216	0.3487367033958435	1.4141442775726318	0.0	0.0	0.0	0.4327053427696228	1.1642835140228271	0.3448055684566498	0.78435218334198	0.0	0.0	1.2051153182983398	1.3319953680038452	0.0	0.0	0.0	0.0	0.0	0.8842494487762451	0.0	0.0	0.0	0.3584621548652649	0.22651414573192596	1.1999619007110596	0.0	0.6265076994895935	0.0	0.9185806512832642	0.7231255769729614	0.0	0.0	0.0	0.8900828957557678	0.0	0.0
0.0	0.0	0.0	0.6428275108337402	1.7130353450775146	0.0	0.63829106092453	0.0	3.824218273162842	0.8924194574356079	2.093801259994507	0.0	0.9919794201850891	0.6469631791114807	0.0	3.2413289546966553	0.0	0.761121928691864	0.834814190864563	0.15880608558654785	0.2996967136859894	0.5087753534317017	0.0	0.6715472936630249	0.0	0.0	0.854145884513855	0.4134831726551056	1.5174987316131592	1.592018723487854	0.7412926554679871	2.018336057662964	0.0	1.0160777568817139	0.0	0.0	1.2715758085250854	0.0	0.4877701997756958	1.9469151496887207	0.0	0.0	0.0	0.8458031415939331	0.0	0.0	0.0	0.0	0.0	0.9796350598335266	0.0	0.0	0.0	0.6629669666290283	0.5335326194763184	0.0	0.0	0.0	0.0	3.3226258754730225	0.0	0.0	0.0	0.642916202545166	0.0	0.0	0.0	0.0	0.0	1.6692864894866943	0.5495957136154175	0.0	0.0	0.0	0.0	0.0	0.34099406003952026	1.3272796869277954	0.0	0.0	0.0	0.0	0.1893523782491684	0.1416323184967041	0.8864117860794067	0.0	2.8322298526763916	0.0	1.7330015897750854	0.0	0.0	0.9948664307594299	0.0	1.9543155431747437	0.0	0.9074647426605225	2.2287256717681885	1.740240216255188	0.0	0.0	0.0	0.043785255402326584	0.0	2.2533164024353027	0.0	0.0	1.3105765581130981	0.18263323605060577	0.0	0.0	0.0	0.0	0.0	0.0	0.0	0.0	0.7131827473640442	0.0	1.378844141960144	0.0	0.0	0.5896465182304382	0.0	0.9985927939414978	2.3602638244628906	0.8042545914649963	0.0	0.0	0.0	0.3203219175338745	0.0	0.0	0.0	0.0	0.0	3.479282855987549	0.30578377842903137	0.0	0.0	0.491681307554245	0.0	0.0	0.0	1.0858160257339478	0.0	0.0	0.46209853887557983	0.0	0.0	0.0	0.0	0.365206241607666	0.0	0.0	1.885640025138855	0.0	0.0	1.6212966442108154	0.0	0.0	0.3853956460952759	0.6895673871040344	0.6865162253379822	0.0	0.7287797331809998	0.0	1.651330590248108	3.363642454147339	0.0	0.0	0.0	0.0	1.083261251449585	0.0	0.0	3.7497940063476562	1.7127537727355957	0.0	0.0	0.0	1.962306022644043	0.0	0.0	0.0	0.7883946895599365	0.0	0.0	0.0	0.0	0.0	0.0	0.0	0.0	0.0	0.004151058848947287	0.0	0.6248969435691833	0.0	4.54456901550293	0.42994678020477295	0.0	0.0	0.0	0.0	0.0	0.0	0.0	0.0	0.9148697853088379	0.0	2.2323975563049316	1.9304232597351074	0.0	0.0	0.624324381351471	0.0	0.0	0.0	1.443053126335144	0.7306600213050842	1.38716721534729	2.032769203186035	0.0	0.0	0.0	0.7897774577140808	0.46574652194976807	1.6863595247268677	0.8838313817977905	0.0	0.0	1.9399677515029907	1.5521191358566284	0.0	0.0	0.0	0.0	0.0	1.8734266757965088	0.0	0.0	0.0	1.2232491970062256	0.83167964220047	1.6236482858657837	0.0	0.3313707113265991	0.0	0.0	1.3304320573806763	0.0	0.0	0.0	2.5301270484924316	0.0	0.0
0.0	0.0	0.0	0.0	2.6246347427368164	0.0	0.0	0.0	3.194396495819092	0.17770616710186005	2.560304641723633	0.0	0.2735981047153473	0.08220423758029938	0.4006647765636444	2.8007266521453857	0.44989073276519775	0.16176515817642212	0.1256967931985855	0.34536704421043396	0.0	0.0787428542971611	0.0	0.3834584355354309	0.0	0.0	0.0	0.0	0.03348366171121597	0.5608065724372864	0.0	2.3385980129241943	0.0	0.009805068373680115	0.0	0.19280768930912018	0.597669780254364	0.0	0.0	0.9389703869819641	0.0	0.0	0.0	1.2139862775802612	0.0	0.0	0.20283566415309906	0.0	0.0	1.8384069204330444	0.0	0.0	0.0	0.0	0.0	0.0	0.0	0.0	0.0	2.79830265045166	0.0	0.0	0.0	0.06428422778844833	0.0	0.0	0.0	0.0	0.0	0.7550118565559387	0.09212225675582886	0.0	0.0	0.0	0.0	0.0	0.7038797736167908	0.5598667860031128	0.0	0.0	0.0	0.0	0.0	0.0	0.0	0.0	1.8064266443252563	0.0	1.4656219482421875	0.0	0.0	0.017836367711424828	0.0	1.5121746063232422	0.0	0.16676734387874603	0.7421883344650269	1.0340595245361328	0.0	0.0	0.0	0.4245778024196625	0.0	1.8864768743515015	0.0	0.0	0.26340171694755554	1.0041347742080688	0.0	0.9450196623802185	0.0	0.0	0.0	0.0	0.0	0.0	0.0	0.0	2.6728813648223877	0.0	0.0	0.05876442417502403	0.0	1.383010983467102	2.064730167388916	1.1777567863464355	0.0	0.0	0.0	2.0850024223327637	0.0	0.0	0.39153051376342773	0.0	0.0	3.937711238861084	0.0	0.0	0.0	0.0	0.0	0.0	0.0	0.6283109784126282	0.0	0.0	0.0	0.0	0.0	0.0	0.0	0.7608231902122498	0.0	0.0	1.0527249574661255	0.0	0.0	1.0419343709945679	0.0	0.0	0.0	0.4949739873409271	0.29716503620147705	0.0	0.41608723998069763	0.0	1.8215347528457642	2.93572735786438	0.0	0.0	0.0	0.0	0.3273873031139374	0.0	0.0	3.383988857269287	2.1957762241363525	0.0	0.0	0.0	1.77451753616333	0.0	0.0	0.0	0.15457546710968018	0.0	0.0	0.0	0.0	0.0	0.0	0.0	0.0	0.0	0.0	0.0	0.11766274273395538	0.0	3.475111722946167	0.04677882418036461	0.0	0.21928489208221436	0.0	0.0	0.0	0.0	0.0	0.0	0.7573568224906921	0.0	3.030006170272827	2.2878358364105225	0.0	0.0	0.06479646265506744	0.0	0.0	0.0	0.7939504384994507	0.4135458469390869	1.8024927377700806	1.8123372793197632	0.0	0.0	0.0	0.38676539063453674	0.8421230316162109	0.5331611633300781	0.0	0.0	0.0	2.5716617107391357	1.5152558088302612	0.0	0.0	0.0	0.0	0.0	1.8595410585403442	0.0	0.0	0.0	0.5347176194190979	1.6684699058532715	0.9342549443244934	0.0	0.8149210810661316	0.0	0.0	0.6849192976951599	0.0	0.0	0.0	2.663069009780884	0.0	0.0
0.0	0.0	0.0	1.3849787712097168	1.2989239692687988	0.0	0.11703059077262878	0.0	2.629234790802002	0.0	2.3477418422698975	0.0	1.133063554763794	0.38180258870124817	0.0	3.0135059356689453	0.07503169775009155	0.8160538673400879	0.38407158851623535	0.09950966387987137	0.18093837797641754	0.2571645677089691	0.0	0.0	0.0	0.0	0.0	0.0	0.81307053565979	0.8205059766769409	0.6976516842842102	1.7796827554702759	0.0	0.4638340175151825	0.0	0.0	0.9714035391807556	0.0	0.3625214993953705	1.1921427249908447	0.0	0.0	0.0	0.789917528629303	0.0	0.0	0.6649129986763	0.0	0.0	0.28520092368125916	0.0	0.0	0.0	0.39676138758659363	0.0	0.0	0.0	0.0	0.0	2.3320424556732178	0.0	0.0	0.0	0.11836425215005875	0.0	0.0	0.0	0.0	0.0	0.7828044891357422	0.0	0.0	0.0	0.0	0.0	0.0	0.38758906722068787	0.011632456444203854	0.0	0.0	0.0	0.0	0.47937530279159546	0.0	0.1982956826686859	0.0	2.1958603858947754	0.0	2.3412725925445557	0.0	0.0	0.30879029631614685	0.0	0.24349373579025269	0.0	0.14569416642189026	1.4560242891311646	0.13131409883499146	0.0	0.0	0.0	0.8092528581619263	0.0	1.9231557846069336	0.0	0.0	0.7474149465560913	0.025873051956295967	0.0	1.3142192363739014	0.0	0.0	0.0	0.0	0.0	0.0	0.0	0.0	1.7527813911437988	0.0	0.0	0.0	0.0	0.36617782711982727	2.3903729915618896	0.7379670739173889	0.0	0.0	0.0	0.33100685477256775	0.0	0.0	0.0	0.0	0.0	2.533735990524292	0.0	0.0	0.0	0.0	0.0	0.0	0.0	0.6323161125183105	0.0	0.0	1.1606186628341675	0.0	0.0	0.0	0.0	0.47239750623703003	0.0	0.0	0.5575889348983765	0.0	0.0	1.388931155204773	0.0	0.0	0.0	0.16491837799549103	0.0	0.0	0.0	0.0	0.7843589782714844	2.0729010105133057	0.0	0.0	0.0	0.0	1.2542221546173096	0.0	0.0	3.1594855785369873	1.95674467086792	0.0	0.0	0.0	1.3677566051483154	0.0	0.0	0.0	0.0	0.0	0.0	0.0	0.0	0.0	0.0	0.0	0.0	0.0	0.0	0.0	0.5525856614112854	0.0	3.7412750720977783	0.0	0.0	0.21637097001075745	0.0	0.0	0.0	0.0	0.0	0.0	0.10170091688632965	0.0	1.2527183294296265	1.0299198627471924	0.0	0.0	0.9768747091293335	0.0	0.0	0.0	0.8208434581756592	0.009927217848598957	1.941555380821228	1.1004506349563599	0.0	0.0	0.0	0.8021842837333679	0.0	1.5897603034973145	0.5443264842033386	0.0	0.0	1.1513421535491943	1.063306450843811	0.0	0.0	0.0	0.0	0.0	1.6035429239273071	0.0	0.0	0.0	1.879804253578186	1.1288495063781738	0.6894402503967285	0.0	0.0	0.0	0.0	0.7078976035118103	0.0	0.0	0.0	2.675137758255005	0.0	0.0
0.0	0.0	0.0	0.055070143193006516	1.908221960067749	0.0	0.5900335311889648	0.0	2.8058629035949707	1.0011024475097656	1.6267997026443481	0.0	1.366709589958191	0.26021653413772583	0.0	2.2146222591400146	0.0	0.9477971792221069	0.8585597276687622	0.733405590057373	1.0413769483566284	1.1732772588729858	0.0	0.6627371311187744	0.0	0.0	0.5967223644256592	0.6258016228675842	0.8559218049049377	0.892650842666626	0.4693245589733124	2.1719512939453125	0.0	1.0590972900390625	0.0	0.0	1.2209303379058838	0.0	1.2770153284072876	1.5472735166549683	0.0	0.0	0.0	0.6782426238059998	0.0	0.0	0.0	0.0	0.0	0.4943368136882782	0.0	0.0	0.0	0.8342587947845459	0.509902834892273	0.0	0.0	0.0	0.9522140026092529	2.6261394023895264	0.0	0.0	0.0	0.712816596031189	0.0	0.0	0.0	0.0	0.0	1.553480625152588	0.3907874822616577	0.0	0.0	0.0	0.0	0.0	0.699221670627594	0.760195255279541	0.0	0.0	0.0	0.0	0.0	0.0	0.8639293313026428	0.0	2.7300875186920166	0.0	0.9018384218215942	0.0	0.0	1.0549017190933228	0.0	1.9153335094451904	0.0	0.8892350792884827	1.6284949779510498	1.7594798803329468	0.0	0.0	0.0	0.2870534360408783	0.0	2.7231571674346924	0.0	0.0	0.719163179397583	0.14806397259235382	0.0	0.1062115728855133	0.0	0.0	0.0	0.0	0.0	0.0	0.0	0.0	1.633722186088562	0.0	0.0	0.48417073488235474	0.0	1.0276463031768799	2.235065460205078	0.4837983548641205	0.0	0.0	0.0	0.3642057180404663	0.0	0.0	0.0	0.0	0.0	2.4639699459075928	0.0	0.0	0.0	1.0967862606048584	0.0	0.0	0.0	1.5177710056304932	0.0	0.0	0.26488253474235535	0.0	0.0	0.0	0.0	0.008808614686131477	0.0	0.0	2.2972705364227295	0.0	0.0	0.480108380317688	0.0	0.0	0.5197463631629944	0.8617827296257019	0.6075577735900879	0.0	0.7339122295379639	0.0	2.5636768341064453	2.638665199279785	0.0	0.0	0.0	0.0	0.9647929668426514	0.0	0.0	3.01875638961792	1.3604265451431274	0.0	0.0	0.0	0.9293966293334961	0.03869494050741196	0.0	0.0	0.9367116689682007	0.0	0.0	0.0	0.0	0.0	0.0	0.0	0.0	0.0	0.0	0.0	0.9037075042724609	0.0	3.494358777999878	0.7175766229629517	0.0	0.0	0.0	0.0	0.0	0.0	0.0	0.0	0.34412840008735657	0.0	1.7811721563339233	1.7020689249038696	0.0	0.0	0.22560952603816986	0.0	0.0	0.0	1.3031202554702759	1.122279405593872	1.259340763092041	1.4378316402435303	0.0	0.0	0.0	1.24341881275177	0.3654850721359253	1.1934592723846436	0.952081561088562	0.0	0.0	0.9956827163696289	1.1263712644577026	0.0	0.0	0.0	0.0	0.0	1.4943844079971313	0.0	0.0	0.0	0.8275573253631592	0.7708583474159241	1.6691383123397827	0.0	0.0006077344296500087	0.0	0.8430588245391846	1.3606669902801514	0.0	0.0	0.0	1.6554369926452637	0.0	0.0
0.0	0.0	0.0	0.4282539188861847	1.5800725221633911	0.0	0.7875524759292603	0.0	3.1379542350769043	1.6584311723709106	1.472711443901062	0.0	1.525846242904663	0.8518127202987671	0.0	2.972062349319458	0.0	1.1214921474456787	1.0297753810882568	0.6074540019035339	0.6069334149360657	0.960723876953125	0.0	0.8468673825263977	0.0	0.0	1.1788583993911743	0.46614086627960205	1.200797438621521	1.3333131074905396	0.6489731073379517	1.9086190462112427	0.0	1.2316615581512451	0.0	0.3215978741645813	1.2455558776855469	0.0	1.012682557106018	1.5346324443817139	0.0	0.0	0.0	0.5084846019744873	0.0	0.0	0.0	0.0	0.0	0.4482908248901367	0.0	0.0	0.0	0.9953534007072449	0.6918469071388245	0.0	0.0	0.0	1.0858060121536255	2.777134656906128	0.0	0.0	0.0	0.7536781430244446	0.0	0.0	0.0	0.0	0.0	1.3040175437927246	0.5105204582214355	0.0	0.0	0.0	0.0	0.0	0.5870911478996277	1.0373424291610718	0.0	0.0	0.0	0.0	0.06836932897567749	0.3083409070968628	0.8038202524185181	0.0	3.2270798683166504	0.0	1.271894931793213	0.0	0.0	1.147924780845642	0.0	1.598207712173462	0.0	1.1647106409072876	2.0416831970214844	1.136502742767334	0.0	0.0	0.0	0.0	0.0	2.3867788314819336	0.0	0.0	0.9741423726081848	0.20428407192230225	0.0	0.0	0.0	0.0	0.0	0.0	0.0	0.0	0.0	0.0	1.3455764055252075	0.0	0.0	0.43448278307914734	0.0	0.4314582645893097	2.241635799407959	0.6147094368934631	0.0	0.0	0.0	0.0	0.0	0.0	0.0	0.0	0.0	2.8258299827575684	0.0	0.0	0.0	0.3804051876068115	0.0	0.0	0.0	1.6294879913330078	0.0	0.0	0.5280846357345581	0.0	0.0	0.0	0.0	0.0	0.0	0.0	1.837059736251831	0.0	0.0	0.8748793601989746	0.0	0.0	0.9765790700912476	0.7906774878501892	0.7659227848052979	0.0	0.42599430680274963	0.0	2.226414442062378	2.773059606552124	0.0	0.0	0.0	0.0	1.4701402187347412	0.0	0.0	2.8756935596466064	1.0831676721572876	0.0	0.0	0.0	1.414852261543274	0.15939216315746307	0.0	0.0	1.3321712017059326	0.0	0.0	0.0	0.0	0.0	0.0	0.0	0.0	0.0	0.0	0.0	0.9617810249328613	0.0	3.9556498527526855	0.8527780175209045	0.0	0.0	0.0	0.0	0.0	0.0	0.0	0.0	0.7124555110931396	0.0	2.017559766769409	1.780421495437622	0.0	0.0	0.43836042284965515	0.0	0.0	0.0	1.6622623205184937	1.1897112131118774	1.5316081047058105	1.2494308948516846	0.0	0.0	0.0	1.1717309951782227	0.21416541934013367	1.734476089477539	1.15663480758667	0.0	0.0	1.105381727218628	1.0478832721710205	0.0	0.0	0.0	0.0	0.0	1.6093019247055054	0.0	0.0	0.0	1.4260249137878418	1.1007624864578247	1.9077690839767456	0.0	0.0	0.0	0.3895501494407654	1.8585360050201416	0.0	0.0	0.0	1.8474708795547485	0.0	0.0
0.0	0.0	0.0	0.3824451267719269	1.821683406829834	0.0	0.16280116140842438	0.0	2.4838008880615234	0.5601699948310852	1.9534763097763062	0.0	0.7907763719558716	0.31836560368537903	0.1507503241300583	2.6413395404815674	0.0	0.4909621775150299	0.15767177939414978	0.15593589842319489	0.5720701813697815	0.26135575771331787	0.0	0.3809312582015991	0.0	0.0	0.06445536017417908	0.6459944248199463	0.7184649705886841	1.2890170812606812	0.3909852206707001	1.8385560512542725	0.0	0.23877179622650146	0.0	0.3547634184360504	0.9073697328567505	0.0	0.0	1.0430744886398315	0.0	0.0	0.0	1.0833117961883545	0.0	0.0	0.07339657098054886	0.0	0.0	0.9213279485702515	0.0	0.0	0.0	0.11407197266817093	0.0	0.0	0.0	0.0	0.5249305367469788	2.4172677993774414	0.0	0.0	0.0	0.5959373712539673	0.0	0.0	0.0	0.0	0.0	0.42106252908706665	0.0	0.0	0.0	0.0	0.0	0.0	1.0396299362182617	0.7885407209396362	0.0	0.0	0.0	0.0	0.0	0.0	0.4281052052974701	0.0	2.0774638652801514	0.0	1.2998101711273193	0.0	0.0	0.48377034068107605	0.0	1.569764256477356	0.0	0.5454901456832886	0.8705071210861206	1.1568796634674072	0.0	0.0	0.0	0.1305786520242691	0.0	1.956559181213379	0.0	0.0	0.15497910976409912	0.6344616413116455	0.0	0.3019997179508209	0.0	0.0	0.0	0.0	0.0	0.0	0.3163861632347107	0.0	1.8714137077331543	0.0	0.0	0.09065087884664536	0.0	1.1314003467559814	1.7381353378295898	0.6265547275543213	0.0	0.0	0.0	0.25138768553733826	0.0	0.0	0.019671645015478134	0.0	0.0	3.1003401279449463	0.0	0.0	0.0	0.0	0.0	0.0	0.0	0.7704638838768005	0.0	0.0	0.4160385727882385	0.0	0.0	0.0	0.0	0.4424748122692108	0.0	0.0	0.5847147703170776	0.0	0.0	0.9440422058105469	0.0	0.0	0.2618245482444763	0.8856363892555237	0.4684129059314728	0.0	0.48078981041908264	0.0	1.8263542652130127	2.343109130859375	0.0	0.0	0.0	0.0	0.2593174874782562	0.0	0.0	2.877133369445801	1.5053863525390625	0.0	0.0	0.0	1.185112714767456	0.0	0.0	0.0	0.6191146373748779	0.0	0.0	0.0	0.0	0.0	0.0	0.0	0.0	0.0	0.0	0.0	0.3795033097267151	0.0	3.2527098655700684	0.6304287314414978	0.0	0.08764534443616867	0.0	0.0	0.0	0.0	0.0	0.0	0.7813457250595093	0.0	2.3908851146698	1.785671591758728	0.0	0.0	0.0	0.0	0.0	0.0	0.701723575592041	0.7683898210525513	1.2127386331558228	1.6762473583221436	0.0	0.0	0.0	0.36828306317329407	0.7690742015838623	0.920041561126709	0.26224568486213684	0.0	0.0	1.6440767049789429	1.3247838020324707	0.0	0.0	0.0	0.0	0.0	1.5603684186935425	0.0	0.0	0.0	0.6503661274909973	1.2978709936141968	1.2766731977462769	0.0	0.5342123508453369	0.0	0.32857513427734375	0.9550508856773376	0.0	0.0	0.0	1.7498035430908203	0.0	0.0
0.0	0.0	0.0	0.1353030949831009	1.0360219478607178	0.0	0.7073240876197815	0.0	2.6991987228393555	1.5149935483932495	1.1586812734603882	0.0	1.5400359630584717	0.38540634512901306	0.08800315111875534	2.4222636222839355	0.0	1.0491100549697876	0.8260536789894104	0.699023962020874	1.308149814605713	0.9513455033302307	0.0	0.6877948045730591	0.0	0.0	0.6811331510543823	0.6430011987686157	1.330739140510559	1.0963058471679688	0.9147475361824036	1.2929022312164307	0.0	1.2932071685791016	0.0	0.446592777967453	1.6717867851257324	0.0	0.9766197204589844	1.6098666191101074	0.0	0.0	0.0	0.15761956572532654	0.0	0.0	0.0	0.0	0.0	0.1729491949081421	0.0	0.0	0.0	0.6749175786972046	0.8165880441665649	0.0	0.0	0.0	0.9056084156036377	2.5176331996917725	0.0	0.0	0.0	0.5524627566337585	0.0	0.0	0.0	0.0	0.0	1.5953811407089233	0.32170841097831726	0.0	0.0	0.0	0.0	0.0	1.525586485862732	0.5593425631523132	0.0	0.0	0.0	0.0	0.10886957496404648	0.4707915782928467	1.016669750213623	0.0	2.542909860610962	0.0	0.9252535104751587	0.0	0.0	1.193225622177124	0.0	1.8337241411209106	0.0	0.905947744846344	1.6809262037277222	1.0521845817565918	0.0	0.0	0.0	0.0	0.0	2.0126259326934814	0.0	0.0	0.5917189717292786	0.0	0.0	0.19763071835041046	0.0	0.0	0.0	0.0	0.0	0.0	0.41042426228523254	0.0	0.878090500831604	0.0	0.0	0.022448042407631874	0.0	0.4303535521030426	1.706385850906372	0.7366214990615845	0.0	0.0	0.0	0.0	0.0	0.0	0.2615237534046173	0.0	0.0	2.4814350605010986	0.0	0.0	0.0	0.4618220031261444	0.0	0.0	0.0	0.7411285638809204	0.277116596698761	0.0	0.65395587682724	0.0	0.0	0.0	0.0	0.0	0.0	0.0	1.7451809644699097	0.0	0.0	0.7853792905807495	0.0	0.0	0.6278349161148071	1.3077921867370605	0.5502004623413086	0.0	0.7234560251235962	0.0	1.8323373794555664	2.5643534660339355	0.0	0.0	0.0	0.0	1.4627087116241455	0.0	0.0	2.3682479858398438	0.5984178185462952	0.0	0.0	0.0	0.765583336353302	0.6205947995185852	0.0	0.0	1.4950692653656006	0.0	0.0	0.0	0.0	0.0	0.0	0.0	0.0	0.0	0.22617481648921967	0.0	1.2755614519119263	0.0	3.0167744159698486	0.5249114036560059	0.0	0.0	0.0	0.0	0.0	0.0	0.0	0.0	0.6840888857841492	0.0	1.726427435874939	1.5121897459030151	0.0	0.0	0.43047770857810974	0.0	0.0	0.0	1.2716563940048218	1.6306273937225342	1.0711528062820435	0.9923012256622314	0.0	0.0	0.0	1.2613674402236938	0.6026008129119873	1.5274615287780762	0.7817004919052124	0.0	0.0	0.7224813103675842	0.8833872675895691	0.30465957522392273	0.0	0.0	0.0	0.0	0.9068723320960999	0.0	0.0	0.0	1.1032304763793945	0.5044066905975342	1.7445322275161743	0.0	0.24021634459495544	0.0	0.5761078596115112	1.327026128768921	0.0	0.0	0.0	1.3732712268829346	0.0	0.0
0.0	0.0	0.0	0.7985587120056152	2.167961359024048	0.0	1.0953211784362793	0.0	4.107120990753174	0.9904863834381104	2.099385976791382	0.0	1.7743500471115112	0.3735121190547943	0.0	3.3490514755249023	0.0	1.002909779548645	0.7440323829650879	0.8350094556808472	0.9272387027740479	1.48053777217865	0.0	0.8900708556175232	0.0	0.0	0.8259572982788086	0.9487442970275879	1.375388741493225	1.5886809825897217	0.7454958558082581	2.688588857650757	0.0	1.4388867616653442	0.0	0.041850700974464417	1.8768846988677979	0.0	1.2661120891571045	2.432047128677368	0.0	0.0	0.0	0.8582555651664734	0.0	0.0	0.0	0.0	0.0	1.18990159034729	0.0	0.0	0.0	0.6786254048347473	1.1504393815994263	0.0	0.0	0.0	0.7288194894790649	4.041800498962402	0.0	0.0	0.0	0.7679439187049866	0.0	0.0	0.0	0.0	0.0	2.2463347911834717	0.0	0.0	0.0	0.0	0.0	0.0	0.9197332859039307	1.2726950645446777	0.0	0.0	0.0	0.0	0.037685640156269073	0.7118477821350098	1.6951417922973633	0.0	3.6653075218200684	0.0	1.3095039129257202	0.0	0.0	1.1498857736587524	0.0	2.7416844367980957	0.0	1.689901351928711	2.13455867767334	2.519155263900757	0.0	0.0	0.0	0.3755888044834137	0.0	3.1841211318969727	0.0	0.0	1.2269760370254517	0.0	0.0	0.0	0.0	0.0	0.0	0.0	0.0	0.0	0.14533036947250366	0.0	2.289170980453491	0.0	0.0	0.19760411977767944	0.0	1.0732980966567993	3.3468847274780273	0.5209034085273743	0.0	0.0	0.0	0.3736359477043152	0.0	0.0	0.0	0.0	0.0	3.4303781986236572	0.0	0.0	0.0	0.8270458579063416	0.0	0.0	0.0	1.842400312423706	0.0	0.0	0.6806442737579346	0.0	0.0	0.0	0.0	0.0	0.0	0.0	2.7845938205718994	0.0	0.0	0.5857694149017334	0.0	0.0	1.0471107959747314	1.3196452856063843	0.8633421063423157	0.0	1.3039100170135498	0.0	3.3312840461730957	3.5194976329803467	0.0	0.0	0.0	0.0	1.1941790580749512	0.0	0.0	4.022320747375488	1.511521816253662	0.0	0.0	0.0	1.504061222076416	0.1888427734375	0.0	0.0	1.0906883478164673	0.0	0.0	0.0	0.0	0.0	0.0	0.0	0.0	0.0	0.0	0.0	0.9492713212966919	0.0	4.474331855773926	1.226830005645752	0.0	0.0	0.0	0.0	0.0	0.0	0.0	0.0	0.8308555483818054	0.0	2.4464635848999023	1.7009490728378296	0.0	0.0	0.0	0.0	0.0	0.0	2.090538740158081	1.2510148286819458	1.361920714378357	1.8077173233032227	0.0	0.0	0.0	1.1813348531723022	0.9927574396133423	1.7842280864715576	1.0811359882354736	0.0	0.0	1.95614755153656	1.8117918968200684	0.0	0.0	0.0	0.0	0.0	1.841221809387207	0.0	0.0	0.0	1.3720556497573853	1.1314764022827148	2.4935712814331055	0.0	0.15614347159862518	0.0	0.8450593948364258	1.0765435695648193	0.0	0.0	0.0	2.6227331161499023	0.0	0.0
0.0	0.0	0.0	0.09345798194408417	0.7024187445640564	0.0	0.4188288450241089	0.0	0.9916349053382874	0.5904127359390259	0.06450776010751724	0.0	0.7652670741081238	0.4988571107387543	0.17814604938030243	0.8627819418907166	0.0	0.2816251814365387	0.4419243633747101	0.566307544708252	0.48740097880363464	0.2924968898296356	0.0	0.804900050163269	0.0	0.0	0.44058263301849365	0.789005696773529	0.5927467346191406	0.6927831172943115	0.3888740539550781	0.550817608833313	0.0	0.5230740904808044	0.0	0.46508604288101196	0.6738391518592834	0.0	0.5099732279777527	0.5167320370674133	0.0	0.0	0.0	0.0	0.0	0.0	0.0	0.0	0.0	0.27980926632881165	0.0	0.0	0.0	0.0	0.38999423384666443	0.0	0.0	0.17276673018932343	0.8746175169944763	0.6912411451339722	0.0	0.0	0.0	0.39170002937316895	0.0	0.0	0.0	0.0	0.0	0.5036764740943909	0.41525766253471375	0.0	0.0	0.0	0.0	0.0	0.6837068796157837	0.6398544907569885	0.0	0.08775217086076736	0.0	0.0	0.0	0.0170199703425169	0.5751740336418152	0.0	0.970058023929596	0.0	0.0801595151424408	0.0	0.0	0.6149913668632507	0.0	0.8918495774269104	0.0	0.6003274321556091	0.7539976239204407	0.8776557445526123	0.0	0.03456693887710571	0.0	0.0	0.0	0.6712729334831238	0.0	0.0	0.2376287579536438	0.11645232141017914	0.0	0.0	0.0	0.0	0.0	0.0	0.0	0.0	0.27439454197883606	0.0	0.19078244268894196	0.0	0.0	0.33967143297195435	0.0	0.21520952880382538	0.460580050945282	0.3064560294151306	0.0	0.0	0.0	0.0	0.0	0.0	0.16107958555221558	0.0	0.0	0.9307823777198792	0.344178706407547	0.0	0.0	0.23167598247528076	0.0	0.0	0.0	0.7445716857910156	0.20330509543418884	0.0	0.21491177380084991	0.0	0.0	0.0	0.0	0.15135614573955536	0.0	0.0	0.8549388647079468	0.0	0.0	0.5491604208946228	0.0	0.0	0.524379312992096	0.5920602083206177	0.5730193257331848	0.0027881735004484653	0.5591765642166138	0.0	0.7079653143882751	0.9143375754356384	0.0	0.0	0.0	0.0	0.4411951005458832	0.0	0.2780023515224457	0.7193261384963989	0.04398049786686897	0.0	0.0	0.2542385160923004	0.537273108959198	0.2607443630695343	0.0	0.0	0.507205605506897	0.0	0.0	0.0	0.0	0.0	0.0	0.0	0.0	0.0	0.23623913526535034	0.0	0.5368397235870361	0.0	1.0505260229110718	0.6990402340888977	0.0	0.0	0.0	0.0	0.0	0.0	0.0	0.0	0.5550119280815125	0.0	0.5281187891960144	0.630097508430481	0.0	0.0	0.13636058568954468	0.0	0.0	0.0	0.780989408493042	0.7306334376335144	0.3416418731212616	0.6305686235427856	0.0	0.0	0.0	0.3052516281604767	0.5286067724227905	0.39808303117752075	0.665325939655304	0.0	0.0	0.2284851223230362	0.6815156936645508	0.17094959318637848	0.0	0.0	0.0	0.0	0.4198468029499054	0.0	0.0	0.0	0.4434710443019867	0.10432015359401703	0.9724985957145691	0.0	0.24518677592277527	0.0	0.8081267476081848	0.5455226302146912	0.0	0.11011387407779694	0.0	0.3865150511264801	0.0	0.0
0.0	0.0	0.0	0.0	2.030613899230957	0.0	0.8598413467407227	0.0	2.9112355709075928	1.0527267456054688	1.3329648971557617	0.0	1.4213138818740845	0.3300611674785614	0.0	2.121109962463379	0.0	0.7842473983764648	0.7192137241363525	0.5839555263519287	1.2439805269241333	1.3843649625778198	0.0	0.9513869881629944	0.0	0.0	0.9434735178947449	0.5047549605369568	1.1859766244888306	1.0455827713012695	0.5626952648162842	2.4514942169189453	0.0	1.579453945159912	0.0	0.18984271585941315	1.6153258085250854	0.0	1.2363593578338623	1.6249268054962158	0.0	0.0	0.0	0.6757872700691223	0.0	0.0	0.0	0.0	0.0	0.7423887252807617	0.0	0.0	0.0	1.0022178888320923	0.6882507801055908	0.0	0.0	0.0	0.6843494772911072	2.9739134311676025	0.0	0.0	0.0	0.6705747246742249	0.0	0.0	0.0	0.0	0.0	2.070449113845825	0.15465644001960754	0.0	0.0	0.0	0.0	0.0	0.8232516646385193	0.9608977437019348	0.0	0.0	0.0	0.0	0.0	0.3812890648841858	0.9664310812950134	0.0	3.2065985202789307	0.0	0.9045151472091675	0.0	0.0	1.3953535556793213	0.0	2.062915086746216	0.0	1.2209054231643677	1.8524986505508423	1.8765848875045776	0.0	0.0	0.0	0.0	0.0	2.8824398517608643	0.0	0.0	0.663648784160614	0.07617031782865524	0.0	0.0	0.0	0.0	0.0	0.0	0.0	0.0	0.3252980709075928	0.0	1.5231128931045532	0.0	0.0	0.3198828399181366	0.0	1.4461971521377563	1.9989538192749023	0.34901711344718933	0.0	0.0	0.0	0.0	0.0	0.0	0.0	0.0	0.0	2.416290760040283	0.05755097046494484	0.0	0.0	0.6028602719306946	0.0	0.0	0.0	0.83169025182724	0.0	0.0	0.2870296537876129	0.0	0.0	0.0	0.0	0.17547059059143066	0.0	0.0	2.0092391967773438	0.0	0.0	0.8297180533409119	0.0	0.0	0.6629229187965393	0.9550974369049072	0.5198979377746582	0.0	0.7191122174263	0.0	2.4397549629211426	2.8389084339141846	0.0	0.0	0.0	0.0	0.9721802473068237	0.0	0.0	2.601311445236206	0.8723335862159729	0.0	0.0	0.0	0.9450665712356567	0.12275592982769012	0.0	0.0	1.242989182472229	0.0	0.0	0.0	0.0	0.0	0.0	0.0	0.0	0.0	0.0	0.0	1.0862983465194702	0.0	3.246915340423584	0.4706779420375824	0.0	0.0	0.0	0.0	0.0	0.0	0.0	0.0	0.5396005511283875	0.0	1.2188730239868164	1.6257089376449585	0.0	0.0	0.07993697375059128	0.0	0.0	0.0	1.6776573657989502	1.170030951499939	1.1927566528320312	1.0569921731948853	0.0	0.0	0.0	1.210801362991333	0.37316378951072693	1.1017159223556519	1.2111237049102783	0.0	0.0	0.9936081767082214	0.8413326144218445	0.0	0.0	0.0	0.0	0.0	1.1079000234603882	0.0	0.0	0.0	0.9244875311851501	0.2849140465259552	1.8035600185394287	0.0	0.013992027379572392	0.0	1.0277003049850464	1.30217444896698	0.0	0.0	0.0	1.5197385549545288	0.0	0.0
0.0	0.0	0.0	0.0	2.384394645690918	0.0	0.3862755000591278	0.0	3.344022035598755	0.688050389289856	2.0743887424468994	0.0	1.284446120262146	0.22738490998744965	0.0	3.0197980403900146	0.0	0.755370020866394	0.8136073350906372	0.7040581703186035	0.49270886182785034	1.2117900848388672	0.0	0.6720831990242004	0.0	0.0	0.10388541221618652	0.23071901500225067	1.1593499183654785	1.2389130592346191	0.18166691064834595	1.7143726348876953	0.0	0.9458853602409363	0.0	0.35936546325683594	0.8260600566864014	0.0	0.11929688602685928	1.3705421686172485	0.0	0.0	0.0	1.3123899698257446	0.0	0.0	0.0	0.0	0.0	0.8719875812530518	0.0	0.0	0.0	0.39886829257011414	0.484450101852417	0.0	0.0	0.18327893316745758	0.5783339738845825	2.776658296585083	0.0	0.0	0.0	0.0	0.0	0.0	0.0	0.0	0.0	1.2856113910675049	0.37508082389831543	0.0	0.0	0.0	0.0	0.0	0.40066593885421753	1.037090539932251	0.0	0.0	0.0	0.0	0.0	0.0	0.30367040634155273	0.0	2.6990973949432373	0.0	0.699677050113678	0.0	0.0	0.4099339544773102	0.0	1.8727009296417236	0.0	0.47852852940559387	1.2969297170639038	1.5087722539901733	0.0	0.0	0.0	0.4466654062271118	0.0	2.300055742263794	0.0	0.0	0.8305818438529968	0.0	0.0	0.0	0.0	0.0	0.0	0.0	0.0	0.0	0.0	0.0	1.6106194257736206	0.0	0.0	0.6310432553291321	0.0	0.768768846988678	2.2570323944091797	0.44632095098495483	0.0	0.0	0.0	0.3979419469833374	0.0	0.0	0.058405350893735886	0.0	0.0	2.758967161178589	0.0	0.0	0.0	0.6944142580032349	0.0	0.0	0.0	1.4513684511184692	0.0	0.0	0.5959111452102661	0.0	0.0	0.0	0.0	0.3336716890335083	0.0	0.0	1.905312418937683	0.0	0.0	1.0172030925750732	0.0	0.0	0.5107117295265198	0.4971229135990143	0.4922851324081421	0.0	0.557437539100647	0.0	2.0414695739746094	2.897134304046631	0.0	0.0	0.0	0.0	0.527923047542572	0.0	0.0	3.64424467086792	2.0234920978546143	0.0	0.0	0.0	1.1341545581817627	0.0005506371380761266	0.0	0.0	0.8800544142723083	0.0	0.0	0.0	0.0	0.0	0.0	0.0	0.0	0.0	0.0	0.0	0.22585883736610413	0.0	3.6316068172454834	0.5706483721733093	0.0	0.07934924960136414	0.0	0.0	0.0	0.0	0.0	0.0	0.685894250869751	0.0	2.142479658126831	1.5578854084014893	0.0	0.0	0.1037239208817482	0.0	0.0	0.0	1.611469030380249	0.902364194393158	1.234153389930725	1.5172038078308105	0.0	0.0	0.0	0.928768515586853	0.8626043200492859	1.0570555925369263	0.33359745144844055	0.0	0.0	1.3813782930374146	1.2381010055541992	0.0	0.0	0.0	0.0	0.0	1.3775742053985596	0.0	0.0	0.0	0.8635494112968445	0.7715981602668762	1.3045309782028198	0.0	0.1846204698085785	0.0	0.21916988492012024	1.2245969772338867	0.0	0.0	0.0	2.093215227127075	0.0	0.0
0.0	0.0	0.0	0.05748334527015686	0.6368926763534546	0.0	0.0	0.0	0.4886839985847473	0.31859472393989563	0.203919917345047	0.0	0.08133638650178909	0.23367032408714294	0.13457228243350983	0.35450878739356995	0.0	0.044475656002759933	0.13639135658740997	0.6653270125389099	0.0	0.24240165948867798	0.0	0.6828455924987793	0.0	0.0	0.12567172944545746	0.46738091111183167	0.14055706560611725	0.37007346749305725	0.10494811087846756	0.4074106514453888	0.0	0.3203275799751282	0.0	0.4983651638031006	0.3769713044166565	0.0	0.24831423163414001	0.0	0.0	0.0	0.0	0.0	0.0	0.0	0.0	0.0	0.0	0.34255021810531616	0.0	0.0	0.0	0.0	0.25434187054634094	0.0	0.0	0.17235177755355835	0.6254339814186096	0.4984078109264374	0.0	0.0	0.0	0.317291796207428	0.0	0.0	0.0	0.0	0.0	0.2049941122531891	0.23332658410072327	0.0	0.0	0.0	0.0	0.0	0.6577829122543335	0.31826624274253845	0.0	0.11624649912118912	0.0	0.0	0.12201574444770813	0.0	0.2902301251888275	0.0	0.341288685798645	0.0	0.0	0.0	0.0	0.2372652292251587	0.0	0.4379267990589142	0.0	0.06895711272954941	0.25850406289100647	0.4057721197605133	0.0	0.2600001096725464	0.0	0.0	0.0	0.2848530113697052	0.0	0.0	0.0	0.17662286758422852	0.0	0.04447586089372635	0.0	0.06445496529340744	0.0	0.0	0.0	0.0	0.2333201915025711	0.0	0.3534499406814575	0.0	0.0	0.38738495111465454	0.0	0.06484367698431015	0.3625110685825348	0.1728685051202774	0.0	0.0	0.0	0.43749290704727173	0.08363289386034012	0.0	0.44883400201797485	0.0	0.0	0.8057202696800232	0.39759427309036255	0.0	0.0	0.0	0.0	0.0	0.0	0.35636165738105774	0.2000623196363449	0.0	0.09796334058046341	0.0	0.0	0.0	0.0	0.3793219327926636	0.0	0.0	0.2431531548500061	0.0	0.0	0.43289491534233093	0.0	0.0	0.2505910098552704	0.2996990382671356	0.2751336991786957	0.06333397328853607	0.23484453558921814	0.0	0.3117072582244873	0.9020872116088867	0.0	0.0	0.0	0.0	0.2961356043815613	0.0	0.23091204464435577	0.5798838138580322	0.2460702508687973	0.0	0.0	0.20147676765918732	0.5201613903045654	0.13306206464767456	0.0	0.0	0.32103660702705383	0.0	0.0	0.0	0.0	0.0	0.0	0.0	0.0	0.0	0.03363315016031265	0.0	0.2914665937423706	0.0	0.8207911252975464	0.38909512758255005	0.0	0.0	0.0	0.0	0.0	0.0	0.0	0.0	0.42150115966796875	0.0	0.6310404539108276	0.5155071020126343	0.0	0.0	0.1428341120481491	0.0	0.0	0.0	0.3355473279953003	0.3115249276161194	0.17184261977672577	0.5494237542152405	0.0	0.0	0.0	0.1447165161371231	0.5640254020690918	0.09886138141155243	0.5233265161514282	0.0	0.0	0.41929131746292114	0.44958505034446716	0.19309575855731964	0.0	0.0	0.0	0.0	0.18313442170619965	0.0	0.0	0.0	0.365630179643631	0.24754291772842407	0.4379722774028778	0.0	0.15372848510742188	0.0	0.4685062766075134	0.1614084243774414	0.0	0.4500020444393158	0.0	0.27566033601760864	0.0	0.0
0.0	0.0	0.0	0.5541611313819885	1.865116000175476	0.0	0.27257782220840454	0.0	2.9374759197235107	0.7037264704704285	2.117858648300171	0.0	0.7872945666313171	0.7775794863700867	0.0	3.165553092956543	0.0	0.6459484100341797	0.32905077934265137	0.24550582468509674	0.31337836384773254	0.06096635386347771	0.0	0.38816893100738525	0.0	0.0	0.304084837436676	0.34165340662002563	0.7747549414634705	1.123397707939148	0.6979343295097351	1.4318268299102783	0.0	0.09541261196136475	0.0	0.05189529433846474	0.8452357649803162	0.0	0.0	1.4370707273483276	0.0	0.0	0.0	1.197655439376831	0.0	0.0	0.04162740334868431	0.0	0.0	0.6595166921615601	0.0	0.0	0.0	0.41040194034576416	0.0	0.0	0.0	0.0	0.40266352891921997	2.3790297508239746	0.0	0.0	0.0	0.16777095198631287	0.0	0.0	0.0	0.0	0.0	0.5278724431991577	0.43080708384513855	0.0	0.0	0.0	0.0	0.0	0.6139200329780579	0.6618378162384033	0.0	0.0	0.0	0.0	0.18543179333209991	0.0	0.2567248046398163	0.0	2.184396266937256	0.0	1.755753993988037	0.0	0.0	0.5340944528579712	0.0	0.7070338726043701	0.0	0.5388023257255554	1.0441129207611084	1.026330590248108	0.0	0.0	0.0	0.025621630251407623	0.0	1.4734807014465332	0.0	0.0	1.0625784397125244	0.6902015209197998	0.0	0.4232351779937744	0.0	0.0	0.0	0.0	0.0	0.0	0.2326345443725586	0.0	1.4773738384246826	0.0	0.0	0.7691505551338196	0.0	0.4422565698623657	2.1644132137298584	1.103420376777649	0.0	0.0	0.0	0.7592607140541077	0.0	0.0	0.0	0.0	0.0	2.735842227935791	0.20262783765792847	0.0	0.0	0.08644022792577744	0.0	0.0	0.0	1.1586694717407227	0.0	0.0	1.0885272026062012	0.0	0.0	0.0	0.0	0.9842111468315125	0.0	0.0	0.9754464626312256	0.0	0.0	1.6083658933639526	0.0	0.0	0.0	0.6103339195251465	0.5451303720474243	0.0	0.23421628773212433	0.0	1.2395906448364258	2.2603561878204346	0.0	0.0	0.0	0.0	0.7870871424674988	0.0	0.0	2.863654375076294	1.7386837005615234	0.0	0.0	0.0	1.605540156364441	0.0	0.0	0.0	0.4000247120857239	0.0	0.0	0.0	0.0	0.0	0.0	0.0	0.0	0.0	0.0	0.0	0.08567794412374496	0.0	3.508659601211548	0.05002720654010773	0.0	0.14926029741764069	0.0	0.0	0.0	0.0	0.0	0.0	0.7711153030395508	0.0	2.447553873062134	1.6173866987228394	0.0	0.0	0.5961730480194092	0.0	0.0	0.0	0.5915380716323853	0.6278547644615173	1.4745042324066162	1.8479431867599487	0.0	0.0	0.0	0.6060930490493774	0.22491976618766785	1.168789029121399	0.3219638168811798	0.0	0.0	1.741112470626831	1.5968661308288574	0.0	0.0	0.0	0.0	0.0	1.8511853218078613	0.0	0.0	0.0	1.0347133874893188	1.4591386318206787	1.092144250869751	0.0	0.44589871168136597	0.0	0.10490909963846207	1.1377753019332886	0.0	0.0	0.0	2.3248891830444336	0.0	0.0
0.0	0.0	0.0	0.0	2.055445432662964	0.0	0.5358362793922424	0.0	2.789048910140991	0.9660696983337402	1.9551563262939453	0.0	1.047331690788269	0.7471938729286194	0.0	2.596820831298828	0.0	0.731760561466217	0.7538086175918579	0.5906998515129089	0.42158424854278564	1.357194185256958	0.0	0.7798976302146912	0.0	0.0	0.49965721368789673	0.13393674790859222	0.8390469551086426	1.0675618648529053	0.0	1.6825196743011475	0.0	0.5874111652374268	0.0	0.28644365072250366	1.2661279439926147	0.0	0.44041708111763	1.483319878578186	0.0	0.0	0.0	0.858811616897583	0.0	0.0	0.0	0.0	0.0	0.9787030816078186	0.0	0.0	0.0	0.5327495336532593	0.4992292821407318	0.0	0.0	0.0	1.126181960105896	3.0256922245025635	0.0	0.0	0.0	0.2472032606601715	0.0	0.0	0.0	0.0	0.0	1.4232618808746338	0.33465275168418884	0.0	0.0	0.0	0.0	0.0	0.3476592004299164	0.8599739074707031	0.0	0.0	0.0	0.0	0.0	0.21577425301074982	0.5546558499336243	0.0	2.619497299194336	0.0	0.9990312457084656	0.0	0.0	0.5186448097229004	0.0	2.1646502017974854	0.0	0.48812466859817505	1.4559805393218994	1.7784032821655273	0.0	0.0	0.0	0.0	0.0	2.4982144832611084	0.0	0.0	0.7870038747787476	0.267803430557251	0.0	0.0	0.0	0.0	0.0	0.0	0.0	0.0	0.0	0.0	1.5426865816116333	0.0	0.0	0.4388335347175598	0.0	0.6071150898933411	2.02315354347229	0.7011719942092896	0.0	0.0	0.0	0.6252081990242004	0.0	0.0	0.0	0.0	0.0	2.7321698665618896	0.0	0.0	0.0	0.38365212082862854	0.0	0.0	0.0	1.8486673831939697	0.11809015274047852	0.0	0.3132699131965637	0.0	0.0	0.0	0.0	0.0	0.0	0.0	2.0149433612823486	0.0	0.0	0.778742253780365	0.0	0.0	0.6206507682800293	0.8061748743057251	0.8018261790275574	0.0	0.8738894462585449	0.0	2.48848819732666	2.825953483581543	0.0	0.0	0.0	0.0	1.045562982559204	0.0	0.0	3.486964225769043	1.2443493604660034	0.0	0.0	0.0	1.3560949563980103	0.0	0.0	0.0	0.9332706332206726	0.0	0.0	0.0	0.0	0.0	0.0	0.0	0.0	0.0	0.0	0.0	0.6720463633537292	0.0	3.4826819896698	0.9069258570671082	0.0	0.3985798954963684	0.0	0.0	0.0	0.0	0.0	0.0	0.469760924577713	0.0	2.145665168762207	1.7795592546463013	0.0	0.0	0.2471965253353119	0.0	0.0	0.0	1.5240981578826904	0.9097248315811157	1.1204599142074585	1.271643877029419	0.0	0.0	0.0	0.9528349041938782	0.28464823961257935	0.902653157711029	0.5221399068832397	0.0	0.0	1.2866334915161133	1.004144310951233	0.0	0.0	0.0	0.0	0.0	1.7582287788391113	0.0	0.0	0.0	1.0420852899551392	0.720203161239624	1.4337879419326782	0.0	0.1527143269777298	0.0	0.615718424320221	1.0266623497009277	0.0	0.0	0.0	2.137648105621338	0.0	0.0
0.0	0.0	0.0	0.3519192934036255	1.0935126543045044	0.0	0.0867418721318245	0.0	2.0489978790283203	0.7910076975822449	1.1820414066314697	0.0	0.36588892340660095	0.25174659490585327	0.0	1.5931317806243896	0.0	0.29747945070266724	0.041580598801374435	0.12091313302516937	0.45789483189582825	0.14900365471839905	0.0	0.40210217237472534	0.0	0.0	0.1445809304714203	0.290543794631958	0.544664204120636	0.870821475982666	0.630700945854187	1.3528797626495361	0.0	0.6539195775985718	0.0	0.1969377100467682	0.31954652070999146	0.0	0.0	0.612598717212677	0.0	0.0	0.0	1.2023526430130005	0.057797640562057495	0.0	0.0	0.0	0.0	0.6171693205833435	0.0	0.0	0.0	0.36406996846199036	0.0	0.0	0.0	0.0	0.2850940525531769	1.8262114524841309	0.0	0.0	0.0	0.10834339261054993	0.0	0.0	0.0	0.0	0.0	0.45740896463394165	0.3698694705963135	0.0	0.0	0.0	0.0	0.0	0.4058804512023926	0.5827299952507019	0.0	0.0	0.0	0.0	0.04086974263191223	0.0	0.4643558859825134	0.0	1.5028457641601562	0.0	0.9141364693641663	0.0	0.0	0.729763925075531	0.0	0.7520031929016113	0.0	0.5257092118263245	0.920720636844635	1.0158438682556152	0.0	0.0	0.0	0.22503022849559784	0.0	1.3175737857818604	0.0	0.0	0.6830986738204956	0.5578964948654175	0.0	0.027713563293218613	0.0	0.0	0.0	0.0	0.0	0.0	0.3534630239009857	0.0	0.956648051738739	0.0	0.0	0.8240472078323364	0.0	0.9259830713272095	0.9821004271507263	0.6676728129386902	0.0	0.0	0.0	0.19216668605804443	0.0	0.0	0.0	0.0	0.0	1.6682851314544678	0.00988497119396925	0.0	0.0	0.06051543354988098	0.0	0.0	0.0	0.6851028800010681	0.0	0.0	0.09911470860242844	0.0	0.0	0.0	0.0	0.5430642366409302	0.0	0.0	0.4608621299266815	0.0	0.0	1.0426898002624512	0.0	0.0	0.18020038306713104	0.5344226956367493	0.29525578022003174	0.0	0.005635857116430998	0.0	0.9897680282592773	1.9200488328933716	0.0	0.0	0.0	0.0	0.4120131731033325	0.0	0.0	2.3867762088775635	1.1755123138427734	0.0	0.0	0.03203340247273445	0.9302209615707397	0.0	0.0	0.0	0.13797135651111603	0.0	0.0	0.0	0.0	0.0	0.0	0.0	0.0	0.0	0.0	0.0	0.0	0.0	2.503028392791748	0.3975641131401062	0.0	0.0	0.0	0.0	0.0	0.0	0.0	0.0	0.6414974331855774	0.0	1.4814618825912476	1.035443663597107	0.0	0.0	0.32515352964401245	0.0	0.0	0.0	0.29712849855422974	0.2399432212114334	0.7485911846160889	1.2314072847366333	0.0	0.0	0.0	0.12196523696184158	0.32873308658599854	0.7145206928253174	0.23367087543010712	0.0	0.0	1.3027472496032715	1.1287717819213867	0.00032314195414073765	0.0	0.0	0.0	0.0	1.1033782958984375	0.0	0.0	0.0	0.4008687734603882	0.5749300718307495	0.6302541494369507	0.0	0.29447683691978455	0.0	0.17494149506092072	0.8930737972259521	0.0	0.0	0.0	1.4446579217910767	0.0	0.0
0.0	0.0	0.0	0.3135046660900116	3.1743953227996826	0.0	0.0	0.0	3.0594065189361572	0.0	2.2144839763641357	0.0	0.07829897105693817	0.489955335855484	0.748173713684082	3.4358198642730713	0.4060257375240326	0.0	0.0	0.2527059316635132	0.12502147257328033	0.0	0.0	0.4512697756290436	0.0	0.0	0.0	0.4082299768924713	0.06864967942237854	0.6096862554550171	0.0	2.2850821018218994	0.0	0.0	0.0	0.0	0.0	0.0	0.0	0.49818578362464905	0.0	0.0	0.0	2.0137109756469727	0.0	0.0	0.12880121171474457	0.0	0.0	1.840937852859497	0.0	0.0	0.0	0.0	0.0	0.0	0.0	0.20148497819900513	0.0	1.9983234405517578	0.0	0.0	0.0	0.4003637433052063	0.0	0.0	0.0	0.0	0.0	0.0322897769510746	0.3800753057003021	0.0	0.0	0.16773377358913422	0.0	0.0	0.0	1.4811186790466309	0.0	0.0	0.0	0.0	0.0	0.0	0.0	0.0	1.432145357131958	0.0	1.946043848991394	0.0	0.0	0.2132575809955597	0.0	0.7512214779853821	0.0	0.1814863085746765	0.39896321296691895	2.061568021774292	0.0	0.0	0.0	0.3700486123561859	0.0	0.8154067397117615	0.0	0.0	0.9569496512413025	1.8145219087600708	0.0	1.1346471309661865	0.0	0.0	0.0	0.0	0.0	0.0	1.1074976921081543	0.0	2.173539876937866	0.0	0.0	1.0211209058761597	0.0	1.4924968481063843	1.4881290197372437	1.4323973655700684	0.0	0.0	0.0	2.0709445476531982	0.0	0.0	0.45335331559181213	0.0	0.0	3.9731593132019043	0.8931240439414978	0.0	0.0	0.0	0.0	0.0	0.0	0.5261117219924927	0.0	0.0	0.7896748185157776	0.0	0.0	0.0	0.0	1.8683313131332397	0.0	0.0	0.26402702927589417	0.0	0.0	1.5961132049560547	0.0	0.0	0.0903986394405365	0.9092482328414917	0.12840569019317627	0.0	0.16670827567577362	0.0	1.360153079032898	2.726987361907959	0.0	0.0	0.0	0.0	0.0	0.0	0.0	3.761134624481201	2.127000093460083	0.0	0.0	0.0	1.786233901977539	0.0	0.0	0.0	0.0	0.0	0.0	0.0	0.0	0.0	0.0	0.0	0.0	0.0	0.0	0.0	0.0	0.0	4.011083126068115	0.0	0.0	0.44322600960731506	0.0	0.0	0.0	0.0	0.0	0.0	1.7262723445892334	0.0	3.3716719150543213	2.444873332977295	0.0	0.0	0.25168612599372864	0.0	0.0	0.0	0.0	0.051214154809713364	1.2876554727554321	2.673814296722412	0.0	0.0	0.0	0.0	1.6950396299362183	0.09148923307657242	0.0	0.0	0.0	3.189359188079834	2.7052555084228516	0.0	0.0	0.0	0.0	0.0	1.8628541231155396	0.0	0.0	0.0	0.0	1.5932177305221558	0.16297931969165802	0.0	1.7303870916366577	0.0	0.08879099786281586	0.14248107373714447	0.0	0.0	0.0	3.1714510917663574	0.0	0.0
0.0	0.0	0.0	0.53980553150177	1.2013142108917236	0.0	0.898293137550354	0.0	2.6821935176849365	1.0292786359786987	1.579066276550293	0.0	1.8717008829116821	0.513029932975769	0.0	2.5007998943328857	0.0	0.9814044237136841	1.043306827545166	0.8138798475265503	0.4370879828929901	1.5921579599380493	0.0	0.8627548217773438	0.0	0.0	1.2888189554214478	0.0	1.243942379951477	1.1631050109863281	0.6518767476081848	1.5711787939071655	0.0	1.4490478038787842	0.0	0.41315871477127075	1.8010669946670532	0.0	0.7925471663475037	2.1303787231445312	0.0	0.0	0.0	0.5325265526771545	0.0	0.0	0.0	0.0	0.0	0.2394857108592987	0.0	0.0	0.0	0.8860973715782166	1.0183720588684082	0.0	0.0	0.0	0.8220906853675842	2.9012036323547363	0.0	0.0	0.0	0.9501760601997375	0.0	0.0	0.0	0.0	0.0	2.305600166320801	0.024857621639966965	0.0	0.0	0.0	0.0	0.0	0.4834724962711334	0.6958691477775574	0.0	0.0	0.0	0.0	0.0	0.8299624919891357	1.0525362491607666	0.0	3.2798922061920166	0.0	0.890515148639679	0.0	0.0	0.9395394921302795	0.0	2.3235254287719727	0.0	0.5930363535881042	2.1292991638183594	0.8114423751831055	0.0	0.0	0.0	0.0	0.0	2.698452949523926	0.0	0.0	0.6481707096099854	0.0	0.0	0.0	0.0	0.0	0.0	0.0	0.0	0.0	0.0	0.0	1.227965235710144	0.0	0.0	0.17131294310092926	0.0	0.6241270303726196	2.449193239212036	0.17379046976566315	0.0	0.0	0.0	0.0	0.0	0.0	0.0	0.0	0.0	2.389874219894409	0.0	0.0	0.0	0.6851648092269897	0.0	0.0	0.0	1.046560525894165	0.0	0.0	0.48738613724708557	0.0	0.0	0.0	0.0	0.0	0.0	0.0	2.2885773181915283	0.0	0.0	0.71974116563797	0.0	0.0	1.048210620880127	0.7089170217514038	0.3826257884502411	0.0	1.2427177429199219	0.0	2.3651506900787354	2.519360065460205	0.0	0.0	0.0	0.0	1.46719491481781	0.0	0.0	2.696526527404785	0.5060771107673645	0.0	0.0	0.028598031029105186	1.4173005819320679	0.7082584500312805	0.0	0.0	1.568594217300415	0.0	0.0	0.0	0.0	0.0	0.0	0.0	0.0	0.0	0.10594353824853897	0.0	1.0888299942016602	0.0	3.2672135829925537	0.7484853267669678	0.0	0.10214745253324509	0.0	0.0	0.0	0.0	0.0	0.0	0.1101459413766861	0.0	1.6002531051635742	1.144965648651123	0.0	0.0	0.4172787070274353	0.0	0.0	0.0	1.966772437095642	1.1689971685409546	1.6106352806091309	0.7961492538452148	0.0	0.0	0.0	1.8292428255081177	0.3290020227432251	1.4920624494552612	1.1486202478408813	0.0	0.0	0.6407618522644043	0.9700900912284851	0.0	0.0	0.0	0.0	0.0	1.728774070739746	0.0	0.0	0.0	1.6792091131210327	0.6383525729179382	1.9849518537521362	0.0	0.0	0.0	0.18997883796691895	1.5551421642303467	0.0	0.0	0.0	1.4013268947601318	0.0	0.0
0.0	0.0	0.0	0.03581802546977997	0.949264407157898	0.0	0.4500957727432251	0.0	2.3817684650421143	0.9911403656005859	1.5151872634887695	0.0	1.6703516244888306	0.03921685367822647	0.0	2.060415029525757	0.0	1.0320616960525513	0.5134155750274658	0.6226567029953003	0.7908037304878235	1.2595288753509521	0.0	0.5030168294906616	0.0	0.0	0.4860585331916809	0.4893171787261963	1.1242566108703613	1.2819334268569946	0.23535633087158203	1.6544525623321533	0.0	1.1286717653274536	0.0	0.06772438436746597	1.5818967819213867	0.0	0.7903275489807129	1.3652275800704956	0.0	0.0	0.0	0.18357226252555847	0.0	0.0	0.0	0.0	0.0	0.2776792347431183	0.0	0.0	0.0	0.5635213851928711	0.66000896692276	0.0	0.0	0.0	0.5499145984649658	2.2316818237304688	0.0	0.0	0.0	0.5280608534812927	0.0	0.0	0.0	0.0	0.0	1.3924005031585693	0.1039082482457161	0.0	0.0	0.0	0.0	0.0	1.1727173328399658	0.8887398838996887	0.0	0.0	0.0	0.0	0.0	0.06605827063322067	0.9900829195976257	0.0	2.1873505115509033	0.0	0.8472549915313721	0.0	0.0	0.9221749305725098	0.0	1.8726006746292114	0.0	0.7356499433517456	1.452061653137207	1.2560453414916992	0.0	0.0	0.0	0.21678178012371063	0.0	1.8609274625778198	0.0	0.0	0.11036792397499084	0.0558646060526371	0.0	0.23480652272701263	0.0	0.0	0.0	0.0	0.0	0.0	0.4927135407924652	0.0	1.2815533876419067	0.0	0.0	0.353961706161499	0.0	0.47579190135002136	1.8592288494110107	0.6858974695205688	0.0	0.0	0.0	0.24247099459171295	0.0	0.0	0.697200357913971	0.0	0.0	2.686680793762207	0.06882469356060028	0.0	0.0	0.27834242582321167	0.0	0.0	0.0	0.261214941740036	0.0	0.0	1.091556429862976	0.0	0.0	0.0	0.0	0.6667691469192505	0.0	0.0	1.6279364824295044	0.0	0.0	1.048885464668274	0.0	0.0	0.6251809000968933	1.0244011878967285	0.8822552561759949	0.0	0.7475607395172119	0.0	1.7681185007095337	2.686563730239868	0.0	0.0	0.0	0.0	0.8737348914146423	0.0	0.0	2.9578745365142822	0.749584436416626	0.0	0.0	0.0	1.2389675378799438	0.42109036445617676	0.0	0.0	1.2044122219085693	0.0	0.0	0.0	0.0	0.0	0.0	0.0	0.0	0.0	0.0	0.0	1.0043402910232544	0.0	3.4765326976776123	0.8733787536621094	0.0	0.13651397824287415	0.0	0.0	0.0	0.0	0.0	0.0	0.5414865016937256	0.0	1.8904609680175781	1.3083606958389282	0.0	0.0	0.9550105333328247	0.0	0.0	0.0	1.5268150568008423	1.3535493612289429	1.0363503694534302	1.6457546949386597	0.0	0.0	0.0	1.1554673910140991	0.9807662963867188	1.1317036151885986	1.0435094833374023	0.0	0.0	1.1622275114059448	1.105643630027771	0.13320855796337128	0.0	0.0	0.0	0.0	0.9294462203979492	0.0	0.0	0.0	1.1252079010009766	0.8475361466407776	1.5855863094329834	0.0	0.4698247015476227	0.0	0.39862290024757385	0.9173012971878052	0.0	0.0	0.0	1.509636640548706	0.0	0.0
0.0	0.0	0.0	1.0075690746307373	1.5884315967559814	0.0	1.2862203121185303	0.0	2.8360724449157715	1.4806032180786133	1.5016961097717285	0.0	2.3594720363616943	1.390845775604248	0.0	3.6107521057128906	0.0	0.9779165387153625	1.436969518661499	0.7553988695144653	0.5144939422607422	1.25532865524292	0.0	0.9438327550888062	0.0	0.0	0.9963172078132629	0.7236488461494446	1.7188363075256348	1.9053575992584229	1.069507122039795	1.5475398302078247	0.0	0.9117844104766846	0.0	0.19755861163139343	2.000901460647583	0.0	1.3450963497161865	2.392301559448242	0.0	0.0	0.0	0.49497509002685547	0.0	0.0	0.0	0.0	0.0	0.0	0.0	0.0	0.0	0.5197330117225647	0.735527753829956	0.0	0.0	0.0	1.2232897281646729	3.2334678173065186	0.0	0.0	0.0	0.9414206743240356	0.0	0.0	0.0	0.0	0.0	1.8665064573287964	0.07499101758003235	0.0	0.0	0.0	0.0	0.0	1.6040425300598145	1.036914348602295	0.0	0.0	0.0	0.0	0.10581351071596146	0.6313350200653076	1.0721262693405151	0.0	2.975436210632324	0.0	1.7942949533462524	0.0	0.0	1.0412808656692505	0.0	1.8858561515808105	0.0	0.8832346200942993	1.9096970558166504	0.8345965147018433	0.0	0.0	0.0	0.0	0.0	3.0794684886932373	0.0	0.0	1.2759644985198975	0.0	0.0	0.1674874722957611	0.0	0.0	0.0	0.0	0.0	0.0	0.0	0.0	1.3818517923355103	0.0	0.0	0.23662102222442627	0.0	0.6703594923019409	2.3787736892700195	0.5578441023826599	0.0	0.0	0.0	0.0	0.0	0.0	0.0	0.0	0.0	2.980616569519043	0.0	0.0	0.0	0.36698535084724426	0.0	0.0	0.0	0.9139500856399536	0.0	0.0	1.3719483613967896	0.0	0.0	0.0	0.0	0.1504180133342743	0.0	0.0	2.0348329544067383	0.0	0.0	1.1521903276443481	0.0	0.0	0.6376912593841553	0.7163186073303223	0.9802087545394897	0.0	1.299700140953064	0.0	2.03051495552063	2.5095717906951904	0.0	0.0	0.0	0.0	1.7343919277191162	0.0	0.0	3.163400411605835	1.1234779357910156	0.0	0.0	0.0	1.8533092737197876	0.686014711856842	0.0	0.0	1.5464447736740112	0.0	0.0	0.0	0.0	0.0	0.0	0.0	0.0	0.0	0.8281710743904114	0.0	1.806219458580017	0.0	3.756211757659912	0.6604568362236023	0.0	0.0	0.0	0.0	0.0	0.0	0.0	0.0	0.1761721521615982	0.0	1.6523808240890503	1.4487051963806152	0.0	0.0	0.19413889944553375	0.0	0.0	0.0	1.89515221118927	1.3224471807479858	1.686204195022583	1.120420217514038	0.0	0.0	0.0	1.5756239891052246	0.0	1.7233513593673706	1.222330093383789	0.0	0.0	0.28063899278640747	0.7969157099723816	0.0	0.0	0.0	0.0	0.0	1.6987360715866089	0.0	0.0	0.0	1.6107962131500244	0.8370253443717957	1.9612122774124146	0.0	0.15380454063415527	0.0	0.518332302570343	1.5709052085876465	0.0	0.0	0.0	1.3009222745895386	0.0	0.0
0.0	0.0	0.0	0.6150069832801819	1.4206241369247437	0.0	0.49489694833755493	0.0	3.0237910747528076	0.9375154972076416	1.7367650270462036	0.0	1.275387167930603	0.5774242877960205	0.0	3.030425786972046	0.06373030692338943	0.7424198985099792	1.0242373943328857	0.5877946019172668	0.21185018122196198	0.3251144587993622	0.0	0.7388715744018555	0.0	0.0	0.6026679873466492	0.3345654606819153	1.060236930847168	1.4486724138259888	0.45486804842948914	1.9719529151916504	0.0	0.6909584403038025	0.0	0.0	0.9086426496505737	0.0	0.7911314964294434	1.6911900043487549	0.0	0.0	0.0	1.1115010976791382	0.0	0.0	0.1253703236579895	0.0	0.0	0.7590118646621704	0.0	0.0	0.0	0.7348129153251648	0.2467033863067627	0.0	0.0	0.0	0.609499990940094	2.560056447982788	0.0	0.0	0.0	0.6449463367462158	0.0	0.0	0.0	0.0	0.0	1.6267755031585693	0.10368945449590683	0.0	0.0	0.0	0.0	0.0	0.9194461107254028	1.4070857763290405	0.0	0.0	0.0	0.0	0.011047516018152237	0.07529543340206146	0.5502463579177856	0.0	2.7461202144622803	0.0	1.6212495565414429	0.0	0.0	0.971394956111908	0.0	1.5925264358520508	0.0	0.5614518523216248	1.7358343601226807	1.2032049894332886	0.0	0.0	0.0	0.0	0.0	2.3594868183135986	0.0	0.0	1.0859822034835815	0.0	0.0	0.4230925142765045	0.0	0.0	0.0	0.0	0.0	0.0	0.055152520537376404	0.0	1.3635227680206299	0.0	0.0	0.530189573764801	0.0	0.6766756772994995	1.9624569416046143	0.6138733625411987	0.0	0.0	0.0	0.6007628440856934	0.0	0.0	0.0	0.0	0.0	2.7358059883117676	0.19239576160907745	0.0	0.0	0.0	0.0	0.0	0.0	1.3600198030471802	0.0	0.0	0.5313929915428162	0.0	0.0	0.0	0.0	0.43397849798202515	0.0	0.0	1.521227478981018	0.0	0.0	1.163555383682251	0.0	0.0	0.22776171565055847	0.36844897270202637	0.24489395320415497	0.0	0.3707224130630493	0.0	1.6377347707748413	2.807826280593872	0.0	0.0	0.0	0.0	1.0384416580200195	0.0	0.0	3.1846375465393066	1.4299448728561401	0.0	0.0	0.0	1.1055996417999268	0.18507763743400574	0.0	0.0	1.096457600593567	0.0	0.0	0.0	0.0	0.0	0.0	0.0	0.0	0.0	0.0	0.0	0.7052238583564758	0.0	3.7951645851135254	0.5243595838546753	0.0	0.0	0.0	0.0	0.0	0.0	0.0	0.0	0.6484130620956421	0.0	1.9233533143997192	1.662450909614563	0.0	0.0	0.3665992021560669	0.0	0.0	0.0	1.0690891742706299	0.7658499479293823	1.5153611898422241	1.366879940032959	0.0	0.0	0.0	0.6245912909507751	0.4207916259765625	1.214341640472412	0.4861867129802704	0.0	0.0	1.1170207262039185	1.3382512331008911	0.0	0.0	0.0	0.0	0.0	1.7378207445144653	0.0	0.0	0.0	1.1648873090744019	0.6648792028427124	1.6207460165023804	0.0	0.0	0.0	0.285016268491745	1.5735173225402832	0.0	0.0	0.0	1.7506828308105469	0.0	0.0
0.0	0.0	0.0	0.0	1.2251790761947632	0.0	0.6681593060493469	0.0	1.925761342048645	1.1041769981384277	0.5449866652488708	0.0	1.0740153789520264	0.5544060468673706	0.0	1.407321810722351	0.0	0.3886399567127228	0.7687674164772034	1.0013645887374878	0.6632428169250488	0.923353374004364	0.0	0.7985745072364807	0.0	0.0	0.677592396736145	0.5921871066093445	0.8580543398857117	0.7193534970283508	0.3320556581020355	0.8242443203926086	0.0	0.8541535139083862	0.0	0.5760085582733154	0.9214464426040649	0.0	0.6989006996154785	0.8826190829277039	0.0	0.0	0.0	0.25298792123794556	0.0	0.0	0.0	0.0	0.0	0.2689857482910156	0.0	0.0	0.0	0.3347085416316986	0.5834490060806274	0.0	0.0	0.19093917310237885	1.2956945896148682	1.3342366218566895	0.0	0.0	0.0	0.4716343581676483	0.0	0.0	0.0	0.0	0.0	1.1023943424224854	0.46297043561935425	0.0	0.0	0.0	0.0	0.0	0.5655388832092285	0.7204458117485046	0.0	0.03683451563119888	0.0	0.0	0.0	0.4338851571083069	0.8498492240905762	0.0	1.5944904088974	0.0	0.0	0.0	0.0	0.6579939723014832	0.0	1.4520479440689087	0.0	0.5607110857963562	1.1341825723648071	1.0118792057037354	0.0	0.0	0.0	0.0	0.0	1.6656376123428345	0.0	0.0	0.507021963596344	0.0	0.0	0.0	0.0	0.0	0.0	0.0	0.0	0.0	0.22330360114574432	0.0	0.5615803003311157	0.0	0.0	0.7568948268890381	0.0	0.3408021032810211	1.131565809249878	0.41750290989875793	0.0	0.0	0.0	0.0	0.0	0.0	0.4958958327770233	0.0	0.0	1.2263870239257812	0.34368374943733215	0.0	0.0	0.9082591533660889	0.0	0.0	0.0	1.2561677694320679	0.24709194898605347	0.0	0.0	0.0	0.0	0.0	0.0	0.0	0.0	0.0	1.5589499473571777	0.0	0.0	0.44049838185310364	0.0	0.0	0.5431229472160339	0.8186988234519958	0.5234791040420532	0.0	0.7266697287559509	0.0	1.5994353294372559	1.5692405700683594	0.0	0.0	0.0	0.0	0.4721146821975708	0.0	0.23314093053340912	1.3130474090576172	0.5835641622543335	0.0	0.0	0.02167382277548313	0.49745088815689087	0.43597495555877686	0.0	0.0	0.7668105959892273	0.0	0.0	0.0	0.0	0.0	0.0	0.0	0.0	0.0	0.2033006101846695	0.0	0.6086004376411438	0.0	1.9574068784713745	0.8153295516967773	0.0	0.0	0.0	0.0	0.0	0.0	0.0	0.0	0.3290531635284424	0.0	0.7915568947792053	0.9164713025093079	0.0	0.0	0.0	0.0	0.0	0.0	1.1722300052642822	0.8896225690841675	0.523719072341919	0.747710108757019	0.0	0.0	0.0	0.8828589916229248	0.6402878165245056	0.5718801617622375	0.6728873252868652	0.0	0.0	0.2707958519458771	0.7686624526977539	0.18493114411830902	0.0	0.0	0.0	0.0	0.702651858329773	0.0	0.0	0.0	0.49484506249427795	0.13844594359397888	1.3532962799072266	0.0	0.07105651497840881	0.0	0.7971611618995667	1.0848840475082397	0.0	0.0	0.0	0.4655977189540863	0.0	0.0
0.0	0.0	0.0	0.0	2.3579018115997314	0.0	0.0	0.0	3.138749599456787	0.32398438453674316	2.638233184814453	0.0	0.18199318647384644	0.0	0.0	2.0051958560943604	0.11950263381004333	0.08865200728178024	0.0	0.6617581248283386	0.29494357109069824	0.40516307950019836	0.0	0.5819907188415527	0.0	0.0	0.013941843062639236	0.0	0.625622570514679	1.0347341299057007	0.0	2.9117581844329834	0.0	0.027667904272675514	0.0	0.0	0.11395876854658127	0.0	0.08777173608541489	0.21261467039585114	0.0	0.0	0.0	1.5927391052246094	0.0	0.0	0.0	0.0	0.0	1.7672127485275269	0.0	0.0	0.0	0.0	0.0	0.0	0.0	0.0	0.0	2.59366774559021	0.0	0.0	0.0	0.23329973220825195	0.0	0.0	0.0	0.0	0.0	0.7063566446304321	0.07330998033285141	0.0	0.0	0.0	0.0	0.0	0.25460705161094666	1.0186117887496948	0.0	0.0	0.0	0.0	0.0	0.0	0.2822728753089905	0.0	1.8422927856445312	0.0	1.0319470167160034	0.0	0.0	0.0	0.0	1.6728100776672363	0.0	0.2838546633720398	0.7519735097885132	1.4931848049163818	0.0	0.0	0.0	0.9141526818275452	0.0	1.3373701572418213	0.0	0.0	0.1672428399324417	0.8765012621879578	0.0	0.8226203918457031	0.0	0.0	0.0	0.0	0.0	0.0	0.4850689470767975	0.0	2.270737648010254	0.0	0.0	0.7462384104728699	0.0	1.366592526435852	2.000582218170166	0.8547729253768921	0.0	0.0	0.0	1.6765434741973877	0.0	0.0	0.4140878915786743	0.0	0.0	3.585447311401367	0.24179385602474213	0.0	0.0	0.0	0.0	0.0	0.0	0.0	0.0	0.0	0.3582122325897217	0.0	0.0	0.0	0.0	0.8005344271659851	0.0	0.0	0.5865731835365295	0.0	0.0	1.3052972555160522	0.0	0.0	0.06741756945848465	0.465089350938797	0.19534693658351898	0.0	0.22144873440265656	0.0	1.8335649967193604	2.9100444316864014	0.0	0.0	0.0	0.0	0.4012737274169922	0.0	0.0	3.580064535140991	2.4090561866760254	0.0	0.0	0.0	1.652000069618225	0.0	0.0	0.0	0.19241075217723846	0.0	0.0	0.0	0.0	0.0	0.0	0.0	0.0	0.0	0.0	0.0	0.0	0.0	3.6864521503448486	0.23800139129161835	0.0	0.41409045457839966	0.0	0.0	0.0	0.0	0.0	0.0	1.023453950881958	0.0	2.925584077835083	1.7598042488098145	0.0	0.0	0.05969788506627083	0.0	0.0	0.0	0.7422447800636292	0.27804455161094666	1.4400813579559326	1.809416651725769	0.0	0.0	0.0	0.0	1.2761051654815674	0.5493527054786682	0.0	0.0	0.0	2.5432214736938477	1.7075132131576538	0.0	0.0	0.0	0.0	0.0	1.8192588090896606	0.0	0.0	0.0	0.39522111415863037	1.4137225151062012	0.6090035438537598	0.0	0.3421478271484375	0.0	0.0	0.16473694145679474	0.0	0.0	0.0	2.417598247528076	0.0	0.0
0.0	0.0	0.0	0.5410323143005371	1.0028655529022217	0.0	0.41655591130256653	0.0	3.277381181716919	0.5431222915649414	2.117141008377075	0.0	1.54756498336792	0.6846240162849426	0.0	3.5978927612304688	0.0	1.33827543258667	0.8989191055297852	0.03665060177445412	0.28771600127220154	0.9624171257019043	0.0	0.0	0.0	0.0	0.39382851123809814	0.0	1.5932672023773193	1.043997883796692	1.402409553527832	1.5640252828598022	0.0	0.8303043246269226	0.0	0.0	0.9355477094650269	0.0	0.10755173861980438	2.0446834564208984	0.0	0.0	0.0	0.9015054702758789	0.0	0.0	0.6425081491470337	0.0	0.0	0.2546921372413635	0.0	0.0	0.0	0.8254092931747437	0.0	0.0	0.0	0.0	0.0	3.713268995285034	0.0	0.0	0.0	0.0	0.0	0.0	0.0	0.0	0.0	1.1269408464431763	0.06459780037403107	0.0	0.0	0.0	0.0	0.0	0.7889013290405273	0.47242021560668945	0.0	0.0	0.0	0.0	0.547349214553833	0.11702236533164978	0.4305984079837799	0.0	3.132967710494995	0.0	2.5347771644592285	0.0	0.0	0.9042323231697083	0.0	0.6502599120140076	0.0	0.2197110503911972	1.737938642501831	0.5107227563858032	0.0	0.0	0.0	0.6840152740478516	0.0	2.7412304878234863	0.0	0.0	1.5590152740478516	0.0	0.0	0.991401731967926	0.0	0.0	0.0	0.0	0.0	0.0	0.0	0.0	1.5688930749893188	0.0	0.0	0.0	0.0	0.3625514805316925	3.427980422973633	1.008895993232727	0.0	0.0	0.0	0.533786416053772	0.0	0.0	0.0	0.0	0.0	2.800304651260376	0.0	0.0	0.0	0.0	0.0	0.0	0.0	1.4593981504440308	0.12850740551948547	0.0	1.296580195426941	0.0	0.0	0.0	0.0	0.0	0.0	0.0	1.5449402332305908	0.0	0.0	1.4267479181289673	0.0	0.0	0.08552998304367065	0.36915409564971924	0.2571658790111542	0.0	0.1821298599243164	0.0	1.416350245475769	2.479144334793091	0.0	0.0	0.0	0.0	1.7696404457092285	0.0	0.0	3.963958501815796	1.8472387790679932	0.0	0.0	0.0	1.7453575134277344	0.002063566818833351	0.0	0.0	0.7141284942626953	0.0	0.0	0.0	0.0	0.0	0.0	0.0	0.0	0.0	0.0	0.0	0.9384679198265076	0.0	4.109557151794434	0.0	0.0	0.5223439931869507	0.0	0.0	0.0	0.0	0.0	0.0	0.0	0.0	1.8487281799316406	1.5234577655792236	0.0	0.0	0.9513170123100281	0.0	0.0	0.0	1.5047663450241089	0.5943372845649719	2.1880626678466797	1.6306567192077637	0.0	0.0	0.0	1.1838438510894775	0.0	1.637177586555481	0.5997045040130615	0.0	0.0	1.0967084169387817	0.7923553586006165	0.0	0.0	0.0	0.0	0.0	1.6354870796203613	0.0	0.0	0.0	1.7211216688156128	1.5618793964385986	0.8140840530395508	0.0	0.20272478461265564	0.0	0.0	1.5005048513412476	0.0	0.0	0.0	2.7697906494140625	0.0	0.0
0.0	0.0	0.0	0.28818953037261963	1.136274814605713	0.0	1.1613489389419556	0.0	2.053260326385498	1.0654654502868652	0.2542751133441925	0.0	1.258776068687439	0.5808520913124084	0.0	1.3826518058776855	0.0	0.7637444734573364	1.0557889938354492	0.8354747891426086	0.9904768466949463	1.092344880104065	0.0	1.175133466720581	0.0	0.0	1.086971402168274	0.7975066900253296	0.8091368079185486	0.7208170294761658	0.5624526143074036	0.9361873269081116	0.0	1.2553571462631226	0.0	0.6844255924224854	1.1826112270355225	0.0	0.9109071493148804	1.0988847017288208	0.0	0.0	0.0	0.0	0.0	0.0	0.0	0.0	0.0	0.08358395099639893	0.0	0.0	0.0	0.6550828814506531	0.908793032169342	0.0	0.0	0.2894573509693146	1.4713964462280273	1.5672537088394165	0.0	0.0	0.0	0.7352593541145325	0.0	0.0	0.0	0.0	0.0	1.5574373006820679	0.5462779402732849	0.0	0.0	0.0	0.0	0.0	0.7206528782844543	0.952427327632904	0.0	0.0	0.0	0.0	0.0	0.48869284987449646	1.1617279052734375	0.0	2.1518380641937256	0.0	0.22425325214862823	0.0	0.0	1.352213740348816	0.0	1.5773977041244507	0.0	0.920279324054718	1.5464500188827515	1.4942222833633423	0.0	0.0	0.0	0.0	0.0	1.7927770614624023	0.0	0.0	0.8922699093818665	0.0	0.0	0.0	0.0	0.0	0.0	0.0	0.0	0.0	0.1099666953086853	0.0	0.44880107045173645	0.0	0.0	0.6376122236251831	0.0	0.26126646995544434	1.234467625617981	0.0	0.0	0.0	0.0	0.0	0.0	0.0	0.06688480824232101	0.0	0.0	1.1859898567199707	0.48967117071151733	0.0	0.0	0.9395315647125244	0.0	0.18257756531238556	0.0	1.395140528678894	0.16495783627033234	0.0	0.0845046415925026	0.0	0.0	0.0	0.0	0.0	0.0	0.0	1.8633677959442139	0.0	0.0	0.2604568898677826	0.0	0.0	0.8950597047805786	0.8407379388809204	0.7997217774391174	0.0	0.5282306671142578	0.0	1.5893930196762085	1.6058094501495361	0.0	0.0	0.0	0.0	0.8178907036781311	0.0	0.40909045934677124	1.1847461462020874	0.21682317554950714	0.0	0.0	0.4176647365093231	0.5921582579612732	0.5333966016769409	0.0	0.0	1.2888026237487793	0.0	0.0	0.0	0.0	0.0	0.0	0.0	0.0	0.0	0.3394235372543335	0.0	0.8676449656486511	0.0	2.022934675216675	1.3191721439361572	0.0	0.0	0.0	0.0	0.0	0.0	0.0	0.0	0.5376508235931396	0.0	0.6191105246543884	0.903041422367096	0.0	0.0	0.0	0.0	0.0	0.0	1.4667755365371704	1.200361728668213	0.4524098336696625	0.7138720750808716	0.0	0.0	0.0	0.9823128581047058	0.4987814724445343	0.7380706071853638	1.0449753999710083	0.0	0.0	0.17867538332939148	0.7266176342964172	0.07162678986787796	0.0	0.0	0.0	0.0	0.779075026512146	0.0	0.0	0.0	0.8919763565063477	0.0	1.9216519594192505	0.0	0.0	0.0	0.942065417766571	1.1427178382873535	0.0	0.0	0.0	0.6618187427520752	0.0	0.0
0.0	0.0	0.0	0.31870827078819275	1.6803836822509766	0.0	0.6968659162521362	0.0	2.9012954235076904	1.014686942100525	0.799931526184082	0.0	1.5539345741271973	1.0396623611450195	0.0	2.6363303661346436	0.0	0.7689204216003418	0.8122530579566956	0.9459023475646973	1.477938175201416	0.3091276288032532	0.0	0.7989287972450256	0.0	0.0	1.0026557445526123	0.9821709990501404	1.1030051708221436	1.4499820470809937	0.7138659358024597	1.401869297027588	0.0	0.8313839435577393	0.0	0.24387116730213165	1.137617588043213	0.0	0.720750629901886	1.5734543800354004	0.0	0.0	0.0	0.623981773853302	0.0	0.0	0.0	0.0	0.0	0.2019529938697815	0.0	0.0	0.0	0.6470359563827515	0.31616443395614624	0.0	0.0	0.0	0.8163194060325623	2.093554735183716	0.0	0.0	0.0	0.2899876534938812	0.0	0.0	0.0	0.0	0.0	1.1370693445205688	0.3632966876029968	0.0	0.0	0.0	0.0	0.0	0.8680572509765625	1.2435591220855713	0.0	0.0	0.0	0.0	0.302596777677536	0.004379212390631437	1.0419800281524658	0.0	2.497771978378296	0.0	1.1761398315429688	0.0	0.0	0.8259559869766235	0.0	1.4373518228530884	0.0	0.7873873114585876	1.603369116783142	1.553390383720398	0.0	0.0	0.0	0.02440282702445984	0.0	2.1932473182678223	0.0	0.0	1.1704930067062378	0.0	0.0	0.0	0.0	0.0	0.0	0.0	0.0	0.0	0.44596442580223083	0.0	1.180661916732788	0.0	0.0	0.9268411993980408	0.0	0.5446531176567078	1.9627565145492554	0.7955003976821899	0.0	0.0	0.0	0.0	0.0	0.0	0.0	0.0	0.0	2.038531541824341	0.34696075320243835	0.0	0.0	0.3302983045578003	0.0	0.0	0.0	1.4193580150604248	0.621321976184845	0.0	1.038747787475586	0.0	0.0	0.0	0.0	0.2970655560493469	0.0	0.0	1.4664119482040405	0.0	0.0	1.201960802078247	0.0	0.0	0.5977922081947327	0.6418047547340393	0.5912371277809143	0.0	0.11587260663509369	0.0	1.728248953819275	2.414083957672119	0.0	0.0	0.0	0.0	0.7485118508338928	0.0	0.0	2.2432315349578857	0.8808161020278931	0.0	0.0	0.0	1.4517813920974731	0.37359505891799927	0.0	0.0	0.6625891327857971	0.0	0.0	0.0	0.0	0.0	0.0	0.0	0.0	0.0	0.0	0.0	0.7009648680686951	0.0	3.396733283996582	0.8688982725143433	0.0	0.0	0.0	0.0	0.0	0.0	0.0	0.0	0.7838999629020691	0.0	1.6877864599227905	1.207720160484314	0.0	0.0	0.08596346527338028	0.0	0.0	0.0	1.2783539295196533	1.135438323020935	0.8246741890907288	1.8793494701385498	0.0	0.0	0.0	0.9509462118148804	0.6278488636016846	1.205122947692871	0.8761763572692871	0.0	0.0	0.6762263178825378	1.092242956161499	0.0	0.0	0.0	0.0	0.0	1.3738819360733032	0.0	0.0	0.0	0.927054226398468	0.39144113659858704	1.728133201599121	0.0	0.0	0.0	0.9210402965545654	1.6804673671722412	0.0	0.0	0.0	1.5887471437454224	0.0	0.0
0.0	0.0	0.0	0.3027927875518799	2.77923583984375	0.0	0.0	0.0	3.1696135997772217	0.13379605114459991	3.096622943878174	0.0	0.0	0.04736816883087158	0.4608828127384186	3.2167978286743164	0.8796203136444092	0.01845860667526722	0.0	0.15381287038326263	0.0	0.0	0.0	0.5875629782676697	0.0	0.0	0.0	0.0	0.17408716678619385	1.0798840522766113	0.0	2.8194692134857178	0.0	0.0	0.0	0.05660196766257286	0.23325581848621368	0.0	0.0	0.35948920249938965	0.0	0.0	0.0	1.6102278232574463	0.0	0.0	0.2432837039232254	0.0	0.0	1.7637157440185547	0.0	0.0	0.0	0.0	0.0	0.0	0.0	0.0	0.0	3.1972298622131348	0.0	0.0	0.0	0.42552483081817627	0.0	0.0	0.0	0.0	0.0	0.5751852989196777	0.17338252067565918	0.0	0.0	0.0	0.0	0.0	0.3811936676502228	0.6984485983848572	0.0	0.0	0.0	0.0	0.0	0.0	0.0	0.0	1.884179711341858	0.0	1.6779491901397705	0.0	0.0	0.0	0.0	1.1232026815414429	0.0	0.15448063611984253	0.5632302165031433	1.4039652347564697	0.0	0.0	0.0	0.8458871245384216	0.0	1.5390828847885132	0.0	0.0	0.1767522692680359	1.8081175088882446	0.0	1.383164644241333	0.0	0.0	0.0	0.0	0.0	0.0	0.9827986359596252	0.0	2.7524330615997314	0.0	0.0	0.3643038868904114	0.0	1.6788527965545654	2.0099005699157715	1.3874266147613525	0.0	0.0	0.0	1.7309162616729736	0.0	0.0	0.2394995242357254	0.0	0.0	4.558237075805664	0.0	0.0	0.0	0.0	0.0	0.0	0.0	0.33643725514411926	0.0	0.0	0.6928200721740723	0.0	0.0	0.0	0.0	1.4590531587600708	0.0	0.0	0.20219717919826508	0.0	0.0	1.6013025045394897	0.0	0.0	0.27559420466423035	0.9204633235931396	0.13934597373008728	0.0	0.3882259726524353	0.0	1.720624566078186	3.0369393825531006	0.0	0.0	0.0	0.0	0.04709012806415558	0.0	0.0	4.23500919342041	2.7646238803863525	0.0	0.0	0.0	2.029247522354126	0.0	0.0	0.0	0.0	0.0	0.0	0.0	0.0	0.0	0.0	0.0	0.0	0.0	0.0	0.0	0.0	0.0	4.109390735626221	0.1802755743265152	0.0	0.6572851538658142	0.0	0.0	0.0	0.0	0.0	0.0	1.4188594818115234	0.0	3.718026876449585	2.946129322052002	0.0	0.0	0.32010966539382935	0.0	0.0	0.0	0.4817705452442169	0.0	1.6352620124816895	2.3424932956695557	0.0	0.0	0.0	0.17672881484031677	1.2983804941177368	0.37914377450942993	0.0	0.0	0.0	3.0357539653778076	1.9447146654129028	0.0	0.0	0.0	0.0	0.0	2.0899786949157715	0.0	0.0	0.0	0.354579359292984	2.1366724967956543	0.46214109659194946	0.0	1.1465306282043457	0.0	0.0	0.2934356927871704	0.0	0.0	0.0	2.992464065551758	0.0	0.0
0.0	0.0	0.0	0.2214847356081009	1.5288318395614624	0.0	0.7048239707946777	0.0	2.2395012378692627	0.9597139358520508	1.2419415712356567	0.0	1.2896175384521484	0.0	0.0	1.7547152042388916	0.0	0.9058266282081604	0.643667459487915	0.961088240146637	0.482915461063385	1.5044164657592773	0.0	0.9539455771446228	0.0	0.0	0.7728785872459412	0.26060500741004944	0.842196524143219	0.8665956854820251	0.0	2.2608935832977295	0.0	1.0807287693023682	0.0	0.42789074778556824	1.809715986251831	0.0	1.034508228302002	1.4873504638671875	0.0	0.0	0.0	0.6630644798278809	0.0	0.0	0.012370687909424305	0.0	0.0	0.20462991297245026	0.0	0.0	0.0	0.7753633856773376	0.7456473708152771	0.0	0.0	0.0	0.936552882194519	2.6733529567718506	0.0	0.0	0.0	0.6700394749641418	0.0	0.0	0.0	0.0	0.0	1.6839179992675781	0.016224276274442673	0.0	0.0	0.0	0.0	0.0	0.6257531046867371	0.6225258708000183	0.0	0.01709573157131672	0.0	0.0	0.0	0.05753627419471741	0.8884023427963257	0.0	2.701124429702759	0.0	0.18312135338783264	0.0	0.0	0.9527153968811035	0.0	2.073127269744873	0.0	0.6454020738601685	1.5978938341140747	1.1998751163482666	0.0	0.0	0.0	0.0	0.0	2.2831320762634277	0.0	0.0	0.0	0.014301980845630169	0.0	0.0	0.0	0.0	0.0	0.0	0.0	0.0	0.0	0.0	1.6510306596755981	0.0	0.0	0.1312299221754074	0.0	1.3870433568954468	1.8615343570709229	0.18670539557933807	0.0	0.0	0.0	0.0	0.0	0.0	0.0	0.0	0.0	2.1690549850463867	0.0	0.0	0.0	0.6718447804450989	0.0	0.0	0.0	0.6769121289253235	0.0	0.0	0.07135229557752609	0.0	0.0	0.0	0.0	0.0	0.0	0.0	2.0218091011047363	0.0	0.0	0.5142550468444824	0.0	0.0	0.9932035803794861	0.7487625479698181	0.570486843585968	0.0	0.853824257850647	0.0	2.4935851097106934	2.2475924491882324	0.0	0.0	0.0	0.0	0.8329687714576721	0.0	0.0	2.770625352859497	0.6703081727027893	0.0	0.0	0.0	0.7545865774154663	0.35366469621658325	0.0	0.0	1.3744351863861084	0.0	0.0	0.0	0.0	0.0	0.0	0.0	0.0	0.0	0.4498823583126068	0.0	0.6085060834884644	0.0	2.820469856262207	1.002974271774292	0.0	0.0	0.0	0.0	0.0	0.0	0.0	0.0	0.31991666555404663	0.0	1.2999687194824219	1.348315954208374	0.0	0.0	0.0	0.0	0.0	0.0	1.6166023015975952	0.8291166424751282	1.1283701658248901	0.558146059513092	0.0	0.0	0.0	1.6552631855010986	0.2570364773273468	1.0152195692062378	1.208217978477478	0.0	0.0	0.9427911639213562	0.9516443014144897	0.0	0.0	0.0	0.0	0.0	1.26790189743042	0.0	0.0	0.0	0.5619357824325562	0.21413347125053406	1.8847575187683105	0.0	0.0	0.0	0.8893052339553833	1.1092336177825928	0.0	0.0	0.0	1.2032214403152466	0.0	0.0
0.0	0.0	0.0	0.8514361381530762	1.0633130073547363	0.0	1.460619568824768	0.0	3.2194325923919678	1.8316129446029663	0.6097654104232788	0.0	2.8134422302246094	1.0476714372634888	0.0	2.7662606239318848	0.0	1.784598708152771	1.7724757194519043	1.0254268646240234	1.5550875663757324	1.8869179487228394	0.0	1.0893921852111816	0.0	0.0	2.0860252380371094	1.1010340452194214	2.356315851211548	2.0770792961120605	0.9964002370834351	1.4520606994628906	0.0	1.8289780616760254	0.0	0.4096783399581909	2.843323230743408	0.0	1.9826549291610718	2.779315233230591	0.0	0.0	0.0	0.0	0.0	0.0	0.0	0.0	0.0	0.0	0.0	0.0	0.0	1.0264694690704346	1.5099221467971802	0.0	0.0	0.0	1.574517011642456	3.144132375717163	0.0	0.0	0.0	1.363741397857666	0.0	0.0	0.0	0.0	0.0	2.2728586196899414	0.4784098267555237	0.0	0.0	0.0	0.0	0.0	1.8735671043395996	1.2722700834274292	0.0	0.0	0.0	0.0	0.0	1.1061784029006958	2.1716082096099854	0.0	3.565215826034546	0.0	1.0782146453857422	0.0	0.0	2.103303909301758	0.0	3.142771005630493	0.0	1.8811278343200684	2.554300546646118	1.1733744144439697	0.0	0.0	0.0	0.0	0.0	3.1623101234436035	0.0	0.0	1.0779902935028076	0.0	0.0	0.0	0.0	0.0	0.0	0.0	0.0	0.0	0.39047771692276	0.0	1.0701936483383179	0.0	0.16219833493232727	0.0	0.0	0.4182477295398712	2.1154625415802	0.6752471923828125	0.0	0.0	0.0	0.0	0.0	0.0	0.2744550108909607	0.0	0.0	2.6670217514038086	0.0	0.0	0.0	0.8092930912971497	0.0	0.0	0.0	1.3913524150848389	0.30277684330940247	0.0	1.2574341297149658	0.0	0.0	0.0	0.0	0.0	0.0	0.0	3.076690673828125	0.0	0.0	0.9618379473686218	0.0	0.0	1.3756415843963623	1.4569331407546997	0.9042356014251709	0.0	1.6612886190414429	0.0	2.2684147357940674	3.2165191173553467	0.0	0.0	0.0	0.0	2.0035359859466553	0.0	0.0	2.4479570388793945	0.0	0.0	0.0	0.0	1.4122123718261719	1.0653055906295776	0.0	0.0	2.5048723220825195	0.0	0.0	0.0	0.0	0.0	0.0	0.0	0.0	0.0	1.092590093612671	0.0	2.438798189163208	0.0	3.944624662399292	1.069019079208374	0.0	0.0	0.0	0.0	0.0	0.0	0.0	0.0	0.5194757580757141	0.0	1.4463824033737183	1.14316987991333	0.0	0.0	0.6891009211540222	0.0	0.0	0.0	2.883803129196167	2.3720831871032715	0.9820837378501892	0.6758391857147217	0.0	0.0	0.0	2.2154159545898438	0.27659210562705994	2.636089324951172	1.8620198965072632	0.0	0.0	0.11843448132276535	1.0182918310165405	0.4661543369293213	0.0	0.0	0.0	0.0	0.9105702042579651	0.0	0.0	0.0	1.8960225582122803	0.19045278429985046	3.0490052700042725	0.0	0.05760966241359711	0.0	1.1165364980697632	2.0741043090820312	0.0	0.0	0.0	1.0283476114273071	0.0	0.0
0.0	0.0	0.0	0.37825390696525574	2.0010552406311035	0.0	0.4466356933116913	0.0	3.0969178676605225	0.5991361737251282	2.1882452964782715	0.0	0.9140771627426147	0.6126018762588501	2.5458134587097447e-06	2.7157931327819824	0.0	0.5138499140739441	0.20088334381580353	0.5593050718307495	0.11332253366708755	0.566948413848877	0.0	0.8327155709266663	0.0	0.0	0.6125348210334778	0.2534782290458679	0.6262296438217163	1.5083773136138916	0.41818052530288696	2.2917418479919434	0.0	0.682083010673523	0.0	0.03020809032022953	0.8803228139877319	0.0	0.5825492143630981	1.2910127639770508	0.0	0.0	0.0	0.7391902208328247	0.0	0.0	0.0	0.0	0.0	1.4262551069259644	0.0	0.0	0.0	0.4667528569698334	0.38518157601356506	0.0	0.0	0.0	0.6826004385948181	3.126467704772949	0.0	0.0	0.0	0.5923543572425842	0.0	0.0	0.0	0.0	0.0	1.1592259407043457	0.22534413635730743	0.0	0.0	0.0	0.0	0.0	0.6996140480041504	1.0101572275161743	0.0	0.0	0.0	0.0	0.0	0.0	0.3545621633529663	0.0	2.6582090854644775	0.0	1.1193134784698486	0.0	0.0	0.5399059057235718	0.0	1.4674324989318848	0.0	0.7062790393829346	1.530630350112915	1.2075053453445435	0.0	0.0	0.0	0.21378864347934723	0.0	1.7548472881317139	0.0	0.0	0.7057639956474304	0.4165390133857727	0.0	0.3815842568874359	0.0	0.0	0.0	0.0	0.0	0.0	0.4404032826423645	0.0	1.7557381391525269	0.0	0.0	0.4625495970249176	0.0	0.8621135354042053	2.059142589569092	0.9939722418785095	0.0	0.0	0.0	0.7618920207023621	0.0	0.0	0.03128788620233536	0.0	0.0	3.2196974754333496	0.0	0.0	0.0	0.09027821570634842	0.0	0.0	0.0	0.8240758776664734	0.0	0.0	0.4813784062862396	0.0	0.0	0.0	0.0	0.6121219992637634	0.0	0.0	0.7532590627670288	0.0	0.0	1.5566554069519043	0.0	0.0	0.49883365631103516	0.9509445428848267	0.8734071254730225	0.0	0.5403028726577759	0.0	2.0443472862243652	2.9519941806793213	0.0	0.0	0.0	0.0	0.8798735737800598	0.0	0.0	3.0882601737976074	1.3971730470657349	0.0	0.0	0.0	1.6151686906814575	0.0	0.0	0.0	0.7871906757354736	0.0	0.0	0.0	0.0	0.0	0.0	0.0	0.0	0.0	0.0	0.0	0.7957710027694702	0.0	3.7043955326080322	0.7726242542266846	0.0	0.04046126827597618	0.0	0.0	0.0	0.0	0.0	0.0	0.8852677345275879	0.0	2.7360472679138184	1.9991711378097534	0.0	0.0	0.0017255538841709495	0.0	0.0	0.0	1.0366005897521973	0.6545714735984802	1.543473720550537	1.6913639307022095	0.0	0.0	0.0	0.5821404457092285	0.7830856442451477	1.1976475715637207	0.3861185610294342	0.0	0.0	1.7375683784484863	1.7320573329925537	0.008230051957070827	0.0	0.0	0.0	0.0	1.8713366985321045	0.0	0.0	0.0	0.776538610458374	1.3735277652740479	1.1977148056030273	0.0	0.43455082178115845	0.0	0.1676495373249054	0.9666128158569336	0.0	0.0	0.0	2.4024128913879395	0.0	0.0
0.0	0.0	0.0	0.14109833538532257	1.5417392253875732	0.0	0.9557157158851624	0.0	2.1542999744415283	1.100441813468933	0.9919540286064148	0.0	1.5899131298065186	0.0	0.0	1.1258444786071777	0.0	1.0273357629776	0.852247416973114	1.0921252965927124	1.2157529592514038	1.9037622213363647	0.0	0.8353059887886047	0.0	0.0	1.3869590759277344	0.812929630279541	1.192272663116455	0.9660080075263977	0.05142432078719139	1.9676471948623657	0.0	1.7997345924377441	0.0	0.4246232211589813	1.5763781070709229	0.0	1.478589653968811	1.1656768321990967	0.0	0.0	0.0	0.1916317343711853	0.0	0.0	0.0	0.0	0.0	0.16814813017845154	0.0	0.0	0.0	0.7305089831352234	1.2968881130218506	0.0	0.0	0.0	1.6146283149719238	2.455199718475342	0.0	0.0	0.0	0.925589382648468	0.0	0.0	0.0	0.0	0.0	1.8231894969940186	0.0	0.0	0.0	0.0	0.0	0.0	1.422811508178711	1.1969364881515503	0.0	0.0	0.0	0.0	0.0	0.540924608707428	1.4590563774108887	0.0	2.3692660331726074	0.0	0.038274649530649185	0.0	0.0	1.646446704864502	0.0	2.7111563682556152	0.0	1.149711012840271	1.692945122718811	1.3839876651763916	0.0	0.0	0.0	0.0	0.0	2.54994535446167	0.0	0.0	0.0	0.0	0.0	0.0	0.0	0.0	0.0	0.0	0.0	0.0	0.0	0.0	1.4251848459243774	0.0	0.0	0.14154714345932007	0.0	1.2616959810256958	1.828804850578308	0.1539328247308731	0.0	0.0	0.0	0.0	0.0	0.0	0.5675694346427917	0.0	0.0	2.0458695888519287	0.0	0.0	0.0	0.8143615126609802	0.0	0.0	0.0	0.2471725344657898	0.0	0.0	0.007892459630966187	0.0	0.0	0.0	0.0	0.0	0.0	0.0	2.497270107269287	0.0	0.0	0.5580359101295471	0.0	0.0	1.2316880226135254	1.1748613119125366	1.146481990814209	0.0	1.2262122631072998	0.0	2.525458335876465	2.4287939071655273	0.0	0.0	0.0	0.0	1.106809377670288	0.0	0.0	2.6108670234680176	0.26727068424224854	0.0	0.0	0.0	0.3989558815956116	0.17875124514102936	0.0	0.0	1.5070276260375977	0.0	0.0	0.0	0.0	0.0	0.0	0.0	0.0	0.0	0.31801411509513855	0.0	2.114415407180786	0.0	3.0663230419158936	1.3825064897537231	0.0	0.0	0.0	0.0	0.0	0.0	0.0	0.0	0.0	0.0	1.255644679069519	1.4500360488891602	0.0	0.0	0.0	0.0	0.0	0.0	2.231410264968872	1.5497430562973022	0.5084174871444702	0.12319588661193848	0.0	0.0	0.0	1.2318428754806519	0.18816161155700684	1.321569561958313	0.8037083148956299	0.0	0.0	0.3494795560836792	0.6321899890899658	0.023427873849868774	0.0	0.0	0.0	0.0	0.06823983788490295	0.0	0.0	0.0	0.9002407193183899	0.0	2.1765360832214355	0.0	0.0	0.0	1.5325311422348022	1.0568734407424927	0.0	0.0	0.0	0.7299784421920776	0.0	0.0
0.0	0.0	0.0	0.0	0.507723867893219	0.0	0.44487109780311584	0.0	0.6867533922195435	0.5727973580360413	0.022331200540065765	0.0	0.5484867691993713	0.28695619106292725	0.22482064366340637	0.5232149958610535	0.0	0.3048016130924225	0.2674775719642639	0.3808280825614929	0.18338848650455475	0.3926304578781128	0.0	0.6319690942764282	0.0	0.0	0.42015621066093445	0.45509591698646545	0.3542640805244446	0.3667684495449066	0.37059861421585083	0.24752983450889587	0.0	0.44934138655662537	0.0	0.43817415833473206	0.4512530267238617	0.0	0.39766040444374084	0.2991813123226166	0.0	0.0	0.0	0.0	0.0	0.0	0.0	0.0	0.0	0.27128034830093384	0.0	0.0	0.0	0.0	0.33367055654525757	0.0	0.0	0.22263388335704803	0.7999663352966309	0.397627055644989	0.0	0.0	0.0	0.3720688819885254	0.0	0.0	0.0	0.0	0.0	0.35747361183166504	0.3890865743160248	0.0	0.0	0.08814603835344315	0.0	0.0	0.38875481486320496	0.5434656739234924	0.0	0.16504813730716705	0.0	0.0	0.0	0.013280265033245087	0.47492310404777527	0.0	0.6506986021995544	0.0	0.0	0.0	0.0	0.6151998043060303	0.0	0.7438982129096985	0.0	0.2493758499622345	0.6405333280563354	0.6189528107643127	0.0	0.09999480098485947	0.0	0.0	0.0	0.5119690299034119	0.0	0.0	0.11187534779310226	0.0	0.0	0.0	0.0	0.0	0.0	0.0	0.0	0.0	0.09409830719232559	0.0	0.18248629570007324	0.0	0.0	0.4010619521141052	0.0	0.129124253988266	0.4399830102920532	0.1123042106628418	0.0	0.0	0.0	0.02494504675269127	0.0	0.0	0.15174736082553864	0.0	0.0	0.5605374574661255	0.31727057695388794	0.0	0.0	0.091901995241642	0.0	0.0212628822773695	0.0	0.5797780156135559	0.26289743185043335	0.0	0.0	0.0	0.0	0.0	0.0	0.06417937576770782	0.0	0.0	0.6362117528915405	0.0	0.0	0.4148199260234833	0.0	0.0	0.5460553765296936	0.475366473197937	0.5071728825569153	0.0	0.49572187662124634	0.0	0.5781563520431519	0.7429629564285278	0.0	0.0	0.0	0.0	0.25172460079193115	0.0	0.3681279122829437	0.4716571867465973	0.0	0.0	0.0	0.3263634741306305	0.2280532270669937	0.2548006474971771	0.0	0.0	0.44342830777168274	0.0	0.0	0.0	0.0	0.0	0.0	0.0	0.0	0.0	0.243385910987854	0.0	0.3960948586463928	0.0	0.8314836025238037	0.5713697671890259	0.0	0.0	0.0	0.0	0.0	0.0	0.0	0.0	0.45267555117607117	0.0	0.3506881892681122	0.485548198223114	0.0833004042506218	0.0	0.0060764458030462265	0.0	0.0	0.0	0.5275535583496094	0.5223179459571838	0.02993515133857727	0.34578999876976013	0.0	0.0	0.0	0.31919607520103455	0.4043322205543518	0.2640650272369385	0.5847063660621643	0.0	0.0	0.19583815336227417	0.44136282801628113	0.13171283900737762	0.0	0.0	0.0	0.0	0.3284866213798523	0.0	0.0	0.0	0.28003621101379395	0.03757864236831665	0.6718335151672363	0.0	0.08979303389787674	0.0	0.48779577016830444	0.48970434069633484	0.0	0.2159506231546402	0.0	0.10433708876371384	0.0	0.0
0.0	0.0	0.0	0.0	1.9392485618591309	0.0	0.4931875169277191	0.0	2.834808826446533	1.11640465259552	1.0526396036148071	0.0	1.365490436553955	0.25153475999832153	0.2922321856021881	1.902801275253296	0.0	0.1409921795129776	0.9113447666168213	0.756812572479248	1.2059085369110107	0.8495157957077026	0.0	1.0315182209014893	0.0	0.0	0.5784997344017029	0.8338057994842529	0.6041483283042908	0.9897674322128296	0.4658735394477844	1.5452361106872559	0.0	0.9355572462081909	0.0	0.1605023890733719	1.0804617404937744	0.0	0.3328811228275299	1.229520559310913	0.0	0.0	0.0	1.149477481842041	0.0	0.0	0.0	0.0	0.0	1.0894826650619507	0.0	0.0	0.0	0.6343288421630859	0.7098361253738403	0.0	0.0	0.1071564331650734	1.2217578887939453	1.847594141960144	0.0	0.0	0.0	0.5819436311721802	0.0	0.0	0.0	0.0	0.0	1.2111880779266357	0.627415120601654	0.0	0.0	0.0	0.0	0.0	0.7720330357551575	1.3437985181808472	0.0	0.0	0.0	0.0	0.0	0.0	0.6736146211624146	0.0	2.2029831409454346	0.0	0.3316595256328583	0.0	0.0	0.7994786500930786	0.0	1.8524225950241089	0.0	1.0242899656295776	1.5579043626785278	1.9131057262420654	0.0	0.0	0.0	0.0	0.0	1.7610338926315308	0.0	0.0	0.563259482383728	0.08659308403730392	0.0	0.0	0.0	0.0	0.0	0.0	0.0	0.0	0.5101253390312195	0.0	0.7696155905723572	0.0	0.0	1.1165037155151367	0.0	0.35589835047721863	1.3290926218032837	0.8181846737861633	0.0	0.0	0.0	0.2421090453863144	0.0	0.0	0.4908179044723511	0.0	0.0	2.2591583728790283	0.44704025983810425	0.0	0.0	0.9198111891746521	0.0	0.0	0.0	1.411157250404358	0.02341437339782715	0.0	0.1087617501616478	0.0	0.0	0.0	0.0	0.2641579508781433	0.0	0.0	2.0061094760894775	0.0	0.0	0.6912150382995605	0.0	0.0	0.6553667187690735	1.4017091989517212	1.0787019729614258	0.0	0.9085115194320679	0.0	2.2291040420532227	2.400050640106201	0.0	0.0	0.0	0.0	0.7847894430160522	0.0	0.0	2.1732115745544434	0.696496844291687	0.0	0.0	0.0	1.0330181121826172	0.009178771637380123	0.0	0.0	1.1407411098480225	0.0	0.0	0.0	0.0	0.0	0.0	0.0	0.0	0.0	0.0	0.0	0.9228482842445374	0.0	2.737560272216797	1.1847914457321167	0.0	0.0	0.0	0.0	0.0	0.0	0.0	0.0	0.9136108756065369	0.0	1.8182764053344727	1.2430552244186401	0.0	0.0	0.22561083734035492	0.0	0.0	0.0	1.2816294431686401	1.1866313219070435	0.47919130325317383	1.0034091472625732	0.0	0.0	0.0	0.6446400284767151	0.38471919298171997	0.7587360143661499	0.6784797310829163	0.0	0.0	0.9506450891494751	1.4647918939590454	0.0	0.0	0.0	0.0	0.0	1.2937427759170532	0.0	0.0	0.0	0.5747918486595154	0.6158034801483154	1.5688532590866089	0.0	0.3057321608066559	0.0	0.8763672709465027	1.0834591388702393	0.0	0.0	0.0	1.3499473333358765	0.0	0.0
0.0	0.0	0.0	0.48949599266052246	2.133594274520874	0.0	0.08743136376142502	0.0	3.367436170578003	1.0238968133926392	2.143064022064209	0.0	0.7639496922492981	0.6790649890899658	0.5460920333862305	3.085757255554199	0.16774635016918182	0.8518419861793518	0.8352522253990173	0.8902615308761597	0.5484474897384644	0.5815275311470032	0.0	0.8134497404098511	0.0	0.0	0.8106229305267334	0.0424773171544075	0.8587515950202942	1.4202765226364136	0.3145875036716461	2.0852763652801514	0.0	0.3313097655773163	0.0	0.0066114082001149654	1.129424810409546	0.0	0.5290279388427734	1.3280062675476074	0.0	0.0	0.0	0.49199268221855164	0.0	0.0	0.0	0.0	0.0	1.2330882549285889	0.0	0.0	0.0	0.08250521123409271	0.7013626098632812	0.0	0.0	0.08880399912595749	0.5066624283790588	3.008913516998291	0.0	0.0	0.0	0.8069964647293091	0.0	0.0	0.0	0.0	0.0	0.9888182282447815	0.37178483605384827	0.0	0.0	0.0	0.0	0.0	0.9187847375869751	1.3394414186477661	0.0	0.0	0.0	0.0	0.0	0.0	1.0110265016555786	0.0	2.4904632568359375	0.0	1.704948902130127	0.0	0.0	0.7541899681091309	0.0	1.64658784866333	0.0	0.9941678047180176	1.6056815385818481	1.356459617614746	0.0	0.0	0.0	0.0	0.0	1.9632285833358765	0.0	0.0	1.2717869281768799	0.8660921454429626	0.0	0.0	0.0	0.0	0.0	0.0	0.0	0.0	0.14564958214759827	0.0	1.9586068391799927	0.0	0.0	0.4075809419155121	0.0	0.9967761635780334	1.729915976524353	1.116733193397522	0.0	0.0	0.0	0.9895440340042114	0.0	0.0	0.42363181710243225	0.0	0.0	3.8397903442382812	0.3353886902332306	0.0	0.0	0.1209760457277298	0.0	0.0	0.0	1.5387026071548462	0.0	0.0	0.6818054914474487	0.0	0.0	0.0	0.0	0.3465770483016968	0.0	0.0	1.2533795833587646	0.0	0.0	1.816245436668396	0.0	0.0	0.7586209177970886	1.3324822187423706	0.690203070640564	0.0	1.268890142440796	0.0	2.1398274898529053	2.935676336288452	0.0	0.0	0.0	0.0	1.2250384092330933	0.0	0.0	3.2813477516174316	1.6140497922897339	0.0	0.0	0.0	1.8712369203567505	0.0	0.0	0.0	1.200165867805481	0.0	0.0	0.0	0.0	0.0	0.0	0.0	0.0	0.0	0.23036840558052063	0.0	0.32680627703666687	0.0	3.4827632904052734	0.7529737949371338	0.0	0.0	0.0	0.0	0.0	0.0	0.0	0.0	1.3380919694900513	0.0	2.766460418701172	2.278531551361084	0.0	0.0	0.2152385115623474	0.0	0.0	0.0	1.4915114641189575	0.9317003488540649	1.5874165296554565	1.6076467037200928	0.0	0.0	0.0	0.7133021950721741	0.8918532729148865	1.4223533868789673	0.4017936885356903	0.0	0.0	2.291574239730835	1.9121286869049072	0.0	0.0	0.0	0.0	0.0	2.205533742904663	0.0	0.0	0.0	0.9007692337036133	1.2896685600280762	1.5060991048812866	0.0	0.6223204135894775	0.0	0.1507762223482132	1.4036413431167603	0.0	0.0	0.0	2.053574323654175	0.0	0.0
0.0	0.0	0.0	0.10916198045015335	0.7213528752326965	0.0	0.8599141836166382	0.0	1.1281611919403076	0.9424141645431519	0.12498150765895844	0.0	0.9502869248390198	0.7174386382102966	0.035675421357154846	1.135312557220459	0.0	0.5093288421630859	0.9136261940002441	0.8618685603141785	0.6243981719017029	0.37748292088508606	0.0	1.0329688787460327	0.0	0.0	0.6780078411102295	0.6186732649803162	0.5621840953826904	0.8873448371887207	0.48063158988952637	0.594005286693573	0.0	0.7544750571250916	0.0	0.49888578057289124	0.8736449480056763	0.0	0.7304721474647522	1.0157463550567627	0.0	0.0	0.0	0.0	0.009084563702344894	0.0	0.0	0.0	0.0	0.0	0.0	0.0	0.0	0.4697512090206146	0.5584349036216736	0.0	0.0	0.37855395674705505	1.3618817329406738	0.8150237798690796	0.0	0.0	0.0	0.7336534857749939	0.0	0.0	0.0	0.0	0.0	1.1160101890563965	0.5674574375152588	0.0	0.0	0.0	0.0	0.0	0.7125906944274902	0.9505144953727722	0.0	0.142835333943367	0.0	0.0	0.16652008891105652	0.19704698026180267	0.9592970013618469	0.0	1.2067182064056396	0.0	0.0	0.0	0.0	0.8632687926292419	0.0	1.2121165990829468	0.0	0.5999432802200317	1.2837817668914795	1.0582244396209717	0.0	0.0	0.0	0.0	0.0	1.1153262853622437	0.0	0.0	0.6808614730834961	0.008464623242616653	0.0	0.0	0.0	0.0	0.0	0.0	0.0	0.0	0.31894320249557495	0.0	0.03997943922877312	0.0	0.0	0.5606746673583984	0.0	0.1194155290722847	0.668842077255249	0.4312639832496643	0.0	0.0	0.0	0.0	0.0	0.0	0.1331140249967575	0.0	0.0	0.6550223231315613	0.32963594794273376	0.0	0.0	0.735273540019989	0.0	0.13880567252635956	0.0	1.2185111045837402	0.4186592400074005	0.0	0.22118064761161804	0.0	0.0	0.0	0.0	0.0	0.0	0.0	1.4034727811813354	0.0	0.0	0.4234231114387512	0.0	0.0	0.838029682636261	0.7135884761810303	0.6785522699356079	0.0	0.6164811849594116	0.0	0.8616017699241638	1.1993879079818726	0.0	0.0	0.0	0.0	0.7208800911903381	0.0	0.47845369577407837	0.8152713179588318	0.0	0.0	0.0	0.3636939525604248	0.6889848709106445	0.4478885233402252	0.0	0.0	0.9447518587112427	0.0	0.0	0.0	0.0	0.0	0.0	0.0	0.0	0.0	0.20630501210689545	0.0	0.9230766296386719	0.0	1.6326063871383667	1.0634931325912476	0.0	0.0	0.0	0.0	0.0	0.0	0.0	0.0	0.5455378890037537	0.0	0.4295594394207001	0.8152614235877991	0.0	0.0	0.1972324699163437	0.0	0.0	0.0	1.142356038093567	1.0908169746398926	0.20208202302455902	0.5281266570091248	0.0	0.0	0.0	0.9501444697380066	0.6644784808158875	0.6210210919380188	0.7747786045074463	0.0	0.0	0.0	0.7120760679244995	0.44871091842651367	0.0	0.0	0.0	0.0	0.5830034613609314	0.0	0.0	0.0	0.6224560141563416	0.0	1.3553776741027832	0.0	0.11692001670598984	0.0	0.7624051570892334	1.0850293636322021	0.0	0.16823352873325348	0.0	0.19617751240730286	0.0	0.0
0.0	0.0	0.0	0.33645594120025635	1.2448543310165405	0.0	0.9949414730072021	0.0	1.9832346439361572	1.4318172931671143	0.25173553824424744	0.0	1.3400402069091797	0.7125077247619629	0.0	1.6926168203353882	0.0	0.5281610488891602	1.1332722902297974	0.9986594915390015	0.854041337966919	1.1253442764282227	0.0	1.1985377073287964	0.0	0.0	1.0050556659698486	1.1442198753356934	0.8728159070014954	1.0664992332458496	0.5322811603546143	1.243761420249939	0.0	1.305687665939331	0.0	0.5130123496055603	1.2864611148834229	0.0	1.2571287155151367	1.2795382738113403	0.0	0.0	0.0	0.24908050894737244	0.0	0.0	0.0	0.0	0.0	0.3024600148200989	0.0	0.0	0.0	0.40206778049468994	0.8153258562088013	0.0	0.0	0.0	1.6087381839752197	1.5776828527450562	0.0	0.0	0.0	1.01819908618927	0.0	0.0	0.0	0.0	0.0	1.5418970584869385	0.6073253154754639	0.0	0.0	0.0	0.0	0.0	1.0616648197174072	1.534729242324829	0.0	0.12253867834806442	0.0	0.0	0.0	0.23810818791389465	0.9160126447677612	0.0	2.254706859588623	0.0	0.0	0.0	0.0	1.4250085353851318	0.0	1.857138752937317	0.0	1.0944353342056274	1.6583415269851685	1.8210924863815308	0.0	0.0	0.0	0.0	0.0	1.897502064704895	0.0	0.0	0.8644536733627319	0.0	0.0	0.0	0.0	0.0	0.0	0.0	0.0	0.0	0.06965000927448273	0.0	0.5054594278335571	0.0	0.0	0.8175235986709595	0.0	0.3792310059070587	1.213413119316101	0.0985923483967781	0.0	0.0	0.0	0.0	0.0	0.0	0.18692556023597717	0.0	0.0	1.6285978555679321	0.39099282026290894	0.0	0.0	0.7872527241706848	0.0	0.20705270767211914	0.0	1.7452396154403687	0.24358022212982178	0.0	0.21945691108703613	0.0	0.0	0.0	0.0	0.0	0.0	0.0	1.8181697130203247	0.0	0.0	0.6892504692077637	0.0	0.0	0.9375991225242615	1.163623332977295	0.632785439491272	0.0	0.9829419851303101	0.0	1.928110957145691	1.9139907360076904	0.0	0.0	0.0	0.0	0.9399928450584412	0.0	0.14353570342063904	1.4520162343978882	0.22554370760917664	0.0	0.0	0.5926865935325623	0.7299867868423462	0.2818307876586914	0.0	0.0	1.494890570640564	0.0	0.0	0.0	0.0	0.0	0.0	0.0	0.0	0.0	0.12015467137098312	0.0	1.0494344234466553	0.0	2.3497259616851807	1.4928004741668701	0.0	0.0	0.0	0.0	0.0	0.0	0.0	0.0	0.7330751419067383	0.0	0.9529140591621399	1.45344877243042	0.0	0.0	0.059593167155981064	0.0	0.0	0.0	1.547163724899292	1.2483046054840088	0.3686019480228424	0.8290618062019348	0.0	0.0	0.0	1.3439539670944214	0.6176411509513855	0.8233543038368225	1.0684292316436768	0.0	0.0	0.47506028413772583	0.8417205810546875	0.15811413526535034	0.0	0.0	0.0	0.0	0.8814348578453064	0.0	0.0	0.0	0.8850459456443787	0.0	2.083942174911499	0.0	0.1159173846244812	0.0	0.9294215440750122	1.3857933282852173	0.0	0.1114782840013504	0.0	0.6471243500709534	0.0	0.0
0.0	0.0	0.0	0.42403092980384827	1.2930468320846558	0.0	0.9080790281295776	0.0	2.5597171783447266	1.3084368705749512	1.2113087177276611	0.0	1.1650254726409912	0.789498507976532	0.0	2.5511980056762695	0.0	1.0409948825836182	1.0085279941558838	0.8000532388687134	0.6432658433914185	0.9709001779556274	0.0	0.9515959620475769	0.0	0.0	0.6852018237113953	0.37582650780677795	1.098158836364746	1.369748830795288	0.7032935619354248	1.1129924058914185	0.0	1.0404866933822632	0.0	0.2915412485599518	1.1869747638702393	0.0	0.7726109027862549	1.5934782028198242	0.0	0.0	0.0	0.28321781754493713	0.0	0.0	0.0	0.0	0.0	0.18010343611240387	0.0	0.0	0.0	0.9366479516029358	0.5012056827545166	0.0	0.0	0.0	0.6824237704277039	2.2483110427856445	0.0	0.0	0.0	0.6334264278411865	0.0	0.0	0.0	0.0	0.0	1.7906006574630737	0.5174756646156311	0.0	0.0	0.0	0.0	0.0	0.8868261575698853	1.1706252098083496	0.0	0.0	0.0	0.0	0.08888804912567139	0.22467778623104095	0.7788676023483276	0.0	2.5797839164733887	0.0	0.8784909248352051	0.0	0.0	1.0873149633407593	0.0	1.6203175783157349	0.0	0.9476147294044495	1.4804656505584717	1.518364667892456	0.0	0.0	0.0	0.0	0.0	1.8628274202346802	0.0	0.0	1.1002014875411987	0.20941013097763062	0.0	0.0	0.0	0.0	0.0	0.0	0.0	0.0	0.04845492169260979	0.0	0.9589130878448486	0.0	0.0	0.3467921018600464	0.0	0.42526182532310486	1.7146574258804321	0.7372249364852905	0.0	0.0	0.0	0.3356817066669464	0.0	0.0	0.0	0.0	0.0	2.2045652866363525	0.0	0.0	0.0	0.5924278497695923	0.0	0.0	0.0	1.6029486656188965	0.0	0.0	0.7171156406402588	0.0	0.0	0.0	0.0	0.0	0.0	0.0	1.848503589630127	0.0	0.0	0.9353823661804199	0.0	0.0	0.7364511489868164	0.9602553248405457	0.6624795794487	0.0	0.44137948751449585	0.0	1.8981869220733643	2.2894628047943115	0.0	0.0	0.0	0.0	1.077879548072815	0.0	0.0	2.3962039947509766	0.7909120917320251	0.0	0.0	0.11058253794908524	1.3920009136199951	0.06797460466623306	0.0	0.0	1.3448485136032104	0.0	0.0	0.0	0.0	0.0	0.0	0.0	0.0	0.0	0.0	0.0	0.8700460195541382	0.0	3.242375135421753	0.9113554954528809	0.0	0.0	0.0	0.0	0.0	0.0	0.0	0.0	0.5710312724113464	0.0	1.5342885255813599	1.6378505229949951	0.0	0.0	0.5502867698669434	0.0	0.0	0.0	1.5939182043075562	1.2540069818496704	1.0411107540130615	0.9984710216522217	0.0	0.0	0.0	1.1604604721069336	0.26829981803894043	1.2357174158096313	0.6467171311378479	0.0	0.0	1.0018292665481567	0.9056534171104431	0.044725462794303894	0.0	0.0	0.0	0.0	1.4712486267089844	0.0	0.0	0.0	1.1463934183120728	0.29002541303634644	1.8393986225128174	0.0	0.16151313483715057	0.0	0.3596189320087433	1.3455848693847656	0.0	0.0	0.0	1.5182725191116333	0.0	0.0
0.0	0.0	0.0	0.7608548998832703	1.1350198984146118	0.0	0.17254917323589325	0.0	2.7140705585479736	0.89288330078125	1.5734232664108276	0.0	0.7836664319038391	0.553859531879425	0.0	2.2210779190063477	0.0	0.7305666208267212	0.4678206741809845	0.25339820981025696	0.7837362885475159	0.3793160319328308	0.0	0.69036465883255	0.0	0.0	0.7644774913787842	0.0	0.8173860311508179	1.1575692892074585	0.6945364475250244	1.1894805431365967	0.0	0.7760410308837891	0.0	0.0	0.22391846776008606	0.0	0.2923413813114166	1.0964329242706299	0.0	0.0	0.0	0.8749844431877136	0.0	0.0	0.0	0.0	0.0	0.6352144479751587	0.0	0.0	0.0	0.3122544586658478	0.34459978342056274	0.0	0.0	0.07916831970214844	0.1940293163061142	2.234236001968384	0.0	0.0	0.0	0.32526150345802307	0.0	0.0	0.0	0.0	0.0	1.0587424039840698	0.3309832811355591	0.0	0.0	0.0	0.0	0.0	0.5807140469551086	0.9982221126556396	0.0	0.0	0.0	0.0	0.17261280119419098	0.07833074033260345	0.871387243270874	0.0	2.0649497509002686	0.0	1.2420306205749512	0.0	0.0	0.6230130195617676	0.0	0.8115642666816711	0.0	0.5316355228424072	1.6617486476898193	1.0054523944854736	0.0	0.0	0.0	0.0	0.0	1.591125726699829	0.0	0.0	1.1004427671432495	0.025244228541851044	0.0	0.0	0.0	0.0	0.0	0.0	0.0	0.0	0.46862056851387024	0.0	0.9601152539253235	0.0	0.0	0.8156009316444397	0.0	0.7390645742416382	2.0252859592437744	0.45062845945358276	0.0	0.0	0.0	0.0	0.0	0.0	0.0	0.0	0.0	2.2609524726867676	0.28397923707962036	0.0	0.0	0.0	0.0	0.0	0.0	0.9529489874839783	0.33055898547172546	0.0	0.46545112133026123	0.0	0.0	0.0	0.0	0.2273760288953781	0.0	0.0	1.054721474647522	0.0	0.0	1.3734573125839233	0.0	0.0	0.3468826711177826	0.9975999593734741	0.3795417249202728	0.0	0.0	0.0	0.9324293732643127	2.144866943359375	0.0	0.0	0.0	0.0	0.9378073215484619	0.0	0.0	2.492478132247925	1.0551035404205322	0.0	0.0	0.0	1.3201173543930054	0.18197603523731232	0.0	0.0	0.3656725585460663	0.0	0.0	0.0	0.0	0.0	0.0	0.0	0.0	0.0	0.0	0.0	0.5230861902236938	0.0	2.8344883918762207	0.4060150384902954	0.0	0.0	0.0	0.0	0.0	0.0	0.0	0.0	1.0212550163269043	0.0	1.675454020500183	1.2709554433822632	0.0	0.0	1.0870941877365112	0.0	0.0	0.0	1.2073403596878052	0.5572404265403748	0.8335918188095093	1.3560540676116943	0.0	0.0	0.0	0.3823295831680298	0.632278323173523	1.2666289806365967	0.7653892636299133	0.0	0.0	1.2650189399719238	0.8140684366226196	0.0	0.0	0.0	0.0	0.0	1.5285377502441406	0.0	0.0	0.0	0.7193592190742493	0.73227858543396	1.121292233467102	0.0	0.0	0.0	0.23425981402397156	1.1357483863830566	0.0	0.0	0.0	1.9789354801177979	0.0	0.0
0.0	0.0	0.0	0.11667470633983612	2.041874885559082	0.0	0.0	0.0	3.128598928451538	0.0	3.1878654956817627	0.0	0.0	0.0	0.0	2.0053389072418213	0.9683129191398621	0.11807940900325775	0.0	0.0	0.0	0.0	0.0	0.0	0.0	0.0	0.0	0.0	0.0	0.7084429860115051	0.0	2.688570022583008	0.0	0.061815377324819565	0.0	0.0	0.0	0.0	0.0	0.11641818284988403	0.0	0.0	0.0	1.9587843418121338	0.0	0.0	0.36297091841697693	0.0	0.0	2.068925142288208	0.0	0.0	0.0	0.11037583649158478	0.0	0.0	0.0	0.0	0.0	2.4449119567871094	0.0	0.0	0.0	0.0	0.0	0.0	0.0	0.0	0.0	0.2638804018497467	0.0	0.0	0.0	0.0	0.0	0.0	0.0	0.28867948055267334	0.0	0.0	0.0	0.0	0.0076017435640096664	0.0	0.0	0.0	1.1087225675582886	0.0	1.5193876028060913	0.0	0.0	0.0	0.0	0.7307590246200562	0.0	0.2269870787858963	0.49624744057655334	0.7796272039413452	0.0	0.0	0.0	1.3245187997817993	0.0	0.8844689130783081	0.0	0.0	0.1765545904636383	0.8213174343109131	0.0	1.7008599042892456	0.0	0.0	0.0	0.0	0.0	0.0	0.7319720983505249	0.0	2.268833637237549	0.0	0.0	0.3158678412437439	0.0	1.3000266551971436	2.4811582565307617	0.7131074070930481	0.0	0.0	0.0	1.2545446157455444	0.0	0.0	0.0	0.0	0.0	3.2930994033813477	0.5184279680252075	0.0	0.0	0.0	0.0	0.0	0.0	0.0	0.0	0.0	0.5618000030517578	0.0	0.0	0.0	0.0	1.47854745388031	0.0	0.0	0.31501737236976624	0.0	0.0	1.3597397804260254	0.0	0.0	0.0	0.08120770752429962	0.0	0.0	0.0	0.0	1.108336329460144	2.6180317401885986	0.0	0.0	0.0	0.0	0.0	0.0	0.0	3.931863307952881	3.026348352432251	0.0	0.0	0.0	0.8976334929466248	0.0	0.0	0.0	0.0	0.0	0.0	0.0	0.0	0.0	0.0	0.0	0.0	0.0	0.0	0.0	0.0	0.0	3.6702427864074707	0.0	0.0	0.8276366591453552	0.0	0.0	0.0	0.0	0.0	0.0	1.0700615644454956	0.0	2.8009867668151855	1.6344071626663208	0.0	0.0	0.4421337842941284	0.0	0.0	0.0	0.09545468538999557	0.0	1.573818325996399	2.0336546897888184	0.0	0.0	0.0	0.0	0.9385649561882019	0.6024729609489441	0.0	0.0	0.0	3.23323392868042	1.6351674795150757	0.0	0.0	0.0	0.0	0.0	1.673014521598816	0.0	0.0	0.0	0.0	1.4939979314804077	0.0	0.0	0.5901340842247009	0.0	0.0	0.0	0.0	0.0	0.0	3.151308298110962	0.0	0.0
0.0	0.0	0.0	0.49038347601890564	1.961270809173584	0.0	0.0	0.0	2.320594072341919	0.39949700236320496	1.4881868362426758	0.0	0.04770923778414726	0.25108519196510315	0.22511287033557892	2.1041133403778076	0.45206743478775024	0.35936954617500305	0.031830646097660065	0.15206485986709595	0.0	0.34158578515052795	0.0	0.723461389541626	0.0	0.0	0.278914213180542	0.0	0.13138894736766815	0.721947968006134	0.0	1.3632668256759644	0.0	0.5531428456306458	0.0	0.4073810279369354	0.0	0.0	0.0	0.8189332485198975	0.0	0.0	0.0	0.7993825078010559	0.0	0.0	0.0	0.0	0.0	1.6971925497055054	0.0	0.0	0.0	0.15237495303153992	0.005078210961073637	0.0	0.0	0.0	0.13749760389328003	2.345202684402466	0.0	0.0	0.0	0.2292708456516266	0.0	0.0	0.0	0.0	0.0	0.5634525418281555	0.2835206389427185	0.0	0.0	0.0	0.0	0.0	0.4758993089199066	0.4495925307273865	0.0	0.0	0.0	0.0	0.0	0.0	0.0	0.0	1.620540738105774	0.0	1.3302019834518433	0.0	0.0	0.4054769277572632	0.0	1.1359277963638306	0.0	0.32690224051475525	0.7298534512519836	1.1394374370574951	0.0	0.0	0.0	0.10858608037233353	0.0	1.7271487712860107	0.0	0.0	0.5852323174476624	0.9576857089996338	0.0	0.35418567061424255	0.0	0.0	0.0	0.0	0.0	0.0	0.42660415172576904	0.0	1.8221732378005981	0.0	0.0	0.24496158957481384	0.0	1.2569488286972046	1.5285624265670776	0.6481781005859375	0.0	0.0	0.0	1.4127881526947021	0.0	0.0	0.07781938463449478	0.0	0.0	2.942248821258545	0.14191582798957825	0.0	0.0	0.0	0.0	0.0	0.0	0.6481627225875854	0.0	0.0	0.0	0.0	0.0	0.0	0.0	0.6565752029418945	0.0	0.0	0.8770475387573242	0.0	0.0	0.931357741355896	0.0	0.0	0.036266349256038666	0.5481929779052734	0.0	0.0	0.3293035924434662	0.0	1.7512099742889404	2.545468330383301	0.0	0.0	0.0	0.0	0.4217437207698822	0.0	0.0	2.6340343952178955	1.7171001434326172	0.0	0.0	0.0	1.4047069549560547	0.0	0.0	0.0	0.4452444016933441	0.0	0.0	0.0	0.0	0.0	0.0	0.0	0.0	0.0	0.0	0.0	0.13488762080669403	0.0	2.8010447025299072	0.04263315722346306	0.0	0.0	0.0	0.0	0.0	0.0	0.0	0.0	0.7865381240844727	0.0	1.74657142162323	2.024205446243286	0.0	0.0	0.0	0.0	0.0	0.0	0.3703729212284088	0.4513978958129883	1.088919758796692	1.9190467596054077	0.0	0.0	0.0	0.3413882851600647	0.9522975087165833	0.25755754113197327	0.0	0.0	0.0	2.101616621017456	1.7825828790664673	0.0	0.0	0.0	0.0	0.0	1.437919020652771	0.0	0.0	0.0	0.14280278980731964	1.49550199508667	0.703127920627594	0.0	0.7231515049934387	0.0	0.0	0.5907092690467834	0.0	0.0	0.0	2.0253584384918213	0.0	0.0
0.0	0.0	0.0	0.0	2.091233968734741	0.0	0.0	0.0	3.0387587547302246	0.10662458837032318	3.228175401687622	0.0	0.38290929794311523	0.18573758006095886	0.27758726477622986	3.8289523124694824	0.5547638535499573	0.533976137638092	0.012168855406343937	0.0	0.5778667330741882	0.0	0.0	0.0	0.0	0.0	0.0	0.0	0.2406410276889801	0.8383126258850098	0.1420036405324936	2.15185284614563	0.0	0.21561560034751892	0.0	0.0	0.15990005433559418	0.0	0.0	0.20138074457645416	0.0	0.0	0.0	1.77799391746521	0.0	0.0	0.7219006419181824	0.0	0.0	0.9693197011947632	0.0	0.0	0.0	0.0	0.0	0.0	0.0	0.0	0.03610556945204735	2.7165870666503906	0.0	0.0	0.0	0.0	0.0	0.0	0.0	0.0	0.0	0.4936673045158386	0.010066245682537556	0.0	0.0	0.0	0.0	0.0	0.32108089327812195	0.5307691693305969	0.0	0.0	0.0	0.0	0.3410879969596863	0.0	0.0	0.0	2.1769680976867676	0.0	2.385894775390625	0.0	0.0	0.0	0.0	0.479735404253006	0.0	0.0	0.4686322510242462	0.9944912791252136	0.0	0.0	0.0	0.7676630616188049	0.0	1.4109597206115723	0.0	0.0	1.0824812650680542	1.0220277309417725	0.0	1.1028562784194946	0.0	0.0	0.0	0.0	0.0	0.0	0.31872111558914185	0.0	2.5173487663269043	0.0	0.0	0.6687999963760376	0.0	1.1286531686782837	2.4146039485931396	1.268591046333313	0.0	0.0	0.0	1.1520676612854004	0.0	0.0	0.0	0.0	0.0	3.476320266723633	0.0	0.0	0.0	0.0	0.0	0.0	0.0	1.077017903327942	0.0	0.0	1.018526315689087	0.0	0.0	0.0	0.0	1.6139863729476929	0.0	0.0	0.7000085115432739	0.0	0.0	1.2914934158325195	0.0	0.0	0.0	0.4988286793231964	0.0	0.0	0.0	0.0	1.1011509895324707	2.538825750350952	0.0	0.0	0.0	0.0	0.4254051744937897	0.0	0.0	3.8251309394836426	2.5757551193237305	0.0	0.0	0.0	1.4440926313400269	0.0	0.0	0.0	0.0	0.0	0.0	0.0	0.0	0.0	0.0	0.0	0.0	0.0	0.0	0.0	0.0	0.0	3.571049451828003	0.0	0.0	0.4922516942024231	0.0	0.0	0.0	0.0	0.0	0.0	1.0703003406524658	0.0	2.7939858436584473	1.8849101066589355	0.0	0.0	0.7371866703033447	0.0	0.0	0.0	0.15568475425243378	0.11470074206590652	2.168410062789917	2.3548743724823	0.0	0.0	0.0	0.03597857058048248	0.40682992339134216	0.641045093536377	0.006049776915460825	0.0	0.0	2.233611822128296	1.537317156791687	0.0	0.0	0.0	0.0	0.0	2.287839651107788	0.0	0.0	0.0	0.8221338391304016	1.757567048072815	0.20216414332389832	0.0	0.6822998523712158	0.0	0.0	0.25204452872276306	0.0	0.0	0.0	2.9240713119506836	0.0	0.0
0.0	0.0	0.0	0.0	1.416843295097351	0.0	0.14784906804561615	0.0	2.311429738998413	0.9186168313026428	1.5351418256759644	0.0	0.7714963555335999	0.3103888928890228	0.22835953533649445	2.0010621547698975	0.024293772876262665	0.5538254380226135	0.30007898807525635	0.5866429805755615	0.34443968534469604	0.8592784404754639	0.0	0.5574185848236084	0.0	0.0	0.5477742552757263	0.08205815404653549	0.7875365018844604	1.2500895261764526	0.07437673211097717	1.5046364068984985	0.0	0.6372734308242798	0.0	0.3147183954715729	0.6664554476737976	0.0	0.46492308378219604	1.0660216808319092	0.0	0.0	0.0	0.7746526598930359	0.0	0.0	0.0	0.0	0.0	0.6876785755157471	0.0	0.0	0.0	0.24876774847507477	0.27793657779693604	0.0	0.0	0.21438898146152496	0.5564146637916565	2.0536017417907715	0.0	0.0	0.0	0.24152903258800507	0.0	0.0	0.0	0.0	0.0	0.7821919322013855	0.41865304112434387	0.0	0.0	0.0	0.0	0.0	0.800933837890625	1.0483148097991943	0.0	0.0	0.0	0.0	0.0	0.08602164685726166	0.7783781886100769	0.0	1.7263909578323364	0.0	0.3977842628955841	0.0	0.0	0.6244136095046997	0.0	1.4497344493865967	0.0	0.9909653663635254	1.1182773113250732	1.1176921129226685	0.0	0.0	0.0	0.0	0.0	1.4000004529953003	0.0	0.0	0.8651353716850281	0.32387837767601013	0.0	0.0	0.0	0.0	0.0	0.0	0.0	0.0	0.6070464849472046	0.0	0.9709675908088684	0.0	0.0	0.4522637724876404	0.0	0.6787791848182678	1.3235398530960083	0.6535325050354004	0.0	0.0	0.0	0.5195037126541138	0.0	0.0	0.7362008690834045	0.0	0.0	2.377441167831421	0.02007359266281128	0.0	0.0	0.0	0.0	0.0	0.0	0.9355731010437012	0.0	0.0	0.362759530544281	0.0	0.0	0.0	0.0	0.31905484199523926	0.0	0.0	1.687147617340088	0.0	0.0	1.1859688758850098	0.0	0.0	0.7234321236610413	1.2502827644348145	0.884125292301178	0.0	0.7470867037773132	0.0	1.428030252456665	2.2893412113189697	0.0	0.0	0.0	0.0	0.8792560696601868	0.0	0.0	2.6722052097320557	1.2673838138580322	0.0	0.0	0.0	1.0017070770263672	0.05814748257398605	0.0	0.0	0.5224712491035461	0.0	0.0	0.0	0.0	0.0	0.0	0.0	0.0	0.0	0.3404043912887573	0.0	0.4350854754447937	0.0	2.7260870933532715	0.6801453232765198	0.0	0.0	0.0	0.0	0.0	0.0	0.0	0.0	0.7051756381988525	0.0	2.174713134765625	1.6013853549957275	0.0	0.0	0.3218243420124054	0.0	0.0	0.0	0.8963976502418518	1.0182170867919922	0.8540858030319214	1.3624123334884644	0.0	0.0	0.0	0.37168586254119873	0.8545148968696594	0.7057962417602539	0.4659343361854553	0.0	0.0	1.418142318725586	1.2566663026809692	0.0	0.0	0.0	0.0	0.0	1.333931803703308	0.0	0.0	0.0	0.529381513595581	0.9327277541160583	1.2281914949417114	0.0	0.4268158972263336	0.0	0.33016300201416016	0.9079060554504395	0.0	0.0	0.0	1.5513532161712646	0.0	0.0
0.0	0.0	0.0	0.24020548164844513	1.7497812509536743	0.0	0.3820675313472748	0.0	2.737481117248535	0.460251122713089	1.739173173904419	0.0	0.7874609231948853	0.4444120526313782	0.027379749342799187	2.9593639373779297	0.0020397487096488476	0.8689705729484558	0.5277854800224304	0.5053311586380005	0.0	0.5239790678024292	0.0	0.4431087374687195	0.0	0.0	0.2127958983182907	0.2818240225315094	1.021949052810669	1.2207635641098022	0.33673959970474243	1.4174162149429321	0.0	0.28115537762641907	0.0	0.0	0.8420301079750061	0.0	0.17467105388641357	1.1932284832000732	0.0	0.0	0.0	0.6823102831840515	0.0	0.0	0.0	0.0	0.0	0.7753521800041199	0.0	0.0	0.0	0.24371817708015442	0.2542286515235901	0.0	0.0	0.0	0.15247002243995667	2.368023633956909	0.0	0.0	0.0	0.29824498295783997	0.0	0.0	0.0	0.0	0.0	0.8413520455360413	0.37150290608406067	0.0	0.0	0.0	0.0	0.0	0.6830198764801025	0.8588351011276245	0.0	0.0	0.0	0.0	0.0	0.0	0.4129469394683838	0.0	2.0176961421966553	0.0	1.6586236953735352	0.0	0.0	0.27935096621513367	0.0	1.3310860395431519	0.0	0.23744425177574158	1.1296948194503784	0.8827765583992004	0.0	0.0	0.0	0.11256814748048782	0.0	1.8325304985046387	0.0	0.0	0.6449572443962097	0.49579668045043945	0.0	0.21556000411510468	0.0	0.0	0.0	0.0	0.0	0.0	0.26838257908821106	0.0	1.5433576107025146	0.0	0.0	0.3493344187736511	0.0	0.5334523320198059	1.675357699394226	0.9668437838554382	0.0	0.0	0.0	0.5449714660644531	0.0	0.0	0.012528927996754646	0.0	0.0	3.057999610900879	0.0	0.0	0.0	0.0	0.0	0.0	0.0	1.132125735282898	0.0	0.0	0.8534244894981384	0.0	0.0	0.0	0.0	0.4160791039466858	0.0	0.0	1.202508807182312	0.0	0.0	1.2924622297286987	0.0	0.0	0.0	0.7171756625175476	0.630650520324707	0.0	0.5680509209632874	0.0	1.121141791343689	2.330366849899292	0.0	0.0	0.0	0.0	0.8243054747581482	0.0	0.0	2.9000277519226074	1.4551582336425781	0.0	0.0	0.0	1.554864764213562	0.07628403604030609	0.0	0.0	0.8449273705482483	0.0	0.0	0.0	0.0	0.0	0.0	0.0	0.0	0.0	0.0	0.0	0.40299129486083984	0.0	3.4356729984283447	0.1631341129541397	0.0	0.09153294563293457	0.0	0.0	0.0	0.0	0.0	0.0	0.5558498501777649	0.0	2.311310291290283	1.7928820848464966	0.0	0.0	0.26899394392967224	0.0	0.0	0.0	1.169966697692871	0.8073243498802185	1.1533132791519165	1.735992431640625	0.0	0.0	0.0	0.639964759349823	0.4405451714992523	1.374346375465393	0.0	0.0	0.0	1.5233373641967773	1.2477854490280151	0.0	0.0	0.0	0.0	0.0	1.9115831851959229	0.0	0.0	0.0	0.9470217823982239	1.0526658296585083	0.8735509514808655	0.0	0.4376004934310913	0.0	0.0	1.0551550388336182	0.0	0.0	0.0	1.8222389221191406	0.0	0.0
0.0	0.0	0.0	0.0	1.4465906620025635	0.0	0.0	0.0	2.4884722232818604	0.23290300369262695	1.9173154830932617	0.0	0.5520190596580505	0.3146618902683258	0.0	2.4571104049682617	0.0	0.6767808198928833	0.09873038530349731	0.3807118833065033	0.6512888669967651	0.2958844006061554	0.0	0.04163007438182831	0.0	0.0	0.1976775825023651	0.0	0.8961734771728516	0.7036725282669067	0.3303501009941101	1.7514501810073853	0.0	0.17965102195739746	0.0	0.0	0.35050904750823975	0.0	0.0	0.5243142247200012	0.0	0.0	0.0	1.0437395572662354	0.0	0.0	0.06098422408103943	0.0	0.0	0.8605525493621826	0.0	0.0	0.0	0.23418648540973663	0.0	0.0	0.0	0.0	0.4722802937030792	2.074235439300537	0.0	0.0	0.0	0.045634932816028595	0.0	0.0	0.0	0.0	0.0	0.7182929515838623	0.12297479808330536	0.0	0.0	0.0	0.0	0.0	0.28777405619621277	0.47523340582847595	0.0	0.0	0.0	0.0	0.25443732738494873	0.0	0.5478023290634155	0.0	1.7101118564605713	0.0	1.2019813060760498	0.0	0.0	0.0	0.0	0.9252319931983948	0.0	0.3263137936592102	0.8592828512191772	0.957207977771759	0.0	0.0	0.0	0.44390109181404114	0.0	1.254857063293457	0.0	0.0	0.781825065612793	0.22659164667129517	0.0	0.8391276001930237	0.0	0.0	0.0	0.0	0.0	0.0	0.3535314202308655	0.0	1.5361984968185425	0.0	0.0	0.677905797958374	0.0	0.5912418365478516	1.8743306398391724	0.9157522916793823	0.0	0.0	0.0	0.2526623010635376	0.0	0.0	0.11329551786184311	0.0	0.0	2.391389846801758	0.2029184252023697	0.0	0.0	0.24684764444828033	0.0	0.0	0.0	0.6522195935249329	0.0	0.0	0.6394400596618652	0.0	0.0	0.0	0.0	0.8711212873458862	0.0	0.0	0.6509969830513	0.0	0.0	1.2980419397354126	0.0	0.0	0.004094625823199749	0.14370334148406982	0.0	0.0	0.0	0.0	1.2072148323059082	2.45660138130188	0.0	0.0	0.0	0.0	0.7689419984817505	0.0	0.0	2.9787368774414062	1.7174763679504395	0.0	0.0	0.0	1.1977531909942627	0.0	0.0	0.0	0.0	0.0	0.0	0.0	0.0	0.0	0.0	0.0	0.0	0.0	0.0	0.0	0.0	0.0	2.9364092350006104	0.0	0.0	0.4323554039001465	0.0	0.0	0.0	0.0	0.0	0.0	0.48458725214004517	0.0	2.1878855228424072	1.1686146259307861	0.0	0.0	0.48459935188293457	0.0	0.0	0.0	0.9386621713638306	0.16988933086395264	1.3095475435256958	1.531004786491394	0.0	0.0	0.0	0.377361536026001	0.407133549451828	0.6746761202812195	0.30554109811782837	0.0	0.0	1.2907050848007202	1.437883973121643	0.0	0.0	0.0	0.0	0.0	1.496196985244751	0.0	0.0	0.0	0.7392209768295288	1.0827683210372925	0.844092607498169	0.0	0.28697991371154785	0.0	0.0	0.4817575216293335	0.0	0.0	0.0	1.7689827680587769	0.0	0.0
0.0	0.0	0.0	1.1909904479980469	0.9839261174201965	0.0	0.3881394565105438	0.0	2.985381603240967	0.4785020053386688	2.481998920440674	0.0	1.055019497871399	0.6476637125015259	0.0	3.5890398025512695	0.13720230758190155	1.0366055965423584	0.7638384699821472	0.3943663239479065	0.048530735075473785	0.32756662368774414	0.0	0.04856599494814873	0.0	0.0	0.46092090010643005	0.0	1.3630495071411133	1.1528602838516235	0.95578932762146	1.4466041326522827	0.0	0.15052028000354767	0.0	0.0	0.8981970548629761	0.0	0.4075252115726471	1.1944183111190796	0.0	0.0	0.0	0.7954632043838501	0.0	0.0	0.6862124800682068	0.0	0.0	0.47876524925231934	0.0	0.0	0.0	0.6266008615493774	0.33287668228149414	0.0	0.0	0.0	0.06751810759305954	2.7893550395965576	0.0	0.0	0.0	0.21273896098136902	0.0	0.0	0.0	0.0	0.0	1.7686903476715088	0.1521172821521759	0.0	0.0	0.0	0.0	0.0	0.36543798446655273	0.5419872403144836	0.0	0.0	0.0	0.0	0.5924217700958252	0.0	0.7349637746810913	0.0	2.512671709060669	0.0	1.9086922407150269	0.0	0.0	0.6446675658226013	0.0	1.0076264142990112	0.0	0.16196466982364655	1.5755380392074585	0.6104811429977417	0.0	0.0	0.0	0.715172529220581	0.0	1.745271921157837	0.0	0.0	1.2930012941360474	0.4244488477706909	0.0	0.8508913516998291	0.0	0.0	0.0	0.0	0.0	0.0	0.0	0.0	1.250024676322937	0.0	0.0	0.0	0.0	0.1856807917356491	2.560885429382324	1.2085134983062744	0.0	0.0	0.0	0.4182799458503723	0.0	0.0	0.0	0.0	0.0	3.081019878387451	0.0	0.0	0.0	0.0	0.0	0.0	0.0	1.1426112651824951	0.0	0.0	1.3735231161117554	0.0	0.0	0.0	0.0	0.43292561173439026	0.0	0.0	1.1583082675933838	0.0	0.0	1.6732343435287476	0.0	0.0	0.03684787079691887	0.212042897939682	0.0	0.0	0.05082722380757332	0.0	0.9925341010093689	2.3032214641571045	0.0	0.0	0.0	0.0	1.291399359703064	0.0	0.0	3.2600488662719727	1.4632463455200195	0.0	0.0	0.0	1.6655884981155396	0.0	0.0	0.0	0.25034695863723755	0.0	0.0	0.0	0.0	0.0	0.0	0.0	0.0	0.0	0.0	0.0	0.6924545168876648	0.0	4.048474311828613	0.11498048901557922	0.0	0.5353494882583618	0.0	0.0	0.0	0.0	0.0	0.0	0.07952950149774551	0.0	2.38970685005188	1.8061202764511108	0.0	0.0	1.1112054586410522	0.0	0.0	0.0	1.4872698783874512	0.6983422040939331	2.016343832015991	1.563722848892212	0.0	0.0	0.0	1.0075020790100098	0.0	1.2888751029968262	0.9574305415153503	0.0	0.0	1.76766836643219	1.3925812244415283	0.0	0.0	0.0	0.0	0.0	2.220707654953003	0.0	0.0	0.0	1.725083827972412	1.1688644886016846	1.2309975624084473	0.0	0.3417658805847168	0.0	0.0	1.081611156463623	0.0	0.0	0.0	2.330688238143921	0.0	0.0
0.0	0.0	0.0	0.48294228315353394	2.3643081188201904	0.0	0.9249799251556396	0.0	4.045543670654297	1.0437953472137451	2.5938031673431396	0.0	1.7496094703674316	0.7364829778671265	0.0	3.8454537391662598	0.0	0.946273684501648	0.45371854305267334	0.6204161047935486	1.3479840755462646	0.8166570067405701	0.0	0.6790542602539062	0.0	0.0	0.7721110582351685	0.4097069501876831	1.5448033809661865	1.4139907360076904	0.7459105253219604	2.431971311569214	0.0	0.5875245928764343	0.0	0.12433826178312302	1.2243596315383911	0.0	0.5177000761032104	1.8237208127975464	0.0	0.0	0.0	1.4079437255859375	0.0	0.0	0.0	0.0	0.0	1.287471890449524	0.0	0.0	0.0	0.3448896110057831	0.42933836579322815	0.0	0.0	0.0	0.21458612382411957	3.848822832107544	0.0	0.0	0.0	0.868140697479248	0.0	0.0	0.0	0.0	0.0	1.5465847253799438	0.03522379323840141	0.0	0.0	0.0	0.0	0.0	0.9169347286224365	1.5278555154800415	0.0	0.0	0.0	0.0	0.0	0.02879648096859455	1.0467928647994995	0.0	3.4206972122192383	0.0	1.8205636739730835	0.0	0.0	0.9040980339050293	0.0	2.3726649284362793	0.0	1.2867834568023682	1.8498055934906006	1.9678397178649902	0.0	0.0	0.0	0.4905463755130768	0.0	2.5981569290161133	0.0	0.0	1.4049237966537476	0.2367524355649948	0.0	0.0	0.0	0.0	0.0	0.0	0.0	0.0	0.3380395472049713	0.0	2.0943641662597656	0.0	0.0	0.49853336811065674	0.0	1.309343695640564	3.3271238803863525	0.8813775181770325	0.0	0.0	0.0	0.19849947094917297	0.0	0.0	0.0	0.0	0.0	3.4419755935668945	0.34229081869125366	0.0	0.0	0.633021891117096	0.0	0.0	0.0	0.9841057658195496	0.0	0.0	0.8147470355033875	0.0	0.0	0.0	0.0	0.7333663702011108	0.0	0.0	1.8161969184875488	0.0	0.0	1.5305631160736084	0.0	0.0	0.35066646337509155	1.2488088607788086	0.5956904292106628	0.0	1.0338588953018188	0.0	2.5387868881225586	3.415067434310913	0.0	0.0	0.0	0.0	1.17384934425354	0.0	0.0	4.564730644226074	2.133769989013672	0.0	0.0	0.0	1.531116247177124	0.0	0.0	0.0	1.0639616250991821	0.0	0.0	0.0	0.0	0.0	0.0	0.0	0.0	0.0	0.0	0.0	0.5897670388221741	0.0	5.451045036315918	0.672627329826355	0.0	0.0	0.0	0.0	0.0	0.0	0.0	0.0	1.2089952230453491	0.0	2.9782774448394775	2.1409926414489746	0.0	0.0	0.4010198712348938	0.0	0.0	0.0	1.627484679222107	0.8195652365684509	1.6077265739440918	2.087639808654785	0.0	0.0	0.0	0.8605740070343018	0.7245697975158691	1.4968822002410889	0.9571958780288696	0.0	0.0	2.1007320880889893	1.8139945268630981	0.0	0.0	0.0	0.0	0.0	2.1446774005889893	0.0	0.0	0.0	1.4388787746429443	1.3041960000991821	1.5880401134490967	0.0	0.317496657371521	0.0	0.5413686037063599	1.0313020944595337	0.0	0.0	0.0	2.9288411140441895	0.0	0.0
0.0	0.0	0.0	0.004085990134626627	2.182652473449707	0.0	0.0	0.0	2.3851821422576904	0.46837949752807617	1.9916374683380127	0.0	0.5750565528869629	0.5349583029747009	0.0	2.8976891040802	0.0	0.3675123453140259	0.09740952402353287	0.228728249669075	0.3633655309677124	0.0	0.0	0.20610183477401733	0.0	0.0	0.25409725308418274	0.0	0.12739954888820648	0.6098054647445679	0.0	1.7562448978424072	0.0	0.0	0.0	0.0	0.4733264744281769	0.0	0.0	0.5077534914016724	0.0	0.0	0.0	1.6409212350845337	0.0	0.0	0.0	0.0	0.0	1.5252009630203247	0.0	0.0	0.0	0.0	0.0	0.0	0.0	0.0	0.6290971636772156	2.124335765838623	0.0	0.0	0.0	0.34306296706199646	0.0	0.0	0.0	0.0	0.0	0.6283279061317444	0.38302454352378845	0.0	0.0	0.0	0.0	0.0	0.05841054022312164	0.8806151747703552	0.0	0.0	0.0	0.0	0.14553996920585632	0.0	0.009814931079745293	0.0	1.7073564529418945	0.0	1.6297208070755005	0.0	0.0	0.0	0.0	1.2081407308578491	0.0	0.2006935328245163	0.848777174949646	1.2105584144592285	0.0	0.0	0.0	0.11431307345628738	0.0	1.2582465410232544	0.0	0.0	0.5341876745223999	0.7749518752098083	0.0	0.5551475286483765	0.0	0.0	0.0	0.0	0.0	0.0	0.39308542013168335	0.0	2.0833189487457275	0.0	0.0	0.34802839159965515	0.0	1.044961929321289	1.5480918884277344	0.8036966919898987	0.0	0.0	0.0	1.0819600820541382	0.0	0.0	0.0	0.0	0.0	3.4398903846740723	0.022826526314020157	0.0	0.0	0.0	0.0	0.0	0.0	0.6762063503265381	0.2748311161994934	0.0	0.5469717383384705	0.0	0.0	0.0	0.0	0.6407274603843689	0.0	0.0	0.8927887678146362	0.0	0.0	0.9017464518547058	0.0	0.0	0.16753683984279633	0.4682776927947998	0.3758859634399414	0.0	0.1830054521560669	0.0	1.4283628463745117	2.7011525630950928	0.0	0.0	0.0	0.0	0.2609405815601349	0.0	0.0	3.1455090045928955	1.7468959093093872	0.0	0.0	0.0	1.3600643873214722	0.0	0.0	0.0	0.06475300341844559	0.0	0.0	0.0	0.0	0.0	0.0	0.0	0.0	0.0	0.0	0.0	0.0	0.0	3.5848801136016846	0.37374556064605713	0.0	0.4468570947647095	0.0	0.0	0.0	0.0	0.0	0.0	0.8329574465751648	0.0	2.21858811378479	1.776914358139038	0.0	0.0	0.20990146696567535	0.0	0.0	0.0	0.5838131308555603	0.5804388523101807	1.5454189777374268	2.175128936767578	0.0	0.0	0.0	0.32644590735435486	0.6109806895256042	1.019473671913147	0.0	0.0	0.0	2.106969118118286	1.5456907749176025	0.0	0.0	0.0	0.0	0.0	1.6886688470840454	0.0	0.0	0.0	0.6137240529060364	1.3464086055755615	0.6362037062644958	0.0	0.9438005089759827	0.0	0.17176222801208496	0.8127728700637817	0.0	0.0	0.0	2.4704456329345703	0.0	0.0
0.0	0.0	0.0	0.3312881588935852	1.9116239547729492	0.0	0.9116910696029663	0.0	3.902832269668579	1.6027499437332153	1.518122911453247	0.0	2.0154669284820557	0.8936738967895508	0.0	3.652519941329956	0.0	1.2849799394607544	1.3293184041976929	0.7882845997810364	1.5308749675750732	1.4010268449783325	0.0	1.1245144605636597	0.0	0.0	0.9507831931114197	1.0227038860321045	1.4638283252716064	1.690293312072754	1.0857537984848022	2.0501174926757812	0.0	1.69973623752594	0.0	0.13070522248744965	2.029916524887085	0.0	0.9380814433097839	2.261890411376953	0.0	0.0	0.0	1.340036153793335	0.0	0.0	0.0	0.0	0.0	0.3703767955303192	0.0	0.0	0.0	1.202599048614502	0.8207340836524963	0.0	0.0	0.0	1.7885619401931763	3.510885238647461	0.0	0.0	0.0	0.882338285446167	0.0	0.0	0.0	0.0	0.0	1.8074568510055542	0.2928977608680725	0.0	0.0	0.0	0.0	0.0	1.4076244831085205	1.4554028511047363	0.0	0.0	0.0	0.0	0.0	0.2009737491607666	1.0052145719528198	0.0	3.657552719116211	0.0	1.2894574403762817	0.0	0.0	1.719970703125	0.0	2.5291476249694824	0.0	1.7605618238449097	2.378100872039795	2.046189069747925	0.0	0.0	0.0	0.0	0.0	3.1881120204925537	0.0	0.0	1.2349624633789062	0.13338088989257812	0.0	0.0	0.0	0.0	0.0	0.0	0.0	0.0	0.03841521590948105	0.0	1.4861252307891846	0.0	0.0	0.49674129486083984	0.0	0.6726064682006836	2.4574761390686035	0.9074649810791016	0.0	0.0	0.0	0.0	0.0	0.0	0.0	0.0	0.0	3.104917049407959	0.0	0.0	0.0	1.14241361618042	0.0	0.0	0.0	2.0243499279022217	0.0	0.0	0.532683253288269	0.0	0.0	0.0	0.0	0.07871118187904358	0.0	0.0	2.4564614295959473	0.0	0.0	1.0529125928878784	0.0	0.0	1.0346633195877075	1.7975523471832275	1.0826270580291748	0.0	1.2560153007507324	0.0	3.1633071899414062	2.9953665733337402	0.0	0.0	0.0	0.0	1.450526475906372	0.0	0.0	3.660872220993042	1.1078238487243652	0.0	0.0	0.0	1.6113067865371704	0.5418125987052917	0.0	0.0	1.3930034637451172	0.0	0.0	0.0	0.0	0.0	0.0	0.0	0.0	0.0	0.0	0.0	1.4169270992279053	0.0	4.456418037414551	1.438806176185608	0.0	0.0	0.0	0.0	0.0	0.0	0.0	0.0	0.8683185577392578	0.0	2.0104010105133057	2.240739107131958	0.0	0.0	0.6011084318161011	0.0	0.0	0.0	2.0728681087493896	1.4735214710235596	1.6427654027938843	1.7572126388549805	0.0	0.0	0.0	1.372557520866394	0.1955799162387848	1.9289497137069702	1.3167638778686523	0.0	0.0	1.0408812761306763	1.7583389282226562	0.0	0.0	0.0	0.0	0.0	1.8006266355514526	0.0	0.0	0.0	1.5034584999084473	1.123704433441162	2.304194927215576	0.0	0.2058984637260437	0.0	1.5011717081069946	1.7128053903579712	0.0	0.0	0.0	2.264630079269409	0.0	0.0
0.0	0.0	0.0	0.4983080327510834	1.3944141864776611	0.0	0.7772442102432251	0.0	2.8143584728240967	1.5280332565307617	1.0510746240615845	0.0	1.7236486673355103	0.45019280910491943	0.10805056989192963	2.298243761062622	0.0	0.8595510125160217	1.0661367177963257	0.7517978549003601	0.6949846744537354	1.2235217094421387	0.0	0.9610323309898376	0.0	0.0	1.064740777015686	0.23197901248931885	1.5550813674926758	1.4280716180801392	0.5743966102600098	1.3998359441757202	0.0	1.0397589206695557	0.0	0.1860700249671936	1.6633044481277466	0.0	1.1069769859313965	1.6355388164520264	0.0	0.0	0.0	0.0	0.0	0.0	0.0	0.0	0.0	0.40446701645851135	0.0	0.0	0.0	0.43961840867996216	0.6244664192199707	0.0	0.0	0.16707678139209747	1.0980702638626099	2.462846279144287	0.0	0.0	0.0	1.0975266695022583	0.0	0.0	0.0	0.0	0.0	1.4899300336837769	0.47579225897789	0.0	0.0	0.0	0.0	0.0	1.2320879697799683	0.8471996784210205	0.0	0.0	0.0	0.0	0.0	0.3148603141307831	1.2337632179260254	0.0	2.5347900390625	0.0	0.6666414737701416	0.0	0.0	1.2675487995147705	0.0	1.9871004819869995	0.0	1.297206997871399	1.8830019235610962	1.400573968887329	0.0	0.0	0.0	0.0	0.0	2.379173994064331	0.0	0.0	0.8005446195602417	0.00730256037786603	0.0	0.0	0.0	0.0	0.0	0.0	0.0	0.0	0.37953150272369385	0.0	0.6810929179191589	0.0	0.0	0.45567193627357483	0.0	0.544176459312439	1.604673147201538	0.8641153573989868	0.0	0.0	0.0	0.0	0.0	0.0	0.5266220569610596	0.0	0.0	2.604666233062744	0.1479334980249405	0.0	0.0	0.3108883202075958	0.0	0.0	0.0	0.9208648204803467	0.0	0.0	0.6898971199989319	0.0	0.0	0.0	0.0	0.23349902033805847	0.0	0.0	2.1273958683013916	0.0	0.0	1.0049622058868408	0.0	0.0	0.87015700340271	1.532855749130249	0.9072735905647278	0.0	1.174413800239563	0.0	2.1103885173797607	2.733290672302246	0.0	0.0	0.0	0.0	1.455474853515625	0.0	0.0	2.280930995941162	0.39689409732818604	0.0	0.0	0.0	1.078758716583252	0.7591121196746826	0.0	0.0	1.408955454826355	0.0	0.0	0.0	0.0	0.0	0.0	0.0	0.0	0.0	0.763834536075592	0.0	1.2153350114822388	0.0	3.1896214485168457	0.7912290096282959	0.0	0.0	0.0	0.0	0.0	0.0	0.0	0.0	0.9028244018554688	0.0	1.7846534252166748	1.6732866764068604	0.0	0.0	0.3042740821838379	0.0	0.0	0.0	1.934531807899475	1.6244503259658813	0.7994054555892944	0.5781261920928955	0.0	0.0	0.0	1.2508243322372437	0.46218666434288025	1.460307002067566	1.1015130281448364	0.0	0.0	1.1692241430282593	0.9733113050460815	0.0	0.0	0.0	0.0	0.0	1.0079845190048218	0.0	0.0	0.0	1.139249563217163	0.35925859212875366	1.9921107292175293	0.0	0.3477639853954315	0.0	0.521689236164093	1.3918312788009644	0.0	0.0	0.0	1.1656906604766846	0.0	0.0
0.0	0.0	0.0	0.0	2.5452041625976562	0.0	0.07027552276849747	0.0	4.505506992340088	0.961547315120697	3.430340051651001	0.0	1.1336437463760376	0.15108874440193176	0.0	3.81258487701416	0.28916266560554504	0.7529320120811462	0.10157214850187302	0.2611978352069855	0.3896063268184662	0.44469141960144043	0.0	0.5798190236091614	0.0	0.0	0.0	0.0	0.9589741826057434	1.5466265678405762	0.34312671422958374	2.5089311599731445	0.0	0.3554174304008484	0.0	0.0	0.9388486742973328	0.0	0.0	1.0863010883331299	0.0	0.0	0.0	2.4043829441070557	0.0	0.0	0.0	0.0	0.0	1.6651612520217896	0.0	0.0	0.0	0.5679181814193726	0.024182207882404327	0.0	0.0	0.0	0.5155177712440491	3.586019992828369	0.0	0.0	0.0	0.13964495062828064	0.0	0.0	0.0	0.0	0.0	1.4241446256637573	0.0	0.0	0.0	0.0	0.0	0.0	0.24167779088020325	0.7302610874176025	0.0	0.0	0.0	0.0	0.02515782043337822	0.0	0.36368119716644287	0.0	2.9560766220092773	0.0	2.3787384033203125	0.0	0.0	0.08916414529085159	0.0	1.2981077432632446	0.0	0.0	1.6626067161560059	1.3801252841949463	0.0	0.0	0.0	0.7108808159828186	0.0	2.4564390182495117	0.0	0.0	1.1286592483520508	0.7742854952812195	0.0	0.7169733047485352	0.0	0.0	0.0	0.0	0.0	0.0	0.29076316952705383	0.0	2.3073198795318604	0.0	0.0	0.40143197774887085	0.0	0.8649144768714905	2.804741382598877	1.027439832687378	0.0	0.0	0.0	0.9298228621482849	0.0	0.0	0.10429839044809341	0.0	0.0	4.4128804206848145	0.14264950156211853	0.0	0.0	0.16017867624759674	0.0	0.0	0.0	0.9445894360542297	0.0	0.0	0.9387263655662537	0.0	0.0	0.0	0.0	0.9824954271316528	0.0	0.0	1.462679147720337	0.0	0.0	1.3606598377227783	0.0	0.0	0.0	0.835463285446167	0.504940927028656	0.0	0.0	0.0	2.187243938446045	3.6485378742218018	0.0	0.0	0.0	0.0	1.2148007154464722	0.0	0.0	4.795126914978027	2.9834213256835938	0.0	0.0	0.0	1.5459046363830566	0.0	0.0	0.0	0.597322404384613	0.0	0.0	0.0	0.0	0.0	0.0	0.0	0.0	0.0	0.0	0.0	0.0	0.0	5.105779647827148	0.0	0.0	0.5543796420097351	0.0	0.0	0.0	0.0	0.0	0.0	1.204687476158142	0.0	3.3489978313446045	2.238316774368286	0.0	0.0	0.4033227264881134	0.0	0.0	0.0	0.8745810389518738	0.5781408548355103	2.524933099746704	2.2246861457824707	0.0	0.0	0.0	0.2675687372684479	0.6062135696411133	1.2401838302612305	0.20395757257938385	0.0	0.0	2.513552188873291	2.0425074100494385	0.0	0.0	0.0	0.0	0.0	2.780698299407959	0.0	0.0	0.0	1.195871114730835	1.9506548643112183	1.219675898551941	0.0	0.48489272594451904	0.0	0.0	1.1204559803009033	0.0	0.0	0.0	3.2463951110839844	0.0	0.0
0.0	0.0	0.0	0.5984883904457092	1.5895569324493408	0.0	0.6939483284950256	0.0	2.0213239192962646	0.7615808844566345	0.45146632194519043	0.0	1.2078670263290405	1.2553722858428955	0.18251723051071167	2.483623504638672	0.0	0.5920184254646301	0.7084733843803406	0.8255062103271484	1.082700490951538	0.010543270036578178	0.0	0.6694671511650085	0.0	0.0	0.7696529030799866	1.3348671197891235	0.7607934474945068	0.9706788659095764	0.7798222899436951	0.9673573970794678	0.0	0.43894705176353455	0.0	0.9816991686820984	0.979159414768219	0.0	0.5337414741516113	0.871527910232544	0.0	0.0	0.0	0.22033309936523438	0.0	0.0	0.0	0.0	0.0	0.33295339345932007	0.0	0.0	0.0	0.11420927941799164	0.17037880420684814	0.0	0.0	0.0	1.0965043306350708	1.5662965774536133	0.0	0.0	0.0	0.8215464949607849	0.0	0.0	0.0	0.0	0.0	0.9514316916465759	0.2730835974216461	0.0	0.0	0.0	0.0	0.0	1.2158516645431519	1.0936644077301025	0.0	0.02028311789035797	0.0	0.0	0.2724091410636902	0.0	0.7430331707000732	0.0	1.7089966535568237	0.0	1.0415996313095093	0.0	0.0	1.1225789785385132	0.0	1.3146741390228271	0.0	0.6414254903793335	1.284842610359192	1.232460618019104	0.0	0.0	0.0	0.0	0.0	1.4601683616638184	0.0	0.0	0.6849942207336426	0.4382410943508148	0.0	0.03655869886279106	0.0	0.0	0.0	0.0	0.0	0.0	0.6009849309921265	0.0	0.7701747417449951	0.0	0.0	0.31689655780792236	0.0	0.6519109606742859	0.9567829966545105	0.8062141537666321	0.0	0.0	0.0	0.22911855578422546	0.0	0.0	0.004413598217070103	0.0	0.0	1.6723657846450806	0.1815110296010971	0.0	0.0	0.12742048501968384	0.0	0.0	0.0	1.247719168663025	0.4661211371421814	0.0	0.9652433395385742	0.0	0.0	0.0	0.0	0.5853080749511719	0.0	0.0	0.9836049675941467	0.0	0.0	0.7658944725990295	0.0	0.0	0.5292750597000122	0.6711030006408691	0.7447869181632996	0.03228289261460304	0.8058972358703613	0.0	1.1946194171905518	1.8194489479064941	0.0	0.0	0.0	0.0	0.7353947162628174	0.0	0.0	1.9263219833374023	0.6743071675300598	0.0	0.0	0.39712637662887573	1.2738631963729858	0.3020152449607849	0.0	0.0	0.5598009824752808	0.0	0.0	0.0	0.0	0.0	0.0	0.0	0.0	0.0	0.0	0.0	0.481162965297699	0.0	2.387634515762329	1.2058124542236328	0.0	0.0	0.0	0.0	0.0	0.0	0.0	0.0	0.6276327967643738	0.0	1.3438215255737305	1.6494290828704834	0.0	0.0	0.0	0.0	0.0	0.0	0.9810017943382263	1.0742886066436768	0.7694699764251709	1.3643463850021362	0.0	0.0	0.0	0.7023901343345642	0.5209557414054871	0.9967485666275024	0.7134956121444702	0.0	0.0	0.7898327112197876	1.0099159479141235	0.0	0.0	0.0	0.0	0.0	0.9070461988449097	0.0	0.0	0.0	0.7739661931991577	0.4606519341468811	1.5203102827072144	0.0	0.33164775371551514	0.0	1.392142653465271	1.396396279335022	0.0	0.0	0.0	1.2044373750686646	0.0	0.0
0.0	0.0	0.0	0.15771543979644775	1.7111971378326416	0.0	1.0276131629943848	0.0	2.797856330871582	1.4019277095794678	1.1259320974349976	0.0	1.9053854942321777	0.6075590252876282	0.1507265716791153	2.7410683631896973	0.0	1.490203619003296	0.9450913071632385	0.8968889117240906	1.288542628288269	0.7817220687866211	0.0	0.6843976974487305	0.0	0.0	0.9987586140632629	0.8429619073867798	1.64241361618042	1.6684911251068115	1.069505214691162	1.4953404664993286	0.0	1.3202229738235474	0.0	0.47244447469711304	1.9279876947402954	0.0	1.2091344594955444	2.0579121112823486	0.0	0.0	0.0	0.43194425106048584	0.0	0.0	0.0	0.0	0.0	0.0	0.0	0.0	0.0	0.5675190091133118	0.7377756237983704	0.0	0.0	0.0	0.8693361282348633	2.424532175064087	0.0	0.0	0.0	1.2038161754608154	0.0	0.0	0.0	0.0	0.0	1.6550005674362183	0.3355562686920166	0.0	0.0	0.0	0.0	0.0	1.6365286111831665	0.6956653594970703	0.0	0.0	0.0	0.0	0.22240296006202698	0.3706953227519989	1.3024811744689941	0.0	2.4304981231689453	0.0	0.9894662499427795	0.0	0.0	1.38486909866333	0.0	1.8321477174758911	0.0	1.3157466650009155	1.6590288877487183	1.3575749397277832	0.0	0.0	0.0	0.0	0.0	2.539982557296753	0.0	0.0	1.0081168413162231	0.11108949035406113	0.0	0.0	0.0	0.0	0.0	0.0	0.0	0.05163711681962013	0.8370333909988403	0.0	0.8354602456092834	0.0	0.24676348268985748	0.42010992765426636	0.0	0.39195966720581055	1.537237524986267	0.7800527215003967	0.0	0.0	0.0	0.0	0.0	0.0	0.3706769645214081	0.0	0.0	2.5078341960906982	0.26491984724998474	0.0	0.0	0.39465010166168213	0.0	0.0	0.0	0.8803042769432068	0.0	0.0	1.1254698038101196	0.0	0.0	0.0	0.0	0.5141264200210571	0.0	0.0	1.695610761642456	0.0	0.0	1.1959829330444336	0.0	0.0	0.8488015532493591	1.15899658203125	0.6927815079689026	0.0	1.2310600280761719	0.0	1.9697203636169434	2.4400856494903564	0.0	0.0	0.0	0.0	1.6602540016174316	0.0	0.0	2.0321543216705322	0.4646340310573578	0.0	0.0	0.0	1.194807767868042	0.8304153680801392	0.0	0.0	1.1680349111557007	0.0	0.0	0.0	0.0	0.0	0.0	0.0	0.0	0.0	0.0	0.0	1.1106667518615723	0.0	3.363905191421509	0.47163426876068115	0.0	0.0	0.0	0.0	0.0	0.0	0.0	0.0	0.7489227652549744	0.0	1.7171074151992798	1.6341503858566284	0.0	0.0	0.15209294855594635	0.0	0.0	0.0	1.521557092666626	1.7486217021942139	1.3528923988342285	0.9946357607841492	0.0	0.0	0.0	1.5701175928115845	0.4773423671722412	1.65091872215271	1.0513333082199097	0.0	0.0	0.6735794544219971	1.198944091796875	0.052626531571149826	0.0	0.0	0.0	0.0	1.0094596147537231	0.0	0.0	0.0	1.0262269973754883	0.40631404519081116	1.8286303281784058	0.0	0.3583625555038452	0.0	0.9205328822135925	1.5190892219543457	0.0	0.0	0.0	1.1433664560317993	0.0	0.0
0.0	0.0	0.0	0.5204558968544006	1.4504998922348022	0.0	0.6837557554244995	0.0	2.792630910873413	1.3852064609527588	1.5940771102905273	0.0	1.5567783117294312	0.25536027550697327	0.0	2.539415121078491	0.0	1.257250428199768	0.7325332164764404	0.8425458669662476	0.28142601251602173	1.2482439279556274	0.0	0.6853061318397522	0.0	0.0	0.7607549428939819	0.0	1.6573125123977661	1.4819138050079346	0.5069473385810852	1.613108515739441	0.0	1.011635184288025	0.0	0.2757561206817627	1.5143961906433105	0.0	0.8490633964538574	1.4908123016357422	0.0	0.0	0.0	0.0	0.0	0.0	0.0	0.0	0.0	0.294278621673584	0.0	0.0	0.0	0.7143552899360657	0.9695954322814941	0.0	0.0	0.0	0.5067901015281677	3.0368857383728027	0.0	0.0	0.0	0.6281783580780029	0.0	0.0	0.0	0.0	0.0	1.8144433498382568	0.20141130685806274	0.0	0.0	0.0	0.0	0.0	1.2319813966751099	0.8692660331726074	0.0	0.0	0.0	0.0	0.0	0.12502683699131012	1.4264456033706665	0.0	2.6159608364105225	0.0	1.092799186706543	0.0	0.0	0.9369025826454163	0.0	2.168398380279541	0.0	1.1736671924591064	1.774985909461975	0.8849405646324158	0.0	0.0	0.0	0.0	0.0	2.160470962524414	0.0	0.0	0.5945905447006226	0.2651465833187103	0.0	0.02891615405678749	0.0	0.0	0.0	0.0	0.0	0.0	0.5839397311210632	0.0	1.197136402130127	0.0	0.0	0.0011851617600768805	0.0	0.5803601741790771	2.0128748416900635	1.0631415843963623	0.0	0.0	0.0	0.0	0.0	0.0	0.5980675220489502	0.0	0.0	3.278599977493286	0.0	0.0	0.0	0.4371318519115448	0.0	0.0	0.0	0.5214157104492188	0.0	0.0	1.002511739730835	0.0	0.0	0.0	0.0	0.4884714186191559	0.0	0.0	2.002471446990967	0.0	0.0	1.292075276374817	0.0	0.0	1.1306695938110352	1.371812105178833	0.8372564315795898	0.0	0.9736343026161194	0.0	1.6662217378616333	3.0196168422698975	0.0	0.0	0.0	0.0	1.3145027160644531	0.0	0.0	2.604146957397461	0.9042207598686218	0.0	0.0	0.0	1.3981260061264038	0.5451899766921997	0.0	0.0	1.4870579242706299	0.0	0.0	0.0	0.0	0.0	0.0	0.0	0.0	0.0	0.40598517656326294	0.0	1.0694520473480225	0.0	3.594156265258789	0.7079277634620667	0.0	0.34547650814056396	0.0	0.0	0.0	0.0	0.0	0.0	0.8806805610656738	0.0	2.3039705753326416	1.949305534362793	0.0	0.0	0.8846938610076904	0.0	0.0	0.0	1.6235185861587524	1.3283050060272217	1.4482932090759277	1.2111982107162476	0.0	0.0	0.0	1.6097174882888794	0.5147729516029358	1.7280124425888062	0.8113660216331482	0.0	0.0	1.3520214557647705	1.4220085144042969	0.0	0.0	0.0	0.0	0.0	1.3150389194488525	0.0	0.0	0.0	1.2887144088745117	0.8061853647232056	1.8908936977386475	0.0	0.14873750507831573	0.0	0.14394018054008484	0.9692846536636353	0.0	0.0	0.0	1.536285638809204	0.0	0.0
0.0	0.0	0.0	0.4199970066547394	1.612334132194519	0.0	0.3360631465911865	0.0	3.0940282344818115	1.0629165172576904	1.9543535709381104	0.0	0.9030089974403381	0.5341708660125732	0.03004479594528675	2.9679949283599854	0.0	0.5661008358001709	0.4016716778278351	0.5659011602401733	0.0	0.48696669936180115	0.0	0.8513852953910828	0.0	0.0	0.274380087852478	0.08952251076698303	0.8826797604560852	1.100696325302124	0.4413551986217499	1.7470166683197021	0.0	0.4344865679740906	0.0	0.0	0.6624625325202942	0.0	0.15910248458385468	1.319212794303894	0.0	0.0	0.0	0.785219669342041	0.0	0.0	0.060533441603183746	0.0	0.0	1.1710927486419678	0.0	0.0	0.0	0.1467406153678894	0.24220044910907745	0.0	0.0	0.0	0.4704206585884094	2.375	0.0	0.0	0.0	0.3548697829246521	0.0	0.0	0.0	0.0	0.0	0.8526791930198669	0.6137450337409973	0.0	0.0	0.0	0.0	0.0	0.9484569430351257	0.7139962315559387	0.0	0.0	0.0	0.0	0.0	0.0	0.7603529095649719	0.0	2.229074478149414	0.0	1.3940092325210571	0.0	0.0	0.2790631949901581	0.0	1.4857521057128906	0.0	0.7170051336288452	1.2695151567459106	1.1342816352844238	0.0	0.0	0.0	0.0	0.0	1.9079864025115967	0.0	0.0	0.7601065635681152	0.8072541952133179	0.0	0.0	0.0	0.0	0.0	0.0	0.0	0.0	0.6293696165084839	0.0	1.212308406829834	0.0	0.0	0.24057325720787048	0.0	0.5183584690093994	1.6137014627456665	1.2028144598007202	0.0	0.0	0.0	0.6884890198707581	0.0	0.0	0.14092658460140228	0.0	0.0	3.3058934211730957	0.06668418645858765	0.0	0.0	0.0	0.0	0.0	0.0	0.933611273765564	0.0	0.0	0.5777100324630737	0.0	0.0	0.0	0.0	0.7032387852668762	0.0	0.0	1.229393482208252	0.0	0.0	1.6763684749603271	0.0	0.0	0.46608132123947144	0.9947848320007324	0.6682701110839844	0.0	0.6083890795707703	0.0	1.5920265913009644	2.642273426055908	0.0	0.0	0.0	0.0	0.9915275573730469	0.0	0.0	2.741596221923828	1.2793500423431396	0.0	0.0	0.0	1.5439871549606323	0.0	0.0	0.0	0.9652044773101807	0.0	0.0	0.0	0.0	0.0	0.0	0.0	0.0	0.0	0.04004974663257599	0.0	0.38573259115219116	0.0	3.435184955596924	0.30898380279541016	0.0	0.23063917458057404	0.0	0.0	0.0	0.0	0.0	0.0	1.076493740081787	0.0	2.4270811080932617	2.2240638732910156	0.0	0.0	0.6759445667266846	0.0	0.0	0.0	0.9921960830688477	0.933490514755249	1.5030717849731445	1.3441566228866577	0.0	0.0	0.0	0.6386452317237854	0.5552281737327576	1.0061267614364624	0.4616444408893585	0.0	0.0	1.9184244871139526	1.596817970275879	0.0	0.0	0.0	0.0	0.0	1.8692933320999146	0.0	0.0	0.0	0.9707476496696472	1.334829568862915	1.2003083229064941	0.0	0.5799852013587952	0.0	0.3627030551433563	1.0157890319824219	0.0	0.0	0.0	2.1036386489868164	0.0	0.0
0.0	0.0	0.0	0.48812949657440186	2.0342583656311035	0.0	0.505009651184082	0.0	2.9205920696258545	1.2905128002166748	1.9102349281311035	0.0	0.9774057269096375	0.801479697227478	0.0	3.010066270828247	0.0	1.2577011585235596	0.8670397996902466	0.8462504148483276	0.3619203567504883	0.5760664939880371	0.0	0.7576977014541626	0.0	0.0	0.7806293964385986	0.6815251708030701	0.9219993948936462	1.3071959018707275	0.5584246516227722	1.9648773670196533	0.0	1.089876651763916	0.0	0.0	1.1842964887619019	0.0	0.6057960987091064	1.5732872486114502	0.0	0.0	0.0	0.49073734879493713	0.0	0.0	0.0	0.0	0.0	0.7371599674224854	0.0	0.0	0.0	0.6907937526702881	0.5556595921516418	0.0	0.0	0.0	1.0996828079223633	2.6663098335266113	0.0	0.0	0.0	0.3935699462890625	0.0	0.0	0.0	0.0	0.0	1.0885623693466187	0.5267479419708252	0.0	0.0	0.0	0.0	0.0	1.0216773748397827	1.039175271987915	0.0	0.0	0.0	0.0	0.0	0.07439342141151428	0.674290657043457	0.0	2.6775455474853516	0.0	0.9898304343223572	0.0	0.0	0.9067615866661072	0.0	1.9446361064910889	0.0	0.6866970062255859	1.74494469165802	0.8083876371383667	0.0	0.0	0.0	0.0	0.0	1.9434956312179565	0.0	0.0	0.8046660423278809	0.052269164472818375	0.0	0.0	0.0	0.0	0.0	0.0	0.0	0.0	0.3015945851802826	0.0	1.38752281665802	0.0	0.0	0.3781641125679016	0.0	0.7171854376792908	1.8193395137786865	0.8079726099967957	0.0	0.0	0.0	0.19648464024066925	0.0	0.0	0.28859391808509827	0.0	0.0	3.2173094749450684	0.0	0.0	0.0	0.4257567822933197	0.0	0.0	0.0	1.1984425783157349	0.0	0.0	0.5833544731140137	0.0	0.0	0.0	0.0	0.312937468290329	0.0	0.0	1.2629611492156982	0.0	0.0	1.0682452917099	0.0	0.0	0.5572434663772583	1.1502050161361694	0.48293226957321167	0.0	0.9115697741508484	0.0	1.7189375162124634	2.720454692840576	0.0	0.0	0.0	0.0	1.0661078691482544	0.0	0.0	3.060647487640381	1.50752592086792	0.0	0.0	0.0	1.4704681634902954	0.0871875137090683	0.0	0.0	1.160288691520691	0.0	0.0	0.0	0.0	0.0	0.0	0.0	0.0	0.0	0.09805971384048462	0.0	0.9982976317405701	0.0	3.762863874435425	0.6274482011795044	0.0	0.20551933348178864	0.0	0.0	0.0	0.0	0.0	0.0	0.6517972350120544	0.0	2.4130425453186035	1.767974853515625	0.0	0.0	0.3610164225101471	0.0	0.0	0.0	1.6696382761001587	1.091467261314392	1.42867112159729	1.1533558368682861	0.0	0.0	0.0	0.8601816296577454	0.5638687610626221	1.3521260023117065	0.7522335648536682	0.0	0.0	1.7440862655639648	1.770160436630249	0.0	0.0	0.0	0.0	0.0	1.9968266487121582	0.0	0.0	0.0	1.0214158296585083	1.0285160541534424	1.573258638381958	0.0	0.4972257912158966	0.0	0.10557074844837189	1.2473280429840088	0.0	0.0	0.0	1.946995735168457	0.0	0.0
