0.0	0.0	0.0	0.0	2.1943676471710205	0.0	1.8746055364608765	0.0	1.1032241582870483	1.1092891693115234	0.0	0.0	0.9823082089424133	1.1751538515090942	0.6675021648406982	0.8682746887207031	0.0	1.3130720853805542	0.7149375081062317	0.43785616755485535	0.0	1.2054429054260254	0.0	0.43220943212509155	0.0	0.0	0.7901896834373474	1.6015712022781372	0.15592540800571442	1.4385991096496582	0.2113848477602005	0.507099449634552	0.0	0.8547444939613342	0.0	0.1158200278878212	2.349107027053833	0.0	0.8869964480400085	1.3354010581970215	0.0	0.0	0.0	0.5913523435592651	0.0	0.0	0.0	0.0	0.0	0.0	0.0	0.0	0.0	1.3928333520889282	0.22093132138252258	0.0	0.0	0.0	1.2179908752441406	0.4835335910320282	0.0	0.0	0.0	0.3291110098361969	0.0	0.0	0.0	0.0	0.0	1.7045564651489258	1.2833545207977295	0.0	0.0	0.0	0.0	0.0	0.5835026502609253	0.47370991110801697	0.0	0.9152936935424805	0.0	0.0	0.07360585778951645	0.0	0.9701995253562927	0.0	2.075615882873535	0.0	0.8676919937133789	0.0	0.0	2.0190188884735107	0.0	1.9887605905532837	0.0	0.0	0.3076636493206024	0.48025834560394287	0.0	0.0	0.0	0.0	0.0	2.01967716217041	0.0	0.0	0.0	0.0	0.0	0.0	0.0	0.0	0.0	0.0	0.0	0.0	0.8493059277534485	0.0	0.0	0.0	0.4311768710613251	1.1467469930648804	0.0	0.6376018524169922	0.0	0.6207292079925537	0.0	0.0	0.0	0.0	0.0	0.0	1.0430494546890259	0.0	0.0	0.8951683044433594	1.452375054359436	0.0	0.0	1.3141908645629883	0.0	0.0	0.0	0.6460925340652466	0.0	0.0	1.2981206178665161	0.0	0.0	0.0	0.0	0.0	0.0	0.0	1.0698245763778687	0.0	0.0	1.967883825302124	0.0	0.0	1.427993655204773	0.0	0.5915358066558838	0.5518152713775635	1.7366641759872437	0.0	0.0	1.5041817426681519	0.0	0.0	0.0	0.0	1.0974221229553223	0.0	0.4122098684310913	0.5343096256256104	0.0	0.0	0.0	0.0	1.7250561714172363	0.0	0.0	0.0	0.8035057783126831	0.0	0.0	0.0	0.0	0.0	0.0	0.0	0.0	0.0	1.1969391107559204	0.0	0.5113933682441711	0.0	2.007575750350952	2.338015556335449	0.0	0.0	0.0	0.0	0.0	0.0	0.0	0.0	2.5085837841033936	0.0	1.3682644367218018	0.526761531829834	0.0	0.0	0.17769309878349304	0.0	0.0	0.0	0.0	0.904495358467102	0.0	0.9999074339866638	0.0	0.0	0.0	1.556853175163269	0.4933561086654663	0.8314959406852722	1.7912935018539429	0.0	0.0	0.3995459973812103	1.42104172706604	0.0	0.0	0.0	0.0	0.0	0.9161588549613953	0.0	0.0	0.0	1.4693199396133423	0.5299869775772095	1.0868573188781738	0.0	0.6635704040527344	0.0	1.3680622577667236	2.1568007469177246	0.0	0.0	0.0	0.7353182435035706	0.0	0.0
0.0	0.0	0.0	1.1033384799957275	0.5176464319229126	0.0	2.0101988315582275	0.0	1.5229123830795288	1.120810627937317	0.0	0.0	1.7688935995101929	1.5209215879440308	0.12268830835819244	1.29334557056427	0.0	1.3925083875656128	1.3523973226547241	0.41199421882629395	0.0	1.5633803606033325	0.0	0.9928131699562073	0.0	0.0	0.882075846195221	0.7030104398727417	0.9010410308837891	1.3673317432403564	1.0723541975021362	0.186481311917305	0.0	0.9831910729408264	0.0	0.24727730453014374	1.8582487106323242	0.0	1.6359455585479736	1.117453694343567	0.0	0.0	0.0	0.0	0.0	0.0	0.6498572826385498	0.0	0.0	0.0	0.0	0.0	0.0	1.184585452079773	1.2648351192474365	0.0	0.0	0.0	1.4208217859268188	0.8324351906776428	0.0	0.0	0.0	0.35080257058143616	0.0	0.0	0.0	0.0	0.0	1.8162577152252197	1.3718657493591309	0.0	0.0	0.0	0.0	0.0	0.6682794094085693	1.058669924736023	0.0	0.529818058013916	0.0	0.0	0.6814320087432861	0.9054149985313416	1.3337301015853882	0.0	2.298225164413452	0.0	0.9353819489479065	0.0	0.0	1.5383144617080688	0.0	0.9379026293754578	0.0	0.45807749032974243	1.0925997495651245	0.3397116959095001	0.0	0.0	0.0	0.0	0.0	1.707370400428772	0.0	0.0	0.977215051651001	0.0	0.0	0.0	0.0	0.0	0.0	0.0	0.0	0.0	0.4619573950767517	0.0	0.0	0.0	0.0	0.8029875159263611	0.0	0.0	0.2883848249912262	0.008172008208930492	0.0	0.0	0.0	0.0	0.0	0.0	0.8933761715888977	0.0	0.0	0.0	0.7817831039428711	0.0	0.0	1.1243308782577515	0.0	0.0	0.0	1.3002182245254517	0.5861440896987915	0.0	0.9067083597183228	0.0	0.0	0.15267276763916016	0.0	0.0	0.0	0.0	1.565405011177063	0.0	0.0	1.2754356861114502	0.0	0.0	0.8821255564689636	0.6094399094581604	0.7022160291671753	0.4022354781627655	1.4271643161773682	0.0	0.0	0.9242866635322571	0.0	0.0	0.0	0.0	1.2686454057693481	0.0	1.2530717849731445	0.23280511796474457	0.0	0.0	0.0	0.0	0.44878408312797546	1.1526414155960083	0.0	0.0	1.2679564952850342	0.0	0.0	0.0	0.0	0.0	0.0	0.0	0.0	0.0	1.0034815073013306	0.0	1.3230607509613037	0.0	0.5467901229858398	1.674519419670105	0.0	0.0	0.0	0.0	0.0	0.0	0.0	0.0	0.5522725582122803	0.0	0.0	0.17474012076854706	0.0	0.0	1.0224193334579468	0.0	0.0	0.0	1.1044347286224365	1.518733263015747	0.0	0.3425578474998474	0.0	0.0	0.0	1.8264930248260498	0.2579624056816101	1.3057823181152344	1.9141886234283447	0.0	0.0	0.0	0.6883997321128845	1.1656907796859741	0.0	0.0	0.0	0.0	0.7382763624191284	0.0	0.0	0.0	1.4102226495742798	0.0	1.5257658958435059	0.0	0.12303978949785233	0.0	1.1580144166946411	1.4367387294769287	0.0	0.1370198130607605	0.0	0.12645205855369568	0.0	0.0
0.0	0.0	0.0	0.0	1.996872067451477	0.0	1.0253111124038696	0.0	1.4246070384979248	1.2273133993148804	0.19749251008033752	0.0	0.9886645078659058	0.15260463953018188	0.7335329651832581	1.446222186088562	0.0735049620270729	0.2575518488883972	0.39188140630722046	0.0	0.0	1.5935473442077637	0.0	0.6040829420089722	0.0	0.0	0.3993654251098633	1.0476490259170532	0.0	0.32901179790496826	0.0	0.7021887302398682	0.0	0.6447640061378479	0.0	0.4436592161655426	1.129593014717102	0.0	1.1091413497924805	0.0	0.0	0.0	0.0	0.9697234034538269	0.0	0.0	0.33037927746772766	0.0	0.0	0.4109858572483063	0.0	0.0	0.0	1.1625535488128662	0.9985920786857605	0.0	0.0	0.05364631116390228	0.9096080660820007	0.5757468342781067	0.0	0.0	0.0	0.3293011486530304	0.0	0.0	0.0	0.0	0.0	1.4438703060150146	1.1262428760528564	0.0	0.0	0.0	0.0	0.0	0.4647362530231476	1.2364896535873413	0.0	0.0	0.0	0.0	0.14845244586467743	0.21376819908618927	0.49765679240226746	0.0	1.9192856550216675	0.0	1.632634162902832	0.0	0.0	1.571038842201233	0.0	1.3982640504837036	0.0	0.4396374225616455	0.4999488294124603	0.2718070149421692	0.0	0.0	0.0	0.0	0.0	2.089773416519165	0.0	0.0	0.0	0.0	0.0	0.41653555631637573	0.0	0.0	0.0	0.0	0.0	0.0	0.0850537046790123	0.0	0.44233617186546326	0.0	0.0	0.7296830415725708	0.0	0.703290581703186	0.5822837948799133	0.2363741248846054	0.0	0.0	0.0	0.1119225025177002	0.0	0.0	0.8422213196754456	0.0	0.0	0.5699001550674438	0.8768983483314514	0.0	0.0	1.4900226593017578	0.0	0.0	0.0	1.038069486618042	0.12917527556419373	0.0	0.5599656105041504	0.0	0.0	0.0	0.0	0.12909112870693207	0.0	0.0	1.3635852336883545	0.0	0.0	1.9527698755264282	0.0	0.0	0.5503667593002319	0.0	0.3984110653400421	0.0	2.008742570877075	0.0	0.2797240912914276	1.5534584522247314	0.0	0.0	0.0	0.0	1.1053593158721924	0.0	1.3140860795974731	0.919438362121582	0.18524856865406036	0.0	0.0	0.0	0.8598514199256897	0.2730438709259033	0.0	0.0	0.7568565011024475	0.0	0.0	0.0	0.0	0.0	0.0	0.0	0.0	0.0	0.26475363969802856	0.0	0.616388201713562	0.0	0.8847762942314148	1.8088774681091309	0.0	0.0	0.0	0.0	0.0	0.0	0.0	0.0	1.1370922327041626	0.0	0.45222237706184387	0.2918931841850281	0.0	0.0	0.3939224183559418	0.0	0.0	0.0	0.0	1.0949747562408447	0.0	0.9243206977844238	0.0	0.0	0.0	1.4923232793807983	1.0845915079116821	0.37784671783447266	1.1496360301971436	0.0	0.0	0.5027568340301514	1.9509073495864868	0.2688719928264618	0.0	0.0	0.0	0.0	1.4222910404205322	0.0	0.0	0.0	1.2727549076080322	0.16536365449428558	1.046496033668518	0.0	0.6791989803314209	0.0	1.4164462089538574	1.0573210716247559	0.0	0.0	0.0	0.781343400478363	0.0	0.0
0.0	0.0	0.0	0.0	1.0015865564346313	0.0	1.3580659627914429	0.0	0.8230816125869751	1.6407512426376343	0.0	0.0	1.3166776895523071	1.3107011318206787	0.15708675980567932	0.45226967334747314	0.0	0.7005411386489868	0.7684963941574097	1.0688531398773193	0.0	1.1105893850326538	0.0	1.1188664436340332	0.0	0.0	0.5594940781593323	1.2997421026229858	0.1992713212966919	1.0456417798995972	0.494287371635437	0.6431043148040771	0.0	1.0108122825622559	0.0	0.14966468513011932	2.1256918907165527	0.0	1.282289743423462	1.1114517450332642	0.0	0.0	0.0	0.4417513310909271	0.0	0.0	0.0	0.0	0.0	0.07277379184961319	0.0	0.0	0.0	1.3947328329086304	1.1609379053115845	0.0	0.0	0.378553569316864	1.4028987884521484	0.15767715871334076	0.0	0.0	0.0	0.8484789133071899	0.0	0.0	0.0	0.0	0.0	2.074704170227051	0.5639352202415466	0.0	0.0	0.0	0.0	0.0	0.5698055028915405	1.0831489562988281	0.0	0.9700686931610107	0.0	0.0	0.0	0.2063782960176468	1.1392275094985962	0.0	1.9784189462661743	0.0	0.21353578567504883	0.0	0.0	1.5995900630950928	0.0	1.581383466720581	0.0	0.4515707790851593	0.30512145161628723	0.1510913074016571	0.0	0.0	0.0	0.0	0.0	1.7451088428497314	0.0	0.0	0.0	0.0	0.0	0.0	0.0	0.0	0.0	0.0	0.0	0.20987601578235626	1.0391494035720825	0.0	0.0	0.0	0.7271886467933655	1.0335063934326172	0.0	0.5475782752037048	0.0	0.4789034128189087	0.0	0.0	0.0	0.0	0.06561281532049179	0.0	1.1094053983688354	0.0	0.0	0.0	1.1886839866638184	0.0	0.0	0.7659800052642822	0.0	0.0	0.0	0.9683281779289246	0.7565978169441223	0.0	0.27392035722732544	0.0	0.0	0.0	0.0	0.0	0.0	0.0	1.706877589225769	0.0	0.0	1.0164892673492432	0.0	0.0	1.0049889087677002	0.2200944870710373	0.5783873796463013	0.49218714237213135	1.8251880407333374	0.0	0.7505877614021301	1.074526071548462	0.0	0.0	0.0	0.0	0.9338111877441406	0.0	1.1245309114456177	0.0809980034828186	0.0	0.0	0.0	0.0	0.5589284896850586	0.4955088198184967	0.0	0.0	0.8884153366088867	0.0	0.0	0.0	0.0	0.0	0.0	0.0	0.0	0.0	1.1832513809204102	0.0	1.24160897731781	0.0	1.3452807664871216	2.0443060398101807	0.0	0.0	0.0	0.0	0.0	0.0	0.0	0.0	0.9337830543518066	0.0	0.1800597757101059	0.09053072333335876	0.0	0.0	0.0	0.0	0.0	0.0	0.0	1.71980619430542	0.0	0.7492759823799133	0.0	0.0	0.0	1.0925898551940918	1.0179524421691895	0.7410289645195007	1.5979610681533813	0.0	0.0	0.0	0.8460946083068848	0.2734491527080536	0.0	0.0	0.0	0.0	0.6947923898696899	0.0	0.0	0.0	0.8845645189285278	0.0	0.8873714804649353	0.0	0.0	0.0	1.5741331577301025	2.1274659633636475	0.0	0.4077082872390747	0.0	0.0	0.0	0.0
0.0	0.0	0.0	0.0	2.519237756729126	0.0	0.37425658106803894	0.0	0.6495457291603088	0.4599743187427521	0.27922624349594116	0.0	0.2304103970527649	0.0	1.052606225013733	0.5192056894302368	0.5335953831672668	0.0	0.05006980523467064	0.28357431292533875	0.0	1.5486228466033936	0.0	0.6466310620307922	0.0	0.0	0.31150582432746887	1.947730541229248	0.0	0.25188711285591125	0.0	2.326310157775879	0.0	1.0423810482025146	0.0	0.42884883284568787	1.19515860080719	0.0	1.257818341255188	0.01987270824611187	0.0	0.0	0.0	1.0226143598556519	0.0	0.0	0.5612128973007202	0.0	0.0	0.9727798700332642	0.0	0.0	0.0	0.8453575968742371	0.0	0.0	0.0	0.0	1.0527721643447876	0.8573799133300781	0.0	0.0	0.0	0.30990609526634216	0.0	0.0	0.0	0.0	0.0	1.1155952215194702	0.12579761445522308	0.0	0.0	0.0	0.0	0.0	0.0	0.7693949341773987	0.0	0.20545198023319244	0.0	0.0	0.0	0.058168310672044754	0.5865549445152283	0.0	1.0468205213546753	0.0	0.5931430459022522	0.0	0.0	1.2826238870620728	0.0	1.6408051252365112	0.0	0.23837128281593323	0.0	0.0	0.0	0.0	0.0	0.400789350271225	0.0	1.7802510261535645	0.0	0.0	0.0	0.2303871065378189	0.0	0.15279532968997955	0.0	0.0	0.0	0.0	0.0	0.0	0.258431613445282	0.0	0.8088297247886658	0.0	0.0	0.0	0.0	1.7657817602157593	0.6040849089622498	0.2314939796924591	0.0	0.0	0.0	0.09944916516542435	0.0	0.0	1.2373405694961548	0.0	0.0	0.8316150903701782	1.2481670379638672	0.0	0.0	0.40207138657569885	0.0	0.0	0.0	0.0	0.0	0.0	0.0	0.0	0.0	0.5192475914955139	0.0	0.0	0.0	0.0	1.3517212867736816	0.0	0.0	0.8196220397949219	0.0	0.0	1.1727430820465088	0.0	0.0	0.0	1.9425374269485474	0.0	1.214609980583191	1.5783566236495972	0.0	0.0	0.0	0.0	0.31478792428970337	0.0	0.0	1.4726319313049316	0.39542582631111145	0.0	0.0	0.0	0.2985878586769104	0.0	0.0	0.0	0.6645151972770691	0.0	0.0	0.0	0.0	0.0	0.0	0.0	0.0	0.0	0.0	0.0	0.9429398775100708	0.0	0.6058169603347778	0.8713846802711487	0.0	0.0	0.0	0.0	0.0	0.0	0.0	0.0	1.1048129796981812	0.0	0.1877926141023636	0.0	0.0	0.0	0.0	0.0	0.0	0.0	0.0	0.5631054639816284	0.0	0.053438302129507065	0.0	0.0	0.0	1.353599190711975	0.7567920088768005	0.0	0.5808556079864502	0.0	0.0	0.07001417130231857	1.4204680919647217	0.0	0.0	0.0	0.0	0.0	0.7837243676185608	0.0	0.0	0.0	0.9142402410507202	0.20981621742248535	1.1191859245300293	0.0	0.681458592414856	0.0	1.4987837076187134	0.7103214859962463	0.0	0.0	0.0	0.4241332709789276	0.0	0.0
0.0	0.0	0.0	0.07605790346860886	1.8493987321853638	0.0	1.0289989709854126	0.0	2.1224417686462402	0.0	1.1768214702606201	0.0	0.1397477686405182	1.6913485527038574	0.4449547529220581	2.578033685684204	0.8111306428909302	1.1713711023330688	0.4500176012516022	0.2423568218946457	0.0	0.6696455478668213	0.0	0.7800772190093994	0.0	0.0	0.4778434634208679	0.5487350821495056	0.5075119137763977	0.9820632934570312	0.27272939682006836	1.9567735195159912	0.0	0.10459893941879272	0.0	0.0	1.5825711488723755	0.0	1.0171005725860596	0.8795315623283386	0.0	0.0	0.0	0.7001503705978394	0.0	0.0	2.068234920501709	0.0	0.0	0.5970765948295593	0.0	0.0	0.0	1.133286714553833	0.26850607991218567	0.0	0.0	0.0	0.6026024222373962	0.8805490732192993	0.0	0.0	0.0	0.23586541414260864	0.0	0.0	0.0	0.0	0.0	1.1998292207717896	0.7057874798774719	0.0	0.0	0.0	0.0	0.0	0.1437663584947586	0.0	0.0	0.0	0.0	0.0	0.5546618700027466	0.0	0.0	0.0	1.507622480392456	0.0	1.9137200117111206	0.0	0.0	0.9814617037773132	0.0	0.7541593313217163	0.0	0.0	0.0	0.0	0.0	0.0	0.0	0.9723844528198242	0.0	0.6455948948860168	0.0	0.0	0.18750211596488953	0.0	0.0	0.622302234172821	0.0	0.0	0.0	0.0	0.0	0.0	0.6288374066352844	0.0	0.4141886234283447	0.0	0.0	1.3340418338775635	0.0	0.7988236546516418	0.6209497451782227	0.502065122127533	0.0	0.0	0.0	0.0	0.0	0.0	1.881112813949585	0.0	0.0	1.280673623085022	1.3192838430404663	0.0	0.0	0.0	0.0	0.0	0.0	0.0	0.0	0.0	1.5969054698944092	0.0	0.0	1.5788060426712036	0.0	0.005509237293154001	0.0	0.0	0.22341656684875488	0.0	0.0	2.386350393295288	0.0	0.0	0.7947366237640381	0.0	0.1259189397096634	0.08040346205234528	0.405938982963562	0.0	0.25426629185676575	1.1592146158218384	0.0	0.0	0.0	0.0	1.0603265762329102	0.0	0.0	2.4316787719726562	1.1499121189117432	0.0	0.0	0.0	0.7437742352485657	0.0	0.0	0.0	1.3224260807037354	0.0	0.0	0.0	0.0	0.0	0.0	0.0	0.0	0.0	1.0209912061691284	0.0	0.3675847053527832	0.0	1.2262545824050903	0.9992111325263977	0.0	0.9034836888313293	0.0	0.0	0.0	0.0	0.0	0.0	0.9112505912780762	0.0	0.0	1.2746511697769165	0.0	0.0	1.782653570175171	0.0	0.0	0.0	0.0	0.10515435039997101	0.0	0.5190954804420471	0.0	0.0	0.0	1.1089948415756226	0.0	0.7415822744369507	0.6200006604194641	0.0	0.0	0.04396432638168335	1.4129642248153687	0.0	0.0	0.0	0.0	0.0	2.2968313694000244	0.0	0.0	0.0	1.9487069845199585	1.1542798280715942	0.0	0.0	1.6651455163955688	0.0	0.23100373148918152	0.9933592081069946	0.0	0.0	0.0	0.1756337583065033	0.0	0.0
0.0	0.0	0.0	0.0	1.0190285444259644	0.0	0.5669500827789307	0.0	0.8754521608352661	0.9343629479408264	0.0	0.0	0.612825334072113	0.8685103058815002	0.8273657560348511	0.6423823833465576	0.03788449987769127	0.19264350831508636	0.053372208029031754	0.5869935154914856	0.0	0.0	0.0	1.2118386030197144	0.0	0.0	0.3409571051597595	1.0127753019332886	0.09235057234764099	0.6459928154945374	0.4186488091945648	0.5911325216293335	0.0	0.030734078958630562	0.0	0.41575270891189575	0.5755314826965332	0.0	0.43498536944389343	0.39127087593078613	0.0	0.0	0.0	0.19638469815254211	0.0	0.0	0.0	0.0	0.0	0.9395850896835327	0.0	0.0	0.0	0.0	0.0473090335726738	0.0	0.0	0.8375582695007324	0.8398317098617554	0.0	0.0	0.0	0.0	0.6095143556594849	0.0	0.0	0.0	0.0	0.0	0.18407122790813446	1.1389878988265991	0.0	0.0	0.2709871530532837	0.0	0.0	0.4009353518486023	0.7679833769798279	0.0	0.631218671798706	0.0	0.0	0.2288493812084198	0.0	0.7460819482803345	0.0	0.6849544644355774	0.0	0.28623130917549133	0.0	0.0	0.8729835152626038	0.0	0.6542852520942688	0.0	0.24095594882965088	0.5060235261917114	0.8722622394561768	0.0	0.3727615773677826	0.0	0.0	0.0	0.03606759384274483	0.0	0.0	0.0	0.5839257836341858	0.0	0.0	0.0	0.0	0.0	0.0	0.0	0.0	1.117085337638855	0.0	0.0	0.0	0.0	1.038215160369873	0.0	0.29436400532722473	0.0	0.7910506725311279	0.0	0.0	0.0	0.2635294795036316	0.016179215162992477	0.0	0.7127867341041565	0.0	0.0	0.8172016739845276	0.8611826300621033	0.0	0.0	0.0	0.0	0.0	0.0	1.1921695470809937	1.047814130783081	0.0	0.5316193699836731	0.0	0.0	0.0	0.0	0.5291379690170288	0.0	0.0	0.5262670516967773	0.0	0.0	0.9922361969947815	0.0	0.0	0.5794327855110168	0.2923215627670288	0.5989609360694885	0.7040667533874512	0.8129769563674927	0.0	0.1403043568134308	1.2196818590164185	0.0	0.0	0.0	0.0	0.011654303409159184	0.0	1.0478471517562866	0.0	0.0	0.0	0.0	0.575526773929596	0.9633246064186096	0.141832634806633	0.0	0.0	0.42153283953666687	0.0	0.0	0.0	0.0	0.0	0.0	0.0	0.0	0.0	0.787604570388794	0.0	0.37835684418678284	0.0	0.8140700459480286	1.0378727912902832	0.0	0.0	0.0	0.0	0.0	0.0	0.0	0.0	1.5172624588012695	0.0	0.6581108570098877	1.004259467124939	0.5448480248451233	0.0	0.10447417944669724	0.0	0.0	0.0	0.03985057771205902	0.8581046462059021	0.0	0.8382537961006165	0.0	0.0	0.0	0.06993241608142853	1.1509329080581665	0.34981095790863037	0.7577236294746399	0.0	0.0	0.1712740659713745	1.1689479351043701	0.3481639623641968	0.0	0.0	0.0	0.0	0.8632042407989502	0.0	0.0	0.0	0.6205233931541443	0.09026729315519333	0.7607470154762268	0.0	0.9069084525108337	0.0	0.6549493670463562	0.7782430052757263	0.0	1.2162665128707886	0.0	0.16916032135486603	0.0	0.0
0.0	0.0	0.0	0.0	1.74580979347229	0.0	0.744727611541748	0.0	0.7835527658462524	0.7189767360687256	0.0	0.0	0.8202351927757263	0.09752719849348068	0.2576724588871002	0.6476002931594849	0.0	0.1678013950586319	0.0	0.2776017487049103	0.0	1.0362342596054077	0.0	0.14663814008235931	0.0	0.0	0.48434367775917053	1.4452093839645386	0.0	0.6746746897697449	0.0	1.0462453365325928	0.0	0.3908441662788391	0.0	0.5472618937492371	1.1647664308547974	0.0	1.0965782403945923	0.36507508158683777	0.0	0.0	0.0	0.4602908194065094	0.0	0.0	0.0	0.0	0.0	0.15989647805690765	0.0	0.0	0.0	0.6346089839935303	1.0004745721817017	0.0	0.0	0.0	1.4396491050720215	0.6493719816207886	0.0	0.0	0.0	0.5312979221343994	0.0	0.0	0.0	0.0	0.0	1.576487421989441	0.6746560335159302	0.0	0.0	0.09712161868810654	0.0	0.0	0.06510081142187119	0.02736838348209858	0.0	0.4318912923336029	0.0	0.0	0.0	0.0	0.004048298113048077	0.0	1.4282772541046143	0.0	0.7253890633583069	0.0	0.0	1.432848334312439	0.0	1.3251891136169434	0.0	0.0	0.32281315326690674	0.3046543002128601	0.0	0.0	0.0	0.0	0.0	1.9874296188354492	0.0	0.0	0.0	0.0	0.0	0.0	0.0	0.0	0.0	0.0	0.0	0.0	0.0	0.0	0.39406618475914	0.0	0.0	0.48203176259994507	0.0	1.1205641031265259	0.10458731651306152	0.2529119849205017	0.0	0.0	0.0	0.0	0.062477510422468185	0.0	0.9505203366279602	0.0	0.0	0.30505701899528503	0.9667154550552368	0.0	0.0	1.2043745517730713	0.0	0.0	0.0	0.1979839950799942	0.0	0.0	0.0	0.0	0.0	0.0	0.0	0.0	0.0	0.0	1.3721901178359985	0.0	0.0	1.2235960960388184	0.0	0.0	0.8245425224304199	0.0	0.18500642478466034	0.0	1.6020740270614624	0.0	0.48077693581581116	0.6751755475997925	0.0	0.0	0.0	0.0	0.05660908296704292	0.0	0.6078478693962097	0.8052951693534851	0.0	0.0	0.0	0.0	0.10740253329277039	0.0463644377887249	0.0	0.0	0.9158768057823181	0.0	0.0	0.0	0.0	0.0	0.0	0.0	0.0	0.0	0.09342258423566818	0.0	0.7620729804039001	0.0	0.8472059965133667	1.4512531757354736	0.0	0.0	0.0	0.0	0.0	0.0	0.0	0.0	0.8313751220703125	0.0	0.18394437432289124	0.0	0.0	0.0	0.05457862466573715	0.0	0.0	0.0	0.11655442416667938	0.5855597257614136	0.0	0.3125501871109009	0.0	0.0	0.0	1.352997899055481	0.7311025261878967	0.0410398468375206	0.8798137307167053	0.0	0.0	0.4095168709754944	1.1840343475341797	0.0	0.0	0.0	0.0	0.0	0.8737398982048035	0.0	0.0	0.0	0.8000147938728333	0.0	0.8827549815177917	0.0	0.3806583285331726	0.0	1.3056046962738037	1.050515055656433	0.0	0.0	0.0	0.38347044587135315	0.0	0.0
0.0	0.0	0.0	0.0	1.630014181137085	0.0	0.24450182914733887	0.0	0.8356204628944397	0.4835527837276459	0.37521645426750183	0.0	0.22460748255252838	0.5604345202445984	0.493500679731369	1.1259434223175049	0.5576692819595337	0.33444899320602417	0.08785146474838257	0.0	0.0	0.271945595741272	0.0	0.030612440779805183	0.0	0.0	0.017114654183387756	0.964031457901001	0.0	0.0	0.0	1.2058242559432983	0.0	0.09999636560678482	0.0	0.0	0.34937167167663574	0.0	0.3110331892967224	0.0	0.0	0.0	0.0	0.7768409252166748	0.0	0.0	0.4992080628871918	0.0	0.0	0.7369244694709778	0.0	0.0	0.0	0.20863355696201324	0.0	0.0	0.0	0.0	0.5528859496116638	0.16106544435024261	0.0	0.0	0.0	0.34597814083099365	0.0	0.0	0.0	0.0	0.0	0.16779375076293945	0.7458516955375671	0.0	0.0	0.5110629200935364	0.0	0.0	0.0	0.7431027293205261	0.0	0.0814225822687149	0.0	0.0	0.24973182380199432	0.0	0.1702457070350647	0.0	0.823809027671814	0.0	1.2385653257369995	0.0	0.0	0.7051710486412048	0.0	0.495760977268219	0.0	0.0	0.0	0.0795007199048996	0.0	0.0	0.0	1.144959807395935	0.0	0.37628135085105896	0.0	0.0	0.0	0.5759813189506531	0.0	0.5783575177192688	0.0	0.0	0.0	0.0	0.0	0.0	0.30040836334228516	0.0	0.7620568871498108	0.0	0.0	0.538558840751648	0.0	0.43081119656562805	0.3467102646827698	0.9751537442207336	0.0	0.0	0.0	0.8990042209625244	0.0	0.0	0.5813419818878174	0.0	0.0	0.9437088966369629	0.9816792607307434	0.0	0.0	0.0	0.0	0.0	0.0	0.0	0.0	0.0	0.6297519207000732	0.0	0.0	0.48456427454948425	0.0	0.6481577754020691	0.0	0.0	0.14180432260036469	0.0	0.0	1.2042803764343262	0.0	0.0	0.07590232044458389	0.0	0.0	0.0	0.9260495901107788	0.0	0.0	0.880699098110199	0.0	0.0	0.0	0.0	0.40709614753723145	0.0	0.0	1.9751139879226685	1.005196452140808	0.0	0.0	0.0	0.7164207696914673	0.0	0.0	0.0	0.0	0.0	0.0	0.0	0.0	0.0	0.0	0.0	0.0	0.0	0.0	0.0	0.17295964062213898	0.0	1.3645198345184326	0.7992082238197327	0.0	0.44043654203414917	0.0	0.0	0.0	0.0	0.0	0.0	1.1691354513168335	0.0	1.070278286933899	1.1219321489334106	0.0	0.0	0.6867474317550659	0.0	0.0	0.0	0.0	0.5992485880851746	0.37461134791374207	0.9551116228103638	0.0	0.0	0.0	0.5764194130897522	1.2170495986938477	0.0	0.0	0.0	0.0	0.8288538455963135	2.0212597846984863	0.0	0.0	0.0	0.0	0.0	0.9988698959350586	0.0	0.0	0.0	0.6912360787391663	0.9235078692436218	0.39601853489875793	0.0	0.9212646484375	0.0	0.49532824754714966	0.2834327816963196	0.0	0.0	0.0	1.078986406326294	0.0	0.0
0.0	0.0	0.0	1.492512822151184	0.5694026947021484	0.0	2.5904316902160645	0.0	2.0540075302124023	1.072440266609192	0.0	0.0	1.5518627166748047	2.1088287830352783	0.721759557723999	2.3452236652374268	0.061686377972364426	1.4979596138000488	0.8750794529914856	0.03291644528508186	0.0	1.4354497194290161	0.0	1.7247980833053589	0.0	0.0	1.067124366760254	0.8777412176132202	1.6154731512069702	1.625437617301941	0.4763619303703308	0.09350956231355667	0.0	0.30646657943725586	0.0	0.0	2.0317275524139404	0.0	0.9893007278442383	0.5966514348983765	0.0	0.0	0.0	0.42359933257102966	0.0	0.0	1.0094194412231445	0.0	0.0	0.0	0.0	0.0	0.0	0.9865200519561768	0.8214744329452515	0.0	0.0	0.0	1.008276104927063	1.2028288841247559	0.0	0.0	0.0	0.5965769290924072	0.0	0.0	0.0	0.0	0.0	1.220527172088623	1.100888729095459	0.0	0.0	0.0	0.0	0.0	0.0	0.4825536906719208	0.0	0.5097936391830444	0.0	0.0	0.8359612822532654	0.6060209274291992	1.5610482692718506	0.0	1.7145882844924927	0.0	1.6062923669815063	0.0	0.0	1.1253777742385864	0.0	0.4968798756599426	0.0	0.05909883230924606	0.8774660229682922	0.7104474306106567	0.0	0.0	0.0	0.0	0.0	1.5162631273269653	0.0	0.0	0.8243616819381714	0.3141997754573822	0.0	0.0	0.0	0.0	0.0	0.0	0.0	0.0	0.752155065536499	0.0	0.0	0.0	0.7895415425300598	0.8189135193824768	0.0	0.0	0.0	0.3981950879096985	0.0	0.0	0.0	0.0	0.0	0.0	0.5141361951828003	0.0	0.0	0.8215720653533936	0.8726270198822021	0.0	0.0	0.1722821295261383	0.0	0.0	0.0	0.46810343861579895	0.0	0.0	2.4667580127716064	0.0	0.0	0.0	0.0	0.0	0.0	0.0	0.6643980145454407	0.0	0.0	2.3264572620391846	0.0	0.0	1.001623511314392	0.0	0.27125847339630127	0.6841158270835876	1.3091003894805908	0.0	0.0	1.0764904022216797	0.0	0.0	0.0	0.0	1.0509663820266724	0.0	0.36236846446990967	0.8870627284049988	0.0	0.0	0.0	0.0	0.6320497393608093	0.7871508598327637	0.0	0.0	0.5638020634651184	0.0	0.0	0.0	0.0	0.0	0.0	0.0	0.0	0.0	1.2794743776321411	0.0	0.8018975257873535	0.0	2.0132603645324707	0.8249874711036682	0.0	0.0	0.0	0.0	0.0	0.0	0.0	0.0	1.9036201238632202	0.0	0.0	0.5952397584915161	0.0	0.0	1.596010684967041	0.0	0.0	0.0	0.464103102684021	0.8537768125534058	0.1116369441151619	0.8179824352264404	0.0	0.0	0.0	1.8354483842849731	0.024788901209831238	1.612378478050232	1.0309773683547974	0.0	0.0	0.0	1.612934947013855	0.8656115531921387	0.0	0.0	0.0	0.0	1.9307725429534912	0.0	0.0	0.0	2.3289010524749756	0.250374436378479	0.787121593952179	0.0	1.0614429712295532	0.0	1.2010037899017334	1.1115492582321167	0.0	0.0	0.0	0.5513624548912048	0.0	0.0
0.0	0.0	0.0	0.0	2.5767767429351807	0.0	0.5067265033721924	0.0	2.6323673725128174	0.7028937339782715	1.237525463104248	0.0	0.41065481305122375	1.9451040029525757	1.581418514251709	2.741922616958618	1.1218373775482178	0.7473615407943726	0.0	0.06930065155029297	0.0	0.0	0.0	0.951029896736145	0.0	0.0	0.0	0.27347972989082336	0.0	1.3994852304458618	0.2533431947231293	1.525437355041504	0.0	0.0	0.0	0.0	0.9175606369972229	0.0	0.0	0.0	0.0	0.0	0.0	2.0736958980560303	0.0	0.0	1.3586872816085815	0.0	0.0	1.4683092832565308	0.0	0.0	0.0	1.0800877809524536	0.0	0.0	0.0	0.0	0.10628427565097809	0.4821723997592926	0.0	0.0	0.0	0.0	0.0	0.0	0.0	0.0	0.0	0.5752604603767395	0.957387387752533	0.0	0.0	0.0	0.0	0.0	0.7369152307510376	0.026896679773926735	0.0	0.5617797374725342	0.0	0.0	0.546783983707428	0.0	0.0	0.0	1.1227567195892334	0.0	2.580233573913574	0.0	0.0	0.8384509682655334	0.0	0.22038474678993225	0.0	0.0	0.0	0.32339221239089966	0.0	0.0	0.0	0.0633886307477951	0.0	0.2591078579425812	0.0	0.0	0.0	0.536148726940155	0.0	0.9199444651603699	0.0	0.0	0.0	0.0	0.0	0.0	0.9225900173187256	0.0	0.15521138906478882	0.0	0.0	1.7794467210769653	0.0	0.4066571593284607	0.2872787415981293	1.5937097072601318	0.0	0.0	0.0	1.025345802307129	0.0	0.0	1.5451023578643799	0.0	0.0	1.983777642250061	1.931600570678711	0.0	0.0	0.0	0.0	0.0	0.0	0.1330476850271225	0.0	0.0	2.450368642807007	0.0	0.0	0.12196282297372818	0.0	0.4979836940765381	0.0	0.0	0.14845016598701477	0.0	0.0	2.8005294799804688	0.0	0.0	0.13050758838653564	0.0	0.23198115825653076	0.15205544233322144	1.1571531295776367	0.0	0.0	1.7955408096313477	0.0	0.0	0.0	0.0	0.553534746170044	0.0	0.36613568663597107	1.9445430040359497	0.6520928740501404	0.0	0.0	0.0	1.7578712701797485	0.0	0.0	0.0	0.0	0.0	0.0	0.0	0.0	0.0	0.0	0.0	0.0	0.0	0.19181159138679504	0.0	0.0	0.0	2.210320472717285	1.139889121055603	0.0	0.5640413761138916	0.0	0.0	0.0	0.0	0.0	0.0	2.5201892852783203	0.0	2.26894474029541	1.0391533374786377	0.0	0.0	1.047960877418518	0.0	0.0	0.0	0.0	0.5283241868019104	0.35330870747566223	1.9182473421096802	0.0	0.0	0.0	0.7830194234848022	1.1546390056610107	0.11509888619184494	0.44034790992736816	0.0	0.0	1.1859185695648193	2.5086352825164795	0.0	0.0	0.0	0.0	0.0	2.883316993713379	0.0	0.0	0.0	0.7802852392196655	1.6284785270690918	0.14383924007415771	0.0	1.5956612825393677	0.0	0.20745141804218292	0.7953664660453796	0.0	0.0	0.0	1.3522400856018066	0.0	0.0
0.0	0.0	0.0	0.0	2.586690664291382	0.0	0.9206036925315857	0.0	1.9616113901138306	0.2884261906147003	0.25792697072029114	0.0	0.4769516885280609	1.1745600700378418	0.7921715378761292	2.0694785118103027	0.6301586031913757	0.6478052139282227	0.0	0.0	0.0	0.0	0.0	0.9144948124885559	0.0	0.0	0.0	0.5028427243232727	0.0	1.2127230167388916	0.0	1.4802194833755493	0.0	0.0	0.0	0.0	0.7333788871765137	0.0	0.0	0.38560375571250916	0.0	0.0	0.0	2.209564685821533	0.0	0.0	0.8609150648117065	0.0	0.0	1.1636416912078857	0.0	0.0	0.0	0.0	0.0	0.0	0.0	0.0	0.0	0.6035295724868774	0.0	0.0	0.0	0.0	0.0	0.0	0.0	0.0	0.0	0.18945005536079407	0.7974912524223328	0.0	0.0	0.0	0.0	0.0	0.0	0.2623806297779083	0.0	0.07144901156425476	0.0	0.0	0.30359208583831787	0.0	0.0	0.0	1.0210824012756348	0.0	1.8793898820877075	0.0	0.0	0.0	0.0	0.0	0.0	0.0	0.0	0.8892859220504761	0.0	0.0	0.0	0.3537869155406952	0.0	0.5726884603500366	0.0	0.0	0.0	0.5599198341369629	0.0	1.0416983366012573	0.0	0.0	0.0	0.0	0.0	0.0	1.4400956630706787	0.0	0.8833619952201843	0.0	0.0	1.2830618619918823	0.0	0.5409330129623413	0.18516390025615692	1.1550977230072021	0.0	0.0	0.0	1.1159824132919312	0.0	0.0	0.4933911859989166	0.0	0.0	1.6783151626586914	0.9622271656990051	0.0	0.0	0.0	0.0	0.0	0.0	0.5935745239257812	0.0	0.0	2.125521421432495	0.0	0.0	0.0	0.0	0.2662077844142914	0.0	0.0	0.0	0.0	0.0	1.6188048124313354	0.0	0.0	0.1874062865972519	0.0	0.0855805054306984	0.5347957611083984	0.6489235758781433	0.0	0.0	1.243918776512146	0.0	0.0	0.0	0.0	0.7573550939559937	0.0	0.0	1.7556065320968628	0.6932294368743896	0.0	0.0	0.0	1.6175177097320557	0.0	0.0	0.0	0.0	0.0	0.0	0.0	0.0	0.0	0.0	0.0	0.0	0.0	0.5882890224456787	0.0	0.0	0.0	2.467486619949341	1.1901180744171143	0.0	0.3341388404369354	0.0	0.0	0.0	0.0	0.0	0.0	2.4283370971679688	0.0	1.9133299589157104	1.5708560943603516	0.0	0.0	0.1378430426120758	0.0	0.0	0.0	0.0	0.31149157881736755	0.4547126591205597	2.2014541625976562	0.0	0.0	0.0	0.0	0.9975031018257141	0.36007604002952576	0.3008538782596588	0.0	0.0	0.7088597416877747	2.0829355716705322	0.0	0.0	0.0	0.0	0.0	1.8373347520828247	0.0	0.0	0.0	0.9843350648880005	1.1427253484725952	0.0	0.0	1.6173908710479736	0.0	0.505486786365509	0.5413264036178589	0.0	0.0	0.0	1.3852288722991943	0.0	0.0
0.0	0.0	0.0	0.0	1.1026160717010498	0.0	2.191824436187744	0.0	1.4887056350708008	0.9533286094665527	0.0	0.0	1.286829948425293	1.2123796939849854	0.9806199669837952	1.4470701217651367	0.0	1.7800692319869995	1.191800832748413	0.9500877857208252	0.0	1.5013866424560547	0.0	1.246787667274475	0.0	0.0	1.1354060173034668	0.7531092762947083	0.8149728178977966	1.229557991027832	0.6532821655273438	1.7802060842514038	0.0	1.4211117029190063	0.0	0.0	2.6791958808898926	0.0	1.5749586820602417	1.7252811193466187	0.0	0.0	0.0	0.0	0.0	0.0	0.0	0.0	0.0	0.0	0.0	0.0	0.0	1.2321646213531494	1.7072864770889282	0.0	0.0	0.0	1.408262014389038	0.16459544003009796	0.0	0.0	0.0	1.0631269216537476	0.0	0.0	0.0	0.0	0.0	1.6775308847427368	1.351805567741394	0.0	0.0	0.0	0.0	0.0	0.692215085029602	0.10666947811841965	0.0	0.3091282546520233	0.0	0.0	0.2705044150352478	0.2613912522792816	1.2825487852096558	0.0	2.2044005393981934	0.0	1.0581892728805542	0.0	0.0	2.23848295211792	0.0	1.5263782739639282	0.0	0.40828314423561096	0.1728603094816208	0.7718518972396851	0.0	0.0	0.0	0.0	0.0	1.8479422330856323	0.0	0.0	0.6708828210830688	0.0	0.0	0.0	0.0	0.0	0.0	0.0	0.3196631371974945	0.5716367363929749	0.7185316681861877	0.0	0.0	0.0	0.0	1.0598869323730469	0.0	1.1951298713684082	0.16215845942497253	0.24382850527763367	0.0	0.0	0.0	0.0	0.0	0.0	1.9625933170318604	0.0	0.0	0.8684820532798767	1.8770672082901	0.0	0.0	0.1669481247663498	0.0	0.0	0.0	0.0	0.0	0.0	2.067298412322998	0.0	0.0	0.8336477875709534	0.0	0.0	0.0	0.0	2.1737494468688965	0.0	0.0	1.320467472076416	0.0	0.0	1.5090441703796387	0.4711475372314453	0.7845590710639954	0.2610713541507721	1.2093751430511475	0.0	0.5458386540412903	1.3406107425689697	0.0	0.0	0.0	0.0	1.4065889120101929	0.0	0.0	0.7465593814849854	0.0	0.0	0.0	0.0	0.7028663158416748	0.9568962454795837	0.0	0.0	2.0023725032806396	0.0	0.0	0.0	0.0	0.0	0.0	0.0	0.0	0.0	1.780625581741333	0.0	1.745651125907898	0.0	0.9707567095756531	1.4254122972488403	0.0	0.0	0.0	0.0	0.0	0.0	0.0	0.0	0.8086446523666382	0.0	0.0	0.9325100183486938	0.0	0.0	0.7704963088035583	0.0	0.0	0.0	0.4186582863330841	1.2919725179672241	0.0	0.22883528470993042	0.0	0.0	0.0	2.666991949081421	0.18275289237499237	0.9510969519615173	1.896712303161621	0.0	0.0	0.0	1.5252010822296143	0.7942091226577759	0.0	0.0	0.0	0.0	1.3211873769760132	0.0	0.0	0.0	1.8632447719573975	0.17406702041625977	1.2085609436035156	0.0	1.3613587617874146	0.0	1.0782378911972046	1.3367055654525757	0.0	0.0	0.0	0.0	0.0	0.0
0.0	0.0	0.0	0.4754394590854645	1.2021082639694214	0.0	2.613020658493042	0.0	1.9115320444107056	1.9711008071899414	0.0	0.0	2.043826103210449	1.9032797813415527	0.6926333904266357	1.8216557502746582	0.0	1.2694411277770996	1.1736688613891602	0.2017114907503128	0.14743848145008087	1.718292474746704	0.0	1.3723846673965454	0.0	0.0	1.0286715030670166	1.608302354812622	1.3142317533493042	2.1027071475982666	0.5066304802894592	0.7115707397460938	0.0	0.48243412375450134	0.0	0.0	2.72050404548645	0.0	1.7112367153167725	1.6359587907791138	0.0	0.0	0.0	0.04642554000020027	0.0	0.0	0.0	0.0	0.0	0.0	0.0	0.0	0.0	0.667339563369751	1.3601908683776855	0.0	0.0	0.5351057052612305	1.5626332759857178	0.5296098589897156	0.0	0.0	0.0	0.12386813014745712	0.0	0.0	0.0	0.0	0.0	1.9490561485290527	1.7443931102752686	0.0	0.0	0.0	0.0	0.0	1.1383596658706665	0.7053329348564148	0.0	0.4817725419998169	0.0	0.0	0.0	0.3772866427898407	1.1424301862716675	0.0	2.779588460922241	0.0	1.0290316343307495	0.0	0.0	1.5720564126968384	0.0	1.0206366777420044	0.0	0.5034390091896057	0.7936260104179382	0.7096438407897949	0.0	0.0	0.0	0.0	0.0	2.141167640686035	0.0	0.0	1.0138334035873413	0.0	0.0	0.0	0.0	0.0	0.0	0.0	0.0	0.0	1.3813371658325195	0.0	0.0	0.0	0.0	1.3719627857208252	0.0	0.0	0.0	1.1572248935699463	0.0	0.0	0.0	0.0	0.0	0.0	1.4807871580123901	0.0	0.0	0.0	1.5993821620941162	0.0	0.0	1.3690372705459595	0.0	0.0	0.0	1.074501395225525	0.043285734951496124	0.0	2.017364978790283	0.0	0.0	0.0	0.0	0.0	0.0	0.0	1.9135655164718628	0.0	0.0	2.697340726852417	0.0	0.0	1.1820391416549683	0.5991974472999573	0.9241808652877808	0.8769069910049438	1.5958948135375977	0.0	0.0	1.5972682237625122	0.0	0.0	0.0	0.0	1.8536107540130615	0.0	0.689624547958374	0.6947570443153381	0.0	0.0	0.0	0.0	0.7387814521789551	1.0118335485458374	0.0	0.0	1.5754008293151855	0.0	0.0	0.0	0.0	0.0	0.0	0.0	0.0	0.0	1.2532655000686646	0.0	0.8857913613319397	0.0	1.8228652477264404	2.246306896209717	0.0	0.0	0.0	0.0	0.0	0.0	0.0	0.0	1.8879867792129517	0.0	0.0	0.6787723898887634	0.0	0.0	1.2785754203796387	0.0	0.0	0.0	0.6636091470718384	1.3233565092086792	0.0	0.5237894654273987	0.0	0.0	0.0	2.306328296661377	0.19783225655555725	1.5948082208633423	1.892785906791687	0.0	0.0	0.0	2.070138931274414	0.7244390249252319	0.0	0.0	0.0	0.0	1.792449712753296	0.0	0.0	0.0	1.699353814125061	0.0	1.0850694179534912	0.0	1.0369813442230225	0.0	1.1952555179595947	1.9621143341064453	0.0	0.0	0.0	0.2574175298213959	0.0	0.0
0.0	0.0	0.0	0.9088965058326721	0.8458563685417175	0.0	2.320087432861328	0.0	1.4075262546539307	1.4859516620635986	0.0	0.0	1.418046236038208	1.8864964246749878	0.426250696182251	1.8240342140197754	0.0	1.0966099500656128	0.8973636627197266	0.549297571182251	0.0	1.3660260438919067	0.0	1.1807098388671875	0.0	0.0	1.3074206113815308	1.623483657836914	1.2780179977416992	1.8299179077148438	0.7166303992271423	0.0	0.0	0.731970489025116	0.0	0.040218938142061234	2.5093064308166504	0.0	1.3970264196395874	1.123966097831726	0.0	0.0	0.0	0.0	0.0	0.0	0.0	0.0	0.0	0.0	0.0	0.0	0.0	0.7600921988487244	1.4504871368408203	0.0	0.0	0.0	1.0899667739868164	0.5211687684059143	0.0	0.0	0.0	0.8976987600326538	0.0	0.0	0.0	0.0	0.0	1.7429627180099487	1.3158129453659058	0.0	0.0	0.0	0.0	0.0	1.059905767440796	1.3709694147109985	0.0	0.9049795866012573	0.0	0.0	0.8728356957435608	0.5523998737335205	1.617458701133728	0.0	2.1854896545410156	0.0	1.3847347497940063	0.0	0.0	1.7667770385742188	0.0	1.0963025093078613	0.0	0.6644477844238281	0.844799816608429	0.45914238691329956	0.0	0.0	0.0	0.0	0.0	1.5615339279174805	0.0	0.0	0.7737363576889038	0.0	0.0	0.0	0.0	0.0	0.0	0.0	0.0	0.23414446413516998	0.8925883769989014	0.0	0.0	0.0	0.0065661268308758736	0.8001810908317566	0.0	0.0	0.2724471688270569	1.1672462224960327	0.0	0.0	0.0	0.0	0.0	0.0	0.551441490650177	0.0	0.0	0.2967589199542999	1.501100778579712	0.0	0.0	0.5875408053398132	0.0	0.0	0.0	0.5846664905548096	0.2754264771938324	0.0	2.0043158531188965	0.0	0.0	0.0	0.0	0.0	0.0	0.0	1.1299573183059692	0.0	0.0	2.2065207958221436	0.0	0.0	1.541459321975708	1.1057301759719849	0.512210488319397	0.6685425043106079	1.9200479984283447	0.0	0.0	1.6929819583892822	0.0	0.0	0.0	0.0	1.7169064283370972	0.0	0.0	0.8392608165740967	0.0	0.0	0.0	0.0	1.0833611488342285	1.0657581090927124	0.0	0.0	0.9889243245124817	0.0	0.0	0.0	0.0	0.0	0.0	0.0	0.0	0.0	1.1842187643051147	0.0	1.504908561706543	0.0	2.0280683040618896	1.8068658113479614	0.0	0.0	0.0	0.0	0.0	0.0	0.0	0.0	1.566106915473938	0.0	0.9267284870147705	0.40564748644828796	0.0	0.0	1.4584790468215942	0.0	0.0	0.0	0.7529067397117615	1.4995670318603516	0.23382624983787537	0.6922532320022583	0.0	0.0	0.0	2.042511463165283	0.6103607416152954	2.053395986557007	1.9687124490737915	0.0	0.0	0.0	1.7307919263839722	0.8754717111587524	0.0	0.0	0.0	0.0	1.1500056982040405	0.0	0.0	0.0	2.025664806365967	0.3120158314704895	1.6173287630081177	0.0	1.5029007196426392	0.0	1.730852484703064	1.8887192010879517	0.0	0.24322976171970367	0.0	0.6496989130973816	0.0	0.0
0.0	0.0	0.0	0.0	2.8249189853668213	0.0	1.180999755859375	0.0	1.533682107925415	0.468649685382843	0.0	0.0	0.7056251168251038	0.5903433561325073	0.2667243778705597	0.15347328782081604	0.0	0.34703317284584045	0.0	0.04339464753866196	0.0	2.219848394393921	0.0	0.45561060309410095	0.0	0.0	0.017227385193109512	1.4705506563186646	0.0	0.5590745806694031	0.0	1.3290290832519531	0.0	1.005165934562683	0.0	0.0	1.5752239227294922	0.0	1.692717432975769	0.12151464819908142	0.0	0.0	0.0	1.8232088088989258	0.0	0.0	0.0	0.0	0.0	0.6471812129020691	0.0	0.0	0.0	1.4568297863006592	0.9065935611724854	0.0	0.0	0.0	0.650381326675415	1.1862545013427734	0.0	0.0	0.0	0.0	0.0	0.0	0.0	0.0	0.0	1.9557552337646484	0.5267983078956604	0.0	0.0	0.0	0.0	0.0	0.0	0.9333893060684204	0.0	0.1860141158103943	0.0	0.0	0.0	0.0	0.3328418731689453	0.0	2.8416860103607178	0.0	0.46466588973999023	0.0	0.0	1.5865919589996338	0.0	2.2679927349090576	0.0	0.0	0.0	0.0	0.0	0.0	0.0	0.22506406903266907	0.0	2.828617811203003	0.0	0.0	0.0	0.0	0.0	0.0	0.0	0.0	0.0	0.0	0.0	0.0	0.636968195438385	0.0	0.34061387181282043	0.0	0.0	0.5614257454872131	0.0	1.4104812145233154	0.6964913606643677	0.10354424268007278	0.0	0.0	0.0	0.0	0.0	0.0	0.0	0.0	0.0	0.7982948422431946	0.6962648630142212	0.0	0.0	1.6985838413238525	0.0	0.0	0.0	0.0	0.0	0.0	0.0	0.0	0.0	0.0	0.0	0.0	0.0	0.0	1.4812079668045044	0.0	0.0	1.420120120048523	0.0	0.0	0.9065313935279846	0.0	0.14201854169368744	0.0	2.0860042572021484	0.0	0.21740271151065826	1.5719116926193237	0.0	0.0	0.0	0.0	0.22625012695789337	0.0	0.5390331149101257	1.3090481758117676	0.0	0.0	0.0	0.0	1.2596367597579956	0.0	0.0	0.0	1.0339405536651611	0.0	0.0	0.0	0.0	0.0	0.0	0.0	0.0	0.0	0.3028140664100647	0.0	0.9473196864128113	0.0	1.509716272354126	2.3347909450531006	0.0	0.0	0.0	0.0	0.0	0.0	0.0	0.0	1.2624825239181519	0.0	0.9002981185913086	0.0	0.0	0.0	0.19051335752010345	0.0	0.0	0.0	0.0	0.9007402658462524	0.0	0.37082773447036743	0.0	0.0	0.0	1.9456831216812134	1.1250795125961304	0.9185961484909058	1.3934584856033325	0.0	0.0	0.8091639280319214	2.143345832824707	0.0	0.0	0.0	0.0	0.0	1.4620920419692993	0.0	0.0	0.0	1.336611032485962	0.0	0.6518387794494629	0.0	0.655485987663269	0.0	1.5103564262390137	2.184891700744629	0.0	0.0	0.0	0.7537944316864014	0.0	0.0
0.0	0.0	0.0	0.0	1.9103224277496338	0.0	0.8354281783103943	0.0	0.7045436501502991	0.8322128653526306	0.0	0.0	0.697685956954956	0.0	1.229604959487915	0.04935203865170479	0.0	0.0	0.0	0.0	0.0	1.275649070739746	0.0	0.7119593620300293	0.0	0.0	0.4366532564163208	1.3771718740463257	0.0	0.2598877251148224	0.0	1.4721193313598633	0.0	0.23467086255550385	0.0	0.0013634097995236516	1.0936973094940186	0.0	0.9926520586013794	0.493205726146698	0.0	0.0	0.0	0.4921962022781372	0.0	0.0	0.0	0.0	0.0	0.5144723057746887	0.0	0.0	0.0	0.4710000157356262	1.2592196464538574	0.0	0.0	0.0	0.9447806477546692	0.6373504996299744	0.0	0.0	0.0	0.744695782661438	0.0	0.0	0.0	0.0	0.0	1.4060906171798706	0.39074355363845825	0.0	0.0	0.09061839431524277	0.0	0.0	0.00667653838172555	1.267263412475586	0.0	0.2197156846523285	0.0	0.0	0.0	0.6060015559196472	0.0	0.0	1.6019785404205322	0.0	0.0	0.0	0.0	1.1839735507965088	0.0	1.7285125255584717	0.0	0.46560660004615784	0.0	0.0	0.0	0.0	0.0	0.0	0.0	1.7873809337615967	0.0	0.0	0.0	0.0	0.0	0.0	0.0	0.0	0.0	0.0	0.0	0.0	0.4055614471435547	0.0	0.26660728454589844	0.0	0.0	0.4370388090610504	0.0	1.8885735273361206	0.4764191806316376	0.0	0.0	0.0	0.0	0.0	0.0	0.0	0.6275600790977478	0.0	0.0	0.5090155601501465	1.0582817792892456	0.0	0.0	1.471653938293457	0.0	0.0	0.0	0.5248956084251404	0.0	0.0	0.0	0.0	0.0	0.0	0.0	0.0	0.0	0.0	1.5652482509613037	0.0	0.0	0.36263951659202576	0.0	0.0	0.9763602018356323	0.3185383975505829	0.10001832246780396	0.0	1.9294503927230835	0.0	1.4657819271087646	0.9305457472801208	0.0	0.0	0.0	0.0	0.24637570977210999	0.0	0.0	0.5387229323387146	0.0	0.0	0.0	0.0	0.5481125116348267	0.0	0.0	0.0	0.9327903389930725	0.0	0.0	0.0	0.0	0.0	0.0	0.0	0.0	0.0	0.0	0.0	1.1032112836837769	0.0	0.5180422067642212	1.3218969106674194	0.0	0.0	0.0	0.0	0.0	0.0	0.0	0.0	0.8595374226570129	0.0	0.12903821468353271	0.0	0.0	0.0	0.0	0.0	0.0	0.0	0.0	0.5508719682693481	0.0	0.15528470277786255	0.0	0.0	0.0	1.172863483428955	1.067379355430603	0.0	0.5898444056510925	0.0	0.0	0.020467450842261314	1.9922351837158203	0.0	0.0	0.0	0.0	0.0	1.1011102199554443	0.0	0.0	0.0	0.39831385016441345	0.0	1.0248348712921143	0.0	0.3682025372982025	0.0	1.1853764057159424	0.9581155180931091	0.0	0.0	0.0	0.0	0.0	0.0
0.0	0.0	0.0	0.4276242256164551	1.6194674968719482	0.0	1.6294763088226318	0.0	1.652217149734497	0.5787242650985718	0.08626146614551544	0.0	0.8479119539260864	1.9806909561157227	0.733307421207428	1.730173110961914	0.0	0.9831485748291016	0.5216810703277588	0.3196033537387848	0.0	0.8824570178985596	0.0	1.000072717666626	0.0	0.0	0.03416954725980759	0.7548828721046448	0.5943244099617004	1.4188387393951416	0.39461272954940796	0.8188557624816895	0.0	0.0	0.0	0.0	1.8724995851516724	0.0	0.8890093564987183	0.5235891342163086	0.0	0.0	0.0	0.8186295628547668	0.0	0.0	0.5625703930854797	0.0	0.0	0.1421891152858734	0.0	0.0	0.0	1.0870662927627563	0.6006569266319275	0.0	0.0	0.0	0.3916744589805603	0.8460223078727722	0.0	0.0	0.0	0.0	0.0	0.0	0.0	0.0	0.0	1.6937428712844849	1.0194276571273804	0.0	0.0	0.0	0.0	0.0	0.09131741523742676	0.5201219320297241	0.0	0.3709302544593811	0.0	0.0	0.5883724689483643	0.0	0.0	0.0	1.8606610298156738	0.0	1.1015651226043701	0.0	0.0	0.8333466649055481	0.0	0.29330575466156006	0.0	0.0	0.32375651597976685	0.0	0.0	0.0	0.0	0.0	0.0	1.3130388259887695	0.0	0.0	0.0	0.0	0.0	0.0	0.0	0.0	0.0	0.0	0.0	0.0	1.0440502166748047	0.0	0.0	0.0	0.405001163482666	1.436368465423584	0.0	0.10810205340385437	0.19987262785434723	0.5924250483512878	0.0	0.0	0.0	0.0	0.0	0.0	0.5098795890808105	0.0	0.0	0.9070450663566589	1.0783822536468506	0.0	0.0	0.11769999563694	0.0	0.0	0.0	0.5090669393539429	0.0	0.0	1.214741826057434	0.0	0.0	0.0	0.0	0.0	0.0	0.0	0.5860306024551392	0.0	0.0	2.04575252532959	0.0	0.0	0.5647878646850586	0.0	0.2405700832605362	0.691596508026123	1.0761648416519165	0.0	0.0	1.172499179840088	0.0	0.0	0.0	0.0	1.3683301210403442	0.0	0.37498077750205994	1.4232563972473145	0.0	0.0	0.0	0.0	1.297668695449829	0.0	0.0	0.0	0.591126561164856	0.0	0.0	0.0	0.0	0.0	0.0	0.0	0.0	0.0	1.2116832733154297	0.0	0.3900613486766815	0.0	2.4137799739837646	1.2282400131225586	0.0	0.0	0.0	0.0	0.0	0.0	0.0	0.0	1.509472370147705	0.0	0.9026486873626709	0.1644246131181717	0.0	0.0	0.6918628811836243	0.0	0.0	0.0	0.0	0.28549808263778687	0.21117857098579407	0.5930168032646179	0.0	0.0	0.0	1.2618035078048706	0.2521432042121887	1.2427676916122437	1.26763117313385	0.0	0.0	0.0011402249801903963	1.8679428100585938	0.0	0.0	0.0	0.0	0.0	1.992676854133606	0.0	0.0	0.0	1.4132801294326782	0.5690204501152039	0.25942277908325195	0.0	1.1319676637649536	0.0	0.7333433032035828	1.6040105819702148	0.0	0.0	0.0	0.4623817801475525	0.0	0.0
0.0	0.0	0.0	0.09793061763048172	2.735607624053955	0.0	0.9092325568199158	0.0	1.4351240396499634	0.04866582155227661	0.6952545642852783	0.0	0.12964068353176117	0.8729488253593445	0.19740627706050873	1.8843638896942139	0.3297259509563446	1.186426043510437	0.0	0.0	0.0	0.0	0.0	0.0	0.0	0.0	0.0	0.22142449021339417	0.0	0.6649304032325745	0.16460739076137543	1.4591373205184937	0.0	0.0	0.0	0.0	0.44188058376312256	0.0	0.1575457900762558	0.0	0.0	0.0	0.0	1.2290313243865967	0.0	0.0	1.3578492403030396	0.0	0.0	0.32484352588653564	0.0	0.0	0.0	0.9247989058494568	0.0	0.0	0.0	0.0	0.010750950314104557	0.6051220297813416	0.0	0.0	0.0	0.030330976471304893	0.0	0.0	0.0	0.0	0.0	0.7808851599693298	0.6381144523620605	0.0	0.0	0.0	0.0	0.0	0.0	0.1399012953042984	0.0	0.0	0.0	0.0	0.8171554803848267	0.0	0.0	0.0	1.1329371929168701	0.0	2.093332290649414	0.0	0.0	0.5145353674888611	0.0	0.19832080602645874	0.0	0.0	0.0	0.0	0.0	0.0	0.0	1.0571926832199097	0.0	0.707630455493927	0.0	0.0	0.0	0.06038258597254753	0.0	0.9775350093841553	0.0	0.0	0.0	0.0	0.0	0.0	0.6860280632972717	0.0	0.5277726650238037	0.0	0.0	1.2977005243301392	0.0	0.7255687713623047	0.46372294425964355	0.8703405261039734	0.0	0.0	0.0	0.7022824287414551	0.0	0.0	0.3224823772907257	0.0	0.0	0.8025369644165039	0.5146372318267822	0.0	0.0	0.0	0.0	0.0	0.0	0.0	0.0	0.0	1.9249732494354248	0.0	0.0	1.4618104696273804	0.0	0.27298638224601746	0.0	0.0	0.0	0.0	0.0	2.5231025218963623	0.0	0.0	0.0	0.0	0.0	0.053500883281230927	0.10950092226266861	0.0	0.0	0.9141608476638794	0.0	0.0	0.0	0.0	0.28516829013824463	0.0	0.0	2.808436870574951	0.9288569688796997	0.0	0.0	0.0	1.2380272150039673	0.0	0.0	0.0	0.0	0.0	0.0	0.0	0.0	0.0	0.0	0.0	0.0	0.0	0.19263716042041779	0.0	0.0	0.0	1.7725930213928223	0.5120034217834473	0.0	1.634329915046692	0.0	0.0	0.0	0.0	0.0	0.0	1.1715376377105713	0.0	1.42208731174469	1.3413364887237549	0.0	0.0	1.2159953117370605	0.0	0.0	0.0	0.0	0.22262130677700043	0.3034588098526001	1.3103781938552856	0.0	0.0	0.0	0.6415115594863892	0.589130699634552	0.7151055932044983	0.37669259309768677	0.0	0.0	0.7597376704216003	2.539257287979126	0.0	0.0	0.0	0.0	0.0	2.182581901550293	0.0	0.0	0.0	1.4256280660629272	1.9395123720169067	0.0	0.0	1.3890516757965088	0.0	0.0	0.41225799918174744	0.0	0.0	0.0	1.4220085144042969	0.0	0.0
0.0	0.0	0.0	0.3679848909378052	0.6575798988342285	0.0	1.8841434717178345	0.0	0.9100852608680725	1.1187623739242554	0.0	0.0	1.30209219455719	0.0	0.0	0.0	0.0	1.060388445854187	0.43958553671836853	0.3660692870616913	0.3317481279373169	1.6595765352249146	0.0	1.3164424896240234	0.0	0.0	1.0789631605148315	1.322335958480835	0.6591694355010986	0.8179977536201477	0.4971798360347748	1.5360674858093262	0.0	1.8443028926849365	0.0	0.6031094789505005	2.073665142059326	0.0	1.436640977859497	0.988013744354248	0.0	0.0	0.0	0.0	0.0	0.0	0.0	0.0	0.0	0.0	0.0	0.0	0.0	1.3489888906478882	0.9876642227172852	0.0	0.0	0.35637179017066956	1.4151567220687866	0.9789355397224426	0.0	0.0	0.0	0.9761919975280762	0.0	0.0	0.0	0.0	0.0	1.7567678689956665	0.6071368455886841	0.0	0.0	0.0	0.0	0.0	0.3602965772151947	0.918746292591095	0.0	0.5596674084663391	0.0	0.0	0.0	0.8777788877487183	1.1916531324386597	0.0	2.1717240810394287	0.0	0.31787851452827454	0.0	0.0	2.0804436206817627	0.0	1.2740235328674316	0.0	0.2905217111110687	0.7536918520927429	0.37266355752944946	0.0	0.0	0.0	0.0	0.0	2.1953659057617188	0.0	0.0	0.0	0.0	0.0	0.0	0.0	0.0	0.0	0.0	0.0	0.0	0.3599609136581421	0.0	0.1267739236354828	0.0	0.1217363029718399	0.0	0.0	0.7466310262680054	0.11406514048576355	0.0	0.0	0.0	0.0	0.0	0.0	0.0	0.0	0.0	0.0	0.0	0.1939404457807541	0.0	0.0	1.309796929359436	0.0	0.0	0.0	0.3898909389972687	0.4742283523082733	0.0	0.07405109703540802	0.0	0.0	0.0	0.0	0.0	0.0	0.0	1.9308593273162842	0.0	0.0	0.5028840899467468	0.0	0.0	1.4891300201416016	0.19172437489032745	0.4912295937538147	0.009494228288531303	2.0718626976013184	0.0	1.1885693073272705	0.7322657704353333	0.0	0.0	0.0	0.0	0.718310534954071	0.0	0.7037995457649231	0.13274213671684265	0.0	0.0	0.0	0.0	0.0	0.8132389783859253	0.0	0.18311987817287445	1.235000491142273	0.0	0.0	0.0	0.0	0.0	0.0	0.0	0.0	0.0	0.34009087085723877	0.0	1.4615380764007568	0.0	0.7476522326469421	1.0316895246505737	0.0	0.0	0.0	0.0	0.0	0.0	0.0	0.0	0.8475261330604553	0.0	0.0	0.0	0.029303357005119324	0.0	0.0	0.0	0.0	0.0	0.4704867899417877	1.1860284805297852	0.0	0.0	0.0	0.0	0.0	1.523004412651062	0.47092342376708984	0.8148753046989441	1.5022282600402832	0.0	0.0	0.0	0.5223563313484192	0.531944751739502	0.0	0.0	0.0	0.0	0.0	0.0	0.0	0.0	1.4188356399536133	0.0	1.125709056854248	0.0	0.0	0.0	1.8423373699188232	1.6394935846328735	0.0	0.0	0.0	0.0	0.0	0.0
0.0	0.0	0.0	0.44164928793907166	1.330493450164795	0.0	1.4924982786178589	0.0	0.37436553835868835	0.8584766983985901	0.0	0.0	1.3003629446029663	1.421501636505127	1.225152850151062	0.8673701882362366	0.0	1.095821499824524	0.9007855653762817	1.2137728929519653	0.0	1.1612602472305298	0.0	1.3957257270812988	0.0	0.0	1.7241913080215454	1.2862920761108398	0.26377594470977783	1.6820461750030518	0.0	1.2083840370178223	0.0	1.003535270690918	0.0	0.25650128722190857	2.412489414215088	0.0	1.7645169496536255	1.6572757959365845	0.0	0.0	0.0	0.0	0.0	0.0	0.0	0.0	0.0	0.0	0.0	0.0	0.0	0.5158788561820984	1.0413322448730469	0.0	0.0	0.0	1.741698980331421	0.0	0.0	0.0	0.0	1.29378342628479	0.0	0.0	0.0	0.0	0.0	1.5822137594223022	1.1445561647415161	0.0	0.0	0.0	0.0	0.0	1.5445549488067627	0.13224361836910248	0.0	1.4183965921401978	0.0	0.0	0.0	0.10027816891670227	1.2925128936767578	0.0	2.2374908924102783	0.0	0.0	0.0	0.0	1.9256463050842285	0.0	1.7150582075119019	0.0	0.049859531223773956	0.32156291604042053	1.070091962814331	0.0	0.0	0.0	0.0	0.0	1.7167329788208008	0.0	0.0	0.0	0.0	0.0	0.0	0.0	0.0	0.0	0.0	0.0	0.0	1.1020830869674683	0.0	0.0	0.0	0.013071665540337563	0.7892404794692993	0.0	0.4781801700592041	0.0	0.20873208343982697	0.0	0.0	0.0	0.0	0.0	0.0	1.146838903427124	0.0	0.0	0.8723198175430298	1.6577956676483154	0.0	0.0	1.177356243133545	0.0	0.0	0.0	0.8982412815093994	0.0	0.0	1.2314437627792358	0.0	0.0	0.0	0.0	0.0	0.0	0.0	1.5416924953460693	0.0	0.0	1.2236813306808472	0.0	0.0	1.4546467065811157	0.30894729495048523	0.44753092527389526	0.9799954891204834	1.8652169704437256	0.0	0.4089493751525879	1.2986135482788086	0.0	0.0	0.0	0.0	1.0698695182800293	0.0	0.5417848229408264	0.0	0.0	0.0	0.0	0.0	0.82282555103302	0.4074367880821228	0.0	0.0	2.529165267944336	0.0	0.0	0.0	0.0	0.0	0.0	0.0	0.0	0.0	1.3993852138519287	0.0	1.0392351150512695	0.0	1.2142081260681152	1.9415762424468994	0.0	0.0	0.0	0.0	0.0	0.0	0.0	0.0	1.2333369255065918	0.0	0.736954927444458	0.6176950335502625	0.0	0.0	0.0	0.0	0.0	0.0	0.7787426710128784	0.7919211983680725	0.0	0.012319345027208328	0.0	0.0	0.0	1.7293856143951416	0.6100192666053772	0.9148918986320496	1.9398893117904663	0.0	0.0	0.0	0.6913663148880005	0.13052688539028168	0.0	0.0	0.0	0.0	0.8830296397209167	0.0	0.0	0.0	1.346772313117981	0.0	1.2318207025527954	0.0	0.4997008442878723	0.0	1.027999758720398	1.9407516717910767	0.0	0.0	0.0	0.0	0.0	0.0
0.0	0.0	0.0	1.0502241849899292	1.4445363283157349	0.0	2.5638530254364014	0.0	1.2186779975891113	0.8701736927032471	0.0	0.0	1.7253087759017944	1.1455645561218262	0.016848450526595116	1.3437228202819824	0.11559619754552841	1.949775218963623	1.38642156124115	0.6041584014892578	0.0	1.6039011478424072	0.0	0.5513968467712402	0.0	0.0	0.8177669048309326	1.3718057870864868	1.2236028909683228	1.065169334411621	1.0136667490005493	1.0129352807998657	0.0	0.8682880997657776	0.0	0.0	2.7957260608673096	0.0	1.7645976543426514	1.3249995708465576	0.0	0.0	0.0	0.0	0.0	0.0	0.6271277666091919	0.0	0.0	0.0	0.0	0.0	0.0	1.2262375354766846	0.933279275894165	0.0	0.0	0.0	1.4859384298324585	0.4940841495990753	0.0	0.0	0.0	1.130770206451416	0.0	0.0	0.0	0.0	0.0	1.8465590476989746	1.321895718574524	0.0	0.0	0.0	0.0	0.0	0.4860401749610901	0.0	0.0	0.2657608091831207	0.0	0.0	0.0	0.44777774810791016	0.9266154170036316	0.0	2.4905612468719482	0.0	1.6093183755874634	0.0	0.0	1.8577384948730469	0.0	0.8973087072372437	0.0	0.0	0.4842474162578583	0.6767428517341614	0.0	0.0	0.0	0.0	0.0	2.0658793449401855	0.0	0.0	0.7622125744819641	0.0	0.0	0.0	0.0	0.0	0.0	0.0	0.0	0.2580057382583618	0.5524265766143799	0.0	0.0	0.0	0.18177247047424316	0.6962167024612427	0.0	0.0	0.9595480561256409	0.07678763568401337	0.0	0.0	0.0	0.0	0.0	0.0	0.7008728384971619	0.0	0.0	0.0	0.9322752356529236	0.0	0.0	0.5639600157737732	0.0	0.0	0.0	0.0	0.0	0.0	2.2053539752960205	0.0	0.0	0.6715123057365417	0.0	0.0	0.0	0.0	1.4780027866363525	0.0	0.0	1.442926049232483	0.0	0.0	1.7563835382461548	0.0	0.19485966861248016	0.4640984833240509	0.9178972244262695	0.0	0.6154511570930481	0.7704704403877258	0.0	0.0	0.0	0.0	1.7046968936920166	0.0	0.0	1.6392755508422852	0.0	0.0	0.0	0.0	0.2142821103334427	0.8345379829406738	0.0	0.0	1.6528537273406982	0.0	0.0	0.0	0.0	0.0	0.0	0.0	0.0	0.0	1.6530790328979492	0.0	1.6537094116210938	0.0	1.7403638362884521	1.994965672492981	0.0	0.0	0.0	0.0	0.0	0.0	0.0	0.0	0.8844068050384521	0.0	0.008300425484776497	0.9550482034683228	0.0	0.0	1.575090765953064	0.0	0.0	0.0	0.7614590525627136	0.9758835434913635	0.0	0.10937745124101639	0.0	0.0	0.0	2.5940065383911133	0.0	1.8758094310760498	1.551719307899475	0.0	0.0	0.0	1.256319522857666	0.8504000306129456	0.0	0.0	0.0	0.0	1.2629907131195068	0.0	0.0	0.0	2.801668167114258	0.720844030380249	0.7406214475631714	0.0	0.40324780344963074	0.0	1.6204339265823364	1.8658379316329956	0.0	0.0	0.0	0.0	0.0	0.0
0.0	0.0	0.0	0.5144514441490173	3.5768818855285645	0.0	1.2667090892791748	0.0	2.025561809539795	0.0603448711335659	0.9509434700012207	0.0	0.20717862248420715	1.9573370218276978	0.643791913986206	2.8474013805389404	0.9645108580589294	0.5151600241661072	0.27224200963974	0.3004777133464813	0.0	0.0	0.0	0.5687212347984314	0.0	0.0	0.0	0.809242308139801	0.11750863492488861	1.286164402961731	0.15470588207244873	1.7456896305084229	0.0	0.0	0.0	0.0	0.9939880967140198	0.0	0.0	0.22317729890346527	0.0	0.0	0.0	1.973584532737732	0.0	0.0	1.379256010055542	0.0	0.0	1.2169350385665894	0.0	0.0	0.0	0.017144713550806046	0.0	0.0	0.0	0.0	0.1834157258272171	0.2840394973754883	0.0	0.0	0.0	0.26027733087539673	0.0	0.0	0.0	0.0	0.0	0.5855753421783447	2.002694606781006	0.0	0.0	0.0	0.0	0.0	0.0	0.2761003375053406	0.0	0.0	0.0	0.0	0.960240364074707	0.0	0.0	0.0	1.1771537065505981	0.0	2.1144251823425293	0.0	0.0	0.0	0.0	0.21714003384113312	0.0	0.0	0.0	0.9378319978713989	0.0	0.0	0.0	1.4280264377593994	0.0	0.31840792298316956	0.0	0.0	0.31394606828689575	0.4235501289367676	0.0	1.1222758293151855	0.0	0.0	0.0	0.0	0.0	0.0	1.6010620594024658	0.0	0.46795031428337097	0.0	0.0	1.966904640197754	0.0	0.6615533232688904	0.0	2.3001511096954346	0.0	0.0	0.0	1.4196572303771973	0.0	0.0	1.9307847023010254	0.0	0.0	2.116006851196289	1.7156462669372559	0.0	0.0	0.0	0.0	0.0	0.0	0.0	0.0	0.0	2.606337547302246	0.0	0.0	2.4538323879241943	0.0	0.11048994958400726	0.0	0.0	0.0	0.0	0.0	3.3013129234313965	0.0	0.0	0.0	0.0	0.0	1.0919768810272217	0.46877437829971313	0.0	0.0	1.386376976966858	0.0	0.0	0.0	0.0	0.4670279920101166	0.0	0.0	2.472395181655884	1.5989512205123901	0.0	0.0	0.0	1.1073799133300781	0.0	0.0	0.0	0.16343899071216583	0.0	0.0	0.0	0.0	0.0	0.0	0.0	0.0	0.0	1.270648717880249	0.0	0.0	0.0	2.815619468688965	0.48446616530418396	0.0	1.3651576042175293	0.0	0.0	0.0	0.0	0.0	0.0	1.7469960451126099	0.0	2.0735831260681152	2.2687480449676514	0.0	0.0	1.4384748935699463	0.0	0.0	0.0	0.0	0.0	0.0	1.70206880569458	0.0	0.0	0.0	0.43137219548225403	0.9506150484085083	0.24106650054454803	0.24526634812355042	0.0	0.0	1.8428559303283691	2.8303842544555664	0.0	0.0	0.0	0.0	0.0	3.421653985977173	0.0	0.0	0.0	1.452129602432251	2.597388982772827	0.0	0.0	2.4160714149475098	0.0	0.0	0.5787318348884583	0.0	0.0	0.0	1.1803042888641357	0.0	0.0
0.0	0.0	0.0	0.037984613329172134	1.0615148544311523	0.0	0.8896640539169312	0.0	1.0572991371154785	1.1454085111618042	0.0	0.0	0.7957416772842407	1.651863694190979	0.4931236505508423	0.9263304471969604	0.0011077405652031302	0.5124785304069519	0.2830548584461212	0.5769447088241577	0.4785328507423401	0.331457257270813	0.0	1.24358069896698	0.0	0.0	0.7239376902580261	1.6423126459121704	0.0	1.1609388589859009	0.3308364152908325	1.139828085899353	0.0	0.5630173087120056	0.0	0.8746490478515625	1.1811003684997559	0.0	0.7215344309806824	0.7887100577354431	0.0	0.0	0.0	0.015804078429937363	0.0	0.0	0.0	0.0	0.0	0.6656949520111084	0.0	0.0	0.0	0.1846277415752411	0.4606111943721771	0.0	0.0	0.6574074029922485	1.097706913948059	0.0	0.0	0.0	0.0	1.1934930086135864	0.0	0.0	0.0	0.0	0.0	1.2792432308197021	1.19622004032135	0.0	0.0	0.0	0.0	0.0	0.8443007469177246	0.6292070746421814	0.0	1.2111412286758423	0.0	0.0	0.05415644869208336	0.0	0.9062707424163818	0.0	1.5011805295944214	0.0	0.62317955493927	0.0	0.0	1.6569641828536987	0.0	0.6906434297561646	0.0	0.2664710283279419	0.589314877986908	1.154726505279541	0.0	0.1925114095211029	0.0	0.0	0.0	0.8271737098693848	0.0	0.0	0.05684289336204529	0.0	0.0	0.0	0.0	0.0	0.0	0.0	0.0	0.0	1.2316311597824097	0.0	0.24898414313793182	0.0	0.562168538570404	1.4630053043365479	0.0	0.4981575012207031	0.0	1.0482584238052368	0.0	0.0	0.0	0.07475044578313828	0.17111562192440033	0.0	1.042227864265442	0.0	0.0	0.44002628326416016	1.2385896444320679	0.0	0.0	0.256664514541626	0.0	0.0	0.0	1.4796658754348755	1.456043004989624	0.0	0.9459694027900696	0.0	0.0	0.0	0.0	0.1562313735485077	0.0	0.0	1.2691266536712646	0.0	0.0	1.2597177028656006	0.0	0.0	1.0197546482086182	0.2010418325662613	0.7567548155784607	0.8422388434410095	1.6457586288452148	0.0	0.052472732961177826	1.3692129850387573	0.0	0.0	0.0	0.0	1.0260847806930542	0.0	1.8770138025283813	0.3775523006916046	0.0	0.0	0.0	0.34345149993896484	1.4007129669189453	0.448047012090683	0.0	0.0	0.7346774935722351	0.0	0.0	0.0	0.0	0.0	0.0	0.0	0.0	0.0	0.7194116115570068	0.0	0.539309561252594	0.0	1.28524911403656	1.3462251424789429	0.0	0.0	0.0	0.0	0.0	0.0	0.0	0.0	1.5450491905212402	0.0	0.9785361289978027	0.7393932938575745	0.4990006387233734	0.0	0.02545235864818096	0.0	0.0	0.0	0.1189468577504158	1.3042241334915161	0.00757082924246788	0.6417353749275208	0.0	0.0	0.0	0.6379234790802002	1.1988283395767212	0.47906291484832764	1.0846352577209473	0.0	0.0	0.13735243678092957	1.7034403085708618	0.7192453145980835	0.0	0.0	0.0	0.0	0.8076006174087524	0.0	0.0	0.0	0.9951763153076172	0.0	0.9361934661865234	0.0	1.0294610261917114	0.0	1.3164411783218384	1.2591183185577393	0.0	1.3670977354049683	0.0	0.0	0.0	0.0
0.0	0.0	0.0	0.42600274085998535	1.6164199113845825	0.0	1.0850698947906494	0.0	2.4296936988830566	0.0	1.7591876983642578	0.0	0.12676994502544403	0.6078961491584778	0.0	2.4697377681732178	1.6788491010665894	1.3820056915283203	0.0	0.0	0.0	0.4747451841831207	0.0	0.18275663256645203	0.0	0.0	0.0	0.0	0.0	0.6057475209236145	0.007888147607445717	1.2837477922439575	0.0	0.0	0.0	0.0	0.6112239360809326	0.0	0.0	0.0	0.0	0.0	0.0	1.8888769149780273	0.0	0.0	2.5786612033843994	0.0	0.0	0.576106071472168	0.0	0.0	0.0	0.7994846105575562	0.0	0.0	0.0	0.0	0.0	1.561806559562683	0.0	0.0	0.0	0.0	0.0	0.0	0.0	0.0	0.0	0.6183433532714844	0.22093546390533447	0.0	0.0	0.0	0.0	0.0	0.0	0.0	0.0	0.0	0.0	0.0	1.2030988931655884	0.0	0.0	0.0	1.5538843870162964	0.0	2.963280439376831	0.0	0.0	0.20723149180412292	0.0	0.0	0.0	0.0	0.0	0.0	0.0	0.0	0.0	0.964257538318634	0.0	0.5145853161811829	0.0	0.0	0.40309345722198486	0.004563845694065094	0.0	1.883754849433899	0.0	0.0	0.0	0.0	0.0	0.0	0.5627994537353516	0.0	0.786354660987854	0.0	0.0	0.7514657378196716	0.0	0.0	1.3591852188110352	0.3659321367740631	0.0	0.0	0.0	1.1404794454574585	0.0	0.0	0.0	0.0	0.0	1.1152002811431885	0.40180692076683044	0.0	0.0	0.0	0.0	0.0	0.0	0.0	0.0	0.0	2.539485216140747	0.0	0.0	1.8758797645568848	0.0	0.16344982385635376	0.0	0.0	0.0	0.0	0.0	2.380375862121582	0.0	0.0	0.0	0.0	0.0	0.014281530864536762	0.0	0.0	0.0	0.46319854259490967	0.0	0.0	0.0	0.0	0.6228034496307373	0.0	0.0	3.124211311340332	2.0916433334350586	0.0	0.0	0.0	0.4825303256511688	0.0	0.0	0.0	0.0	0.0	0.0	0.0	0.0	0.0	0.0	0.0	0.0	0.0	0.3426750898361206	0.0	0.0	0.0	2.225151300430298	0.01123290415853262	0.0	1.4839340448379517	0.0	0.0	0.0	0.0	0.0	0.0	1.278525948524475	0.0	0.41329434514045715	0.8406473994255066	0.0	0.0	1.8290127515792847	0.0	0.0	0.0	0.0	0.0	1.1674131155014038	1.352660059928894	0.0	0.0	0.0	0.8870038390159607	0.0	0.8358100056648254	0.0	0.0	0.0	1.144907832145691	1.6178735494613647	0.0	0.0	0.0	0.0	0.0	2.3912062644958496	0.0	0.0	0.0	2.1143722534179688	1.6531168222427368	0.0	0.0	0.46784523129463196	0.0	0.0	0.5971490740776062	0.0	0.0	0.0	1.5256081819534302	0.0	0.0
0.0	0.0	0.0	0.07461327314376831	1.8406078815460205	0.0	1.2729161977767944	0.0	1.6631311178207397	0.7433451414108276	0.05433399975299835	0.0	0.6520465016365051	0.932803750038147	0.6030715107917786	1.1284918785095215	0.4043086767196655	1.570504069328308	0.17305095493793488	0.16832615435123444	0.0	0.9862060546875	0.0	0.14179371297359467	0.0	0.0	0.0	0.6997248530387878	0.0	1.2100449800491333	0.7235102653503418	1.0903968811035156	0.0	0.06272449344396591	0.0	0.0	1.0290614366531372	0.0	0.744290828704834	0.09385690838098526	0.0	0.0	0.0	0.933551013469696	0.0	0.0	0.7192879319190979	0.0	0.0	0.7145655751228333	0.0	0.0	0.0	1.1533699035644531	0.22583487629890442	0.0	0.0	0.0	0.6346811652183533	1.0285736322402954	0.0	0.0	0.0	0.0	0.0	0.0	0.0	0.0	0.0	1.2931123971939087	0.67521733045578	0.0	0.0	0.0	0.0	0.0	0.0	0.3122713267803192	0.0	0.0	0.0	0.0	0.42595744132995605	0.0	0.7616127729415894	0.0	1.8521227836608887	0.0	1.4159672260284424	0.0	0.0	1.2375160455703735	0.0	0.7141064405441284	0.0	0.0	0.0	0.35414400696754456	0.0	0.0	0.0	0.37203532457351685	0.0	1.9198553562164307	0.0	0.0	0.0	0.0	0.0	0.0	0.0	0.0	0.0	0.0	0.0	0.0	0.3204400837421417	0.0	0.198256716132164	0.0	0.0	0.807292103767395	0.0	0.691276490688324	0.018905851989984512	0.5022906064987183	0.0	0.0	0.0	0.28829383850097656	0.0	0.0	0.9371854662895203	0.0	0.0	0.19572488963603973	0.6584191918373108	0.0	0.0	1.4795691967010498	0.0	0.0	0.0	0.0	0.0	0.0	1.4138492345809937	0.0	0.0	0.5812004208564758	0.0	0.0	0.0	0.0	0.38340136408805847	0.0	0.0	2.1311073303222656	0.0	0.0	0.3672780990600586	0.0	0.007843357510864735	0.0	1.0221410989761353	0.0	0.0	0.9518467783927917	0.0	0.0	0.0	0.0	0.42965200543403625	0.0	0.0	1.9617700576782227	0.419148325920105	0.0	0.0	0.0	0.8759274482727051	0.0	0.0	0.0	0.08958179503679276	0.0	0.0	0.0	0.0	0.0	0.0	0.0	0.0	0.0	0.0	0.0	0.12521278858184814	0.0	1.1465880870819092	1.7346789836883545	0.0	0.4634554088115692	0.0	0.0	0.0	0.0	0.0	0.0	1.443982481956482	0.0	0.5660861730575562	0.5561152696609497	0.0	0.0	0.7857927680015564	0.0	0.0	0.0	0.0	0.8309351205825806	0.0	1.4409486055374146	0.0	0.0	0.0	1.3628095388412476	0.49503639340400696	0.6671788692474365	0.692435085773468	0.0	0.0	0.08444074541330338	1.4587734937667847	0.0	0.0	0.0	0.0	0.0	1.2018342018127441	0.0	0.0	0.0	1.2699878215789795	1.1784387826919556	0.6080760955810547	0.0	0.7867580056190491	0.0	0.4151754081249237	0.9913631081581116	0.0	0.0	0.0	1.1770739555358887	0.0	0.0
0.0	0.0	0.0	0.3692528009414673	1.033981204032898	0.0	1.854373812675476	0.0	0.9300351142883301	0.8612227439880371	0.0	0.0	1.3268394470214844	0.989788293838501	0.0	0.45605218410491943	0.0	1.9067906141281128	1.1401276588439941	0.9030802845954895	0.04075697809457779	1.4431248903274536	0.0	1.1120107173919678	0.0	0.0	1.362278699874878	1.0452808141708374	0.7156729698181152	0.7045164704322815	0.10461051017045975	0.6888632774353027	0.0	1.2603685855865479	0.0	0.11584475636482239	2.413928985595703	0.0	1.65528404712677	1.5032939910888672	0.0	0.0	0.0	0.0	0.0	0.0	0.0	0.0	0.0	0.0	0.0	0.0	0.0	1.8678858280181885	0.9936968684196472	0.0	0.0	0.0	1.822636365890503	0.8552529811859131	0.0	0.0	0.0	0.5838777422904968	0.0	0.0	0.0	0.0	0.0	2.1946723461151123	0.12878663837909698	0.0	0.0	0.0	0.0	0.0	1.3539412021636963	0.6685311198234558	0.0	0.8772950172424316	0.0	0.0	0.0	0.4140637516975403	0.9713224768638611	0.0	1.9987974166870117	0.0	0.0	0.0	0.0	2.1136653423309326	0.0	1.8201019763946533	0.0	0.5473939180374146	0.8085879683494568	0.600791871547699	0.0	0.0	0.0	0.0	0.0	2.0399341583251953	0.0	0.0	0.10619588196277618	0.0	0.0	0.0	0.0	0.0	0.0	0.0	0.0	0.0	0.13432443141937256	0.0	0.0	0.0	0.0	0.7325820326805115	0.0	0.5559271574020386	0.01648678258061409	0.0	0.0	0.0	0.0	0.0	0.0	0.0	0.8375522494316101	0.0	0.0	0.0	1.1665602922439575	0.0	0.0	1.3550785779953003	0.0	0.0	0.0	1.093035101890564	0.0	0.0	0.9753466844558716	0.0	0.0	0.0	0.0	0.0	0.0	0.0	1.9007186889648438	0.0	0.0	1.5406684875488281	0.0	0.0	1.0649240016937256	0.06963135302066803	0.8927807807922363	0.0	1.4617691040039062	0.0	0.8682430386543274	1.1086269617080688	0.0	0.0	0.0	0.0	1.1630750894546509	0.0	0.29107022285461426	0.24363356828689575	0.0	0.0	0.0	0.0	0.1944086104631424	1.0565439462661743	0.0	0.0	1.673388957977295	0.0	0.0	0.0	0.0	0.0	0.0	0.0	0.0	0.0	0.9697294235229492	0.0	1.156034231185913	0.0	0.6257413029670715	1.7066580057144165	0.0	0.0	0.0	0.0	0.0	0.0	0.0	0.0	0.9447771906852722	0.0	0.0	0.0	0.0	0.0	0.4141608476638794	0.0	0.0	0.0	1.0346884727478027	0.5759820938110352	0.0	0.0	0.0	0.0	0.0	2.588047742843628	0.08216588944196701	0.9116180539131165	1.1169525384902954	0.0	0.0	0.0	1.2521501779556274	0.3067052364349365	0.0	0.0	0.0	0.0	0.5343881845474243	0.0	0.0	0.0	1.2089039087295532	0.0	1.4399534463882446	0.0	0.0	0.0	1.7016040086746216	1.4308685064315796	0.0	0.0	0.0	0.0	0.0	0.0
0.0	0.0	0.0	0.0	2.7793593406677246	0.0	0.9433197379112244	0.0	1.9997828006744385	0.0784665122628212	0.7965566515922546	0.0	0.0	0.9326843619346619	0.43691420555114746	2.0420966148376465	0.7871237397193909	1.1060945987701416	0.25385820865631104	0.0	0.0	0.0	0.0	0.27310922741889954	0.0	0.0	0.0	0.06394950300455093	0.026216095313429832	0.8206095099449158	0.0	0.676578164100647	0.0	0.0	0.0	0.0	0.8086047172546387	0.0	0.2869460880756378	0.15507446229457855	0.0	0.0	0.0	1.5108534097671509	0.0	0.0	2.296917676925659	0.0	0.0	0.5114030241966248	0.0	0.0	0.0	0.3035813868045807	0.0	0.0	0.0	0.0	0.02189566008746624	0.9409789443016052	0.0	0.0	0.0	0.0	0.0	0.0	0.0	0.0	0.0	0.5930423140525818	1.1112024784088135	0.0	0.0	0.0	0.0	0.0	0.0	0.5717751979827881	0.0	0.0	0.0	0.0	1.016671895980835	0.0	0.0	0.0	0.5149135589599609	0.0	2.4198455810546875	0.0	0.0	0.6331956386566162	0.0	0.41388681530952454	0.0	0.0	0.0	0.0	0.0	0.0	0.0	1.7159476280212402	0.0	0.23246879875659943	0.0	0.0	0.0	0.0	0.0	1.0409101247787476	0.0	0.0	0.0	0.0	0.0	0.0	1.0356084108352661	0.0	0.4192187190055847	0.0	0.0	0.9439394474029541	0.0	0.2122708261013031	0.6403053998947144	1.0035463571548462	0.0	0.0	0.0	1.2198485136032104	0.0	0.0	0.6279482245445251	0.0	0.0	1.7737988233566284	0.7728511691093445	0.0	0.0	0.0	0.0	0.0	0.0	0.0	0.0	0.0	2.0381722450256348	0.0	0.0	1.1677864789962769	0.0	0.2244022935628891	0.0	0.0	0.0	0.0	0.0	2.6476056575775146	0.0	0.0	0.0	0.0	0.07252047955989838	0.0	0.3636937141418457	0.0	0.0	1.268843412399292	0.0	0.0	0.0	0.0	0.7745435237884521	0.0	0.0	2.8051507472991943	1.8811918497085571	0.0	0.0	0.0	0.6787829399108887	0.0	0.0	0.0	0.0008159243734553456	0.0	0.0	0.0	0.0	0.0	0.0	0.0	0.0	0.0	0.14602650701999664	0.0	0.0	0.0	2.1523377895355225	0.29275089502334595	0.0	1.1387436389923096	0.0	0.0	0.0	0.0	0.0	0.0	1.0272642374038696	0.0	1.7948830127716064	1.1048170328140259	0.0	0.0	1.4570237398147583	0.0	0.0	0.0	0.0	0.0	0.0967358946800232	1.3252723217010498	0.0	0.0	0.0	0.7479755878448486	0.5078648924827576	0.5272837281227112	0.09439817070960999	0.0	0.0	0.8999208807945251	2.7137980461120605	0.0	0.0	0.0	0.0	0.0	2.7709031105041504	0.0	0.0	0.0	1.0456211566925049	2.4048147201538086	0.0	0.0	1.5906479358673096	0.0	0.0	0.21156398952007294	0.0	0.0	0.0	1.832388997077942	0.0	0.0
0.0	0.0	0.0	0.0	1.6013253927230835	0.0	1.9316140413284302	0.0	0.5293170809745789	0.7961859107017517	0.0	0.0	1.4704594612121582	0.7683066129684448	0.05613371357321739	0.45241019129753113	0.0	1.5666803121566772	0.5402377247810364	0.981906533241272	0.014590311795473099	1.2560973167419434	0.0	0.7931002378463745	0.0	0.0	0.7824956178665161	1.312913417816162	0.0	1.6057343482971191	0.24592271447181702	1.1416438817977905	0.0	1.150273323059082	0.0	0.7135916948318481	1.9121161699295044	0.0	1.6809914112091064	1.2763296365737915	0.0	0.0	0.0	0.0	0.0	0.0	0.0	0.0	0.0	0.0	0.0	0.0	0.0	0.7397849559783936	1.5814789533615112	0.0	0.0	0.0	1.7697060108184814	1.1587767601013184	0.0	0.0	0.0	0.4165358245372772	0.0	0.0	0.0	0.0	0.0	1.9863719940185547	0.0	0.0	0.0	0.0	0.0	0.0	1.3029284477233887	0.4767347276210785	0.0	1.0468764305114746	0.0	0.0	0.0	0.09714958071708679	0.3337346315383911	0.0	1.9271901845932007	0.0	0.0	0.0	0.0	2.7612173557281494	0.0	2.3064708709716797	0.0	0.10101243108510971	0.6438664197921753	0.190034419298172	0.0	0.0	0.0	0.0	0.0	2.2473502159118652	0.0	0.0	0.0	0.0	0.0	0.0	0.0	0.0	0.0	0.0	0.0	0.0	0.0	0.0	0.029812181368470192	0.0	0.0	0.9918930530548096	0.0	0.6623418927192688	0.3237001299858093	0.0	0.0	0.0	0.0	0.0	0.0	0.0	0.2735556364059448	0.0	0.0	0.1529436707496643	0.8658882975578308	0.0	0.0	1.896553635597229	0.0	0.0	0.0	1.0013654232025146	0.0	0.0	0.7201984524726868	0.0	0.0	0.0	0.0	0.0	0.0	0.0	1.8824106454849243	0.0	0.0	0.73806232213974	0.0	0.0	1.5239423513412476	0.0	0.40901610255241394	0.0	1.2172889709472656	0.0	0.9648877382278442	0.8193872570991516	0.0	0.0	0.0	0.0	0.7662081122398376	0.0	0.3012424111366272	0.2030092477798462	0.0	0.0	0.0	0.0	0.483921617269516	0.0	0.0	0.0	1.9181878566741943	0.0	0.0	0.0	0.0	0.0	0.0	0.0	0.0	0.0	0.7980000972747803	0.0	0.7662620544433594	0.0	0.4029098451137543	2.1840646266937256	0.0	0.0	0.0	0.0	0.0	0.0	0.0	0.0	1.13360595703125	0.0	0.0	0.0	0.0	0.0	0.0	0.0	0.0	0.0	0.5425087213516235	0.2846201956272125	0.0	0.0	0.0	0.0	0.0	1.8555659055709839	0.0	0.7578687071800232	1.6304763555526733	0.0	0.0	0.0	1.315677523612976	0.0	0.0	0.0	0.0	0.0	0.6788535714149475	0.0	0.0	0.0	1.3675062656402588	0.0	0.9648616313934326	0.0	0.0	0.0	1.46835458278656	1.2788631916046143	0.0	0.0	0.0	0.0	0.0	0.0
0.0	0.0	0.0	0.0	1.9396681785583496	0.0	1.1916402578353882	0.0	0.2451810985803604	0.6327906250953674	0.0	0.0	1.2205113172531128	0.4488351345062256	1.1965428590774536	0.0	0.0	1.2551175355911255	1.3787140846252441	0.8868539333343506	0.0	2.3915326595306396	0.0	1.0000674724578857	0.0	0.0	1.165308952331543	1.906578779220581	0.6104975342750549	0.3610396087169647	0.0	2.5828030109405518	0.0	1.5189249515533447	0.0	0.31269755959510803	2.2818737030029297	0.0	2.361356258392334	1.1102522611618042	0.0	0.0	0.0	0.0	0.0	0.0	0.0	0.0	0.0	0.0	0.0	0.0	0.0	1.1718776226043701	1.230444073677063	0.0	0.0	0.0	2.2594995498657227	0.10640543699264526	0.0	0.0	0.0	0.9024150371551514	0.0	0.0	0.0	0.0	0.0	1.6259329319000244	0.6302398443222046	0.0	0.0	0.0	0.0	0.0	0.8230151534080505	1.3402390480041504	0.0	0.10920364409685135	0.0	0.0	0.0	0.7280283570289612	1.9534926414489746	0.0	2.1678273677825928	0.0	0.9683127999305725	0.0	0.0	2.2462058067321777	0.0	2.345513105392456	0.0	1.425376534461975	0.0	0.7234658598899841	0.0	0.0	0.0	0.0	0.0	2.554555654525757	0.0	0.0	0.0	0.0	0.0	0.0	0.0	0.0	0.0	0.0	0.0	0.6961072683334351	0.5119566321372986	0.0	0.15943434834480286	0.0	0.0	0.0	0.0	1.2744060754776	1.1412763595581055	0.0	0.0	0.0	0.0	0.0	0.0	0.0	1.2583377361297607	0.0	0.0	0.3923858106136322	2.083714723587036	0.0	0.0	0.5761891603469849	0.0	0.0	0.0	0.0	0.0	0.0	0.0	0.0	0.0	0.7887778878211975	0.0	0.0	0.0	0.0	2.1078615188598633	0.0	0.0	0.8296502828598022	0.0	0.0	2.0159730911254883	0.4749172329902649	0.26061320304870605	0.3443422317504883	1.8288413286209106	0.0	1.7270430326461792	1.2095987796783447	0.0	0.0	0.0	0.0	1.3219233751296997	0.0	0.0	0.6484458446502686	0.0	0.0	0.0	0.0	0.2869413197040558	0.20430362224578857	0.0	0.14476513862609863	2.5075490474700928	0.0	0.0	0.0	0.0	0.0	0.0	0.0	0.0	0.0	0.995944619178772	0.0	2.4467694759368896	0.0	0.5595878958702087	2.065967559814453	0.0	0.0	0.0	0.0	0.0	0.0	0.0	0.0	0.5933359861373901	0.0	0.0	0.2747562527656555	0.0	0.0	0.30961617827415466	0.0	0.0	0.0	1.3033645153045654	1.4687004089355469	0.0	0.0	0.0	0.0	0.0	3.087231397628784	0.5171244144439697	0.6294639706611633	1.3676862716674805	0.0	0.0	0.0	1.2386705875396729	0.6056690216064453	0.0	0.0	0.0	0.0	0.5706441402435303	0.0	0.0	0.0	1.5700595378875732	0.0	2.0686144828796387	0.0	0.8359786868095398	0.0	2.8153159618377686	0.7676451802253723	0.0	0.0	0.0	0.0	0.0	0.0
0.0	0.0	0.0	0.0	3.1741368770599365	0.0	0.0	0.0	1.6993378400802612	0.0	1.3296934366226196	0.0	0.0	0.31191179156303406	1.6922743320465088	1.949997901916504	0.43689191341400146	0.0	0.0	0.0	0.0	0.21099445223808289	0.0	0.07735782861709595	0.0	0.0	0.0	1.0995806455612183	0.0	0.2452569603919983	0.0	2.4492790699005127	0.0	0.0	0.0	0.0	0.5942695140838623	0.0	0.02846326120197773	0.0	0.0	0.0	0.0	2.4201250076293945	0.0	0.0	0.9619734883308411	0.0	0.0	1.5918368101119995	0.0	0.0	0.0	0.4280482530593872	0.0	0.0	0.0	0.0	0.012812720611691475	0.8693116307258606	0.0	0.0	0.0	0.0	0.0	0.0	0.0	0.0	0.0	0.0	1.5521289110183716	0.0	0.0	0.5145386457443237	0.0	0.0	0.0	1.1329976320266724	0.0	0.0	0.0	0.0	0.06594612449407578	0.0	0.0	0.0	0.24415865540504456	0.0	2.253406524658203	0.0	0.0	0.0	0.0	0.3800573945045471	0.0	0.0	0.0	0.0	0.0	0.0	0.0	1.1872766017913818	0.0	0.2656039297580719	0.0	0.0	0.0	1.5755438804626465	0.0	1.122313141822815	0.0	0.0	0.0	0.0	0.0	0.0	0.8466691970825195	0.0	0.9992932677268982	0.0	0.0	0.26266488432884216	0.0	1.573301911354065	0.8382388353347778	1.433424949645996	0.0	0.0	0.0	1.8194925785064697	0.0	0.0	1.3891358375549316	0.0	0.0	2.386009454727173	1.2676637172698975	0.0	0.0	0.0	0.0	0.0	0.0	0.0	0.0	0.0	1.1111949682235718	0.0	0.0	0.4888450801372528	0.0	0.8810924887657166	0.0	0.0	0.0	0.0	0.0	2.758486270904541	0.0	0.0	0.7031466364860535	0.0	0.0	0.23974156379699707	1.5639575719833374	0.0	0.0	2.0972113609313965	0.0	0.0	0.0	0.0	0.0	0.0	0.0	2.8862571716308594	2.1861681938171387	0.0	0.0	0.0	0.6957656145095825	0.0	0.0	0.0	0.0	0.0	0.0	0.0	0.0	0.0	0.0	0.0	0.0	0.0	0.0	0.0	0.11589726060628891	0.0	2.1431331634521484	0.289487361907959	0.0	1.3606274127960205	0.0	0.0	0.0	0.0	0.0	0.0	1.6113694906234741	0.0	2.0778260231018066	1.2837334871292114	0.0	0.0	1.0110598802566528	0.0	0.0	0.0	0.0	0.11831217259168625	0.5519633293151855	1.7243971824645996	0.0	0.0	0.0	0.652612030506134	0.706506073474884	0.49620333313941956	0.0	0.0	0.0	1.7513470649719238	3.632103681564331	0.0	0.0	0.0	0.0	0.0	2.974623918533325	0.0	0.0	0.0	0.0	1.8136076927185059	0.0	0.0	2.6072933673858643	0.0	0.42337796092033386	0.0	0.0	0.0	0.0	2.150784730911255	0.0	0.0
0.0	0.0	0.0	0.0	1.7343822717666626	0.0	0.9021921157836914	0.0	0.22150374948978424	0.3701542615890503	0.0	0.0	1.0533039569854736	0.0419195219874382	0.5288705229759216	0.0	0.0	0.995364248752594	0.5776581168174744	0.5626153945922852	0.0	2.1411023139953613	0.0	0.5622078776359558	0.0	0.0	0.7035958766937256	1.616565465927124	0.10014516115188599	0.4859096109867096	0.0	2.0080881118774414	0.0	1.5936498641967773	0.0	0.5242026448249817	2.1958513259887695	0.0	1.4208816289901733	0.701808750629425	0.0	0.0	0.0	0.0	0.0	0.0	0.0	0.0	0.0	0.0	0.0	0.0	0.0	0.8026490211486816	1.3739240169525146	0.0	0.0	0.0	1.727666974067688	0.5932361483573914	0.0	0.0	0.0	0.8660715818405151	0.0	0.0	0.0	0.0	0.0	1.6760761737823486	0.7776912450790405	0.0	0.0	0.0	0.0	0.0	0.2734977602958679	0.5807193517684937	0.0	0.6360412240028381	0.0	0.0	0.0	0.17900948226451874	0.975913941860199	0.0	1.623942494392395	0.0	0.5645437240600586	0.0	0.0	1.9910613298416138	0.0	2.3504140377044678	0.0	0.9743582010269165	0.0	0.1857263147830963	0.0	0.0	0.0	0.0	0.0	1.9141170978546143	0.0	0.0	0.0	0.0	0.0	0.0	0.0	0.0	0.0	0.0	0.0	0.1795179843902588	0.5190019607543945	0.0	0.09116952121257782	0.0	0.0	0.0	0.0	1.4686168432235718	0.8987861275672913	0.0	0.0	0.0	0.0	0.0	0.0	0.0	1.0140535831451416	0.0	0.0	0.13183289766311646	0.973694384098053	0.0	0.0	0.7116979360580444	0.0	0.0	0.0	0.0	0.0	0.0	0.019651049748063087	0.0	0.0	0.0	0.0	0.0	0.0	0.0	1.922232985496521	0.0	0.0	0.5175007581710815	0.0	0.0	1.6368489265441895	0.12470495700836182	0.29933449625968933	0.04368598386645317	1.6013630628585815	0.0	1.286116123199463	0.9171454310417175	0.0	0.0	0.0	0.0	0.39517271518707275	0.0	0.0	0.743999183177948	0.0	0.0	0.0	0.0	0.2199029177427292	0.6031637787818909	0.0	0.34705111384391785	1.9236276149749756	0.0	0.0	0.0	0.0	0.0	0.0	0.0	0.0	0.0	0.6573522090911865	0.0	1.8402632474899292	0.0	0.06944403797388077	1.7042763233184814	0.0	0.0	0.0	0.0	0.0	0.0	0.0	0.0	0.25412967801094055	0.0	0.0	0.0	0.0	0.0	0.0	0.0	0.0	0.0	0.872498631477356	0.7799716591835022	0.0	0.0	0.0	0.0	0.0	2.4073383808135986	0.5394232273101807	0.7604677677154541	1.1792494058609009	0.0	0.0	0.0	0.7520198225975037	0.12928803265094757	0.0	0.0	0.0	0.0	0.25386643409729004	0.0	0.0	0.0	1.3741732835769653	0.0	1.7722216844558716	0.0	0.5719262957572937	0.0	2.1501667499542236	0.6148401498794556	0.0	0.0	0.0	0.0	0.0	0.0
0.0	0.0	0.0	0.0	0.983875572681427	0.0	1.1123385429382324	0.0	1.0343263149261475	0.8282333016395569	0.0	0.0	1.1204105615615845	1.2908934354782104	0.5749338865280151	0.643975019454956	0.0	0.38224175572395325	0.4032164216041565	0.3682438135147095	0.04467541724443436	0.4256173074245453	0.0	0.8927090764045715	0.0	0.0	0.8357962369918823	1.170546531677246	0.3438633680343628	0.6842999458312988	0.3393072485923767	0.7628504633903503	0.0	0.20052233338356018	0.0	0.3127710521221161	0.8355574011802673	0.0	0.8748831748962402	0.6438359618186951	0.0	0.0	0.0	0.04147251695394516	0.0	0.0	0.0	0.0	0.0	0.4340633749961853	0.0	0.0	0.0	0.2860729396343231	0.5260420441627502	0.0	0.0	0.30500200390815735	1.0922576189041138	0.0	0.0	0.0	0.0	0.6052848100662231	0.0	0.0	0.0	0.0	0.0	0.5525592565536499	0.914476752281189	0.0	0.0	0.0	0.0	0.0	0.4553094208240509	0.6337036490440369	0.0	0.37800201773643494	0.0	0.0	0.23040646314620972	0.0	0.8787339925765991	0.0	1.0749455690383911	0.0	0.44197431206703186	0.0	0.0	0.9932360649108887	0.0	0.6729245185852051	0.0	0.34922927618026733	0.24875980615615845	0.6864027380943298	0.0	0.0	0.0	0.0	0.0	0.7960036396980286	0.0	0.0	0.046663448214530945	0.0391651876270771	0.0	0.0	0.0	0.0	0.0	0.0	0.0	0.0	0.7954183220863342	0.0	0.016858814284205437	0.0	0.40131017565727234	0.7550600171089172	0.0	0.18759088218212128	0.0	0.6237917542457581	0.0	0.0	0.0	0.0	0.0	0.0	0.9401451945304871	0.0	0.0	0.25119972229003906	1.1117420196533203	0.0	0.0	0.0874733105301857	0.0	0.0	0.0	0.6886734962463379	0.6540087461471558	0.0	0.5590094923973083	0.0	0.0	0.0	0.0	0.1776946634054184	0.0	0.0	0.9318488836288452	0.0	0.0	1.0677002668380737	0.0	0.0	0.9533643126487732	0.06993237137794495	0.0579376220703125	0.3496071696281433	1.0874446630477905	0.0	0.1366146355867386	1.1247060298919678	0.0	0.0	0.0	0.0	0.4529026746749878	0.0	1.2331902980804443	0.4738784432411194	0.0	0.0	0.0	0.030695514753460884	0.8873915076255798	0.5630084872245789	0.0	0.0	0.6412220001220703	0.0	0.0	0.0	0.0	0.0	0.0	0.0	0.0	0.0	0.7584373354911804	0.0	0.8756116032600403	0.0	0.6356419324874878	0.939231812953949	0.0	0.0	0.0	0.0	0.0	0.0	0.0	0.0	0.943892776966095	0.0	0.3240530788898468	0.5954228639602661	0.0	0.0	0.38889387249946594	0.0	0.0	0.0	0.20483148097991943	1.2231652736663818	0.0	0.646957278251648	0.0	0.0	0.0	0.7803663611412048	0.8028510808944702	0.6196407079696655	1.1706703901290894	0.0	0.0	0.0	0.9830998778343201	0.514491856098175	0.0	0.0	0.0	0.0	0.8773544430732727	0.0	0.0	0.0	0.9865414500236511	0.0	0.7373206615447998	0.0	0.8782919645309448	0.0	1.0701265335083008	1.0404069423675537	0.0	0.6894972324371338	0.0	0.0895031988620758	0.0	0.0
0.0	0.0	0.0	0.2537478506565094	0.7675650119781494	0.0	2.9080557823181152	0.0	1.117629051208496	1.6384018659591675	0.0	0.0	2.9511892795562744	1.363270878791809	0.6913038492202759	0.6678709387779236	0.0	2.266817331314087	2.0605978965759277	1.2855803966522217	0.1680980920791626	3.0069072246551514	0.0	1.5715566873550415	0.0	0.0	1.9931316375732422	1.2741755247116089	1.5482146739959717	1.5791114568710327	0.4177304208278656	0.27030277252197266	0.0	1.9033410549163818	0.0	0.08967255055904388	4.327236175537109	0.0	2.691382884979248	2.461460590362549	0.0	0.0	0.0	0.0	0.0	0.0	0.0	0.0	0.0	0.0	0.0	0.0	0.0	1.635383129119873	3.049915313720703	0.0	0.0	0.15308429300785065	2.224881887435913	0.39982253313064575	0.0	0.0	0.0	1.1844820976257324	0.0	0.0	0.0	0.0	0.0	3.699877977371216	0.9912503361701965	0.0	0.0	0.0	0.0	0.0	1.5815187692642212	0.39587289094924927	0.0	0.9943100214004517	0.0	0.0	0.0	1.2444069385528564	2.2188665866851807	0.0	3.3628993034362793	0.0	0.0	0.0	0.0	3.8195011615753174	0.0	3.0703070163726807	0.0	1.5771833658218384	1.269220232963562	0.470623642206192	0.0	0.0	0.0	0.0	0.0	3.054600715637207	0.0	0.0	0.0	0.0	0.0	0.0	0.0	0.0	0.0	0.0	0.0	0.9189234375953674	0.6280221939086914	0.0	0.0	0.0	1.0743391513824463	1.0112104415893555	0.0	0.9131436347961426	0.6821044683456421	0.0	0.0	0.0	0.0	0.0	0.0	0.0	1.3186182975769043	0.0	0.0	0.0	1.5907368659973145	0.0	0.0	2.2181296348571777	0.0	0.0	0.0	0.0	0.15249447524547577	0.0	1.3904703855514526	0.0	0.0	0.0	0.0	0.0	0.0	0.0	3.391615390777588	0.0	0.0	1.1645787954330444	0.0	0.0	2.7351646423339844	0.3262079954147339	0.8494653105735779	0.5714191198348999	1.9327234029769897	0.0	1.3859410285949707	1.1378597021102905	0.0	0.0	0.0	0.0	2.0795083045959473	0.0	0.2529044449329376	0.0	0.0	0.0	0.0	0.0	0.6054100394248962	1.673484206199646	0.0	0.0	3.532202959060669	0.0	0.0	0.0	0.0	0.0	0.0	0.0	0.0	0.0	2.30745530128479	0.0	3.046800136566162	0.0	0.757754385471344	2.2857213020324707	0.0	0.0	0.0	0.0	0.0	0.0	0.0	0.0	0.41013532876968384	0.0	0.0	0.0	0.0	0.0	0.2923402786254883	0.0	0.0	0.0	1.6908998489379883	1.6241976022720337	0.0	0.0	0.0	0.0	0.0	3.837153911590576	0.0	1.8737235069274902	3.2689285278320312	0.0	0.0	0.0	0.9198145270347595	0.7372094988822937	0.0	0.0	0.0	0.0	0.9784554243087769	0.0	0.0	0.0	2.3094258308410645	0.0	2.6370742321014404	0.0	0.2742125391960144	0.0	2.0449626445770264	2.076479911804199	0.0	0.0	0.0	0.0	0.0	0.0
0.0	0.0	0.0	0.0	2.5931882858276367	0.0	0.0	0.0	1.9006084203720093	0.11818411946296692	1.1970466375350952	0.0	0.0	0.4924221336841583	1.492610216140747	1.3898913860321045	0.37540099024772644	0.28459301590919495	0.0	0.0	0.0	0.0	0.0	0.33082693815231323	0.0	0.0	0.0	0.4664224684238434	0.0	0.6620242595672607	0.0	1.2230662107467651	0.0	0.0	0.0	0.0	0.7978857755661011	0.0	0.0	0.0	0.0	0.0	0.0	1.990134596824646	0.0	0.0	0.7909179329872131	0.0	0.0	1.8683449029922485	0.0	0.0	0.0	0.0	0.0	0.0	0.0	0.0	0.0	0.37082597613334656	0.0	0.0	0.0	0.0	0.0	0.0	0.0	0.0	0.0	0.0731159970164299	0.5575655102729797	0.0	0.0	0.0	0.0	0.0	0.2503628432750702	0.4356374740600586	0.0	0.0	0.0	0.0	0.21062186360359192	0.0	0.0	0.0	0.7665063738822937	0.0	1.5936449766159058	0.0	0.0	0.5834792852401733	0.0	0.6314515471458435	0.0	0.0	0.0	0.0	0.0	0.0	0.0	0.6836199760437012	0.0	0.5728183388710022	0.0	0.0	0.0	0.8427224159240723	0.0	0.5284669399261475	0.0	0.0	0.0	0.0	0.6171982884407043	0.0	0.587957501411438	0.0	1.2398830652236938	0.0	0.0	1.2018449306488037	0.0	1.1756916046142578	0.24352794885635376	0.5668699741363525	0.0	0.0	0.0	1.585555076599121	0.0	0.0	1.1944490671157837	0.0	0.0	2.35817813873291	1.2690277099609375	0.0	0.0	0.0	0.0	0.0	0.0	0.32121381163597107	0.0	0.0	1.3091959953308105	0.0	0.0	0.0	0.0	0.6712036728858948	0.0	0.0	0.1594511717557907	0.0	0.0	2.018827438354492	0.0	0.0	0.0	0.0	0.05436060577630997	0.2925935685634613	1.1419492959976196	0.0	0.0	1.3494470119476318	0.0	0.0	0.0	0.0	0.0	0.0	0.7414684295654297	1.7729920148849487	0.9414098858833313	0.0	0.0	0.0	1.3570178747177124	0.0	0.0	0.0	0.0	0.0	0.0	0.0	0.0	0.0	0.0	0.0	0.0	0.0	0.0	0.0	0.0	0.0	1.7254618406295776	0.9108713269233704	0.0	0.4351099729537964	0.0	0.0	0.0	0.0	0.0	0.0	2.1330201625823975	0.0	2.3604724407196045	0.7024848461151123	0.0	0.0	0.26229745149612427	0.0	0.0	0.0	0.0	0.0	0.0	1.8139413595199585	0.0	0.0	0.0	0.2259453386068344	1.0932390689849854	0.0	0.0	0.0	0.0	1.533534049987793	2.4934682846069336	0.0	0.0	0.0	0.0	0.0	2.3787028789520264	0.0	0.0	0.0	0.47004517912864685	1.0578163862228394	0.0	0.0	1.4681169986724854	0.0	0.0	0.0	0.0	0.0	0.0	1.5311400890350342	0.0	0.0
0.0	0.0	0.0	0.452930212020874	2.244821071624756	0.0	1.5007777214050293	0.0	1.442671298980713	1.1797903776168823	0.0	0.0	1.3262921571731567	0.991676390171051	0.48803794384002686	0.41579335927963257	0.07231491804122925	0.8406850695610046	0.2325923591852188	0.3093501627445221	0.0	2.128190755844116	0.0	1.4612447023391724	0.0	0.0	0.3278239369392395	1.1676373481750488	0.19433026015758514	1.1996413469314575	0.04276897758245468	1.6400519609451294	0.0	1.0273710489273071	0.0	0.44096067547798157	1.8640042543411255	0.0	1.7264933586120605	1.0169734954833984	0.0	0.0	0.0	0.5396785140037537	0.0	0.0	0.0	0.0	0.0	0.6526992917060852	0.0	0.0	0.0	0.962483823299408	1.301460862159729	0.0	0.0	0.19621887803077698	1.1967251300811768	0.9289441704750061	0.0	0.0	0.0	0.4418625831604004	0.0	0.0	0.0	0.0	0.0	2.0237507820129395	0.9548221826553345	0.0	0.0	0.05238216370344162	0.0	0.0	0.23332399129867554	1.2655956745147705	0.0	0.3043793737888336	0.0	0.0	0.0	0.0	1.1811505556106567	0.0	2.4407997131347656	0.0	0.6358557343482971	0.0	0.0	2.155912160873413	0.0	1.6713542938232422	0.0	0.0	0.5987841486930847	0.8536617159843445	0.0	0.0	0.0	0.0	0.0	2.293074607849121	0.0	0.0	0.0	0.0	0.0	0.0	0.0	0.0	0.0	0.0	0.0	0.0	0.36932191252708435	0.0	0.23650018870830536	0.0	0.0	0.7517393827438354	0.0	1.0886379480361938	0.17128004133701324	0.3947826027870178	0.0	0.0	0.0	0.0	0.0	0.0	0.5543448328971863	0.0	0.0	0.0	0.794015645980835	0.0	0.0	1.8388444185256958	0.0	0.0	0.0	1.1393424272537231	0.2796485126018524	0.0	0.5165928602218628	0.0	0.0	0.0	0.0	0.0	0.0	0.0	2.0696980953216553	0.0	0.0	0.9701753854751587	0.0	0.0	1.5387431383132935	0.0	0.41456109285354614	0.20576602220535278	2.237623929977417	0.0	1.0948575735092163	1.614124059677124	0.0	0.0	0.0	0.0	0.3383871614933014	0.0	1.593258261680603	0.5739406943321228	0.0	0.0	0.0	0.0	0.29572761058807373	0.8353366851806641	0.0	0.0	1.7069435119628906	0.0	0.0	0.0	0.0	0.0	0.0	0.0	0.0	0.0	0.7451430559158325	0.0	1.070912480354309	0.0	0.7086774110794067	2.0988388061523438	0.0	0.0	0.0	0.0	0.0	0.0	0.0	0.0	0.8265228271484375	0.0	0.0	0.0	0.2808605432510376	0.0	0.09262189269065857	0.0	0.0	0.0	0.20791886746883392	1.211539626121521	0.0	0.07183467596769333	0.0	0.0	0.0	1.778870701789856	0.9770164489746094	0.5493388772010803	1.6915957927703857	0.0	0.0	0.0	1.1597810983657837	0.0	0.0	0.0	0.0	0.0	0.9212641716003418	0.0	0.0	0.0	1.530985713005066	0.0	1.248713731765747	0.0	0.3725447654724121	0.0	1.2846306562423706	1.4808412790298462	0.0	0.3866199254989624	0.0	0.07742726057767868	0.0	0.0
0.0	0.0	0.0	0.6549623608589172	0.9168217182159424	0.0	0.7987905740737915	0.0	1.5782314538955688	0.4297088384628296	0.4822505712509155	0.0	1.244721531867981	1.84320068359375	0.7340566515922546	1.8579978942871094	0.0	1.4458763599395752	0.981058657169342	0.33093175292015076	0.0	0.3176144063472748	0.0	1.3212294578552246	0.0	0.0	0.8367976546287537	0.9666894674301147	0.4229612946510315	1.838629961013794	0.44518962502479553	0.00941333919763565	0.0	0.09824153780937195	0.0	0.0	1.9811341762542725	0.0	0.4935539662837982	0.9046207070350647	0.0	0.0	0.0	0.04217810556292534	0.0	0.0	0.23976987600326538	0.0	0.0	0.12015184760093689	0.0	0.0	0.0	1.0431185960769653	0.43230563402175903	0.0	0.0	0.0	1.0745879411697388	0.2747420370578766	0.0	0.0	0.0	0.4224775731563568	0.0	0.0	0.0	0.0	0.0	1.0193783044815063	0.977167010307312	0.0	0.0	0.0	0.0	0.0	1.134448766708374	0.42270898818969727	0.0	0.8054025173187256	0.0	0.0	0.5888970494270325	0.0	0.9622026085853577	0.0	1.2961245775222778	0.0	0.976374089717865	0.0	0.0	1.360664963722229	0.0	0.5826238989830017	0.0	0.0	0.20533177256584167	0.4559009373188019	0.0	0.0	0.0	0.0	0.0	0.9269632697105408	0.0	0.0	0.4218350350856781	0.0	0.0	0.0	0.0	0.0	0.0	0.0	0.023544715717434883	0.21807803213596344	0.8799131512641907	0.0	0.0	0.0	1.0081595182418823	1.280153512954712	0.0	0.0	0.06073649600148201	0.6294634342193604	0.0	0.0	0.0	0.0	0.0	0.0	1.175874948501587	0.0	0.0	0.9593179821968079	1.5142078399658203	0.0	0.0	0.0	0.0	0.0	0.0	0.7658400535583496	0.20377863943576813	0.0	1.5264816284179688	0.0	0.0	0.0	0.0	0.0	0.0	0.0	0.5173166394233704	0.0	0.0	1.8936963081359863	0.0	0.0	0.824087381362915	0.24847009778022766	0.4974406063556671	0.8341223001480103	1.2739239931106567	0.0	0.0	1.2363975048065186	0.0	0.0	0.0	0.0	1.390521764755249	0.0	1.221077561378479	0.5970069169998169	0.0	0.0	0.0	0.0	0.9670511484146118	0.41251227259635925	0.0	0.0	1.0475640296936035	0.0	0.0	0.0	0.0	0.0	0.0	0.0	0.0	0.0	1.0030590295791626	0.0	0.18979966640472412	0.0	1.1532856225967407	0.834921658039093	0.0	0.17101818323135376	0.0	0.0	0.0	0.0	0.0	0.0	1.4450465440750122	0.0	0.5270031690597534	0.5649645924568176	0.0	0.0	0.578899621963501	0.0	0.0	0.0	0.14586783945560455	0.510903000831604	0.12765468657016754	0.5985910296440125	0.0	0.0	0.0	1.0351861715316772	0.1983189582824707	1.0323516130447388	1.3041033744812012	0.0	0.0	0.0	1.2541632652282715	0.5032658576965332	0.0	0.0	0.0	0.0	1.709619164466858	0.0	0.0	0.0	1.7289397716522217	0.4994470179080963	0.2662470042705536	0.0	0.857801079750061	0.0	0.8562612533569336	1.2253243923187256	0.0	0.0	0.0	0.05917350575327873	0.0	0.0
0.0	0.0	0.0	0.0	2.1880381107330322	0.0	1.8575447797775269	0.0	2.0073652267456055	1.1291441917419434	0.0	0.0	1.468775749206543	0.96100914478302	0.9905812740325928	1.2108076810836792	0.0	1.4108555316925049	0.5453166961669922	0.0	0.0	1.6685662269592285	0.0	0.7235830426216125	0.0	0.0	0.3594936430454254	0.8756893277168274	0.09312665462493896	1.6250929832458496	0.1221935823559761	1.810278058052063	0.0	1.2090452909469604	0.0	0.0	2.396040439605713	0.0	1.5526186227798462	1.039199948310852	0.0	0.0	0.0	0.6701619029045105	0.0	0.0	0.0	0.0	0.0	0.7456900477409363	0.0	0.0	0.0	1.3125499486923218	1.0838091373443604	0.0	0.0	0.0	0.453286349773407	1.7584887742996216	0.0	0.0	0.0	0.4197569489479065	0.0	0.0	0.0	0.0	0.0	2.4043705463409424	0.08059167861938477	0.0	0.0	0.0	0.0	0.0	0.0	1.019557237625122	0.0	0.0	0.0	0.0	0.0	0.39559608697891235	0.6697114109992981	0.0	2.5520291328430176	0.0	0.9177379608154297	0.0	0.0	2.1032745838165283	0.0	2.43328857421875	0.0	0.0	0.7167665362358093	0.0	0.0	0.0	0.0	0.0	0.0	3.040534734725952	0.0	0.0	0.0	0.0	0.0	0.0	0.0	0.0	0.0	0.0	0.0	0.0	0.6375534534454346	0.0	0.0	0.0	0.0	0.7959938049316406	0.0	1.112630844116211	1.2584211826324463	0.0	0.0	0.0	0.0	0.0	0.0	0.0	0.4100082814693451	0.0	0.0	0.2993405759334564	0.9000453948974609	0.0	0.0	1.867032527923584	0.0	0.0	0.0	0.7227688431739807	0.0	0.0	0.651999294757843	0.0	0.0	0.0	0.0	0.0	0.0	0.0	1.7944632768630981	0.0	0.0	1.2294635772705078	0.0	0.0	1.6356287002563477	0.0	0.26498353481292725	0.0	2.0411999225616455	0.0	1.453075885772705	1.192726969718933	0.0	0.0	0.0	0.0	0.3531021773815155	0.0	0.35177865624427795	0.9119223356246948	0.0	0.0	0.0	0.0	0.8320693969726562	0.0	0.0	0.0	1.3163193464279175	0.0	0.0	0.0	0.0	0.0	0.0	0.0	0.0	0.0	0.5667747855186462	0.0	0.8691360950469971	0.0	1.0887302160263062	2.1743619441986084	0.0	0.0	0.0	0.0	0.0	0.0	0.0	0.0	1.5826201438903809	0.0	0.08435134589672089	0.0	0.0	0.0	0.6921453475952148	0.0	0.0	0.0	0.19045071303844452	1.1257280111312866	0.0	0.35654422640800476	0.0	0.0	0.0	2.3155736923217773	0.3170180022716522	1.1894687414169312	1.4927235841751099	0.0	0.0	0.0	1.7473317384719849	0.0	0.0	0.0	0.0	0.0	1.2203333377838135	0.0	0.0	0.0	1.937491536140442	0.09142161905765533	0.7353536486625671	0.0	0.32481786608695984	0.0	1.192641258239746	1.4464094638824463	0.0	0.0	0.0	0.8475930094718933	0.0	0.0
0.0	0.0	0.0	0.5551598072052002	1.0069812536239624	0.0	2.7153127193450928	0.0	2.097104787826538	1.0486273765563965	0.0	0.0	1.8335052728652954	1.9993191957473755	0.0	0.9207534193992615	0.0	1.8663407564163208	1.2367887496948242	0.5564759969711304	0.12366361916065216	1.8681504726409912	0.0	1.1400655508041382	0.0	0.0	1.6164476871490479	0.6734853982925415	0.2935851812362671	1.994756817817688	0.5162984728813171	0.5353794693946838	0.0	1.5209994316101074	0.0	0.893418550491333	2.420093536376953	0.0	1.9641964435577393	1.8954843282699585	0.0	0.0	0.0	0.026998385787010193	0.0	0.0	0.0	0.0	0.0	0.0	0.0	0.0	0.0	2.113813877105713	1.5554951429367065	0.0	0.0	0.0	1.4016233682632446	1.2583314180374146	0.0	0.0	0.0	0.5597019195556641	0.0	0.0	0.0	0.0	0.0	2.3777153491973877	0.3280353248119354	0.0	0.0	0.0	0.0	0.0	0.9730749130249023	0.7653846144676208	0.0	1.1135622262954712	0.0	0.0	0.14213010668754578	0.7639294266700745	0.8782405853271484	0.0	3.069204568862915	0.0	0.5926167964935303	0.0	0.0	2.481391429901123	0.0	2.068580150604248	0.0	0.0	0.5778034925460815	0.07673220336437225	0.0	0.0	0.0	0.0	0.0	2.5811197757720947	0.0	0.0	0.0	0.0	0.0	0.0	0.0	0.0	0.0	0.0	0.0	0.0	0.6189729571342468	0.0	0.012641132809221745	0.0	0.0	1.5638455152511597	0.0	0.28060394525527954	0.48741188645362854	0.0	0.0	0.0	0.0	0.0	0.0	0.0	0.35998785495758057	0.0	0.0	0.0	1.035235047340393	0.0	0.0	2.148085594177246	0.0	0.0	0.0	1.6323238611221313	0.15526394546031952	0.0	0.7502346038818359	0.0	0.0	0.0	0.0	0.0	0.0	0.0	2.0032644271850586	0.0	0.0	1.2165836095809937	0.0	0.0	1.0829826593399048	0.0	0.593832790851593	0.0	1.7316608428955078	0.0	0.7333579063415527	0.9181438684463501	0.0	0.0	0.0	0.0	1.4036688804626465	0.0	0.8903645277023315	0.4320261478424072	0.0	0.0	0.0	0.0	0.7830684185028076	0.92691570520401	0.0	0.0	1.7365119457244873	0.0	0.0	0.0	0.0	0.0	0.0	0.0	0.0	0.0	1.1531871557235718	0.0	1.2329771518707275	0.0	1.5092438459396362	2.404989719390869	0.0	0.0	0.0	0.0	0.0	0.0	0.0	0.0	1.0033808946609497	0.0	0.0	0.0	0.00530138099566102	0.0	0.196531280875206	0.0	0.0	0.0	0.45155271887779236	1.4330837726593018	0.0	0.4665074944496155	0.0	0.0	0.0	2.0179269313812256	0.4259457588195801	1.5882604122161865	1.6342408657073975	0.0	0.0	0.0	1.0459699630737305	0.7273056507110596	0.0	0.0	0.0	0.0	0.6205577850341797	0.0	0.0	0.0	2.4040353298187256	0.0	1.1558849811553955	0.0	0.0	0.0	1.6538498401641846	2.4377758502960205	0.0	0.0	0.0	0.16608572006225586	0.0	0.0
0.0	0.0	0.0	0.3750569522380829	1.8170088529586792	0.0	1.8681849241256714	0.0	1.4398425817489624	1.1259455680847168	0.0	0.0	1.143001914024353	1.9751194715499878	0.49800294637680054	1.7214136123657227	0.0	0.9662268161773682	0.7487338185310364	0.07442734390497208	0.0	1.173277497291565	0.0	0.7864452004432678	0.0	0.0	0.9014354944229126	0.7656683325767517	0.3429875671863556	1.2825648784637451	0.5117576718330383	0.6924265623092651	0.0	0.0	0.0	0.0	1.2779812812805176	0.0	1.7638248205184937	1.1347997188568115	0.0	0.0	0.0	0.5460406541824341	0.0	0.0	0.4614418148994446	0.0	0.0	0.0	0.0	0.0	0.0	0.9712715148925781	1.4075981378555298	0.0	0.0	0.0	1.32203209400177	0.7182660102844238	0.0	0.0	0.0	0.5692886114120483	0.0	0.0	0.0	0.0	0.0	1.308019757270813	1.426140308380127	0.0	0.0	0.0	0.0	0.0	0.9091317057609558	0.6489043235778809	0.0	1.0179466009140015	0.0	0.0	0.6420556902885437	0.09822963923215866	0.2599523365497589	0.0	1.370197057723999	0.0	1.0611562728881836	0.0	0.0	1.4849497079849243	0.0	1.0663142204284668	0.0	0.0	0.25371408462524414	0.15695403516292572	0.0	0.0	0.0	0.0	0.0	1.187832236289978	0.0	0.0	0.11504881829023361	0.0	0.0	0.0	0.0	0.0	0.0	0.0	0.0	0.0	1.050309658050537	0.0	0.0	0.0	0.0	1.3884496688842773	0.0	0.0	0.2299831509590149	0.19429531693458557	0.0	0.0	0.0	0.0	0.0	0.0	0.28531414270401	0.0	0.0	0.6622779369354248	1.0924183130264282	0.0	0.0	1.5076797008514404	0.0	0.0	0.0	0.634971022605896	0.0	0.0	1.1210153102874756	0.0	0.0	0.0	0.0	0.0	0.0	0.0	0.9894254207611084	0.0	0.0	1.9414455890655518	0.0	0.0	0.8270466923713684	0.0	0.0	0.14449842274188995	1.1155625581741333	0.0	0.0	1.2437045574188232	0.0	0.0	0.0	0.0	0.530141294002533	0.0	0.8877407908439636	0.9087184071540833	0.0	0.0	0.0	0.0	1.3047244548797607	0.13334040343761444	0.0	0.0	1.604182243347168	0.0	0.0	0.0	0.0	0.0	0.0	0.0	0.0	0.0	1.5403285026550293	0.0	1.2200204133987427	0.0	1.7823524475097656	1.1051697731018066	0.0	0.14474721252918243	0.0	0.0	0.0	0.0	0.0	0.0	0.747740626335144	0.0	0.8323306441307068	0.395744264125824	0.07164497673511505	0.0	1.4589558839797974	0.0	0.0	0.0	0.0	1.051008701324463	0.0	0.6543142795562744	0.0	0.0	0.0	1.624206781387329	0.5909592509269714	1.5861127376556396	1.5065619945526123	0.0	0.0	0.07691095024347305	1.9920464754104614	0.43792593479156494	0.0	0.0	0.0	0.0	1.7005910873413086	0.0	0.0	0.0	2.0328023433685303	0.2962819039821625	0.22078357636928558	0.0	0.6935421228408813	0.0	0.9779085516929626	1.4834641218185425	0.0	0.0	0.0	0.3640172779560089	0.0	0.0
0.0	0.0	0.0	0.06114200875163078	0.7454695701599121	0.0	0.8024570345878601	0.0	0.7617247104644775	0.8067187070846558	0.0	0.0	0.8138933181762695	1.003889799118042	0.709123969078064	0.882975697517395	0.0	0.355851948261261	0.258328914642334	0.3801501393318176	0.03786533325910568	0.4110279381275177	0.0	0.7953341007232666	0.0	0.0	0.5058940649032593	0.8363593220710754	0.18927215039730072	0.7614737749099731	0.41797956824302673	0.5019088387489319	0.0	0.040957871824502945	0.0	0.21271558105945587	0.6600595712661743	0.0	0.646524965763092	0.30521103739738464	0.0	0.0	0.0	0.0	0.0	0.0	0.0	0.0	0.0	0.3531990647315979	0.0	0.0	0.0	0.23581412434577942	0.487924724817276	0.0	0.0	0.4147975742816925	1.1415719985961914	0.06611329317092896	0.0	0.0	0.0	0.4467998445034027	0.0	0.0	0.0	0.0	0.0	0.5508497357368469	1.0566654205322266	0.0	0.0	0.021859319880604744	0.0	0.0	0.4855172634124756	0.8367354869842529	0.0	0.7196037769317627	0.0	0.0	0.055643998086452484	0.036438100039958954	0.8236075043678284	0.0	0.7187830209732056	0.0	0.3566244840621948	0.0	0.0	0.7849887013435364	0.0	0.7615358233451843	0.0	0.2141081839799881	0.7047909498214722	0.5789109468460083	0.0	0.21413913369178772	0.0	0.0	0.0	0.5932425856590271	0.0	0.0	0.03592633083462715	0.0	0.0	0.0	0.0	0.05936798080801964	0.0	0.0	0.0	0.0	0.4316449463367462	0.0	0.0	0.0	0.0	0.7220274806022644	0.0	0.017063822597265244	0.0	0.5344858765602112	0.0	0.0	0.0	0.0	0.0	0.0	0.8158582448959351	0.0	0.0	0.4949166178703308	0.642375648021698	0.0	0.0	0.15171116590499878	0.0	0.0	0.0	1.1344860792160034	0.6397413611412048	0.0	0.3704647123813629	0.0	0.0	0.0	0.0	0.30704212188720703	0.0	0.0	0.6326791644096375	0.0	0.0	1.1086336374282837	0.0	0.0	0.6577512621879578	0.5282117128372192	0.6173831224441528	0.14866973459720612	0.8029291033744812	0.0	0.16308091580867767	0.8638419508934021	0.0	0.0	0.0	0.0	0.19581338763237	0.0	1.0642694234848022	0.20373596251010895	0.0	0.0	0.0	0.35101330280303955	0.5677019357681274	0.3391401767730713	0.0	0.0	0.6652872562408447	0.0	0.0	0.0	0.0	0.0	0.0	0.0	0.0	0.0	0.5398726463317871	0.0	0.6379765272140503	0.0	0.6473365426063538	1.0179799795150757	0.0	0.0	0.0	0.0	0.0	0.0	0.0	0.0	1.098952293395996	0.0	0.29612311720848083	0.5333778858184814	0.27764204144477844	0.0	0.4568444788455963	0.0	0.0	0.0	0.2128058671951294	1.077315330505371	0.0	0.5268809199333191	0.0	0.0	0.0	0.6081687808036804	0.7420579195022583	0.3961963951587677	0.823370099067688	0.0	0.0	0.0	0.8730019330978394	0.5508524775505066	0.0	0.0	0.0	0.0	0.7736592888832092	0.0	0.0	0.0	0.648942768573761	0.0496777780354023	0.8245517611503601	0.0	0.5515381693840027	0.0	0.9388886094093323	0.7339269518852234	0.0	0.7588562369346619	0.0	0.0	0.0	0.0
0.0	0.0	0.0	0.7554640769958496	0.7346872091293335	0.0	0.7007578015327454	0.0	0.5630797147750854	0.28432512283325195	0.0	0.0	0.4740755259990692	0.0	0.012971010990440845	0.38262173533439636	0.11051394045352936	1.2598838806152344	0.8569592237472534	0.35031425952911377	0.0	0.9478235244750977	0.0	0.6047377586364746	0.0	0.0	0.35590991377830505	0.6203626990318298	0.6944441199302673	0.25277960300445557	0.6585476398468018	1.0038926601409912	0.0	1.1069527864456177	0.0	0.2224428653717041	0.8686902523040771	0.0	1.141700267791748	0.18572072684764862	0.0	0.0	0.0	0.0	0.0	0.0	0.4313189685344696	0.0	0.0	0.0	0.0	0.0	0.0	0.9379682540893555	0.5574921369552612	0.0	0.0	0.0	1.3731223344802856	0.915608823299408	0.0	0.0	0.0	0.4879729449748993	0.0	0.0	0.0	0.0	0.0	1.0159990787506104	0.768679678440094	0.0	0.0	0.0	0.0	0.0	0.0838075652718544	0.26243171095848083	0.0	0.0	0.0	0.0	0.3974338471889496	0.27054592967033386	0.9164273738861084	0.0	1.0307384729385376	0.0	0.6518393754959106	0.0	0.0	1.48287034034729	0.0	0.8367810249328613	0.0	0.23241686820983887	0.23569256067276	0.012992453761398792	0.0	0.0	0.0	0.5668116807937622	0.0	1.0423424243927002	0.0	0.0	0.13673627376556396	0.0	0.0	0.0	0.0	0.0	0.0	0.0	0.0	0.0	0.0	0.0	0.0	0.0	0.0	0.0	0.0	0.04345322772860527	0.9922040700912476	0.0	0.0	0.0	0.0	0.0	0.0	0.0	0.719410240650177	0.0	0.0	0.0	0.26060086488723755	0.0	0.0	0.0	0.0	0.0	0.0	0.1999322921037674	0.2564273476600647	0.0	0.46062731742858887	0.0	0.0	1.0227493047714233	0.0	0.0	0.0	0.0	0.8063170909881592	0.0	0.0	0.6357282400131226	0.0	0.0	0.6026687026023865	0.3629280626773834	0.058037348091602325	0.0	0.8795405030250549	0.0	0.42166203260421753	0.8027582764625549	0.0	0.0	0.0	0.0	0.7508663535118103	0.0	0.0	0.9266011118888855	0.0	0.0	0.0	0.0	0.0	0.5361679196357727	0.0	0.311112642288208	1.0786213874816895	0.0	0.0	0.0	0.0	0.0	0.0	0.0	0.0	0.0	0.26992490887641907	0.0	1.257965326309204	0.0	0.3247586786746979	0.9569852352142334	0.0	0.5142874717712402	0.0	0.0	0.0	0.0	0.0	0.0	0.5034949779510498	0.0	0.0	0.10258718580007553	0.0	0.0	0.9638721942901611	0.0	0.0	0.0	0.8740603923797607	0.47183719277381897	0.01853645220398903	0.0	0.0	0.0	0.0	1.7734684944152832	0.4184906780719757	0.6914106011390686	1.0923320055007935	0.0	0.0	0.0	0.6400304436683655	0.142414391040802	0.0	0.0	0.0	0.0	0.3971173167228699	0.0	0.0	0.0	1.3903844356536865	0.6892076134681702	0.8591771125793457	0.0	0.0	0.0	1.1565252542495728	0.49198442697525024	0.0	0.14718464016914368	0.0	0.0	0.0	0.0
0.0	0.0	0.0	0.0	1.6790821552276611	0.0	1.9790136814117432	0.0	0.5272505879402161	0.9469000101089478	0.0	0.0	1.65883469581604	1.057329773902893	0.117723748087883	0.0	0.0	3.019653081893921	2.43173885345459	1.7630534172058105	0.16028083860874176	3.4798684120178223	0.0	1.6373549699783325	0.0	0.0	1.848220705986023	1.7902121543884277	1.1050477027893066	0.24217401444911957	0.4403642416000366	2.427994728088379	0.0	2.927471160888672	0.0	0.40849027037620544	3.773359775543213	0.0	3.0005643367767334	1.2812410593032837	0.0	0.0	0.0	0.0	0.0	0.0	0.43107515573501587	0.0	0.0	0.0	0.0	0.0	0.0	2.4349780082702637	2.680366277694702	0.0	0.0	0.0	2.987424373626709	0.8912357091903687	0.0	0.0	0.0	1.419094443321228	0.0	0.0	0.0	0.0	0.0	3.6972315311431885	0.8111931085586548	0.0	0.0	0.0	0.0	0.0	1.2183815240859985	0.24306590855121613	0.0	0.7284343242645264	0.0	0.0	0.0	0.9379184246063232	2.509361982345581	0.0	3.1380398273468018	0.0	0.9276593327522278	0.0	0.0	4.091890335083008	0.0	3.588766574859619	0.0	1.4785575866699219	0.4341677725315094	0.9022989273071289	0.0	0.0	0.0	0.0	0.0	3.0064804553985596	0.0	0.0	0.0	0.0	0.0	0.0	0.0	0.0	0.0	0.0	0.0	0.3385084867477417	0.0	0.0	0.0	0.0	0.18195782601833344	0.13225843012332916	0.0	1.097352385520935	1.9184749126434326	0.0	0.0	0.0	0.0	0.0	0.0	0.0	1.4268434047698975	0.0	0.0	0.0	2.0226097106933594	0.0	0.0	0.7146667242050171	0.0	0.0	0.0	0.0	0.2544192373752594	0.0	0.5288180708885193	0.0	0.0	2.031003713607788	0.0	0.0	0.0	0.0	3.6062779426574707	0.0	0.0	0.6867557168006897	0.0	0.0	2.9314756393432617	0.0	0.29419806599617004	0.2397800087928772	1.531647801399231	0.0	2.1252684593200684	0.7968150973320007	0.0	0.0	0.0	0.0	1.9221155643463135	0.0	0.0	0.0	0.0	0.0	0.0	0.0	0.05341576039791107	1.3631445169448853	0.0	0.4422092139720917	3.653703451156616	0.0	0.0	0.0	0.0	0.0	0.0	0.0	0.0	0.0	1.7159863710403442	0.0	3.6769399642944336	0.0	0.3561931252479553	2.260040044784546	0.0	0.0	0.0	0.0	0.0	0.0	0.0	0.0	0.025573810562491417	0.0	0.0	0.0	0.0	0.0	0.23181627690792084	0.0	0.0	0.0	2.0786726474761963	1.4214823246002197	0.0	0.0	0.0	0.0	0.0	4.713518142700195	0.0	0.9744070768356323	2.4982681274414062	0.0	0.0	0.0	0.0	0.8377052545547485	0.0	0.0	0.0	0.0	0.08759745210409164	0.0	0.0	0.0	2.5593087673187256	0.0	2.7423698902130127	0.0	0.1905311942100525	0.0	3.159027576446533	1.6440913677215576	0.0	0.0	0.0	0.0	0.0	0.0
0.0	0.0	0.0	0.19936183094978333	1.938593864440918	0.0	1.109628438949585	0.0	2.0646448135375977	0.5945311188697815	0.017458437010645866	0.0	0.5801923274993896	1.8156837224960327	1.5414869785308838	1.3273165225982666	0.0	0.9055203795433044	0.24244867265224457	0.0	0.0	0.7974578738212585	0.0	0.787663996219635	0.0	0.0	0.2009601593017578	0.8064952492713928	0.0	1.5517158508300781	0.0	1.5910401344299316	0.0	0.46014440059661865	0.0	0.0	1.112744927406311	0.0	0.46692803502082825	0.4381621181964874	0.0	0.0	0.0	1.5958153009414673	0.0	0.0	0.13394922018051147	0.0	0.0	1.333358645439148	0.0	0.0	0.0	1.3325400352478027	0.4028269648551941	0.0	0.0	0.0	0.0	0.8840242624282837	0.0	0.0	0.0	0.0	0.0	0.0	0.0	0.0	0.0	2.058692455291748	0.32199472188949585	0.0	0.0	0.0	0.0	0.0	0.0	0.35696062445640564	0.0	0.4248715341091156	0.0	0.0	0.4743827283382416	0.0	0.22908058762550354	0.0	1.9271832704544067	0.0	1.4947150945663452	0.0	0.0	1.2312726974487305	0.0	0.7066864967346191	0.0	0.0	0.0	0.0	0.0	0.0	0.0	0.006109782960265875	0.0	1.499501347541809	0.0	0.0	0.0	0.0	0.0	0.2810525894165039	0.0	0.0	0.0	0.0	0.0	0.0	0.7264041304588318	0.0	1.0208016633987427	0.0	0.0	1.6606817245483398	0.0	0.6882839798927307	0.42400529980659485	0.0	0.0	0.0	0.0	0.3936823010444641	0.0	0.0	1.0875204801559448	0.0	0.0	0.864823043346405	1.2804406881332397	0.0	0.0	0.9549920558929443	0.0	0.0	0.0	0.5703737139701843	0.0	0.0	1.0494498014450073	0.0	0.0	0.0	0.0	0.0	0.0	0.0	0.8647947311401367	0.0	0.0	1.4525014162063599	0.0	0.0	0.5620360970497131	0.0	0.049570683389902115	0.7550844550132751	1.8736374378204346	0.0	0.3164341151714325	0.9603135585784912	0.0	0.0	0.0	0.0	0.7124912738800049	0.0	1.0971747636795044	1.0381495952606201	0.1686648726463318	0.0	0.0	0.0	1.697257399559021	0.0	0.0	0.0	0.3777388632297516	0.0	0.0	0.0	0.0	0.0	0.0	0.0	0.0	0.0	0.7839851379394531	0.0	0.0	0.0	1.662984013557434	1.6687030792236328	0.0	0.0	0.0	0.0	0.0	0.0	0.0	0.0	1.6986525058746338	0.0	1.1045559644699097	0.3332172930240631	0.0	0.0	0.02906614914536476	0.0	0.0	0.0	0.0	0.3745874762535095	0.0	0.7011042237281799	0.0	0.0	0.0	0.6974506378173828	0.5966687798500061	0.4562131464481354	1.048107385635376	0.0	0.0	0.31826382875442505	1.6365231275558472	0.0	0.0	0.0	0.0	0.0	1.5457687377929688	0.0	0.0	0.0	1.4294651746749878	0.4673524796962738	0.004925711080431938	0.0	1.0448254346847534	0.0	0.41282719373703003	1.3395140171051025	0.0	0.0	0.0	1.4689253568649292	0.0	0.0
0.0	0.0	0.0	0.0	2.9890975952148438	0.0	0.05064723268151283	0.0	2.4032397270202637	0.0	2.202120065689087	0.0	0.0	0.9516975283622742	1.0366435050964355	2.7315146923065186	1.8404171466827393	0.03907041624188423	0.0	0.0	0.0	0.0	0.0	0.2537270784378052	0.0	0.0	0.0	0.8311440944671631	0.0	0.0	0.0	2.188722848892212	0.0	0.0	0.0	0.0	0.0	0.0	0.0	0.0	0.0	0.0	0.0	2.2953433990478516	0.0	0.0	2.0303685665130615	0.0	0.0	2.0815978050231934	0.0	0.0	0.0	0.0	0.0	0.0	0.0	0.0	0.0	0.23100441694259644	0.0	0.0	0.0	0.0	0.0	0.0	0.0	0.0	0.0	0.0	1.630922794342041	0.0	0.0	0.8893669247627258	0.0	0.0	0.0	1.0252187252044678	0.0	0.0	0.0	0.0	0.8555034399032593	0.0	0.0	0.0	0.11914103478193283	0.0	3.2411341667175293	0.0	0.0	0.022181199863553047	0.0	0.0	0.0	0.0	0.0	0.0	0.0	0.0	0.0	2.1495649814605713	0.0	0.0	0.0	0.0	0.0	1.5654252767562866	0.0	2.2119266986846924	0.0	0.0	0.0	0.0	0.0	0.0	1.159359335899353	0.0	1.2628275156021118	0.0	0.0	1.2414826154708862	0.0	0.8609292507171631	0.5900782942771912	2.416415214538574	0.0	0.0	0.0	2.7189362049102783	0.0	0.0	1.3061496019363403	0.0	0.0	2.5915169715881348	1.456852674484253	0.0	0.0	0.0	0.0	0.0	0.0	0.0	0.0	0.0	2.039863348007202	0.0	0.0	2.5019941329956055	0.0	2.0579628944396973	0.0	0.0	0.0	0.0	0.0	3.2554924488067627	0.0	0.0	0.0	0.0	0.0	0.20843325555324554	0.48645368218421936	0.0	0.0	2.169105291366577	0.0	0.0	0.0	0.0	0.0	0.0	0.0	3.595592498779297	2.9459054470062256	0.0	0.0	0.0	1.6610724925994873	0.0	0.0	0.0	0.0	0.0	0.0	0.0	0.0	0.0	0.0	0.0	0.0	0.0	0.0	0.0	0.0	0.0	2.506700038909912	0.05203593894839287	0.0	1.9197498559951782	0.0	0.0	0.0	0.0	0.0	0.0	2.7683863639831543	0.0	3.210641622543335	1.9172972440719604	0.0	0.0	1.7599157094955444	0.0	0.0	0.0	0.0	0.0	1.3267000913619995	2.62945818901062	0.0	0.0	0.0	0.0	2.1921122074127197	0.0	0.0	0.0	0.0	2.693101644515991	3.956192970275879	0.0	0.0	0.0	0.0	0.0	2.9800033569335938	0.0	0.0	0.0	0.32393527030944824	2.9432380199432373	0.0	0.0	2.8245046138763428	0.0	0.0	0.0	0.0	0.0	0.0	2.7424237728118896	0.0	0.0
0.0	0.0	0.0	0.7177515029907227	1.472856044769287	0.0	2.150698661804199	0.0	2.2730703353881836	1.0175408124923706	0.23271934688091278	0.0	0.9893297553062439	1.172396183013916	0.36835458874702454	1.4987658262252808	0.9963223934173584	1.4999828338623047	0.5424776673316956	0.0	0.0	0.9948258996009827	0.0	0.4786458909511566	0.0	0.0	0.09614546597003937	0.8945631384849548	0.4631076455116272	0.7970932722091675	0.004978992976248264	1.1861131191253662	0.0	0.9901622533798218	0.0	0.0	1.4463483095169067	0.0	0.8875424265861511	1.0012882947921753	0.0	0.0	0.0	1.0872095823287964	0.0	0.0	1.5010408163070679	0.0	0.0	0.34976619482040405	0.0	0.0	0.0	1.1824012994766235	0.16712123155593872	0.0	0.0	0.0	0.0	1.2943874597549438	0.0	0.0	0.0	0.0	0.0	0.0	0.0	0.0	0.0	1.5949139595031738	0.8208082914352417	0.0	0.0	0.0	0.0	0.0	0.0	1.1533066034317017	0.0	0.0	0.0	0.0	0.8206485509872437	1.084397315979004	0.5429619550704956	0.0	2.1187710762023926	0.0	2.394324779510498	0.0	0.0	0.8166281580924988	0.0	0.5344464778900146	0.0	0.0	0.0	0.0	0.0	0.0	0.0	0.9584649205207825	0.0	1.421071171760559	0.0	0.0	0.6676546931266785	0.0	0.0	0.1971006989479065	0.0	0.0	0.0	0.0	0.0	0.0	0.16038165986537933	0.0	0.0	0.0	0.0	0.0	0.0	0.39479953050613403	0.8786593675613403	0.4133434295654297	0.0	0.0	0.0	0.4520709812641144	0.0	0.0	0.0	0.0	0.0	0.4991469979286194	1.1438387632369995	0.0	0.0	1.232311725616455	0.0	0.0	0.0	0.0	0.0	0.0	0.718111515045166	0.0	0.0	1.876196265220642	0.0	0.4817659258842468	0.0	0.0	0.40818533301353455	0.0	0.0	2.2827134132385254	0.0	0.0	0.44377803802490234	0.0	0.11494971811771393	0.0	1.530135989189148	0.0	0.0	1.683753252029419	0.0	0.0	0.0	0.0	1.281825304031372	0.0	0.0	2.214221715927124	1.290490746498108	0.0	0.0	0.0	0.42313629388809204	0.0	0.0	0.0	0.0	0.0	0.0	0.0	0.0	0.0	0.0	0.0	0.0	0.0	0.4475657641887665	0.0	0.3445725440979004	0.0	1.4646410942077637	0.6738223433494568	0.0	0.20695137977600098	0.0	0.0	0.0	0.0	0.0	0.0	0.8286287188529968	0.0	0.030207600444555283	0.059961553663015366	0.0	0.0	1.2717759609222412	0.0	0.0	0.0	0.06639424711465836	0.6068572402000427	0.8360191583633423	0.38546380400657654	0.0	0.0	0.0	1.5044423341751099	0.0	1.2924884557724	0.7399789690971375	0.0	0.0	0.0	1.9276376962661743	0.06639526039361954	0.0	0.0	0.0	0.0	1.4226864576339722	0.0	0.0	0.0	1.977874994277954	1.3027210235595703	0.9428532719612122	0.0	0.9881598949432373	0.0	0.3077054023742676	0.5874884128570557	0.0	0.0	0.0	1.8750951290130615	0.0	0.0
0.0	0.0	0.0	1.103933572769165	0.8189041018486023	0.0	1.7784907817840576	0.0	2.102344512939453	0.4442352056503296	0.0	0.0	1.5279842615127563	1.0781517028808594	0.02691161073744297	1.6400835514068604	0.7322336435317993	1.6586370468139648	1.064269781112671	0.527824342250824	0.0	0.847615659236908	0.0	0.8099064826965332	0.0	0.0	0.4101756513118744	0.7457081079483032	1.1088262796401978	1.190775990486145	0.8909745216369629	1.0142501592636108	0.0	0.724091649055481	0.0	0.0	2.5536727905273438	0.0	0.78299880027771	1.4537453651428223	0.0	0.0	0.0	0.11721208691596985	0.0	0.0	0.2430010885000229	0.0	0.0	0.0	0.0	0.0	0.0	0.9597881436347961	0.7607534527778625	0.0	0.0	0.0	0.1518612951040268	0.7507956624031067	0.0	0.0	0.0	0.5127795338630676	0.0	0.0	0.0	0.0	0.0	1.6614269018173218	0.42582330107688904	0.0	0.0	0.0	0.0	0.0	1.220911979675293	0.0	0.0	0.566112756729126	0.0	0.0	0.27865657210350037	0.0	0.5578356981277466	0.0	1.9584074020385742	0.0	1.3964120149612427	0.0	0.0	1.8861746788024902	0.0	0.7770909667015076	0.0	0.0	0.1272001415491104	0.6719384789466858	0.0	0.0	0.0	0.0	0.0	1.514725685119629	0.0	0.0	0.10660652071237564	0.0	0.0	0.0	0.0	0.0	0.0	0.0	0.0	0.18123215436935425	0.4207196831703186	0.0	0.0	0.0	0.8069210648536682	1.21533203125	0.0	0.06256568431854248	0.6109052300453186	0.13712655007839203	0.0	0.0	0.0	0.0	0.0	0.0	0.12448087334632874	0.0	0.0	0.0	1.061658501625061	0.0	0.0	0.44256791472435	0.0	0.0	0.0	0.2580721378326416	0.17619089782238007	0.0	1.6830706596374512	0.0	0.0	0.0	0.0	0.0	0.0	0.0	1.9677194356918335	0.0	0.0	1.0525213479995728	0.0	0.0	0.6233576536178589	0.0	0.3977104425430298	0.39014172554016113	0.8916594386100769	0.0	0.20824255049228668	0.8513504862785339	0.0	0.0	0.0	0.0	1.4260156154632568	0.0	0.3035039007663727	1.4915449619293213	0.0	0.0	0.0	0.0	0.4556480050086975	0.39981791377067566	0.0	0.0	1.3041657209396362	0.0	0.0	0.0	0.0	0.0	0.0	0.0	0.0	0.0	0.7734997868537903	0.0	0.6098982095718384	0.0	1.7974964380264282	0.694108247756958	0.0	0.08781983703374863	0.0	0.0	0.0	0.0	0.0	0.0	1.0784947872161865	0.0	0.14092935621738434	0.26767975091934204	0.0	0.0	0.6582448482513428	0.0	0.0	0.0	0.0	0.2958616316318512	0.3480815589427948	0.4123336672782898	0.0	0.0	0.0	1.5159780979156494	0.0	1.8899012804031372	1.606042742729187	0.0	0.0	0.0	1.3465765714645386	0.24738945066928864	0.0	0.0	0.0	0.0	1.2955576181411743	0.0	0.0	0.0	2.762392282485962	0.17905239760875702	0.03549491986632347	0.0	0.2698604464530945	0.0	0.7600695490837097	1.9812597036361694	0.0	0.0	0.0	0.0	0.0	0.0
0.0	0.0	0.0	0.05820603296160698	2.6388392448425293	0.0	0.0	0.0	1.2911303043365479	0.0	1.271600365638733	0.0	0.0	0.9228238463401794	0.9072974324226379	1.5056757926940918	1.0224100351333618	0.26933759450912476	0.05846479535102844	0.0	0.0	0.0	0.0	0.523935079574585	0.0	0.0	0.0	1.279419183731079	0.0	0.3589381277561188	0.0	1.8788564205169678	0.0	0.0	0.0	0.15094704926013947	0.41272634267807007	0.0	0.11690845340490341	0.0	0.0	0.0	0.0	1.7329050302505493	0.0	0.0	1.2369898557662964	0.0	0.0	1.3303600549697876	0.0	0.0	0.0	0.09164728969335556	0.0	0.0	0.0	0.0	0.4377443194389343	0.5268248319625854	0.0	0.0	0.0	0.11857237666845322	0.0	0.0	0.0	0.0	0.0	0.0	1.1146334409713745	0.0	0.0	0.3746054172515869	0.0	0.0	0.0	0.806613028049469	0.0	0.0	0.0	0.0	0.882370114326477	0.0	0.0	0.0	0.11812343448400497	0.0	1.842918038368225	0.0	0.0	0.5544808506965637	0.0	0.7177997827529907	0.0	0.0	0.0	0.03047284297645092	0.0	0.0	0.0	1.7868865728378296	0.0	0.0	0.0	0.0	0.0	0.878482460975647	0.0	1.2907058000564575	0.0	0.0	0.0	0.0	0.0	0.0	0.7629590630531311	0.0	0.9511382579803467	0.0	0.0	0.9421172142028809	0.0	1.0668350458145142	0.5466923713684082	1.1787018775939941	0.0	0.0	0.0	2.1373496055603027	0.0	0.0	1.2999268770217896	0.0	0.0	1.8085744380950928	1.753462791442871	0.0	0.0	0.0	0.0	0.0	0.0	0.0	0.0	0.0	1.0208184719085693	0.0	0.0	2.0360963344573975	0.0	0.988265335559845	0.0	0.0	0.0	0.0	0.0	2.1590776443481445	0.0	0.0	0.15017269551753998	0.16581504046916962	0.0	0.2994955778121948	0.8945811986923218	0.0	0.0	1.4862405061721802	0.0	0.0	0.0	0.0	0.0	0.0	0.0	2.221832275390625	1.585695743560791	0.0	0.0	0.0	0.8343569040298462	0.0	0.0	0.0	0.0	0.0	0.0	0.0	0.0	0.0	0.0	0.0	0.0	0.0	0.1230103150010109	0.0	0.0	0.0	1.1773908138275146	0.2634138762950897	0.0	1.5821287631988525	0.0	0.0	0.0	0.0	0.0	0.0	1.0137072801589966	0.0	1.6220835447311401	1.267653465270996	0.0	0.0	0.7824811935424805	0.0	0.0	0.0	0.0	0.23659422993659973	0.418122261762619	0.8847498893737793	0.0	0.0	0.0	0.6460169553756714	0.8762405514717102	0.0	0.0	0.0	0.0	1.2237030267715454	2.830742597579956	0.0	0.0	0.0	0.0	0.0	2.1552226543426514	0.0	0.0	0.0	0.4946001172065735	1.887280821800232	0.11843781173229218	0.0	2.3513896465301514	0.0	0.5360231399536133	0.0	0.0	0.0	0.0	1.6718618869781494	0.0	0.0
0.0	0.0	0.0	0.02185419760644436	0.38375553488731384	0.0	0.5596396923065186	0.0	0.45102640986442566	0.5689899921417236	0.0	0.0	0.5836339592933655	0.446536123752594	0.19894449412822723	0.589411735534668	0.0	0.5516988039016724	0.2492533028125763	0.30721986293792725	0.029026126489043236	0.16490377485752106	0.0	0.5888333320617676	0.0	0.0	0.5018504858016968	0.5157067775726318	0.1940825879573822	0.5319710969924927	0.5086506009101868	0.4766044318675995	0.0	0.27841129899024963	0.0	0.09008685499429703	0.399958074092865	0.0	0.5090054273605347	0.3086155354976654	0.0	0.0	0.0	0.0	0.0	0.0	0.0	0.0	0.0	0.29454413056373596	0.0	0.0	0.0	0.016640150919556618	0.27794137597084045	0.0	0.0	0.2987125515937805	0.7048339247703552	0.13431096076965332	0.0	0.0	0.0	0.3938681483268738	0.0	0.0	0.0	0.0	0.0	0.38437268137931824	0.6248323917388916	0.0	0.0	0.09369731694459915	0.0	0.0	0.22833839058876038	0.2663688361644745	0.0	0.35111257433891296	0.0	0.0	0.19212962687015533	0.18543246388435364	0.6577580571174622	0.0	0.6327259540557861	0.0	0.1816946417093277	0.0	0.0	0.7750933766365051	0.0	0.47370630502700806	0.0	0.20613284409046173	0.5273701548576355	0.44628027081489563	0.0	0.0	0.0	0.020451603457331657	0.0	0.46822965145111084	0.0	0.0	0.06339006870985031	0.0	0.0	0.0	0.0	0.19436107575893402	0.0	0.0	0.0	0.0	0.22686757147312164	0.0	0.0	0.0	0.027609001845121384	0.4148951470851898	0.0	0.11133237928152084	0.0	0.226765975356102	0.0	0.0	0.0	0.1170487254858017	0.10583586245775223	0.0	0.2826879918575287	0.0	0.0	0.11045777052640915	0.513239324092865	0.0	0.0	0.13874748349189758	0.0	0.0	0.0	0.8031116724014282	0.5834222435951233	0.0	0.06645224243402481	0.0	0.0	0.009637806564569473	0.0	0.148265078663826	0.0	0.0	0.4546146094799042	0.0	0.0	0.5610744953155518	0.0	0.0	0.30166366696357727	0.1978820413351059	0.33410853147506714	0.09909787029027939	0.5480976104736328	0.0	0.2332032173871994	0.7077906131744385	0.0	0.0	0.0	0.0	0.14941143989562988	0.0	0.6868308186531067	0.1661137491464615	0.0	0.0	0.0	0.3636630177497864	0.2939358949661255	0.3488146960735321	0.0	0.0	0.43825650215148926	0.0	0.0	0.0	0.0	0.0	0.0	0.0	0.0	0.0	0.4045773446559906	0.0	0.33483633399009705	0.0	0.37558794021606445	0.5761873126029968	0.0	0.0	0.0	0.0	0.0	0.0	0.0	0.0	0.5064643621444702	0.0	0.052628107368946075	0.22626173496246338	0.0	0.0	0.3832288980484009	0.0	0.0	0.0	0.24325048923492432	0.5121488571166992	0.0	0.3897579312324524	0.0	0.0	0.0	0.47192731499671936	0.45444101095199585	0.33750465512275696	0.5973517894744873	0.0	0.0	0.0	0.5838470458984375	0.4179232716560364	0.0	0.0	0.0	0.0	0.3814264237880707	0.0	0.0	0.0	0.5357398986816406	0.09002765268087387	0.5537604093551636	0.0	0.28238552808761597	0.0	0.6573291420936584	0.5171187520027161	0.0	0.4908521771430969	0.0	0.03088873066008091	0.0	0.0
0.0	0.0	0.0	0.0	1.843671202659607	0.0	2.025125741958618	0.0	0.8832238912582397	0.6377808451652527	0.0	0.0	1.1165895462036133	0.6680513024330139	0.10575740784406662	0.11504420638084412	0.0	2.6206111907958984	1.8655189275741577	1.0343425273895264	0.16155888140201569	2.5596206188201904	0.0	0.9717134833335876	0.0	0.0	1.3520857095718384	1.4266941547393799	0.6266912817955017	0.3355027139186859	0.62644362449646	2.35638165473938	0.0	2.3635191917419434	0.0	0.2615472078323364	3.270907163619995	0.0	2.5465381145477295	1.651198387145996	0.0	0.0	0.0	0.0	0.0	0.0	0.5804212093353271	0.0	0.0	0.0	0.0	0.0	0.0	1.6076124906539917	2.4436240196228027	0.0	0.0	0.0	2.0855588912963867	0.5718411207199097	0.0	0.0	0.0	1.7492561340332031	0.0	0.0	0.0	0.0	0.0	2.9919772148132324	0.8792036771774292	0.0	0.0	0.0	0.0	0.0	0.8860488533973694	0.0	0.0	0.41822588443756104	0.0	0.0	0.0	0.7145273685455322	1.584341287612915	0.0	2.9679617881774902	0.0	1.3700778484344482	0.0	0.0	3.185722589492798	0.0	2.846592426300049	0.0	0.9820895791053772	0.5672314763069153	1.367405652999878	0.0	0.0	0.0	0.0	0.0	2.774531364440918	0.0	0.0	0.0	0.0	0.0	0.0	0.0	0.0	0.0	0.0	0.0	0.588642418384552	0.210121750831604	0.0	0.0	0.0	0.13646845519542694	0.40320703387260437	0.0	1.1148899793624878	1.4767884016036987	0.0	0.0	0.0	0.0	0.0	0.0	0.0	1.1907864809036255	0.0	0.0	0.0	1.46924889087677	0.0	0.0	0.8040195107460022	0.0	0.0	0.0	0.0	0.08429303020238876	0.0	0.8188044428825378	0.0	0.0	1.9849399328231812	0.0	0.0	0.0	0.0	2.8282599449157715	0.0	0.0	0.7106575965881348	0.0	0.0	2.6041977405548096	0.0	0.3425177037715912	0.6398784518241882	1.1897631883621216	0.0	1.7359477281570435	0.7846355438232422	0.0	0.0	0.0	0.0	1.5413633584976196	0.0	0.0	0.18010585010051727	0.0	0.0	0.0	0.0	0.1931680142879486	1.315564513206482	0.0	0.5981894135475159	2.791219472885132	0.0	0.0	0.0	0.0	0.0	0.0	0.0	0.0	0.0	1.5625386238098145	0.0	3.0928924083709717	0.0	0.28787297010421753	2.0648765563964844	0.0	0.1274285912513733	0.0	0.0	0.0	0.0	0.0	0.0	0.119571752846241	0.0	0.0	0.33978939056396484	0.0	0.0	0.4736194312572479	0.0	0.0	0.0	1.4968492984771729	1.0923336744308472	0.0	0.0	0.0	0.0	0.0	3.4099326133728027	0.0	1.4717185497283936	2.166630983352661	0.0	0.0	0.0	0.0	0.8425100445747375	0.0	0.0	0.0	0.0	0.068006731569767	0.0	0.0	0.0	2.232867956161499	0.0	2.148777961730957	0.0	0.0	0.0	2.6724867820739746	1.3968862295150757	0.0	0.0	0.0	0.0	0.0	0.0
0.0	0.0	0.0	0.8199476003646851	1.2726198434829712	0.0	1.8437228202819824	0.0	2.5140717029571533	0.7269862294197083	0.0	0.0	1.3535652160644531	2.070218086242676	0.483707994222641	2.3702924251556396	0.20802366733551025	2.5689713954925537	1.3095042705535889	0.12207826972007751	0.0	0.873129665851593	0.0	0.9459664225578308	0.0	0.0	0.7796472907066345	0.47084295749664307	0.6351290941238403	1.7846012115478516	1.284773588180542	0.6123127937316895	0.0	0.8143665194511414	0.0	0.0	2.5147693157196045	0.0	0.8749150037765503	0.857192873954773	0.0	0.0	0.0	0.6531065106391907	0.0	0.0	1.4919415712356567	0.0	0.0	0.0176556333899498	0.0	0.0	0.0	1.6628435850143433	0.7778462767601013	0.0	0.0	0.0	0.8273962140083313	1.2769525051116943	0.0	0.0	0.0	0.4842708110809326	0.0	0.0	0.0	0.0	0.0	1.8725619316101074	1.3828059434890747	0.0	0.0	0.0	0.0	0.0	0.45776787400245667	0.2093963772058487	0.0	0.2796946167945862	0.0	0.0	1.0219383239746094	0.12366898357868195	0.828159749507904	0.0	2.5557754039764404	0.0	2.197201728820801	0.0	0.0	1.574648141860962	0.0	0.7206671237945557	0.0	0.0	0.40240421891212463	0.0	0.0	0.0	0.0	0.0	0.0	1.8425148725509644	0.0	0.0	0.1342165172100067	0.0	0.0	0.0	0.0	0.0	0.0	0.0	0.0	0.0	0.2742340862751007	0.0	0.0	0.0	0.0	1.1278676986694336	0.0	0.0	0.6419513821601868	0.3219590485095978	0.0	0.0	0.0	0.0	0.0	0.0	0.8352726101875305	0.0	0.0	0.7008452415466309	0.8267107009887695	0.0	0.0	0.5001459121704102	0.0	0.0	0.0	0.48371025919914246	0.0	0.0	2.417792558670044	0.0	0.0	0.0	0.0	0.0	0.0	0.0	0.9238455295562744	0.0	0.0	2.447251558303833	0.0	0.0	1.2293308973312378	0.0	0.38955193758010864	0.4319514036178589	0.9176225066184998	0.0	0.0	1.265416145324707	0.0	0.0	0.0	0.0	1.4511576890945435	0.0	0.14626388251781464	1.298744797706604	0.0	0.0	0.0	0.0	0.901626706123352	0.6957971453666687	0.0	0.0	1.0955393314361572	0.0	0.0	0.0	0.0	0.0	0.0	0.0	0.0	0.0	0.9808967709541321	0.0	0.6979807019233704	0.0	2.1375575065612793	1.596959114074707	0.0	0.39913031458854675	0.0	0.0	0.0	0.0	0.0	0.0	1.5968304872512817	0.0	0.8601987957954407	0.21274122595787048	0.0	0.0	1.4567673206329346	0.0	0.0	0.0	0.24789319932460785	0.7968060970306396	0.0	0.8400455117225647	0.0	0.0	0.0	2.371548652648926	0.20056498050689697	1.891600489616394	1.8435660600662231	0.0	0.0	0.0	1.2485960721969604	0.17287896573543549	0.0	0.0	0.0	0.0	1.9564063549041748	0.0	0.0	0.0	2.260197877883911	0.797125518321991	0.9598079323768616	0.0	0.8672943711280823	0.0	1.1620992422103882	1.998689889907837	0.0	0.0	0.0	0.47154471278190613	0.0	0.0
0.0	0.0	0.0	0.0	1.9934455156326294	0.0	1.702500343322754	0.0	1.608825922012329	0.5516955256462097	0.0	0.0	0.8612353205680847	0.8957831263542175	1.0667389631271362	1.1680057048797607	0.0	0.6285504698753357	0.6011107563972473	0.0	0.0	1.8264431953430176	0.0	0.20845375955104828	0.0	0.0	0.2433149814605713	1.0934646129608154	0.7439225316047668	0.9269409775733948	0.0	1.159361481666565	0.0	0.8237078785896301	0.0	0.07812624424695969	2.4947142601013184	0.0	1.4554076194763184	0.7354013323783875	0.0	0.0	0.0	0.7574642896652222	0.0	0.0	0.26413723826408386	0.0	0.0	0.04840701073408127	0.0	0.0	0.0	0.9877947568893433	1.449487328529358	0.0	0.0	0.0	0.8437655568122864	0.499091774225235	0.0	0.0	0.0	0.1441519856452942	0.0	0.0	0.0	0.0	0.0	1.8056979179382324	1.3493273258209229	0.0	0.0	0.0	0.0	0.0	0.34526386857032776	1.5939275026321411	0.0	0.0	0.0	0.0	0.45069724321365356	0.0	0.4477015435695648	0.0	1.9109865427017212	0.0	1.2576634883880615	0.0	0.0	1.6201707124710083	0.0	1.8043558597564697	0.0	0.07448045909404755	0.0	0.0	0.0	0.0	0.0	0.004358748439699411	0.0	1.529268741607666	0.0	0.0	0.0	0.0	0.0	0.0	0.0	0.0	0.0	0.0	0.0	0.0	0.9621037840843201	0.0	0.3227800726890564	0.0	0.0	0.6574119925498962	0.0	0.3887634873390198	0.9099692702293396	0.8446608781814575	0.0	0.0	0.0	0.0	0.0	0.0	1.6358166933059692	0.0	0.0	0.713646411895752	1.6539446115493774	0.0	0.0	0.6413689851760864	0.0	0.0	0.0	0.0	0.0	0.0	1.0555936098098755	0.0	0.0	0.0	0.0	0.576833188533783	0.0	0.0	1.353297472000122	0.0	0.0	2.1107380390167236	0.0	0.0	0.33183977007865906	0.03989964351058006	0.11035514622926712	0.0	1.984795331954956	0.0	0.0810403823852539	2.197141408920288	0.0	0.0	0.0	0.0	1.5626286268234253	0.0	0.0	1.9740278720855713	0.33270713686943054	0.0	0.0	0.0	0.481976717710495	0.0	0.0	0.0	1.044005274772644	0.0	0.0	0.0	0.0	0.0	0.0	0.0	0.0	0.0	0.07884258776903152	0.0	1.2990089654922485	0.0	1.89935302734375	1.6987532377243042	0.0	0.0	0.0	0.0	0.0	0.0	0.0	0.0	1.9157987833023071	0.0	0.6675180792808533	0.30479317903518677	0.0	0.0	0.5489166975021362	0.0	0.0	0.0	0.2653808295726776	1.3357834815979004	0.13275624811649323	0.6649228930473328	0.0	0.0	0.0	2.5175328254699707	1.1012630462646484	1.2063264846801758	1.2522131204605103	0.0	0.0	0.3341187834739685	2.8565409183502197	0.0	0.0	0.0	0.0	0.0	1.665066123008728	0.0	0.0	0.0	2.036142110824585	0.54665207862854	1.5729694366455078	0.0	2.027233123779297	0.0	1.579300880432129	0.9017819762229919	0.0	0.0	0.0	1.4600266218185425	0.0	0.0
0.0	0.0	0.0	0.6558504104614258	2.7749783992767334	0.0	1.5697431564331055	0.0	1.2530088424682617	0.7757347822189331	0.0	0.0	1.0664453506469727	2.8199563026428223	1.148730754852295	1.870453953742981	0.0	1.0035945177078247	1.0872790813446045	0.8708382248878479	0.0	0.8075154423713684	0.0	1.5279450416564941	0.0	0.0	0.860896110534668	1.2016568183898926	0.4870583713054657	1.8620936870574951	0.0	0.4302850365638733	0.0	0.18141984939575195	0.0	0.0	2.0839715003967285	0.0	1.529471755027771	1.186755895614624	0.0	0.0	0.0	0.18549180030822754	0.0	0.0	0.0	0.0	0.0	0.0	0.0	0.0	0.0	0.13041850924491882	0.3827088177204132	0.0	0.0	0.0	0.909399151802063	0.07893576472997665	0.0	0.0	0.0	0.022029194980859756	0.0	0.0	0.0	0.0	0.0	1.2159969806671143	1.5676292181015015	0.0	0.0	0.0	0.0	0.0	0.8552643656730652	1.1523610353469849	0.0	0.3888539671897888	0.0	0.0	0.0579211562871933	0.0	0.7560254335403442	0.0	1.5919781923294067	0.0	0.40763071179389954	0.0	0.0	1.0277857780456543	0.0	0.8101211190223694	0.0	0.0	0.0	0.09235859662294388	0.0	0.0	0.0	0.0	0.0	0.9309053421020508	0.0	0.0	0.14743392169475555	0.0	0.0	0.0	0.0	0.0	0.0	0.0	0.0	0.0	1.5605570077896118	0.0	0.0	0.0	0.06775054335594177	1.9007372856140137	0.0	0.21057969331741333	0.0	1.1716467142105103	0.0	0.0	0.0	0.2429244965314865	0.0	0.0	1.1183463335037231	0.0	0.0	2.268981456756592	2.0414161682128906	0.0	0.0	0.0	0.0	0.0	0.0	0.0	0.0	0.0	1.8637694120407104	0.0	0.0	0.5359885096549988	0.0	0.0	0.0	0.0	0.6546014547348022	0.0	0.0	2.169908046722412	0.0	0.0	1.3677014112472534	0.0748128741979599	0.9058110117912292	0.6276537775993347	1.270600438117981	0.0	0.0	1.4983025789260864	0.0	0.0	0.0	0.0	1.3369988203048706	0.0	0.053489238023757935	1.078276515007019	0.0	0.0	0.0	0.0	1.108231782913208	0.0	0.0	0.0	1.425432562828064	0.0	0.0	0.0	0.0	0.0	0.0	0.0	0.0	0.0	1.8493540287017822	0.0	0.3029007613658905	0.0	2.110696792602539	1.5637127161026	0.0	0.0	0.0	0.0	0.0	0.0	0.0	0.0	1.9470692873001099	0.0	1.2129210233688354	1.3474209308624268	0.0	0.0	0.6341341733932495	0.0	0.0	0.0	0.2415088564157486	0.6746984720230103	0.0	1.2413324117660522	0.0	0.0	0.0	1.4469265937805176	0.7350111603736877	0.9272825717926025	0.8501449823379517	0.0	0.0	0.14468656480312347	1.9329330921173096	0.0	0.0	0.0	0.0	0.0	2.369062662124634	0.0	0.0	0.0	0.9107335805892944	0.25217336416244507	0.5696719884872437	0.0	1.6434690952301025	0.0	0.29145708680152893	0.9036876559257507	0.0	0.0	0.0	0.0	0.0	0.0
0.0	0.0	0.0	0.0	1.3534778356552124	0.0	0.9619953632354736	0.0	1.1459861993789673	0.4954674541950226	0.9413905143737793	0.0	0.7496953010559082	1.8226933479309082	1.0630086660385132	1.5547901391983032	0.4096252918243408	0.6057891249656677	0.6750952005386353	0.7624003291130066	0.0	0.5362638235092163	0.0	1.3313119411468506	0.0	0.0	0.808928370475769	1.3457040786743164	0.49994897842407227	0.8794261813163757	0.21770252287387848	1.664254903793335	0.0	0.0	0.0	0.0	1.7101831436157227	0.0	0.43834543228149414	0.5667882561683655	0.0	0.0	0.0	0.2408064901828766	0.0	0.0	0.8115839958190918	0.0	0.0	0.5247885584831238	0.0	0.0	0.0	0.9784842133522034	0.0	0.0	0.0	0.5338855981826782	0.9895538687705994	0.3702617883682251	0.0	0.0	0.0	0.7768475413322449	0.0	0.0	0.0	0.0	0.0	1.0908303260803223	0.37519803643226624	0.0	0.0	0.0	0.0	0.0	0.7007079720497131	0.03291308879852295	0.0	0.7330347299575806	0.0	0.0	0.0	0.0	0.864010751247406	0.0	1.2904702425003052	0.0	1.0463110208511353	0.0	0.0	1.023850440979004	0.0	0.7810589075088501	0.0	0.563806414604187	0.0	0.5539872646331787	0.0	0.0	0.0	0.16092577576637268	0.0	0.8389841318130493	0.0	0.0	0.14591343700885773	0.323243647813797	0.0	0.4236483573913574	0.0	0.0	0.0	0.0	0.0	0.3061239421367645	0.7970993518829346	0.0	0.0	0.0	0.8416375517845154	0.8172227144241333	0.0	0.9739764332771301	0.46675798296928406	0.20318181812763214	0.0	0.0	0.0	0.15165765583515167	0.0	0.0	1.237123966217041	0.0	0.0	0.6532529592514038	1.8308768272399902	0.0	0.0	0.0	0.0	0.0	0.0	0.0	0.0	0.0	1.03635573387146	0.0	0.0	1.4616682529449463	0.0	0.0798950046300888	0.0	0.0	0.7411226630210876	0.0	0.0	1.6381480693817139	0.0	0.0	1.0782979726791382	0.4033077359199524	0.7647187113761902	0.7639356255531311	1.1759963035583496	0.0	0.8773090243339539	1.4482849836349487	0.0	0.0	0.0	0.0	0.7976849675178528	0.0	0.0	0.8403681516647339	0.0	0.0	0.0	0.0	0.7411471605300903	0.0	0.0	0.0	0.6169207692146301	0.0	0.0	0.0	0.0	0.0	0.0	0.0	0.0	0.0	1.1931161880493164	0.0	0.20816899836063385	0.0	1.2290141582489014	0.9146136045455933	0.0	0.5203754305839539	0.0	0.0	0.0	0.0	0.0	0.0	1.52647864818573	0.0	0.0	0.5748098492622375	0.0	0.0	0.8083482980728149	0.0	0.0	0.0	0.0	0.6544742584228516	0.22805146872997284	0.6732516884803772	0.0	0.0	0.0	1.1869622468948364	0.11765268445014954	0.4370287358760834	0.7954360842704773	0.0	0.0	0.09084132313728333	1.4773547649383545	0.15733258426189423	0.0	0.0	0.0	0.0	1.3557512760162354	0.0	0.0	0.0	1.3753548860549927	0.5336419343948364	0.4007275402545929	0.0	1.0503345727920532	0.0	1.7373210191726685	0.47992295026779175	0.0	0.0	0.0	0.07492036372423172	0.0	0.0
0.0	0.0	0.0	0.2333490252494812	0.7881640791893005	0.0	2.3013508319854736	0.0	2.073739528656006	1.212425708770752	0.21013405919075012	0.0	1.2620728015899658	1.6687239408493042	0.0034937572199851274	2.1450257301330566	0.49877703189849854	1.0155320167541504	0.518595814704895	0.0	0.0	1.5135153532028198	0.0	0.9553025364875793	0.0	0.0	0.49642834067344666	0.7292395830154419	0.705665111541748	1.3663568496704102	0.4903170168399811	0.0	0.0	0.44850537180900574	0.0	0.011328685097396374	2.1256470680236816	0.0	1.1554681062698364	1.05991530418396	0.0	0.0	0.0	0.5226000547409058	0.0	0.0	0.29101070761680603	0.0	0.0	0.2746184170246124	0.0	0.0	0.0	0.9262974858283997	1.373175024986267	0.0	0.0	0.18948592245578766	0.31673285365104675	0.9376054406166077	0.0	0.0	0.0	0.34544047713279724	0.0	0.0	0.0	0.0	0.0	1.662338137626648	0.9352691173553467	0.0	0.0	0.0	0.0	0.0	0.33849117159843445	0.9429284334182739	0.0	0.07830049097537994	0.0	0.0	0.9208482503890991	0.2510814964771271	0.5873556733131409	0.0	2.1329991817474365	0.0	1.7320919036865234	0.0	0.0	1.7040174007415771	0.0	0.8610426783561707	0.0	0.2484690099954605	0.66903156042099	0.0	0.0	0.0	0.0	0.0	0.0	1.312820553779602	0.0	0.0	0.6080621480941772	0.0	0.0	0.0	0.0	0.0	0.0	0.0	0.0	0.0	0.9441239833831787	0.0	0.0	0.0	0.4267346262931824	1.2076760530471802	0.0	0.0	0.5572002530097961	0.4806988835334778	0.0	0.0	0.0	0.0	0.0	0.0	0.6424937844276428	0.0	0.0	0.5587167739868164	0.8609187006950378	0.0	0.0	0.8173744082450867	0.0	0.0	0.0	1.3193399906158447	0.5953878164291382	0.0	1.9499276876449585	0.0	0.0	0.0	0.0	0.0	0.0	0.0	1.463426947593689	0.0	0.0	2.007624864578247	0.0	0.0	0.24813486635684967	0.0	0.24594509601593018	0.17168118059635162	1.787130355834961	0.0	0.0	1.247626543045044	0.0	0.0	0.0	0.0	1.2656683921813965	0.0	0.3183874487876892	0.9328855872154236	0.1768314391374588	0.0	0.0	0.0	0.9067893624305725	0.7526190280914307	0.0	0.0	0.7829959988594055	0.0	0.0	0.0	0.0	0.0	0.0	0.0	0.0	0.0	0.7938321828842163	0.0	1.1830123662948608	0.0	1.6427035331726074	0.9660502672195435	0.0	0.0	0.0	0.0	0.0	0.0	0.0	0.0	0.7208163142204285	0.0	0.0	0.45117664337158203	0.0	0.0	1.082862138748169	0.0	0.0	0.0	0.4008966088294983	0.9303515553474426	0.5690630078315735	0.7740182876586914	0.0	0.0	0.0	1.5241185426712036	0.7709134221076965	1.4064465761184692	1.4283355474472046	0.0	0.0	0.0	1.5857205390930176	0.5673084855079651	0.0	0.0	0.0	0.0	1.899355411529541	0.0	0.0	0.0	1.9931145906448364	0.11778487265110016	0.7169143557548523	0.0	0.7528839707374573	0.0	0.8501532077789307	1.460768222808838	0.0	0.0	0.0	0.9683208465576172	0.0	0.0
0.0	0.0	0.0	1.0568740367889404	1.9070212841033936	0.0	2.149275064468384	0.0	1.930016279220581	0.0	0.01997704617679119	0.0	0.9914248585700989	1.5661340951919556	0.16171081364154816	1.7971277236938477	1.071359395980835	1.0666756629943848	0.491497278213501	0.5384995937347412	0.0	0.5962054133415222	0.0	0.6675366163253784	0.0	0.0	0.0941293016076088	1.144108533859253	0.7630168199539185	1.1777747869491577	0.7668786644935608	1.3900357484817505	0.0	0.0	0.0	0.0	1.624218225479126	0.0	0.8415083289146423	0.8545974493026733	0.0	0.0	0.0	0.9012794494628906	0.0	0.0	1.4916385412216187	0.0	0.0	0.0	0.0	0.0	0.0	0.8082581758499146	0.46974119544029236	0.0	0.0	0.0	0.46681922674179077	0.8121556043624878	0.0	0.0	0.0	0.522776186466217	0.0	0.0	0.0	0.0	0.0	0.7236484885215759	1.0042731761932373	0.0	0.0	0.0	0.0	0.0	0.3663918077945709	0.27074623107910156	0.0	0.1193394809961319	0.0	0.0	0.49732571840286255	0.0	0.15434381365776062	0.0	1.9468965530395508	0.0	2.1617932319641113	0.0	0.0	0.985215961933136	0.0	0.45869988203048706	0.0	0.0	0.0	0.8083127737045288	0.0	0.0	0.0	0.04530172049999237	0.0	0.9541317224502563	0.0	0.0	0.17214666306972504	0.0	0.0	0.34931644797325134	0.0	0.0	0.0	0.0	0.0	0.13882793486118317	1.1731775999069214	0.0	0.34310707449913025	0.0	0.0	1.1604067087173462	0.0	0.0	0.34264156222343445	0.46977365016937256	0.0	0.0	0.0	0.0	0.0	0.0	0.5613963603973389	0.0	0.0	0.6100413799285889	0.8116234540939331	0.0	0.0	0.0027100900188088417	0.0	0.0	0.0	0.40459901094436646	0.0	0.0	2.1527621746063232	0.0	0.0	1.1666343212127686	0.0	0.0	0.0	0.0	0.8960794806480408	0.0	0.0	1.7997758388519287	0.0	0.0	0.9132242202758789	0.0	0.0	0.6189462542533875	0.69523024559021	0.0	0.0	0.9265633225440979	0.0	0.0	0.0	0.0	1.3476401567459106	0.0	0.0	2.282550096511841	0.3352642059326172	0.0	0.0	0.0	1.16133713722229	0.11294638365507126	0.0	0.0	0.9899476170539856	0.0	0.0	0.0	0.0	0.0	0.0	0.0	0.0	0.0	1.088361144065857	0.0	0.44074371457099915	0.0	2.113781452178955	1.2985951900482178	0.0	0.8474093079566956	0.0	0.0	0.0	0.0	0.0	0.0	1.3636963367462158	0.0	0.5747416019439697	1.4012987613677979	0.0	0.0	1.042428731918335	0.0	0.0	0.0	0.0	0.512880802154541	0.24737392365932465	1.013391375541687	0.0	0.0	0.0	1.5001238584518433	0.32570627331733704	1.432820200920105	0.9619601368904114	0.0	0.0	0.28018704056739807	1.3199636936187744	0.31176841259002686	0.0	0.0	0.0	0.0	1.4777319431304932	0.0	0.0	0.0	1.954613208770752	0.8442912101745605	0.17792142927646637	0.0	0.9422094225883484	0.0	0.9551739692687988	1.4879541397094727	0.0	0.0	0.0	0.7032700181007385	0.0	0.0
0.0	0.0	0.0	0.0	2.3247876167297363	0.0	0.6071913838386536	0.0	1.5075786113739014	0.0	0.297036737203598	0.0	0.24753113090991974	0.5890466570854187	0.4849734902381897	1.316066861152649	0.9478948712348938	0.3521653115749359	0.0	0.0	0.0	0.6933606863021851	0.0	0.14435194432735443	0.0	0.0	0.014103895053267479	0.7313913702964783	0.0	0.5718738436698914	0.0	1.4272737503051758	0.0	0.2870389521121979	0.0	0.0	1.1182974576950073	0.0	0.7142574191093445	0.05435638874769211	0.0	0.0	0.0	1.4811817407608032	0.0	0.0	1.830486536026001	0.0	0.0	0.8016647696495056	0.0	0.0	0.0	0.7017573118209839	0.003876218805089593	0.0	0.0	0.0	0.0	0.7302944660186768	0.0	0.0	0.0	0.0	0.0	0.0	0.0	0.0	0.0	0.8232219219207764	1.492204189300537	0.0	0.0	0.0	0.0	0.0	0.0	1.3466006517410278	0.0	0.0	0.0	0.0	0.5920964479446411	0.0	0.42539092898368835	0.0	1.0085346698760986	0.0	1.9542590379714966	0.0	0.0	0.6342347264289856	0.0	0.759333610534668	0.0	0.0	0.0	0.0	0.0	0.0	0.0	0.8832158446311951	0.0	0.5326933860778809	0.0	0.0	0.0	0.48466694355010986	0.0	0.8933523893356323	0.0	0.0	0.0	0.0	0.0	0.0	0.6850336194038391	0.0	0.5451018810272217	0.0	0.0	0.0	0.0	0.7836596369743347	0.28677135705947876	1.6655356884002686	0.0	0.0	0.0	1.6396565437316895	0.0	0.0	1.1618292331695557	0.0	0.0	1.4028507471084595	1.144491195678711	0.0	0.0	0.0	0.0	0.0	0.0	0.0	0.0	0.0	0.7077187299728394	0.0	0.0	0.24615097045898438	0.0	0.855605959892273	0.0	0.0	0.0	0.0	0.0	2.252246618270874	0.0	0.0	0.4842468202114105	0.06818906962871552	0.0	0.0	1.023791790008545	0.0	0.0	1.8636674880981445	0.0	0.0	0.0	0.0	0.42185884714126587	0.0	0.0	2.6829748153686523	1.3389708995819092	0.0	0.0	0.0	0.33993056416511536	0.0	0.0	0.0	0.26622796058654785	0.0	0.0	0.0	0.0	0.0	0.0	0.0	0.0	0.0	0.04831835255026817	0.0	0.03337712585926056	0.0	1.955627202987671	0.7498096227645874	0.0	0.90260910987854	0.0	0.0	0.0	0.0	0.0	0.0	1.0357294082641602	0.0	1.0473518371582031	0.46994778513908386	0.0	0.0	1.2229185104370117	0.0	0.0	0.0	0.0	0.25009849667549133	0.3323267102241516	1.126072645187378	0.0	0.0	0.0	1.1885044574737549	1.1121275424957275	0.2796180844306946	0.0	0.0	0.0	1.0696310997009277	2.943026542663574	0.0	0.0	0.0	0.0	0.0	2.14050030708313	0.0	0.0	0.0	0.7344342470169067	1.3611102104187012	0.415805459022522	0.0	1.6713835000991821	0.0	0.8788873553276062	0.19748766720294952	0.0	0.0	0.0	1.7921512126922607	0.0	0.0
0.0	0.0	0.0	0.0	1.619506597518921	0.0	1.6316627264022827	0.0	1.112844467163086	0.7798415422439575	0.0	0.0	1.6767581701278687	1.4291778802871704	0.6526855826377869	0.8710050582885742	0.0	1.4783306121826172	0.8228674530982971	0.5202935934066772	0.0	1.1924066543579102	0.0	0.7201125025749207	0.0	0.0	1.0157849788665771	0.9398149847984314	0.0	1.7364627122879028	0.30589041113853455	0.773149847984314	0.0	0.5716734528541565	0.0	0.18845996260643005	2.0236799716949463	0.0	0.8466028571128845	1.3475483655929565	0.0	0.0	0.0	0.32629770040512085	0.0	0.0	0.0	0.0	0.0	0.3181483745574951	0.0	0.0	0.0	0.9887657165527344	0.9270272254943848	0.0	0.0	0.0	0.8266639113426208	0.7227835655212402	0.0	0.0	0.0	0.6741177439689636	0.0	0.0	0.0	0.0	0.0	1.6970406770706177	0.5653153657913208	0.0	0.0	0.0	0.0	0.0	0.9389659762382507	0.28464385867118835	0.0	0.6563009023666382	0.0	0.0	0.20194846391677856	0.03778452053666115	0.48442888259887695	0.0	2.3342978954315186	0.0	0.6218127012252808	0.0	0.0	2.0105679035186768	0.0	1.538690447807312	0.0	0.023215999826788902	0.40945371985435486	0.2209881991147995	0.0	0.0	0.0	0.0	0.0	1.9054547548294067	0.0	0.0	0.0	0.0	0.0	0.0	0.0	0.0	0.0	0.0	0.0	0.0	0.3646129369735718	0.0	0.0	0.0	0.0	1.020492672920227	0.0	0.47338366508483887	0.3483530879020691	0.0	0.0	0.0	0.0	0.0	0.0	0.0	0.4254770278930664	0.0	0.0	0.9104695320129395	1.184192180633545	0.0	0.0	1.2019355297088623	0.0	0.0	0.0	0.9556516408920288	0.0	0.0	1.0495736598968506	0.0	0.0	0.0	0.0	0.0	0.0	0.0	1.168470859527588	0.0	0.0	1.1622991561889648	0.0	0.0	0.9464070796966553	0.0	0.46802273392677307	0.2836640775203705	1.5758514404296875	0.0	0.35828498005867004	1.0826479196548462	0.0	0.0	0.0	0.0	0.9092040061950684	0.0	1.2099403142929077	0.061000023037195206	0.0	0.0	0.0	0.0	0.8529079556465149	0.7036962509155273	0.0	0.0	0.9523938298225403	0.0	0.0	0.0	0.0	0.0	0.0	0.0	0.0	0.0	0.6393523812294006	0.0	0.9979035258293152	0.0	1.2572344541549683	1.4752086400985718	0.0	0.0	0.0	0.0	0.0	0.0	0.0	0.0	1.3338983058929443	0.0	0.1216878592967987	0.0	0.0	0.0	0.0	0.0	0.0	0.0	0.3494490683078766	1.0219309329986572	0.0	0.2693350315093994	0.0	0.0	0.0	1.6994850635528564	0.5067472457885742	0.505389392375946	1.4254777431488037	0.0	0.0	0.0	1.251283884048462	0.4362677335739136	0.0	0.0	0.0	0.0	0.9445078372955322	0.0	0.0	0.0	1.7405232191085815	0.0	0.9066237211227417	0.0	0.6499127745628357	0.0	1.100590467453003	1.742058515548706	0.0	0.0	0.0	0.3551238775253296	0.0	0.0
0.0	0.0	0.0	0.0	2.0984907150268555	0.0	1.1464471817016602	0.0	0.7813081741333008	1.6302622556686401	0.0	0.0	1.064005732536316	0.8397600054740906	0.8844292759895325	0.27213427424430847	0.0	0.3560706675052643	0.2575599253177643	0.6456770896911621	0.0	1.2017145156860352	0.0	1.2399539947509766	0.0	0.0	0.7353206276893616	2.048288583755493	0.0	1.234302043914795	0.0	0.8115801215171814	0.0	0.6319922804832458	0.0	0.6403516530990601	2.064578056335449	0.0	0.9847663044929504	0.8072623014450073	0.0	0.0	0.0	0.5492281913757324	0.0	0.0	0.0	0.0	0.0	0.5689394474029541	0.0	0.0	0.0	0.2410113364458084	1.2567239999771118	0.0	0.0	0.0	1.224563717842102	0.48392337560653687	0.0	0.0	0.0	1.009871244430542	0.0	0.0	0.0	0.0	0.0	1.2323132753372192	0.9825746417045593	0.0	0.0	0.01755477301776409	0.0	0.0	0.5620942711830139	1.4655511379241943	0.0	0.7956899404525757	0.0	0.0	0.2458607703447342	0.0	0.512617290019989	0.0	1.6923164129257202	0.0	0.2224707454442978	0.0	0.0	2.1103246212005615	0.0	2.0791664123535156	0.0	0.3271998465061188	0.2636604607105255	0.578951895236969	0.0	0.0	0.0	0.0	0.0	1.714057207107544	0.0	0.0	0.0	0.0	0.0	0.0	0.0	0.0	0.0	0.0	0.0	0.0	0.6054335832595825	0.0	0.0	0.0	0.0	1.0915634632110596	0.0	0.9538138508796692	0.03716671094298363	0.3552190065383911	0.0	0.0	0.0	0.0	0.0	0.0	1.0991237163543701	0.0	0.0	0.6331620216369629	1.6239144802093506	0.0	0.0	0.8287466168403625	0.0	0.0	0.0	1.2121907472610474	0.04996156692504883	0.0	0.5420203804969788	0.0	0.0	0.0	0.0	0.0	0.0	0.0	1.5732816457748413	0.0	0.0	1.4049128293991089	0.0	0.0	0.9060604572296143	0.5637853741645813	0.46757200360298157	0.06491036713123322	1.9534045457839966	0.0	0.613730251789093	1.417792558670044	0.0	0.0	0.0	0.0	0.5754511952400208	0.0	0.8212589025497437	0.5764530897140503	0.0	0.0	0.0	0.0	1.170623540878296	0.0	0.0	0.0	1.3032212257385254	0.0	0.0	0.0	0.0	0.0	0.0	0.0	0.0	0.0	0.6878868937492371	0.0	1.1268999576568604	0.0	0.9060937762260437	1.9588009119033813	0.0	0.0	0.0	0.0	0.0	0.0	0.0	0.0	0.924951434135437	0.0	0.4599071443080902	0.32083624601364136	0.0	0.0	0.0	0.0	0.0	0.0	0.1692608892917633	1.1238079071044922	0.0	0.33588287234306335	0.0	0.0	0.0	1.6602345705032349	1.2658065557479858	0.5390815734863281	1.3113876581192017	0.0	0.0	0.12419228255748749	1.6236553192138672	0.042254142463207245	0.0	0.0	0.0	0.0	1.0804537534713745	0.0	0.0	0.0	1.1982208490371704	0.4914596676826477	1.2714601755142212	0.0	0.8093070983886719	0.0	1.5782454013824463	1.5668225288391113	0.0	0.11113764345645905	0.0	0.33138152956962585	0.0	0.0
0.0	0.0	0.0	0.0	1.9778698682785034	0.0	0.5726524591445923	0.0	2.0718679428100586	0.2042752504348755	0.700480580329895	0.0	0.6830105781555176	1.517879843711853	1.1321282386779785	2.608881711959839	0.15070901811122894	1.0418379306793213	0.11877607554197311	0.0	0.0	0.27611735463142395	0.0	0.6827808618545532	0.0	0.0	0.0	0.0	0.0	2.0505335330963135	0.8862746357917786	0.37434715032577515	0.0	0.0	0.0	0.0	1.3866655826568604	0.0	0.3552525043487549	0.12928800284862518	0.0	0.0	0.0	1.2421878576278687	0.0	0.0	0.5743669867515564	0.0	0.0	0.860256552696228	0.0	0.0	0.0	0.4877311587333679	0.208770751953125	0.0	0.0	0.0	0.03590703010559082	0.9599687457084656	0.0	0.0	0.0	0.0	0.0	0.0	0.0	0.0	0.0	0.6766085624694824	1.4353229999542236	0.0	0.0	0.0	0.0	0.0	0.27874690294265747	0.41377344727516174	0.0	0.053659532219171524	0.0	0.0	1.2542846202850342	0.0	0.0	0.0	1.5732412338256836	0.0	1.3735616207122803	0.0	0.0	0.5967442393302917	0.0	0.11509044468402863	0.0	0.0	0.0	0.0	0.0	0.0	0.0	0.0	0.0	0.5387626886367798	0.0	0.0	0.0359116829931736	0.1942865550518036	0.0	0.4653851389884949	0.0	0.0	0.0	0.0	0.0	0.0	0.6039577722549438	0.0	0.0	0.0	0.0	1.790950059890747	0.0	0.0	0.0	0.8088672161102295	0.0	0.0	0.0	0.22937773168087006	0.0	0.0	0.9114301204681396	0.0	0.0	1.9743173122406006	0.8667154312133789	0.0	0.0	0.8188962936401367	0.0	0.0	0.0	1.1379526853561401	0.0	0.0	2.2555830478668213	0.0	0.0	0.0	0.0	0.0	0.0	0.0	0.2357027232646942	0.0	0.0	2.5302793979644775	0.0	0.0	0.0	0.0	0.280384361743927	0.48515433073043823	1.1749085187911987	0.0	0.0	1.212836742401123	0.0	0.0	0.0	0.0	0.17359310388565063	0.0	0.8152166604995728	1.8220208883285522	0.1647384613752365	0.0	0.0	0.0	1.169437289237976	0.0	0.0	0.0	0.0	0.0	0.0	0.0	0.0	0.0	0.0	0.0	0.0	0.0	0.10849408805370331	0.0	0.0	0.0	1.95634126663208	1.4701648950576782	0.0	1.009464979171753	0.0	0.0	0.0	0.0	0.0	0.0	1.46281898021698	0.0	1.335451602935791	0.4384610056877136	0.0	0.0	1.1137068271636963	0.0	0.0	0.0	0.0	0.11040206253528595	0.0674913078546524	1.7533388137817383	0.0	0.0	0.0	0.6237863302230835	0.4682144820690155	0.6610978245735168	0.8916613459587097	0.0	0.0	0.5781629085540771	2.1202797889709473	0.0	0.0	0.0	0.0	0.0	2.6576921939849854	0.0	0.0	0.0	1.3435107469558716	1.5401146411895752	0.0	0.0	1.41069495677948	0.0	0.0	0.8668118119239807	0.0	0.0	0.0	1.3288413286209106	0.0	0.0
0.0	0.0	0.0	0.0	2.980694055557251	0.0	1.1416041851043701	0.0	2.578902006149292	0.0	1.3771417140960693	0.0	0.4822605848312378	0.9820016622543335	0.44241639971733093	2.5192277431488037	0.834605872631073	0.9527190327644348	0.0	0.0	0.0	0.3853321373462677	0.0	0.32226425409317017	0.0	0.0	0.0	0.8455955982208252	0.0	0.34763455390930176	0.12429189682006836	2.47314715385437	0.0	0.0	0.0	0.0	1.6793097257614136	0.0	0.0	0.16102348268032074	0.0	0.0	0.0	2.403841733932495	0.0	0.0	2.1427645683288574	0.0	0.0	1.1324466466903687	0.0	0.0	0.0	1.7000778913497925	0.0	0.0	0.0	0.0	0.155473530292511	1.1567081212997437	0.0	0.0	0.0	0.3022906482219696	0.0	0.0	0.0	0.0	0.0	1.2572439908981323	0.7132748961448669	0.0	0.0	0.0	0.0	0.0	0.5146934390068054	0.0	0.0	0.0	0.0	0.0	0.19794970750808716	0.0	0.0	0.0	1.318122386932373	0.0	3.0147674083709717	0.0	0.0	0.9406723976135254	0.0	0.0	0.0	0.0	0.0	0.0	0.0	0.0	0.0	0.6508603096008301	0.0	1.2056541442871094	0.0	0.0	0.0	0.0	0.0	1.5479310750961304	0.0	0.0	0.0	0.0	0.0	0.0	0.5203064680099487	0.0	1.2145994901657104	0.0	0.0	1.3710390329360962	0.0	1.0112829208374023	1.1125845909118652	0.0	0.0	0.0	0.0	1.119020700454712	0.0	0.0	0.9550457000732422	0.0	0.0	1.059086799621582	0.9432666301727295	0.0	0.0	0.0	0.0	0.0	0.0	0.0	0.0	0.0	2.2375378608703613	0.0	0.0	0.0	0.0	0.23868638277053833	0.0	0.0	0.539027988910675	0.0	0.0	2.2991623878479004	0.0	0.0	0.0	0.0	0.0	0.8322017788887024	1.159877061843872	0.0	0.0	1.421648383140564	0.0	0.0	0.0	0.0	0.39835014939308167	0.0	0.0	2.616358518600464	1.0748891830444336	0.0	0.0	0.0	0.919730007648468	0.0	0.0	0.0	0.0	0.0	0.0	0.0	0.0	0.0	0.0	0.0	0.0	0.0	0.0	0.0	0.0	0.0	2.726452350616455	1.1341438293457031	0.0	1.4392319917678833	0.0	0.0	0.0	0.0	0.0	0.0	2.4458532333374023	0.0	1.7709665298461914	0.7922153472900391	0.0	0.0	1.1132513284683228	0.0	0.0	0.0	0.0	0.44028809666633606	1.0858263969421387	1.6619137525558472	0.0	0.0	0.0	0.7848465442657471	0.6263132095336914	0.4647427499294281	1.129294991493225	0.0	0.0	1.751348853111267	2.7147552967071533	0.0	0.0	0.0	0.0	0.0	2.501525402069092	0.0	0.0	0.0	2.3899729251861572	2.305518865585327	0.0	0.0	1.033762812614441	0.0	0.6689704656600952	0.9749352931976318	0.0	0.0	0.0	1.6993091106414795	0.0	0.0
0.0	0.0	0.0	0.07882485538721085	2.1002163887023926	0.0	0.8439145088195801	0.0	1.7429653406143188	0.16619358956813812	0.7599306106567383	0.0	0.221848264336586	2.083388328552246	1.0992525815963745	2.0880849361419678	0.34365129470825195	0.7518159747123718	0.0	0.0	0.0	0.21331605315208435	0.0	0.9585051536560059	0.0	0.0	0.0	0.4626244306564331	0.0	1.450632929801941	0.19992156326770782	0.8340364098548889	0.0	0.0	0.0	0.0	1.1018097400665283	0.0	0.0	0.5074378848075867	0.0	0.0	0.0	1.3079867362976074	0.0	0.0	0.28831997513771057	0.0	0.0	0.9839655756950378	0.0	0.0	0.0	0.0	0.5183984041213989	0.0	0.0	0.0	0.07857902348041534	0.21152342855930328	0.0	0.0	0.0	0.0	0.0	0.0	0.0	0.0	0.0	0.4295766055583954	1.316898226737976	0.0	0.0	0.0	0.0	0.0	0.5077399015426636	0.4643052816390991	0.0	0.4871223270893097	0.0	0.0	1.0059363842010498	0.0	0.0	0.0	1.3201488256454468	0.0	1.6428687572479248	0.0	0.0	0.8597586154937744	0.0	0.5278851985931396	0.0	0.0	0.0	0.44006651639938354	0.0	0.0	0.0	0.0	0.0	0.503614068031311	0.0	0.0	0.0	0.18436677753925323	0.0	0.494863361120224	0.0	0.0	0.0	0.0	0.0	0.0	1.6787859201431274	0.0	0.41686657071113586	0.0	0.0	2.0830817222595215	0.0	0.32576802372932434	0.006198725663125515	0.8834440112113953	0.0	0.0	0.0	0.41100165247917175	0.0	0.0	1.2971625328063965	0.0	0.0	1.842368245124817	1.6287314891815186	0.0	0.0	0.22877797484397888	0.0	0.0	0.0	1.4982770681381226	0.0	0.0	1.8953105211257935	0.0	0.0	0.0	0.0	0.0	0.0	0.0	0.3122616410255432	0.0	0.0	2.0819482803344727	0.0	0.0	0.06961097568273544	0.0	0.0	1.230770230293274	1.216282606124878	0.0	0.0	1.1734803915023804	0.0	0.0	0.0	0.0	0.7106298208236694	0.0	1.3203758001327515	1.0307427644729614	0.3941667377948761	0.0	0.0	0.0	1.6880533695220947	0.0	0.0	0.0	0.4949480891227722	0.0	0.0	0.0	0.0	0.0	0.0	0.0	0.0	0.0	0.8444510102272034	0.0	0.0	0.0	1.5809439420700073	1.1935462951660156	0.0	0.8627642393112183	0.0	0.0	0.0	0.0	0.0	0.0	1.6202853918075562	0.0	1.6763843297958374	1.0002474784851074	0.0	0.0	0.22901012003421783	0.0	0.0	0.0	0.0	0.04973609000444412	0.0	1.2905241250991821	0.0	0.0	0.0	0.1521228551864624	1.1226221323013306	0.5717713832855225	0.837830662727356	0.0	0.0	0.9520654082298279	1.9354861974716187	0.0	0.0	0.0	0.0	0.0	2.3280844688415527	0.0	0.0	0.0	0.8751211762428284	0.9378080368041992	0.0	0.0	2.097200632095337	0.0	0.0	1.0641602277755737	0.0	0.0	0.0	0.5618016123771667	0.0	0.0
0.0	0.0	0.0	0.0	2.3303463459014893	0.0	1.9452441930770874	0.0	2.095827341079712	1.150830864906311	0.0	0.0	0.5795587301254272	2.2844343185424805	0.8995857834815979	1.6921371221542358	0.35690778493881226	0.4538070857524872	0.010172616690397263	0.0	0.0	1.1971070766448975	0.0	1.156777024269104	0.0	0.0	0.21829965710639954	0.6096848249435425	0.22967059910297394	1.4377435445785522	0.40084633231163025	1.9180420637130737	0.0	0.0	0.0	0.0	0.919293999671936	0.0	1.5958665609359741	0.7389576435089111	0.0	0.0	0.0	1.5094226598739624	0.0	0.0	0.04195568338036537	0.0	0.0	1.0710914134979248	0.0	0.0	0.0	0.9811816811561584	0.6009525060653687	0.0	0.0	0.0822300910949707	0.7175108790397644	1.014728307723999	0.0	0.0	0.0	0.15796616673469543	0.0	0.0	0.0	0.0	0.0	1.4213663339614868	0.7310848832130432	0.0	0.0	0.0	0.0	0.0	0.0	0.8042978048324585	0.0	0.743442177772522	0.0	0.0	0.2681431472301483	0.0	0.4957939088344574	0.0	1.9014626741409302	0.0	1.0445908308029175	0.0	0.0	1.0604703426361084	0.0	0.89034503698349	0.0	0.0	0.0	0.0	0.0	0.0	0.0	0.282719224691391	0.0	1.4416254758834839	0.0	0.0	0.0	0.29080936312675476	0.0	0.0	0.0	0.0	0.0	0.0	0.0	0.0	0.9872063398361206	0.0	0.20553629100322723	0.0	0.0	1.8053641319274902	0.0	1.208264708518982	0.0	0.18647105991840363	0.0	0.0	0.0	0.0	0.0	0.0	1.1325230598449707	0.0	0.0	0.33415040373802185	1.324330449104309	0.0	0.0	0.7478571534156799	0.0	0.0	0.0	0.23833929002285004	0.0	0.0	0.649742841720581	0.0	0.0	0.0	0.0	0.13919448852539062	0.0	0.0	0.7484152317047119	0.0	0.0	1.7343634366989136	0.0	0.0	0.6832039952278137	0.0	0.24144524335861206	0.0	1.6599786281585693	0.0	0.7047271728515625	1.5040645599365234	0.0	0.0	0.0	0.0	0.7404743432998657	0.0	0.7328138947486877	1.7193424701690674	0.30772972106933594	0.0	0.0	0.0	1.4312134981155396	0.0020507045555859804	0.0	0.0	0.9046205282211304	0.0	0.0	0.0	0.0	0.0	0.0	0.0	0.0	0.0	0.9845045208930969	0.0	0.46931198239326477	0.0	2.0574753284454346	1.6296651363372803	0.0	0.0	0.0	0.0	0.0	0.0	0.0	0.0	1.4409897327423096	0.0	1.1592180728912354	0.09451908618211746	0.0	0.0	1.4146052598953247	0.0	0.0	0.0	0.0	0.7292312979698181	0.0	0.9659811854362488	0.0	0.0	0.0	1.0116339921951294	0.32505810260772705	0.8238837718963623	0.9987967014312744	0.0	0.0	0.41238176822662354	2.281752347946167	0.0	0.0	0.0	0.0	0.0	1.9941736459732056	0.0	0.0	0.0	1.3203970193862915	0.14437414705753326	0.0	0.0	1.2637046575546265	0.0	0.9734702706336975	1.5728400945663452	0.0	0.0	0.0	0.5431023836135864	0.0	0.0
0.0	0.0	0.0	0.0	2.554687261581421	0.0	1.005434274673462	0.0	2.1752004623413086	0.3577749729156494	0.3101887106895447	0.0	0.06594584137201309	2.009977102279663	0.530823290348053	1.8262269496917725	0.2344379872083664	0.7899908423423767	0.0	0.22327730059623718	0.0	0.0	0.0	1.047073483467102	0.0	0.0	0.13799341022968292	0.7396752238273621	0.0	1.6415833234786987	0.4130287766456604	1.1501595973968506	0.0	0.0	0.0	0.0	1.1150034666061401	0.0	0.0	0.3523326814174652	0.0	0.0	0.0	1.5201181173324585	0.0	0.0	0.5012715458869934	0.0	0.0	1.1456034183502197	0.0	0.0	0.0	0.4349435865879059	0.0	0.0	0.0	0.0	0.0	0.22477325797080994	0.0	0.0	0.0	0.007858616299927235	0.0	0.0	0.0	0.0	0.0	1.281100869178772	0.7050796747207642	0.0	0.0	0.0	0.0	0.0	0.5757819414138794	0.0	0.0	0.6878015995025635	0.0	0.0	0.3192199766635895	0.0	0.2901831865310669	0.0	1.5213321447372437	0.0	1.2847939729690552	0.0	0.0	0.8147025108337402	0.0	0.3404136598110199	0.0	0.0	0.0	1.0005488395690918	0.0	0.0	0.0	0.021101197227835655	0.0	0.3236101567745209	0.0	0.0	0.0	0.8941024541854858	0.0	0.7771521210670471	0.0	0.0	0.0	0.0	0.0	0.0	1.570921540260315	0.0	0.5487914085388184	0.0	0.5292749404907227	2.1529409885406494	0.0	0.4633384943008423	0.0	1.0759679079055786	0.0	0.0	0.0	1.1809022426605225	0.0	0.0	1.3957675695419312	0.0	0.0	1.698456883430481	1.6393860578536987	0.0	0.0	0.0	0.0	0.0	0.0	0.127885103225708	0.0	0.0	2.2177932262420654	0.0	0.0	0.0	0.0	0.0	0.0	0.0	0.19486749172210693	0.0	0.0	2.370861530303955	0.0	0.0	0.33255723118782043	0.0	0.04340394213795662	1.0909372568130493	0.7849220037460327	0.0	0.0	1.1178539991378784	0.0	0.0	0.0	0.0	0.3677220046520233	0.0	0.0	1.4653857946395874	0.48219117522239685	0.0	0.0	0.0	1.6376417875289917	0.0	0.0	0.0	0.06543362140655518	0.0	0.0	0.0	0.0	0.0	0.0	0.0	0.0	0.0	0.9905802011489868	0.0	0.0	0.0	2.892659902572632	1.3080976009368896	0.0	0.0	0.0	0.0	0.0	0.0	0.0	0.0	2.5680863857269287	0.0	2.188518524169922	1.6919201612472534	0.0	0.0	0.19256702065467834	0.0	0.0	0.0	0.0	0.0	0.0	2.129389524459839	0.0	0.0	0.0	0.060882434248924255	1.068892240524292	0.5556581020355225	1.0257376432418823	0.0	0.0	1.4242112636566162	2.439906597137451	0.0	0.0	0.0	0.0	0.0	2.5143251419067383	0.0	0.0	0.0	1.722446322441101	1.196189522743225	0.0	0.0	1.3255327939987183	0.0	0.44887933135032654	1.0466201305389404	0.0	0.0	0.0	1.1100319623947144	0.0	0.0
0.0	0.0	0.0	0.0	3.1468377113342285	0.0	0.0022313070949167013	0.0	1.4356433153152466	0.07322153449058533	1.0749119520187378	0.0	0.0	0.2605780065059662	0.8577842116355896	1.0666697025299072	0.9889088869094849	0.0	0.0	0.0	0.0	0.3378535807132721	0.0	0.34899407625198364	0.0	0.0	0.0	1.7040114402770996	0.0	0.0	0.0	2.420508623123169	0.0	0.0	0.0	0.15124563872814178	0.5762939453125	0.0	0.21038027107715607	0.0	0.0	0.0	0.0	1.7685190439224243	0.0	0.0	1.6372809410095215	0.0	0.0	1.4746425151824951	0.0	0.0	0.0	0.7140887379646301	0.0	0.0	0.0	0.0	1.1014467477798462	0.7882328033447266	0.0	0.0	0.0	0.05077695474028587	0.0	0.0	0.0	0.0	0.0	0.4622962474822998	0.8020229339599609	0.0	0.0	0.3529292941093445	0.0	0.0	0.0	0.243965283036232	0.0	0.0	0.0	0.0	0.0	0.0	0.0	0.0	0.3394937813282013	0.0	1.939560055732727	0.0	0.0	0.40388357639312744	0.0	0.7455270290374756	0.0	0.0645863488316536	0.0	0.0	0.0	0.0	0.0	1.0374298095703125	0.0	0.6682087182998657	0.0	0.0	0.0	0.6764054298400879	0.0	1.3060873746871948	0.0	0.0	0.0	0.0	0.0	0.0	0.21267539262771606	0.0	1.2647895812988281	0.0	0.0	0.0	0.0	1.5125457048416138	1.1926558017730713	0.6365143060684204	0.0	0.0	0.0	1.2742050886154175	0.0	0.0	1.233054280281067	0.0	0.0	1.2808383703231812	1.4505598545074463	0.0	0.0	0.0	0.0	0.0	0.0	0.0	0.0	0.0	0.3800048828125	0.0	0.0	1.6525070667266846	0.0	0.6758748292922974	0.0	0.0	0.35236021876335144	0.0	0.0	1.8753390312194824	0.0	0.0	0.7189822793006897	0.0	0.0	0.4323003888130188	1.3239905834197998	0.0	0.2644210755825043	1.2461644411087036	0.0	0.0	0.0	0.0	0.0	0.0	0.0	2.124959945678711	1.1146084070205688	0.0	0.0	0.0	0.1947837918996811	0.0	0.0	0.0	0.0	0.0	0.0	0.0	0.0	0.0	0.0	0.0	0.0	0.0	0.0	0.0	0.031803712248802185	0.0	0.8653706312179565	0.6003197431564331	0.0	0.6513897776603699	0.0	0.0	0.0	0.0	0.0	0.0	1.3036106824874878	0.0	0.7912424206733704	0.9462698101997375	0.0	0.0	0.3478788137435913	0.0	0.0	0.0	0.0	0.12054182589054108	0.4367090165615082	0.8321560025215149	0.0	0.0	0.0	0.9217285513877869	1.1604094505310059	0.049789875745773315	0.0	0.0	0.0	1.2857961654663086	2.1693038940429688	0.0	0.0	0.0	0.0	0.0	1.6913655996322632	0.0	0.0	0.0	0.6714457273483276	1.1632071733474731	0.24826067686080933	0.0	2.0529487133026123	0.0	0.92606121301651	0.04868992045521736	0.0	0.0	0.0	1.604971170425415	0.0	0.0
0.0	0.0	0.0	0.24158109724521637	1.8459221124649048	0.0	2.242060422897339	0.0	1.8769667148590088	1.1479872465133667	0.0	0.0	1.5253868103027344	1.8498636484146118	0.8255378007888794	1.2009588479995728	0.0	1.8256250619888306	1.8000582456588745	0.6944735646247864	0.0	2.2258713245391846	0.0	1.0314689874649048	0.0	0.0	0.5698273181915283	0.4795632064342499	0.29674893617630005	1.727158784866333	0.23385711014270782	0.5399937033653259	0.0	1.3334821462631226	0.0	0.0	2.613804817199707	0.0	1.870177149772644	1.735207200050354	0.0	0.0	0.0	0.0	0.0	0.0	0.12784495949745178	0.0	0.0	0.0	0.0	0.0	0.0	1.203382968902588	1.8079310655593872	0.0	0.0	0.0	0.8322354555130005	1.1635138988494873	0.0	0.0	0.0	0.2205062359571457	0.0	0.0	0.0	0.0	0.0	2.860649585723877	0.7613988518714905	0.0	0.0	0.0	0.0	0.0	0.5351133942604065	1.123369574546814	0.0	0.44791221618652344	0.0	0.0	0.6824771165847778	0.12498638778924942	0.7720170021057129	0.0	2.759049654006958	0.0	0.5494296550750732	0.0	0.0	2.3402979373931885	0.0	2.3575429916381836	0.0	0.0	0.21314579248428345	0.0	0.0	0.0	0.0	0.0	0.0	1.8128377199172974	0.0	0.0	0.0	0.0	0.0	0.0	0.0	0.0	0.0	0.0	0.0	0.0	0.9694206714630127	0.0	0.0	0.0	0.0	1.2092357873916626	0.0	0.7881956100463867	0.33154329657554626	0.0	0.0	0.0	0.0	0.0	0.0	0.0	0.8344825506210327	0.0	0.0	0.9593880772590637	1.504509687423706	0.0	0.0	0.7954996228218079	0.0	0.0	0.0	0.6950891017913818	0.0	0.0	1.0145031213760376	0.0	0.0	0.0	0.0	0.0	0.0	0.0	1.964881420135498	0.0	0.0	1.2447733879089355	0.0	0.0	1.3717869520187378	0.0	0.566546618938446	0.0	1.4315836429595947	0.0	0.3117256164550781	0.5085613131523132	0.0	0.0	0.0	0.0	1.504028081893921	0.0	0.8576920628547668	1.041690707206726	0.0	0.0	0.0	0.0	1.1336493492126465	0.44868892431259155	0.0	0.0	1.9123748540878296	0.0	0.0	0.0	0.0	0.0	0.0	0.0	0.0	0.0	1.7942475080490112	0.0	1.1391830444335938	0.0	1.4410227537155151	2.118818521499634	0.0	0.0	0.0	0.0	0.0	0.0	0.0	0.0	1.0036786794662476	0.0	0.0	0.0	0.0	0.0	0.5361160635948181	0.0	0.0	0.0	0.8117853403091431	0.9707516431808472	0.0	0.3666399121284485	0.0	0.0	0.0	2.304910182952881	0.1783372312784195	1.6538602113723755	2.2666869163513184	0.0	0.0	0.0	0.9023619890213013	0.0	0.0	0.0	0.0	0.0	1.2721972465515137	0.0	0.0	0.0	2.09006667137146	0.23776648938655853	1.7020481824874878	0.0	0.7464863657951355	0.0	0.5706444978713989	2.2951176166534424	0.0	0.0	0.0	0.0	0.0	0.0
0.0	0.0	0.0	0.0	2.436110258102417	0.0	0.45532259345054626	0.0	1.8346092700958252	0.0	0.9488593935966492	0.0	0.5529630780220032	1.1419905424118042	0.8291463255882263	2.028489112854004	0.5589465498924255	1.1330350637435913	0.0	0.0	0.0	0.000408786756452173	0.0	0.0	0.0	0.0	0.40349438786506653	0.0	0.0	1.1614028215408325	0.3359561264514923	0.3573347330093384	0.0	0.057747162878513336	0.0	0.0	0.6449534893035889	0.0	0.0	0.48730701208114624	0.0	0.0	0.0	1.2747995853424072	0.0	0.0	1.0169566869735718	0.0	0.0	1.6375237703323364	0.0	0.0	0.0	0.9168957471847534	0.0	0.0	0.0	0.0	0.1843366026878357	0.725579559803009	0.0	0.0	0.0	0.0	0.0	0.0	0.0	0.0	0.0	0.5727434754371643	0.5930028557777405	0.0	0.0	0.0	0.0	0.0	0.666778028011322	0.5311334729194641	0.0	0.0	0.0	0.0	0.4068666994571686	0.0	0.0	0.0	0.6680230498313904	0.0	2.060995578765869	0.0	0.0	0.8237113356590271	0.0	0.0	0.0	0.0	0.0	0.054273590445518494	0.0	0.0	0.0	0.8361097574234009	0.0	0.6211928129196167	0.0	0.0	0.13444317877292633	0.0	0.0	1.1030064821243286	0.0	0.0	0.0	0.0	0.9034976959228516	0.0	0.7949718236923218	0.0	0.5215178728103638	0.0	0.0	1.214958906173706	0.0	0.412970632314682	0.4329395890235901	0.8116691708564758	0.0	0.0	0.0	1.0772665739059448	0.10893632471561432	0.0	1.137791633605957	0.0	0.0	1.5359128713607788	1.6277143955230713	0.0	0.0	0.1928388774394989	0.0	0.0	0.0	0.003989101387560368	0.0	0.0	2.2438368797302246	0.0	0.0	0.5624517202377319	0.0	0.20199938118457794	0.0	0.0	0.0	0.0	0.0	2.4538357257843018	0.0	0.0	0.0	0.0	0.06592278182506561	0.568655788898468	0.6518288254737854	0.0	0.0	1.3542290925979614	0.0	0.0	0.0	0.0	0.3328041434288025	0.0	0.42868080735206604	1.4520267248153687	0.2680788040161133	0.0	0.0	0.0	1.13139808177948	0.0	0.0	0.0	0.13630232214927673	0.0	0.0	0.0	0.0	0.0	0.0	0.0	0.0	0.0	0.24589718878269196	0.0	0.0	0.0	1.5732368230819702	0.3077995181083679	0.0	1.1757566928863525	0.0	0.0	0.0	0.0	0.0	0.0	1.287558674812317	0.0	1.3001611232757568	1.0244983434677124	0.0	0.0	0.8658018112182617	0.0	0.0	0.0	0.0	0.0	0.3954016864299774	1.3867183923721313	0.0	0.0	0.0	0.7475753426551819	0.5399436950683594	0.5447728633880615	0.6288793683052063	0.0	0.0	0.5375424027442932	2.154303550720215	0.0	0.0	0.0	0.0	0.0	1.8727189302444458	0.0	0.0	0.0	1.4188717603683472	1.875408411026001	0.0	0.0	0.849139392375946	0.0	0.0	0.08302336931228638	0.0	0.0	0.0	1.6648812294006348	0.0	0.0
0.0	0.0	0.0	0.0	1.5016790628433228	0.0	0.9317893981933594	0.0	0.9580515027046204	0.38149791955947876	0.0	0.0	1.1672691106796265	0.0	0.9000043869018555	0.5713638663291931	0.0	0.5658354759216309	0.32804766297340393	0.0	0.0	2.2778217792510986	0.0	0.014333081431686878	0.0	0.0	0.5297225117683411	2.2038590908050537	0.0	0.4360429644584656	0.0	1.2528642416000366	0.0	0.28532594442367554	0.0	0.0	2.172004461288452	0.0	1.1201181411743164	0.05410701036453247	0.0	0.0	0.0	0.5237196683883667	0.0	0.0	0.8984652161598206	0.0	0.0	0.16297943890094757	0.0	0.0	0.0	1.4864766597747803	1.1524590253829956	0.0	0.0	0.0	1.6839194297790527	1.0145138502120972	0.0	0.0	0.0	0.5624738335609436	0.0	0.0	0.0	0.0	0.0	1.823072910308838	0.05348200350999832	0.0	0.0	0.0	0.0	0.0	0.0	0.4487536549568176	0.0	0.0	0.0	0.0	0.0	0.5704827904701233	0.39630112051963806	0.0	1.9025230407714844	0.0	0.8795533180236816	0.0	0.0	1.6797120571136475	0.0	1.951540470123291	0.0	0.5315314531326294	0.0	0.0	0.0	0.0	0.0	0.2989068329334259	0.0	2.4886398315429688	0.0	0.0	0.0	0.0	0.0	0.15090318024158478	0.0	0.0	0.0	0.0	0.0	0.0	0.0	0.0	0.08042687177658081	0.0	0.0	0.0	0.0	1.5041059255599976	1.2821441888809204	0.0	0.0	0.0	0.0	0.0	0.0	0.0	0.7139015197753906	0.0	0.0	0.5634660124778748	1.2454530000686646	0.0	0.0	1.4868474006652832	0.0	0.0	0.0	0.0	0.0	0.0	0.055748891085386276	0.0	0.0	0.0029454249888658524	0.0	0.0	0.0	0.0	1.7012887001037598	0.0	0.0	1.3950376510620117	0.0	0.0	1.2853703498840332	0.3018932044506073	0.0	0.0	2.358370304107666	0.0	1.5379669666290283	0.8740533590316772	0.0	0.0	0.0	0.0	0.9326772093772888	0.0	0.0	1.4698290824890137	0.0	0.0	0.0	0.0	0.0	0.1511530727148056	0.0	0.0	0.3617459833621979	0.0	0.0	0.0	0.0	0.0	0.0	0.0	0.0	0.0	0.07321622222661972	0.0	1.0758240222930908	0.0	1.0887629985809326	1.0283859968185425	0.0	0.0	0.0	0.0	0.0	0.0	0.0	0.0	0.33078891038894653	0.0	0.0	0.0	0.0	0.0	0.3070143461227417	0.0	0.0	0.0	0.1545403152704239	0.6367446184158325	0.008481503464281559	0.3914104700088501	0.0	0.0	0.0	1.9098511934280396	0.08887919783592224	0.3235316276550293	0.7020024061203003	0.0	0.0	0.23992149531841278	1.838454246520996	0.0	0.0	0.0	0.0	0.0	0.9975370168685913	0.0	0.0	0.0	1.6318275928497314	0.0	1.508919358253479	0.0	0.43865376710891724	0.0	1.910309910774231	0.825937032699585	0.0	0.0	0.0	0.21615852415561676	0.0	0.0
0.0	0.0	0.0	0.0	3.52420973777771	0.0	0.9181302189826965	0.0	1.8191267251968384	0.09683198481798172	0.6766307353973389	0.0	0.0	1.3655469417572021	1.3263543844223022	1.698736548423767	0.525079607963562	0.0	0.0	0.0	0.0	0.8346197605133057	0.0	0.9219333529472351	0.0	0.0	0.0	1.3781577348709106	0.0	0.8013441562652588	0.0	1.3149573802947998	0.0	0.0	0.0	0.0	1.0549256801605225	0.0	0.3973120450973511	0.0	0.0	0.0	0.0	2.0006349086761475	0.0	0.0	0.10874798893928528	0.0	0.0	1.455693244934082	0.0	0.0	0.0	0.0	0.06799265742301941	0.0	0.0	0.0	0.0	0.12442884594202042	0.0	0.0	0.0	0.0566864050924778	0.0	0.0	0.0	0.0	0.0	0.0	1.6346850395202637	0.0	0.0	0.4027358889579773	0.0	0.0	0.0	2.1825363636016846	0.0	0.0	0.0	0.0	0.35225027799606323	0.0	0.0	0.0	1.1793181896209717	0.0	1.6034491062164307	0.0	0.0	0.4672675132751465	0.0	0.9879999160766602	0.0	0.0	0.0	0.0	0.0	0.0	0.0	0.7557000517845154	0.0	0.44986721873283386	0.0	0.0	0.0	1.248079776763916	0.0	0.3229484558105469	0.0	0.0	0.0	0.0	0.0	0.0	1.7910224199295044	0.0	0.7170456051826477	0.0	0.0	1.2681833505630493	0.0	0.754391610622406	0.18804866075515747	1.963221788406372	0.0	0.0	0.0	1.3650283813476562	0.0	0.0	1.1048097610473633	0.0	0.0	2.8593263626098633	1.6376168727874756	0.0	0.0	0.0	0.0	0.0	0.0	0.0	0.0	0.0	1.705406904220581	0.0	0.0	0.0	0.0	1.449735403060913	0.0	0.0	0.22537961602210999	0.0	0.0	2.7463560104370117	0.0	0.0	0.23011372983455658	0.3299715518951416	0.0	0.6784884333610535	1.9253358840942383	0.0	0.0	2.0680127143859863	0.0	0.0	0.0	0.0	0.31809183955192566	0.0	0.0	2.239530563354492	1.5633845329284668	0.0	0.0	0.0	1.5060876607894897	0.0	0.0	0.0	0.3600102365016937	0.0	0.0	0.0	0.0	0.0	0.0	0.0	0.0	0.0	0.26877591013908386	0.0	0.0	0.0	2.148533344268799	0.7211936116218567	0.0	0.19800041615962982	0.0	0.0	0.0	0.0	0.0	0.0	2.2913923263549805	0.0	2.493385076522827	1.5924036502838135	0.0	0.0	0.6066687107086182	0.0	0.0	0.0	0.0	0.099210724234581	0.14596590399742126	1.5655580759048462	0.0	0.0	0.0	0.554638683795929	1.917984127998352	0.7423286437988281	0.0	0.0	0.0	2.5359599590301514	4.155089855194092	0.0	0.0	0.0	0.0	0.0	2.796842098236084	0.0	0.0	0.0	0.5849704146385193	0.9704998731613159	0.0	0.0	3.275097370147705	0.0	0.6955745220184326	0.46573197841644287	0.0	0.0	0.0	1.6772428750991821	0.0	0.0
0.0	0.0	0.0	0.0	1.0884933471679688	0.0	1.0330709218978882	0.0	0.798068642616272	0.7429443001747131	0.0	0.0	0.4753014147281647	0.9166730046272278	0.13063445687294006	0.6451928615570068	0.0	0.5070127248764038	0.10731292515993118	0.3015937805175781	0.6059715151786804	0.18537160754203796	0.0	1.0474215745925903	0.0	0.0	0.4558486044406891	1.1749348640441895	0.0	0.8655651211738586	0.2029235064983368	1.3966429233551025	0.0	0.7531484365463257	0.0	0.858954131603241	0.7118134498596191	0.0	0.6087804436683655	0.6034786105155945	0.0	0.0	0.0	0.11438660323619843	0.0	0.0	0.0	0.0	0.0	0.38623642921447754	0.0	0.0	0.0	0.15699833631515503	0.07823818922042847	0.0	0.0	0.23384952545166016	0.9723469018936157	0.07202023267745972	0.0	0.0	0.0	1.0667719841003418	0.0	0.0	0.0	0.0	0.0	0.9090165495872498	0.7748093605041504	0.0	0.0	0.0	0.0	0.0	0.6991180181503296	0.0	0.0	0.9851721525192261	0.0	0.0	0.0	0.0	0.8960044980049133	0.0	1.2678074836730957	0.0	0.7032475471496582	0.0	0.0	1.5058759450912476	0.0	0.7567965984344482	0.0	0.0	0.48345693945884705	1.1087911128997803	0.0	0.31909802556037903	0.0	0.0	0.0	0.9191189408302307	0.0	0.0	0.14248672127723694	0.0	0.0	0.0	0.0	0.0	0.0	0.0	0.0	0.0	1.045971155166626	0.0	0.22660493850708008	0.0	0.5203424692153931	0.917865514755249	0.0	0.4314188063144684	0.0	0.4695773720741272	0.0	0.0	0.0	0.0451422780752182	0.23568813502788544	0.0	0.35646700859069824	0.0	0.0	0.0	1.0014572143554688	0.0	0.0	0.5102882981300354	0.0	0.0	0.0	0.6740046143531799	1.1391422748565674	0.0	0.8379071354866028	0.0	0.0	0.0	0.0	0.0	0.0	0.0	0.999809205532074	0.0	0.0	0.8723883032798767	0.0	0.0	0.9506826400756836	0.0	0.3414927124977112	1.0745912790298462	1.2507051229476929	0.0	0.42178910970687866	0.9275411367416382	0.0	0.0	0.0	0.0	0.7056346535682678	0.0	0.8566473722457886	0.052042827010154724	0.0	0.0	0.0	0.09760293364524841	0.8600549101829529	0.24428172409534454	0.0	0.0	0.5952330231666565	0.0	0.0	0.0	0.0	0.0	0.0	0.0	0.0	0.0	0.8141822218894958	0.0	0.5332282781600952	0.0	0.9992375373840332	1.4015095233917236	0.0	0.0	0.0	0.0	0.0	0.0	0.0	0.0	1.3606393337249756	0.0	0.9261659979820251	0.6867279410362244	0.6914527416229248	0.0	0.0	0.0	0.0	0.0	0.03380073979496956	0.8994511961936951	0.0	0.47223320603370667	0.0	0.0	0.0	0.5711936950683594	0.9689778089523315	0.2898929715156555	1.0287561416625977	0.0	0.0	0.0	1.2426066398620605	0.5589401721954346	0.0	0.0	0.0	0.0	0.4457675814628601	0.0	0.0	0.0	0.984095573425293	0.0	0.4968986213207245	0.0	0.7898617386817932	0.0	1.3327522277832031	1.099602222442627	0.0	1.1582468748092651	0.0	0.0	0.0	0.0
0.0	0.0	0.0	0.08633758872747421	1.480449914932251	0.0	0.9686207175254822	0.0	1.4413385391235352	0.6875562071800232	0.0	0.0	0.7828044295310974	1.0294052362442017	1.0923339128494263	0.6914345026016235	0.0	0.6340612173080444	0.4991844892501831	0.09922603517770767	0.0	1.5451067686080933	0.0	0.4090381860733032	0.0	0.0	0.6772558093070984	1.8213884830474854	0.4619545340538025	1.016939640045166	0.0	1.3290785551071167	0.0	0.4564575254917145	0.0	0.0	1.9879599809646606	0.0	1.1265264749526978	0.7892879843711853	0.0	0.0	0.0	0.5805696249008179	0.0	0.0	0.0	0.0	0.0	0.43863582611083984	0.0	0.0	0.0	0.7779088020324707	0.465147465467453	0.0	0.0	0.0	0.9594475030899048	0.6501063704490662	0.0	0.0	0.0	0.32879555225372314	0.0	0.0	0.0	0.0	0.0	1.1590617895126343	0.9521335959434509	0.0	0.0	0.0	0.0	0.0	0.07571928948163986	1.067521095275879	0.0	0.3891751766204834	0.0	0.0	0.0	0.5287919044494629	0.8925054669380188	0.0	1.3649054765701294	0.0	1.2980765104293823	0.0	0.0	1.452836513519287	0.0	1.2434085607528687	0.0	0.15179656445980072	0.0	0.0	0.0	0.0	0.0	0.36022481322288513	0.0	1.7711368799209595	0.0	0.0	0.0	0.0	0.0	0.20146320760250092	0.0	0.0	0.0	0.0	0.0	0.0	0.31551769375801086	0.0	0.046625714749097824	0.0	0.0	0.43132248520851135	0.0	0.6645281910896301	0.621040403842926	0.7562885284423828	0.0	0.0	0.0	0.0	0.0	0.0	0.6362031102180481	0.0	0.0	1.0708266496658325	1.3203216791152954	0.0	0.0	0.0	0.0	0.0	0.0	0.0	0.0	0.0	0.5488740801811218	0.0	0.0	1.1242811679840088	0.0	0.0	0.0	0.0	0.9277940988540649	0.0	0.0	2.167661428451538	0.0	0.0	0.6644914746284485	0.0	0.1939944326877594	0.15091358125209808	1.6398046016693115	0.0	0.0	1.6978728771209717	0.0	0.0	0.0	0.0	0.790205180644989	0.0	0.09665685892105103	1.007215976715088	0.0	0.0	0.0	0.0	0.8535136580467224	0.08976297825574875	0.0	0.0	0.87165367603302	0.0	0.0	0.0	0.0	0.0	0.0	0.0	0.0	0.0	0.7761883735656738	0.0	1.1797422170639038	0.0	1.6791338920593262	1.025505781173706	0.0	0.0	0.0	0.0	0.0	0.0	0.0	0.0	1.177475929260254	0.0	0.8231070637702942	0.13365793228149414	0.0	0.0	0.7223023772239685	0.0	0.0	0.0	0.5766822695732117	0.7295807600021362	0.0	0.8000820875167847	0.0	0.0	0.0	1.672165036201477	0.14384658634662628	1.0406228303909302	1.01693856716156	0.0	0.0	0.8783302903175354	1.626100778579712	0.06331895291805267	0.0	0.0	0.0	0.0	1.5206027030944824	0.0	0.0	0.0	0.9676435589790344	0.3756147027015686	1.025059461593628	0.0	1.4366955757141113	0.0	1.3664494752883911	0.7074914574623108	0.0	0.0	0.0	0.8328399062156677	0.0	0.0
0.0	0.0	0.0	0.0	2.1598479747772217	0.0	0.8361340761184692	0.0	0.7374813556671143	0.9338889718055725	0.0	0.0	0.8542040586471558	0.5416377186775208	0.4427297115325928	0.13353180885314941	0.11126361042261124	0.16517996788024902	0.0	0.5754877924919128	0.0	1.1248772144317627	0.0	0.5729672312736511	0.0	0.0	0.42605629563331604	1.9393541812896729	0.0	0.5229541063308716	0.0	1.1860100030899048	0.0	0.8985471725463867	0.0	0.08702729642391205	2.0432138442993164	0.0	0.5405305027961731	0.21511322259902954	0.0	0.0	0.0	0.601197361946106	0.0	0.0	0.0	0.0	0.0	0.6449576616287231	0.0	0.0	0.0	0.08605548739433289	1.5076525211334229	0.0	0.0	0.0	0.9136220216751099	0.5575329661369324	0.0	0.0	0.0	0.991040825843811	0.0	0.0	0.0	0.0	0.0	1.5700520277023315	0.9581834077835083	0.0	0.0	0.0	0.0	0.0	0.7655790448188782	1.5149166584014893	0.0	0.41446828842163086	0.0	0.0	0.0	0.0	0.4677111506462097	0.0	1.7226818799972534	0.0	0.0	0.0	0.0	1.1984485387802124	0.0	2.3411290645599365	0.0	0.28511112928390503	0.0	0.2226942926645279	0.0	0.0	0.0	0.05789000540971756	0.0	1.316813349723816	0.0	0.0	0.0	0.0	0.0	0.0	0.0	0.0	0.0	0.0	0.0	0.0	0.6248244047164917	0.0	0.038336846977472305	0.0	0.0	0.6071198582649231	0.0	1.6106935739517212	0.0	0.3148212134838104	0.0	0.0	0.0	0.0	0.0	0.0	0.2756497859954834	0.0	0.0	0.3398536741733551	1.1472327709197998	0.0	0.0	1.3372153043746948	0.0	0.0	0.0	0.6225951313972473	0.0	0.0	0.2078431099653244	0.0	0.0	0.0	0.0	0.0	0.0	0.0	1.4166887998580933	0.0	0.0	0.934881329536438	0.0	0.0	1.2761651277542114	0.5225732326507568	0.2550826072692871	0.35814934968948364	1.8261830806732178	0.0	0.7025619745254517	0.8414865732192993	0.0	0.0	0.0	0.0	0.0	0.0	0.011477818712592125	0.8718640208244324	0.0	0.0	0.0	0.0	0.5284668803215027	0.0	0.0	0.0	0.7932427525520325	0.0	0.0	0.0	0.0	0.0	0.0	0.0	0.0	0.0	0.4680018126964569	0.0	0.843529462814331	0.0	0.9271541237831116	2.3166110515594482	0.0	0.0	0.0	0.0	0.0	0.0	0.0	0.0	0.9457665085792542	0.0	0.7433246374130249	0.266497403383255	0.0	0.0	0.0	0.0	0.0	0.0	0.0	0.7705585956573486	0.0	0.3408891260623932	0.0	0.0	0.0	1.245414137840271	1.172072172164917	0.5152153372764587	0.8228121995925903	0.0	0.0	0.3537294566631317	1.3159297704696655	0.0	0.0	0.0	0.0	0.0	0.4825155436992645	0.0	0.0	0.0	0.7542208433151245	0.1047070100903511	1.3411426544189453	0.0	0.8418024182319641	0.0	1.3686720132827759	0.7925305962562561	0.0	0.49139922857284546	0.0	0.9178410172462463	0.0	0.0
0.0	0.0	0.0	0.268278032541275	1.799729347229004	0.0	2.457261562347412	0.0	1.4894686937332153	1.9034464359283447	0.0	0.0	1.8393689393997192	1.5868557691574097	1.3565505743026733	0.8821273446083069	0.0	0.8576126098632812	0.5976518392562866	0.6990415453910828	0.0	2.2271087169647217	0.0	1.8889254331588745	0.0	0.0	1.8760857582092285	1.5931215286254883	1.0436244010925293	1.7887086868286133	0.1291320025920868	0.6646401882171631	0.0	1.2986068725585938	0.0	0.0543561615049839	2.74965763092041	0.0	1.5998929738998413	1.5697871446609497	0.0	0.0	0.0	0.0	0.0	0.0	0.0	0.0	0.0	0.6072311401367188	0.0	0.0	0.0	0.9581518769264221	1.7949481010437012	0.0	0.0	0.7713544964790344	1.5518707036972046	0.8132051229476929	0.0	0.0	0.0	0.45631104707717896	0.0	0.0	0.0	0.0	0.0	1.9300312995910645	0.8659985661506653	0.0	0.0	0.0	0.0	0.0	0.625429630279541	1.814794659614563	0.0	0.9522183537483215	0.0	0.0	0.5736489295959473	0.6544257998466492	1.2946830987930298	0.0	2.498863697052002	0.0	0.6015374660491943	0.0	0.0	2.007406711578369	0.0	2.352447986602783	0.0	0.5383948087692261	0.017957063391804695	0.04233594983816147	0.0	0.0	0.0	0.0	0.0	2.0872271060943604	0.0	0.0	0.0	0.0	0.0	0.0	0.0	0.0	0.0	0.0	0.0	0.11679520457983017	1.0344047546386719	0.0	0.0	0.0	0.0	0.5017866492271423	0.0	1.0517046451568604	0.22740024328231812	0.25536736845970154	0.0	0.0	0.0	0.0	0.0	0.0	1.6703852415084839	0.0	0.0	0.9099177122116089	2.113394021987915	0.0	0.0	0.8408498764038086	0.0	0.0	0.0	0.17968527972698212	0.0	0.0	1.3802305459976196	0.0	0.0	0.0	0.0	0.0	0.0	0.0	1.2699393033981323	0.0	0.0	2.060382127761841	0.0	0.0	1.81717848777771	1.017065167427063	0.5742384791374207	0.0	2.431666135787964	0.0	0.8080855011940002	2.1006717681884766	0.0	0.0	0.0	0.0	1.2122681140899658	0.0	1.15292227268219	1.1086801290512085	0.0	0.0	0.0	0.0	1.2193353176116943	0.1536823809146881	0.0	0.0	1.3578978776931763	0.0	0.0	0.0	0.0	0.0	0.0	0.0	0.0	0.0	1.1329543590545654	0.0	2.017608880996704	0.0	1.5881526470184326	1.4873472452163696	0.0	0.0	0.0	0.0	0.0	0.0	0.0	0.0	1.1086581945419312	0.0	0.0036388314329087734	0.6651560664176941	0.0	0.0	1.0544207096099854	0.0	0.0	0.0	0.6935440301895142	1.4244486093521118	0.0	0.42727750539779663	0.0	0.0	0.0	2.3728525638580322	0.3947881758213043	1.5879961252212524	2.239097833633423	0.0	0.0	0.0	2.462289810180664	0.0	0.0	0.0	0.0	0.0	1.5878974199295044	0.0	0.0	0.0	1.8087124824523926	0.1778106540441513	1.649637222290039	0.0	1.1087393760681152	0.0	1.5019375085830688	1.6610864400863647	0.0	0.0	0.0	0.0	0.0	0.0
0.0	0.0	0.0	0.3319005072116852	1.1100590229034424	0.0	0.48761191964149475	0.0	1.2542310953140259	0.0	0.4223535358905792	0.0	0.4640240967273712	0.7485276460647583	0.6215729117393494	1.3624147176742554	0.39787498116493225	1.4794907569885254	0.5870894193649292	0.4750438332557678	0.0	0.7251503467559814	0.0	0.6166589856147766	0.0	0.0	0.33395522832870483	0.2545303404331207	0.6465797424316406	0.9135724902153015	0.44122233986854553	0.842538595199585	0.0	0.7234737873077393	0.0	0.2708180546760559	0.8104014992713928	0.0	0.6711862087249756	0.45754191279411316	0.0	0.0	0.0	0.4764193892478943	0.0	0.0	0.8313935399055481	0.0	0.0	0.4455123841762543	0.0	0.0	0.0	1.1178240776062012	0.2709285616874695	0.0	0.0	0.0	0.9447219967842102	0.7195884585380554	0.0	0.0	0.0	0.1512514054775238	0.0	0.0	0.0	0.0	0.0	0.7703176736831665	1.250788688659668	0.0	0.0	0.0	0.0	0.0	0.12349428236484528	0.5960745215415955	0.0	0.0	0.0	0.0	0.9487889409065247	0.0	0.9507172703742981	0.0	0.7048096060752869	0.0	1.7337799072265625	0.0	0.0	1.4766136407852173	0.0	0.14321492612361908	0.0	0.0	0.0	0.05273549631237984	0.0	0.0	0.0	0.8632513284683228	0.0	0.5310888886451721	0.0	0.0	0.03710510581731796	0.03287715092301369	0.0	0.5373663306236267	0.0	0.0	0.0	0.0	0.71494060754776	0.05932201072573662	0.31561577320098877	0.0	0.00802596379071474	0.0	0.0	0.49131661653518677	0.0	0.29758620262145996	0.7750146389007568	0.9855033755302429	0.0	0.0	0.0	0.9875248670578003	0.0	0.0	1.0209214687347412	0.0	0.0	0.5352634787559509	1.0458693504333496	0.0	0.0	0.0	0.0	0.0	0.0	0.0	0.22698991000652313	0.0	1.0281122922897339	0.0	0.0	2.2904326915740967	0.0	0.09057758003473282	0.0	0.0	0.24593904614448547	0.0	0.0	1.7376230955123901	0.0	0.0	0.5350189805030823	0.0	0.0	0.16840508580207825	0.5287191867828369	0.0	0.0	1.1882985830307007	0.0	0.0	0.0	0.0	1.034189224243164	0.0	0.010898390784859657	1.3178081512451172	0.31881386041641235	0.0	0.0	0.0	0.700019896030426	0.37741586565971375	0.0	0.23400194942951202	0.8307987451553345	0.0	0.0	0.0	0.0	0.0	0.0	0.0	0.0	0.0	0.4219672679901123	0.0	0.8582168221473694	0.0	1.3714269399642944	0.9149960279464722	0.0	0.9210758209228516	0.0	0.0	0.0	0.0	0.0	0.0	0.7585960030555725	0.0	0.7847816348075867	0.5224699378013611	0.0	0.0	1.1342521905899048	0.0	0.0	0.0	0.22462236881256104	0.36394202709198	0.3955744802951813	0.7761013507843018	0.0	0.0	0.0	1.208364486694336	0.5525270700454712	0.7862021923065186	1.2797026634216309	0.0	0.0	0.5305585265159607	1.3408652544021606	0.39496153593063354	0.0	0.0	0.0	0.0	1.1266273260116577	0.0	0.0	0.0	1.4332890510559082	1.465440273284912	0.29896676540374756	0.0	1.2073214054107666	0.0	0.7281745672225952	0.4980803430080414	0.0	0.0657680332660675	0.0	1.0081360340118408	0.0	0.0
0.0	0.0	0.0	0.0	2.7856407165527344	0.0	0.5938053131103516	0.0	1.2698601484298706	0.0	1.0207741260528564	0.0	0.16570715606212616	1.03734290599823	0.7967808842658997	1.1887480020523071	0.876220703125	0.3176512122154236	0.0	0.0	0.0	0.930069625377655	0.0	0.10164359956979752	0.0	0.0	0.1642102152109146	0.685435950756073	0.0	0.36219945549964905	0.0	1.6346735954284668	0.0	0.125807523727417	0.0	0.0	0.8117839694023132	0.0	0.29287397861480713	0.0	0.0	0.0	0.0	1.1880548000335693	0.0	0.0	1.4696714878082275	0.0	0.0	1.2286570072174072	0.0	0.0	0.0	0.43030494451522827	0.0	0.0	0.0	0.0	0.03029393032193184	0.9326789379119873	0.0	0.0	0.0	0.0	0.0	0.0	0.0	0.0	0.0	0.013723088428378105	1.4574726819992065	0.0	0.0	0.09046347439289093	0.0	0.0	0.0	1.4005939960479736	0.0	0.0	0.0	0.0	0.850161075592041	0.005606147926300764	0.0	0.0	1.077947735786438	0.0	2.1549243927001953	0.0	0.0	0.7088329195976257	0.0	0.7093124389648438	0.0	0.061284683644771576	0.0	0.0	0.0	0.0	0.0	1.6689391136169434	0.0	0.4409129023551941	0.0	0.0	0.0	0.631719708442688	0.0	0.9834505915641785	0.0	0.0	0.0	0.0	0.0	0.0	0.2501131296157837	0.0	0.0021429250482469797	0.0	0.0	0.3759969472885132	0.0	0.817796528339386	1.028739094734192	1.305418610572815	0.0	0.0	0.0	1.3994498252868652	0.0	0.0	0.7420186996459961	0.0	0.0	1.592963457107544	1.6122599840164185	0.0	0.0	0.0	0.0	0.0	0.0	0.0	0.0	0.0	1.2862495183944702	0.0	0.0	3.080512762069702	0.0	0.6049178838729858	0.0	0.0	0.1553695797920227	0.0	0.0	2.358771324157715	0.0	0.0	0.019791536033153534	0.10845714807510376	0.0	0.0	1.047529697418213	0.0	0.0	1.8344167470932007	0.0	0.0	0.0	0.0	0.6108195185661316	0.0	0.0	2.6852824687957764	1.9795433282852173	0.0	0.0	0.0	0.5679637789726257	0.0	0.0	0.0	0.04081987589597702	0.0	0.0	0.0	0.0	0.0	0.0	0.0	0.0	0.0	0.0	0.0	0.29478582739830017	0.0	1.737475872039795	1.01913583278656	0.0	1.4877331256866455	0.0	0.0	0.0	0.0	0.0	0.0	1.3510524034500122	0.0	1.171854853630066	1.1268079280853271	0.0	0.0	1.3915592432022095	0.0	0.0	0.0	0.0	0.0	0.5572912693023682	1.5444176197052002	0.0	0.0	0.0	1.132838487625122	1.0542187690734863	0.79348224401474	0.23295852541923523	0.0	0.0	0.9824675917625427	3.0012400150299072	0.059768013656139374	0.0	0.0	0.0	0.0	2.248816728591919	0.0	0.0	0.0	0.711118221282959	2.1045279502868652	0.2801326811313629	0.0	2.0450599193573	0.0	0.6009600162506104	0.022282378748059273	0.0	0.0	0.0	2.1834335327148438	0.0	0.0
0.0	0.0	0.0	0.09748059511184692	1.9029393196105957	0.0	1.5945885181427002	0.0	1.3401367664337158	0.6522008776664734	0.2202499359846115	0.0	0.4981139600276947	0.4529639482498169	0.20447246730327606	0.8742726445198059	1.086100459098816	1.2220706939697266	0.45557546615600586	0.0	0.0	1.6730128526687622	0.0	0.18302401900291443	0.0	0.0	0.278168261051178	1.2611113786697388	0.3605520725250244	1.0459197759628296	0.0	1.606758713722229	0.0	1.2191280126571655	0.0	0.0	1.9700891971588135	0.0	0.9042350649833679	0.7883564233779907	0.0	0.0	0.0	0.4982353746891022	0.0	0.0	1.5924447774887085	0.0	0.0	0.020070822909474373	0.0	0.0	0.0	1.0803203582763672	1.5055081844329834	0.0	0.0	0.0	0.5402835011482239	1.427258849143982	0.0	0.0	0.0	0.2601105570793152	0.0	0.0	0.0	0.0	0.0	2.2121317386627197	0.7897634506225586	0.0	0.0	0.0	0.0	0.0	0.0	1.142162799835205	0.0	0.0	0.0	0.0	0.7891934514045715	0.2902378737926483	0.44237256050109863	0.0	2.1691744327545166	0.0	1.5765961408615112	0.0	0.0	1.710368275642395	0.0	1.9279834032058716	0.0	0.0	0.0	0.0	0.0	0.0	0.0	1.0069657564163208	0.0	1.8713406324386597	0.0	0.0	0.0	0.0	0.0	0.44994059205055237	0.0	0.0	0.0	0.0	0.0	0.0	0.23675493896007538	0.0	0.0909779965877533	0.0	0.0	0.7827731966972351	0.0	0.9653851985931396	1.4002255201339722	0.14297740161418915	0.0	0.0	0.0	0.3005164563655853	0.0	0.0	0.43396323919296265	0.0	0.0	0.3510940372943878	1.3062125444412231	0.0	0.0	0.472633421421051	0.0	0.0	0.0	0.0	0.0	0.0	1.0639803409576416	0.0	0.0	2.0216050148010254	0.0	0.0	0.0	0.0	0.9759316444396973	0.0	0.0	1.808886170387268	0.0	0.0	0.9927124977111816	0.021267777308821678	0.0	0.0	1.136015772819519	0.0	0.0017441811505705118	0.8073864579200745	0.0	0.0	0.0	0.0	1.2216976881027222	0.0	0.0	1.89325749874115	0.636757493019104	0.0	0.0	0.0	0.5436641573905945	0.0	0.0	0.0	0.8902942538261414	0.0	0.0	0.0	0.0	0.0	0.0	0.0	0.0	0.0	0.39334726333618164	0.0	0.6941992044448853	0.0	1.1550573110580444	1.6044445037841797	0.0	0.7799270153045654	0.0	0.0	0.0	0.0	0.0	0.0	0.9446277022361755	0.0	0.0	0.04090002551674843	0.0	0.0	0.5038675665855408	0.0	0.0	0.0	0.020054593682289124	0.3391404151916504	0.19757041335105896	0.764948308467865	0.0	0.0	0.0	1.7549880743026733	0.13786059617996216	0.7345464825630188	0.9841359853744507	0.0	0.0	0.0	1.6123181581497192	0.13978266716003418	0.0	0.0	0.0	0.0	1.270227313041687	0.0	0.0	0.0	1.755416989326477	0.9368241429328918	1.2030284404754639	0.0	1.0348787307739258	0.0	0.848656952381134	0.7916757464408875	0.0	0.0	0.0	1.3014097213745117	0.0	0.0
0.0	0.0	0.0	0.360301673412323	0.14958100020885468	0.0	1.622334361076355	0.0	0.8870819211006165	1.2586811780929565	0.0	0.0	1.3435349464416504	1.522658348083496	0.0	0.9044241905212402	0.0	0.9910843968391418	0.9490832686424255	0.6081563234329224	0.5942255854606628	0.7520396113395691	0.0	1.119361400604248	0.0	0.0	0.9431405663490295	1.219377040863037	0.6671309471130371	1.2510056495666504	0.9378079771995544	0.10933846235275269	0.0	0.7957448363304138	0.0	0.873865008354187	1.2601583003997803	0.0	1.1054490804672241	1.1758204698562622	0.0	0.0	0.0	0.0	0.0	0.0	0.0	0.0	0.0	0.0	0.0	0.0	0.0	0.6259360313415527	1.0387184619903564	0.0	0.0	0.5872423648834229	1.3993021249771118	0.1684010624885559	0.0	0.0	0.0	0.8421353697776794	0.0	0.0	0.0	0.0	0.0	1.338275671005249	1.2579233646392822	0.0	0.0	0.0	0.0	0.0	0.8390563130378723	0.8399775624275208	0.0	0.9318364262580872	0.0	0.0	0.44209444522857666	0.38339364528656006	1.4021955728530884	0.0	1.8850237131118774	0.0	0.11323205381631851	0.0	0.0	1.844124436378479	0.0	0.8892654776573181	0.0	0.6880154609680176	1.032482624053955	0.8742440342903137	0.0	0.245582714676857	0.0	0.0	0.0	1.0802409648895264	0.0	0.0	0.5949411988258362	0.0	0.0	0.0	0.0	0.0	0.0	0.0	0.0	0.0	0.9314247965812683	0.0	0.0	0.0	0.5385754704475403	1.230042576789856	0.0	0.0	0.0	0.5711619853973389	0.005837441422045231	0.0	0.0	0.0	0.09240919351577759	0.0	0.5295238494873047	0.0	0.0	0.0	0.8059403300285339	0.0	0.0	0.8034601211547852	0.0	0.0	0.0	1.5891735553741455	1.4283028841018677	0.0	1.0300614833831787	0.0	0.0	0.0	0.0	0.0	0.0	0.0	1.3367253541946411	0.0	0.0	1.0121915340423584	0.0	0.0	0.9886121153831482	0.561953067779541	0.8277841210365295	0.4836104214191437	1.1177488565444946	0.0	0.0	1.0066617727279663	0.0	0.0	0.0	0.0	1.0172991752624512	0.0	1.6183961629867554	0.0	0.0	0.0	0.0	0.37506943941116333	0.7528830170631409	0.932355523109436	0.0	0.0	1.0716584920883179	0.0	0.0	0.0	0.0	0.0	0.0	0.0	0.0	0.0	0.9959725141525269	0.0	1.2431966066360474	0.0	0.6066233515739441	1.3978577852249146	0.0	0.0	0.0	0.0	0.0	0.0	0.0	0.0	0.9523880481719971	0.0	0.0	0.24674956500530243	0.4778876304626465	0.0	0.4889085292816162	0.0	0.0	0.0	0.8425909876823425	1.6222517490386963	0.0	0.3813478350639343	0.0	0.0	0.0	1.5068209171295166	0.7239982485771179	0.9650540947914124	1.522683024406433	0.0	0.0	0.0	0.7940931916236877	1.2626819610595703	0.0	0.0	0.0	0.0	0.33088019490242004	0.0	0.0	0.0	1.4153815507888794	0.0	1.1720420122146606	0.0	0.3414154350757599	0.0	1.007479190826416	1.4619168043136597	0.0	1.5226410627365112	0.0	0.0	0.0	0.0
0.0	0.0	0.0	0.3268785774707794	1.1601438522338867	0.0	2.429234266281128	0.0	1.3637466430664062	0.7407838702201843	0.0	0.0	1.8962568044662476	1.1163756847381592	0.43560054898262024	0.7507003545761108	0.0	1.3020262718200684	0.24210308492183685	0.15781345963478088	0.0	2.299325704574585	0.0	0.6729004979133606	0.0	0.0	0.6213089823722839	0.9241004586219788	0.42590782046318054	1.7637057304382324	0.24919885396957397	1.0126593112945557	0.0	1.4905794858932495	0.0	0.0	2.752798080444336	0.0	1.6716264486312866	1.107352614402771	0.0	0.0	0.0	0.1374766230583191	0.0	0.0	0.0	0.0	0.0	0.0	0.0	0.0	0.0	2.1899001598358154	2.0948102474212646	0.0	0.0	0.0	1.495775580406189	1.2754161357879639	0.0	0.0	0.0	0.03715774044394493	0.0	0.0	0.0	0.0	0.0	2.9222328662872314	0.07999429106712341	0.0	0.0	0.0	0.0	0.0	0.38269999623298645	0.48391348123550415	0.0	0.0	0.0	0.0	0.0	0.6935895681381226	1.034644365310669	0.0	3.055027723312378	0.0	0.13946233689785004	0.0	0.0	2.2890877723693848	0.0	1.5837547779083252	0.0	0.0	0.7469836473464966	0.0	0.0	0.0	0.0	0.0	0.0	3.34488582611084	0.0	0.0	0.0	0.0	0.0	0.0	0.0	0.0	0.0	0.0	0.0	0.0	0.08477717638015747	0.0	0.444112628698349	0.0	0.0	0.8846144676208496	0.0	0.7214109301567078	0.27320554852485657	0.0	0.0	0.0	0.0	0.0	0.0	0.0	0.2037297785282135	0.0	0.0	0.0	0.8230374455451965	0.0	0.0	2.608656644821167	0.0	0.0	0.0	0.328192800283432	0.0	0.0	0.7595726847648621	0.0	0.0	0.0	0.0	0.0	0.0	0.0	2.303969383239746	0.0	0.0	0.8119437098503113	0.0	0.0	1.1125231981277466	0.0	0.3810060918331146	0.0	1.8419504165649414	0.0	0.8026919960975647	0.7844811677932739	0.0	0.0	0.0	0.0	0.7521833777427673	0.0	0.39256787300109863	0.939519464969635	0.0	0.0	0.0	0.0	0.2841152846813202	0.096379354596138	0.0	0.0	1.2255946397781372	0.0	0.0	0.0	0.0	0.0	0.0	0.0	0.0	0.0	0.20775876939296722	0.0	1.188916563987732	0.0	0.9820616245269775	2.2340779304504395	0.0	0.0	0.0	0.0	0.0	0.0	0.0	0.0	1.066399335861206	0.0	0.0	0.0	0.0	0.0	0.012456939555704594	0.0	0.0	0.0	0.6705418825149536	0.821608304977417	0.0	0.0	0.0	0.0	0.0	2.1249167919158936	0.0	0.7404406070709229	2.080016613006592	0.0	0.0	0.0	1.1080855131149292	0.0	0.0	0.0	0.0	0.0	0.651964008808136	0.0	0.0	0.0	2.5113558769226074	0.0	1.1168856620788574	0.0	0.0	0.0	1.0678895711898804	1.5769919157028198	0.0	0.0	0.0	0.12417878210544586	0.0	0.0
0.0	0.0	0.0	0.2392684817314148	1.5680744647979736	0.0	2.268455743789673	0.0	1.2168790102005005	1.104069471359253	0.0	0.0	1.8758348226547241	1.8607828617095947	0.6732833981513977	0.811119556427002	0.0	1.347711205482483	1.4007768630981445	0.7027289271354675	0.0	2.978092908859253	0.0	1.0323048830032349	0.0	0.0	1.9832148551940918	1.5557323694229126	0.7737612724304199	2.3558473587036133	0.5810615420341492	0.8682156205177307	0.0	1.546506643295288	0.0	0.6858094334602356	2.885378122329712	0.0	2.2152628898620605	1.8142422437667847	0.0	0.0	0.0	0.0	0.0	0.0	0.0	0.0	0.0	0.0	0.0	0.0	0.0	1.5747971534729004	2.429579496383667	0.0	0.0	0.0	2.2159197330474854	1.2287741899490356	0.0	0.0	0.0	0.20976275205612183	0.0	0.0	0.0	0.0	0.0	3.532140016555786	0.19782711565494537	0.0	0.0	0.0	0.0	0.0	0.7790849804878235	0.27655673027038574	0.0	1.2024174928665161	0.0	0.0	0.0	0.722328782081604	1.1577593088150024	0.0	2.924039125442505	0.0	0.1902896910905838	0.0	0.0	2.7262065410614014	0.0	2.136578321456909	0.0	0.12364732474088669	1.2700326442718506	0.2381400614976883	0.0	0.0	0.0	0.0	0.0	3.057878017425537	0.0	0.0	0.05863221734762192	0.0	0.0	0.0	0.0	0.0	0.0	0.0	0.0	0.0	0.2686246931552887	0.0	0.0	0.0	0.0	1.0632771253585815	0.0	1.1565946340560913	0.30900606513023376	0.0	0.0	0.0	0.0	0.0	0.0	0.0	0.9618527293205261	0.0	0.0	0.5585459470748901	1.396479606628418	0.0	0.0	2.4791321754455566	0.0	0.0	0.0	0.7283546924591064	0.0	0.0	0.9086903929710388	0.0	0.0	0.0	0.0	0.0	0.0	0.0	2.491116523742676	0.0	0.0	1.049471378326416	0.0	0.0	1.7980053424835205	0.372834712266922	0.8811973929405212	0.5444351434707642	2.1965324878692627	0.0	0.5620306134223938	0.8656501173973083	0.0	0.0	0.0	0.0	1.2196406126022339	0.0	0.7549922466278076	0.0	0.0	0.0	0.0	0.0	0.4189717769622803	0.7329643964767456	0.0	0.0	1.750832438468933	0.0	0.0	0.0	0.0	0.0	0.0	0.0	0.0	0.0	1.7936902046203613	0.0	2.031869649887085	0.0	0.41673147678375244	2.3512370586395264	0.0	0.0	0.0	0.0	0.0	0.0	0.0	0.0	0.701977550983429	0.0	0.0	0.0	0.0	0.0	0.0	0.0	0.0	0.0	1.3931865692138672	1.268892526626587	0.0	0.0	0.0	0.0	0.0	2.4383509159088135	0.0	0.8660856485366821	2.717758893966675	0.0	0.0	0.0	0.5117024779319763	0.08092156797647476	0.0	0.0	0.0	0.0	0.5866313576698303	0.0	0.0	0.0	1.924433708190918	0.0	2.096839427947998	0.0	0.21415908634662628	0.0	1.6516246795654297	2.005455493927002	0.0	0.0	0.0	0.0	0.0	0.0
0.0	0.0	0.0	0.07140972465276718	1.9693119525909424	0.0	0.8432715535163879	0.0	2.1936066150665283	0.0	0.9057142734527588	0.0	0.2905641794204712	2.0172762870788574	0.18752439320087433	2.283965587615967	0.6554039120674133	1.1127980947494507	0.0	0.0	0.0	0.0	0.0	0.23257432878017426	0.0	0.0	0.0	0.12673886120319366	0.24723130464553833	1.5525233745574951	0.4351713955402374	0.7164806723594666	0.0	0.0	0.0	0.0	0.9284313917160034	0.0	0.0	0.4528932273387909	0.0	0.0	0.0	1.2473312616348267	0.0	0.0	0.9264371991157532	0.0	0.0	0.6721426248550415	0.0	0.0	0.0	0.3851279020309448	0.09772729873657227	0.0	0.0	0.0	0.0	0.5427802801132202	0.0	0.0	0.0	0.0	0.0	0.0	0.0	0.0	0.0	0.6027951836585999	0.3919491767883301	0.0	0.0	0.0	0.0	0.0	0.4518791437149048	0.0	0.0	0.0	0.0	0.0	1.2155425548553467	0.0	0.0	0.0	0.9057945609092712	0.0	1.8638471364974976	0.0	0.0	0.8713545203208923	0.0	0.0	0.0	0.0	0.0	0.0	0.0	0.0	0.0	0.3480846583843231	0.0	0.07151242345571518	0.0	0.0	0.0	0.0	0.0	1.0818805694580078	0.0	0.0	0.0	0.0	0.0	0.0	1.6662427186965942	0.0	0.6405624151229858	0.0	0.0	2.289356231689453	0.0	0.0	0.5101372599601746	0.8767285943031311	0.0	0.0	0.0	0.5089212656021118	0.0	0.0	1.520536184310913	0.0	0.0	1.7686666250228882	1.4610896110534668	0.0	0.0	0.0	0.0	0.0	0.0	0.02010979875922203	0.0	0.0	2.3706130981445312	0.0	0.0	0.0	0.0	0.0	0.0	0.0	0.0	0.0	0.0	2.431018352508545	0.0	0.0	0.0	0.0	0.0	0.04691673442721367	0.350385844707489	0.0	0.0	1.0300873517990112	0.0	0.0	0.0	0.0	0.7074806690216064	0.0	0.4735991954803467	2.1323306560516357	0.7603298425674438	0.0	0.0	0.0	1.8193466663360596	0.0	0.0	0.0	0.6248855590820312	0.0	0.0	0.0	0.0	0.0	0.0	0.0	0.0	0.0	0.761812686920166	0.0	0.0	0.0	2.7452762126922607	0.780866265296936	0.0	0.8193275928497314	0.0	0.0	0.0	0.0	0.0	0.0	1.7164742946624756	0.0	2.314906597137451	1.2186864614486694	0.0	0.0	1.2147823572158813	0.0	0.0	0.0	0.0	0.0	0.057874731719493866	1.2414499521255493	0.0	0.0	0.0	0.0	0.0	0.9591101408004761	0.5414931178092957	0.0	0.0	1.1647528409957886	2.464745044708252	0.0	0.0	0.0	0.0	0.0	3.063154458999634	0.0	0.0	0.0	1.6493351459503174	1.8465778827667236	0.0	0.0	1.5854476690292358	0.0	0.0	0.962969958782196	0.0	0.0	0.0	1.4861544370651245	0.0	0.0
0.0	0.0	0.0	0.25724267959594727	0.7934051156044006	0.0	0.810831606388092	0.0	0.7233417630195618	0.6720041632652283	0.0	0.0	0.4109513461589813	0.5468229651451111	0.17390769720077515	0.39551302790641785	0.0	0.959185779094696	0.5898123383522034	0.2547571659088135	0.05926045775413513	0.47798290848731995	0.0	0.9200109243392944	0.0	0.0	0.24912816286087036	0.6876997351646423	0.42238208651542664	0.5310614705085754	0.3900381922721863	0.26427245140075684	0.0	0.7518990635871887	0.0	0.40304747223854065	0.7520247101783752	0.0	0.9298651814460754	0.563398003578186	0.0	0.0	0.0	0.10421857237815857	0.0	0.0	0.12588660418987274	0.0	0.0	0.1031077653169632	0.0	0.0	0.0	0.3766319155693054	0.7313997745513916	0.0	0.0	0.0	1.0263371467590332	0.5706356167793274	0.0	0.0	0.0	0.3124222159385681	0.0	0.0	0.0	0.0	0.0	0.824622631072998	0.6660504937171936	0.0	0.0	0.0	0.0	0.0	0.3598612844944	0.3858964443206787	0.0	0.22319631278514862	0.0	0.0	0.1036461591720581	0.0	0.8958725929260254	0.0	1.031934380531311	0.0	0.3622474670410156	0.0	0.0	1.159911036491394	0.0	0.8126571774482727	0.0	0.0	0.3695405423641205	0.25048309564590454	0.0	0.34858521819114685	0.0	0.03553103283047676	0.0	0.7671127915382385	0.0	0.0	0.0	0.0	0.0	0.0	0.0	0.0	0.0	0.0	0.0	0.0	0.41671109199523926	0.0	0.0	0.0	0.0	0.5919527411460876	0.0	0.0	0.24862290918827057	0.11388072371482849	0.0	0.0	0.0	0.056353937834501266	0.0	0.0	0.5277408957481384	0.0	0.0	0.11893905699253082	0.31995460391044617	0.0	0.0	0.0	0.0	0.0	0.0	0.8093752264976501	0.6851003766059875	0.0	0.5281231999397278	0.0	0.0	0.038994450122117996	0.0	0.0	0.0	0.0	0.8151013851165771	0.0	0.0	0.9291486144065857	0.0	0.0	0.751221239566803	0.3944789171218872	0.4649103879928589	0.18156082928180695	0.9237170219421387	0.0	0.09511569142341614	0.7159466743469238	0.0	0.0	0.0	0.0	0.5319815278053284	0.0	0.887407124042511	0.30491161346435547	0.0	0.0	0.0	0.0	0.5294654965400696	0.3395534157752991	0.0	0.0	0.9425730109214783	0.0	0.0	0.0	0.0	0.0	0.0	0.0	0.0	0.0	0.6334348917007446	0.0	0.8445649147033691	0.0	0.6280288100242615	0.8912298679351807	0.0	0.0	0.0	0.0	0.0	0.0	0.0	0.0	1.1378518342971802	0.0	0.6129686832427979	0.3896719217300415	0.004618528764694929	0.0	0.574840247631073	0.0	0.0	0.0	0.4252501130104065	0.6754679679870605	0.0	0.4112779200077057	0.0	0.0	0.0	0.5105448365211487	0.5472086071968079	0.7284352779388428	0.9531993269920349	0.0	0.0	0.0	0.7823329567909241	0.26058945059776306	0.0	0.0	0.0	0.0	0.3820192217826843	0.0	0.0	0.0	0.9325851202011108	0.3908991515636444	0.6598408818244934	0.0	0.2532537877559662	0.0	0.5761857032775879	0.8964514136314392	0.0	0.2810389995574951	0.0	0.37494391202926636	0.0	0.0
0.0	0.0	0.0	0.20130525529384613	1.5187863111495972	0.0	2.052520275115967	0.0	1.9247320890426636	1.1594730615615845	0.0	0.0	1.7184375524520874	1.7905635833740234	0.41552039980888367	2.1658518314361572	0.0	1.7335478067398071	0.824956476688385	0.048670437186956406	0.0	1.3262825012207031	0.0	0.6660928726196289	0.0	0.0	0.9421054720878601	0.2505384087562561	0.4334965646266937	2.5298850536346436	0.7742160558700562	0.0	0.0	0.7595241069793701	0.0	0.0	1.7099289894104004	0.0	1.7317620515823364	1.2983622550964355	0.0	0.0	0.0	0.35151180624961853	0.0	0.0	0.0	0.0	0.0	0.12813451886177063	0.0	0.0	0.0	1.4533156156539917	1.2321200370788574	0.0	0.0	0.0	0.9425613880157471	1.3285108804702759	0.0	0.0	0.0	0.0	0.0	0.0	0.0	0.0	0.0	1.8035105466842651	0.80502849817276	0.0	0.0	0.0	0.0	0.0	0.5728767514228821	0.7306824326515198	0.0	0.10802870988845825	0.0	0.0	0.895776093006134	0.39186087250709534	0.543030321598053	0.0	2.00373911857605	0.0	1.0973182916641235	0.0	0.0	2.1644418239593506	0.0	1.0759544372558594	0.0	0.0	0.440611869096756	0.0	0.0	0.0	0.0	0.0	0.0	1.594097375869751	0.0	0.0	0.11001712828874588	0.0	0.0	0.0	0.0	0.0	0.0	0.0	0.0	0.0	0.08368491381406784	0.0	0.0	0.0	0.0	1.6094043254852295	0.0	0.0	0.312787264585495	0.3748013973236084	0.0	0.0	0.0	0.0	0.0	0.0	0.5647979378700256	0.0	0.0	1.1344743967056274	1.2073465585708618	0.0	0.0	1.6286718845367432	0.0	0.0	0.0	1.161619782447815	0.0	0.0	1.146297574043274	0.0	0.0	0.0	0.0	0.0	0.0	0.0	1.2288460731506348	0.0	0.0	2.1534061431884766	0.0	0.0	0.3271064758300781	0.0	0.15155203640460968	0.0	1.6254277229309082	0.0	0.0	1.104702353477478	0.0	0.0	0.0	0.0	1.1452189683914185	0.0	1.1919623613357544	0.9578783512115479	0.0	0.0	0.0	0.0	0.9025431275367737	0.529840350151062	0.0	0.0	1.7894963026046753	0.0	0.0	0.0	0.0	0.0	0.0	0.0	0.0	0.0	0.9750330448150635	0.0	0.7815538644790649	0.0	1.5039268732070923	1.3719382286071777	0.0	0.0	0.0	0.0	0.0	0.0	0.0	0.0	1.3339334726333618	0.0	0.1438053846359253	0.0	0.0	0.0	1.2243448495864868	0.0	0.0	0.0	0.14340685307979584	0.39019349217414856	0.0	0.32742583751678467	0.0	0.0	0.0	1.7167354822158813	0.0910182073712349	1.4163825511932373	1.856535792350769	0.0	0.0	0.0	1.5643298625946045	0.0	0.0	0.0	0.0	0.0	1.9626387357711792	0.0	0.0	0.0	1.8723658323287964	0.5425293445587158	0.5710249543190002	0.0	0.5923389196395874	0.0	0.5666053295135498	1.7482050657272339	0.0	0.0	0.0	0.4253431260585785	0.0	0.0
0.0	0.0	0.0	0.0	1.8775830268859863	0.0	1.5476902723312378	0.0	1.320517897605896	0.967754602432251	0.0	0.0	1.0876495838165283	0.5215287804603577	0.3329714238643646	0.8967614769935608	0.7362046837806702	0.6803183555603027	0.3892255127429962	0.0	0.0	1.4988657236099243	0.0	0.30962735414505005	0.0	0.0	0.2600337266921997	1.8137437105178833	0.0	0.7670971155166626	0.0	1.5095643997192383	0.0	0.7269091606140137	0.0	0.0	1.847797155380249	0.0	0.8603637218475342	0.9785206913948059	0.0	0.0	0.0	1.2220708131790161	0.0	0.0	0.33211207389831543	0.0	0.0	0.0	0.0	0.0	0.0	0.5293958187103271	1.2764098644256592	0.0	0.0	0.0	1.061050295829773	1.064253568649292	0.0	0.0	0.0	0.6343121528625488	0.0	0.0	0.0	0.0	0.0	2.0734119415283203	0.20984241366386414	0.0	0.0	0.0	0.0	0.0	0.039749372750520706	0.4151746928691864	0.0	0.5238587856292725	0.0	0.0	0.0	0.22214335203170776	0.3260413706302643	0.0	2.3519582748413086	0.0	1.4432315826416016	0.0	0.0	1.3351893424987793	0.0	1.507413387298584	0.0	0.0	0.0	0.0	0.0	0.0	0.0	0.14228543639183044	0.0	1.9957207441329956	0.0	0.0	0.0	0.0	0.0	0.1926780492067337	0.0	0.0	0.0	0.0	0.0	0.0	0.13028870522975922	0.0	0.6164893507957458	0.0	0.0	0.6060551404953003	0.0	1.0446828603744507	0.6856400370597839	0.0	0.0	0.0	0.0	0.0	0.0	0.0	0.0	0.0	0.0	0.6048596501350403	1.0305415391921997	0.0	0.0	2.0307672023773193	0.0	0.0	0.0	1.2111988067626953	0.0	0.0	1.0906131267547607	0.0	0.0	0.0	0.0	0.0	0.0	0.0	2.0872623920440674	0.0	0.0	1.6099977493286133	0.0	0.0	0.3980766236782074	0.0	0.40847355127334595	0.288199782371521	2.1442601680755615	0.0	0.3204740881919861	0.6828041672706604	0.0	0.0	0.0	0.0	0.9222493171691895	0.0	0.0	1.6780534982681274	0.31311145424842834	0.0	0.0	0.0	0.6096411347389221	0.0	0.0	0.0	0.25356772541999817	0.0	0.0	0.0	0.0	0.0	0.0	0.0	0.0	0.0	0.18127578496932983	0.0	0.1109946146607399	0.0	1.0874969959259033	1.7437700033187866	0.0	0.0	0.0	0.0	0.0	0.0	0.0	0.0	1.2444357872009277	0.0	0.3287782669067383	0.0	0.0	0.0	0.20857420563697815	0.0	0.0	0.0	0.0	0.24305035173892975	0.0	0.24303531646728516	0.0	0.0	0.0	1.4025405645370483	0.7225492000579834	0.5733227133750916	0.9481937289237976	0.0	0.0	0.46738091111183167	2.1713945865631104	0.0	0.0	0.0	0.0	0.0	0.8712231516838074	0.0	0.0	0.0	1.848982334136963	0.2850126028060913	1.1586198806762695	0.0	0.570522665977478	0.0	1.9545671939849854	1.426430106163025	0.0	0.0	0.0	0.8266333341598511	0.0	0.0
0.0	0.0	0.0	0.3647890090942383	2.263310194015503	0.0	1.1926692724227905	0.0	2.327712059020996	0.254000186920166	1.0069694519042969	0.0	0.5950320363044739	2.6917357444763184	0.6171691417694092	2.73026704788208	0.6559850573539734	0.8694143891334534	0.5229253768920898	0.46171218156814575	0.0	0.04772096499800682	0.0	1.610215663909912	0.0	0.0	0.3040216863155365	0.4980020821094513	0.0	1.4767433404922485	0.31152835488319397	0.8940700888633728	0.0	0.0	0.0	0.0	0.8608763813972473	0.0	0.0	0.02061467431485653	0.0	0.0	0.0	1.2222836017608643	0.0	0.0	1.5377979278564453	0.0	0.0	0.8812288045883179	0.0	0.0	0.0	0.5246946811676025	0.0	0.0	0.0	0.0	0.851269543170929	0.4405757188796997	0.0	0.0	0.0	0.038367774337530136	0.0	0.0	0.0	0.0	0.0	0.7751215696334839	1.7925862073898315	0.0	0.0	0.0	0.0	0.0	0.398273766040802	0.9830789566040039	0.0	0.36670058965682983	0.0	0.0	1.2300548553466797	0.0	0.35781368613243103	0.0	1.0418288707733154	0.0	1.551622748374939	0.0	0.0	0.6473963856697083	0.0	0.0	0.0	0.0	0.0	0.5173426270484924	0.0	0.0	0.0	0.7568793892860413	0.0	0.34189870953559875	0.0	0.0	0.6985202431678772	0.25054752826690674	0.0	0.6390857100486755	0.0	0.0	0.0	0.0	0.0	0.0	1.3268266916275024	0.0	0.0	0.0	0.0	1.9677400588989258	0.0	0.0	0.0	1.6003998517990112	0.0	0.0	0.0	1.0812264680862427	0.0	0.0	1.829214334487915	0.0	0.0	1.5135537385940552	1.6454261541366577	0.0	0.0	0.0	0.0	0.0	0.0	0.12052231281995773	0.0	0.0	2.9404921531677246	0.0	0.0	0.7809054851531982	0.0	0.09399447590112686	0.0	0.0	0.005515943747013807	0.0	0.0	3.2871487140655518	0.0	0.0	0.42861664295196533	0.169460266828537	0.10882644355297089	0.7210252285003662	0.6475746631622314	0.0	0.0	1.5867632627487183	0.0	0.0	0.0	0.0	0.7208024263381958	0.0	0.49537554383277893	1.2494145631790161	1.1319571733474731	0.0	0.0	0.0	1.60770845413208	0.0	0.0	0.0	0.3479430675506592	0.0	0.0	0.0	0.0	0.0	0.0	0.0	0.0	0.0	1.3743432760238647	0.0	0.0	0.0	1.9776554107666016	0.9275912642478943	0.0	0.8119604587554932	0.0	0.0	0.0	0.0	0.0	0.0	2.099745750427246	0.0	1.7259107828140259	2.1191799640655518	0.0	0.0	1.0204914808273315	0.0	0.0	0.0	0.0	0.2177957445383072	0.009056449867784977	1.7365375757217407	0.0	0.0	0.0	0.813575029373169	0.7303281426429749	0.3872361481189728	0.5123637318611145	0.0	0.0	0.5825549364089966	2.3149001598358154	0.0385875329375267	0.0	0.0	0.0	0.0	2.5868842601776123	0.0	0.0	0.0	0.9910538792610168	1.5716056823730469	0.0	0.0	2.034320592880249	0.0	0.0719454288482666	0.9726569056510925	0.0	0.0	0.0	0.5817800760269165	0.0	0.0
0.0	0.0	0.0	0.6991113424301147	1.5747736692428589	0.0	1.521421194076538	0.0	2.383805274963379	0.5739123821258545	0.33469444513320923	0.0	1.0508183240890503	2.2079551219940186	0.9548035264015198	2.3980236053466797	0.7043269276618958	1.4899535179138184	1.0086380243301392	0.39958900213241577	0.0	0.0	0.0	1.4748646020889282	0.0	0.0	0.2109302133321762	0.19795072078704834	0.409297913312912	1.5246912240982056	0.9464012384414673	1.3630821704864502	0.0	0.0	0.0	0.0	1.6926442384719849	0.0	0.6488479375839233	0.8348739743232727	0.0	0.0	0.0	0.4659985601902008	0.0	0.0	1.0906330347061157	0.0	0.0	0.5203967094421387	0.0	0.0	0.0	0.7224224805831909	0.05758759751915932	0.0	0.0	0.0	0.47499310970306396	0.05300678685307503	0.0	0.0	0.0	0.476923406124115	0.0	0.0	0.0	0.0	0.0	1.0642485618591309	1.0688362121582031	0.0	0.0	0.0	0.0	0.0	0.75181645154953	0.0	0.0	0.5134888291358948	0.0	0.0	0.4905223548412323	0.0	0.5909097194671631	0.0	1.523406982421875	0.0	1.3996058702468872	0.0	0.0	0.5261911153793335	0.0	0.41505736112594604	0.0	0.0	0.0	0.514457643032074	0.0	0.0	0.0	0.0	0.0	0.6657910943031311	0.0	0.0	0.4465937912464142	0.25511443614959717	0.0	0.0	0.0	0.0	0.0	0.0	0.0	0.28682345151901245	1.363655686378479	0.0	0.0	0.0	0.367223858833313	2.0554018020629883	0.0	0.0	0.0	1.194387674331665	0.0	0.0	0.0	0.09696169942617416	0.0	0.0	1.5813170671463013	0.0	0.0	0.719197690486908	1.3811448812484741	0.0	0.0	0.0	0.0	0.0	0.0	0.2249942272901535	0.0	0.0	2.0864486694335938	0.0	0.0	0.8736340999603271	0.0	0.0	0.0	0.0	0.4947332441806793	0.0	0.0	2.2932233810424805	0.0	0.0	0.9775015115737915	0.0	0.0	0.8426079154014587	0.5880797505378723	0.0	0.07885327190160751	1.3053992986679077	0.0	0.0	0.0	0.0	1.216333031654358	0.0	0.23280364274978638	1.195026159286499	0.0	0.0	0.0	0.0	1.1617960929870605	0.514551043510437	0.0	0.0	0.900597333908081	0.0	0.0	0.0	0.0	0.0	0.0	0.0	0.0	0.0	1.2353203296661377	0.0	0.0	0.0	2.145390510559082	0.5767347812652588	0.0	0.7344266176223755	0.0	0.0	0.0	0.0	0.0	0.0	1.375148892402649	0.0	0.7118687033653259	1.5154409408569336	0.0	0.0	0.9077143669128418	0.0	0.0	0.0	0.0	0.5924814343452454	0.12858091294765472	1.5261199474334717	0.0	0.0	0.0	0.9012020826339722	0.36263307929039	0.932219922542572	1.3003637790679932	0.0	0.0	0.05964291840791702	1.6473263502120972	0.09491150081157684	0.0	0.0	0.0	0.0	2.311422109603882	0.0	0.0	0.0	1.6026326417922974	0.8686696290969849	0.0	0.0	1.3905794620513916	0.0	0.31017112731933594	1.5295960903167725	0.0	0.0	0.0	0.0	0.0	0.0
0.0	0.0	0.0	0.0	1.658528447151184	0.0	1.8727679252624512	0.0	1.2840288877487183	1.5853501558303833	0.0	0.0	1.5183351039886475	0.68856281042099	0.4217744469642639	0.9256081581115723	0.017124658450484276	1.1064205169677734	0.3646399974822998	0.22278368473052979	0.0811760425567627	1.74386465549469	0.0	0.8716868758201599	0.0	0.0	0.49963223934173584	1.4251199960708618	0.0	1.179142713546753	0.0	2.3586246967315674	0.0	0.9468555450439453	0.0	0.7152107357978821	2.0345659255981445	0.0	1.5389289855957031	0.7983148694038391	0.0	0.0	0.0	0.44423148036003113	0.0	0.0	0.5875813961029053	0.0	0.0	0.3761686384677887	0.0	0.0	0.0	1.9940255880355835	1.1858084201812744	0.0	0.0	0.0	1.8568497896194458	1.6148879528045654	0.0	0.0	0.0	0.7002282738685608	0.0	0.0	0.0	0.0	0.0	2.7861526012420654	0.24741467833518982	0.0	0.0	0.0	0.0	0.0	0.406369686126709	0.6071287393569946	0.0	0.7193453907966614	0.0	0.0	0.0	0.019796844571828842	0.8059749603271484	0.0	2.608806610107422	0.0	0.8116748332977295	0.0	0.0	2.3477656841278076	0.0	2.094205379486084	0.0	0.0	1.2243276834487915	0.41258591413497925	0.0	0.0	0.0	0.0	0.0	3.163567066192627	0.0	0.0	0.0	0.0	0.0	0.0	0.0	0.0	0.0	0.0	0.0	0.0	0.0	0.0	0.330185204744339	0.0	0.0	0.429875910282135	0.0	0.9132695198059082	0.7464643120765686	0.0	0.0	0.0	0.0	0.0	0.0	0.0	0.8927253484725952	0.0	0.0	0.0	0.8393800854682922	0.0	0.0	2.558505058288574	0.0	0.0	0.0	1.463236927986145	0.11050830781459808	0.0	0.2630344033241272	0.0	0.0	0.0	0.0	0.0	0.0	0.0	2.301395893096924	0.0	0.0	0.7589195370674133	0.0	0.0	1.3508390188217163	0.0	0.8823099136352539	0.0	2.459263801574707	0.0	1.5462979078292847	1.379599690437317	0.0	0.0	0.0	0.0	0.9327217936515808	0.0	1.170493483543396	0.24632936716079712	0.0	0.0	0.0	0.0	0.14986521005630493	0.41350775957107544	0.0	0.0	0.9634087085723877	0.0	0.0	0.0	0.0	0.0	0.0	0.0	0.0	0.0	0.231425940990448	0.0	0.5280942320823669	0.0	0.5247697830200195	2.3170597553253174	0.0	0.0	0.0	0.0	0.0	0.0	0.0	0.0	1.2832820415496826	0.0	0.0	0.0	0.0	0.0	0.4528937339782715	0.0	0.0	0.0	0.4660048186779022	1.2252286672592163	0.0	0.0	0.0	0.0	0.0	2.598881483078003	0.4029736816883087	0.10978042334318161	1.718590259552002	0.0	0.0	0.0	1.1954536437988281	0.0	0.0	0.0	0.0	0.0	0.41303008794784546	0.0	0.0	0.0	2.0912675857543945	0.0	1.754912257194519	0.0	0.2604525089263916	0.0	2.244719982147217	1.5504637956619263	0.0	0.0	0.0	0.0	0.0	0.0
0.0	0.0	0.0	0.0	1.7109694480895996	0.0	1.2683223485946655	0.0	0.3193778097629547	0.8744831085205078	0.0	0.0	1.2405699491500854	0.7792159914970398	0.24899056553840637	0.0	0.0	2.587153434753418	1.7789331674575806	1.3219387531280518	0.3469226062297821	2.758430004119873	0.0	1.3876577615737915	0.0	0.0	1.396663784980774	1.668871521949768	1.093108057975769	0.32658642530441284	0.21801185607910156	2.2548117637634277	0.0	2.3484268188476562	0.0	0.6423942446708679	2.6455440521240234	0.0	2.543015956878662	1.02704918384552	0.0	0.0	0.0	0.0	0.0	0.0	0.38301777839660645	0.0	0.0	0.0	0.0	0.0	0.0	1.7302812337875366	1.6698893308639526	0.0	0.0	0.0	2.4009811878204346	0.7517434358596802	0.0	0.0	0.0	1.3425098657608032	0.0	0.0	0.0	0.0	0.0	2.5206406116485596	0.7035419940948486	0.0	0.0	0.0	0.0	0.0	0.7400567531585693	0.5038256645202637	0.0	0.18322281539440155	0.0	0.0	0.0	0.7303347587585449	2.08817982673645	0.0	2.143484592437744	0.0	1.0571879148483276	0.0	0.0	3.2271690368652344	0.0	2.6315720081329346	0.0	1.3202567100524902	0.30139026045799255	0.8923357129096985	0.0	0.0	0.0	0.0	0.0	2.2694902420043945	0.0	0.0	0.0	0.0	0.0	0.0	0.0	0.0	0.0	0.0	0.09582116454839706	0.25364282727241516	0.3344256579875946	0.0	0.0	0.0	0.24033644795417786	0.00927794724702835	0.0	1.3164691925048828	1.1228086948394775	0.0	0.0	0.0	0.0	0.0	0.0	0.0	1.367150902748108	0.0	0.0	0.0	1.9454278945922852	0.0	0.0	0.1843164712190628	0.0	0.0	0.0	0.0	0.6245262026786804	0.0	0.3322114646434784	0.0	0.0	2.278137445449829	0.0	0.0	0.0	0.0	2.532029867172241	0.0	0.0	0.9046207666397095	0.0	0.0	2.422849416732788	0.5112766027450562	0.27656179666519165	0.008914199657738209	1.0631558895111084	0.0	1.7459020614624023	1.1600327491760254	0.0	0.0	0.0	0.0	1.3073844909667969	0.0	0.0	0.09750121831893921	0.0	0.0	0.0	0.0	0.1474836766719818	0.9744557738304138	0.0	0.43390995264053345	2.745112419128418	0.0	0.0	0.0	0.0	0.0	0.0	0.0	0.0	0.0	1.3268508911132812	0.0	3.1452672481536865	0.0	0.0	1.9176429510116577	0.0	0.0	0.0	0.0	0.0	0.0	0.0	0.0	0.45236849784851074	0.0	0.0	0.6341082453727722	0.0	0.0	0.4662646949291229	0.0	0.0	0.0	1.6763050556182861	1.0937191247940063	0.0	0.0	0.0	0.0	0.0	3.333458185195923	0.21688507497310638	1.0171786546707153	1.9706307649612427	0.0	0.0	0.0	0.07412439584732056	0.8059939742088318	0.0	0.0	0.0	0.0	0.0	0.0	0.0	0.0	2.107150077819824	0.0	2.276883602142334	0.0	0.3751244843006134	0.0	2.5868470668792725	1.0691049098968506	0.0	0.0	0.0	0.0	0.0	0.0
0.0	0.0	0.0	0.0	0.40418168902397156	0.0	1.2230424880981445	0.0	1.0680283308029175	1.0323882102966309	0.0	0.0	1.435794711112976	0.4618797302246094	0.16951383650302887	0.6212894916534424	0.0	1.096214771270752	0.6691312789916992	0.24126295745372772	0.0	1.1047810316085815	0.0	0.5592495799064636	0.0	0.0	0.7438504099845886	1.275425910949707	0.5365673899650574	0.8350570201873779	0.6055305004119873	0.5675836205482483	0.0	0.3900105059146881	0.0	0.3451201915740967	1.4957332611083984	0.0	1.1450480222702026	0.8531442284584045	0.0	0.0	0.0	0.0	0.0	0.0	0.02451333776116371	0.0	0.0	0.027357421815395355	0.0	0.0	0.0	0.6217421293258667	0.9375067949295044	0.0	0.0	0.16013310849666595	0.9657284021377563	0.5919307470321655	0.0	0.0	0.0	0.6078559756278992	0.0	0.0	0.0	0.0	0.0	1.4772700071334839	0.8073673844337463	0.0	0.0	0.0	0.0	0.0	0.26949557662010193	0.30373015999794006	0.0	0.3023701012134552	0.0	0.0	0.5896968245506287	0.22787556052207947	0.8747513890266418	0.0	1.6079968214035034	0.0	0.7094337344169617	0.0	0.0	1.4153655767440796	0.0	0.8099819421768188	0.0	0.19686444103717804	0.7108042240142822	0.07222188264131546	0.0	0.0	0.0	0.0	0.0	1.370695948600769	0.0	0.0	0.41166019439697266	0.0	0.0	0.0	0.0	0.0	0.0	0.0	0.0	0.0	0.0	0.0	0.0	0.0	0.41959676146507263	0.5550456643104553	0.0	0.033430591225624084	0.2717747390270233	0.3425714373588562	0.0	0.0	0.0	0.0	0.0	0.0	0.36337876319885254	0.0	0.0	0.007427436765283346	0.7113576531410217	0.0	0.0	0.9204809665679932	0.0	0.0	0.0	1.0560969114303589	0.4985724985599518	0.0	0.5549237132072449	0.0	0.0	0.0	0.0	0.0	0.0	0.0	1.1209559440612793	0.0	0.0	1.217410922050476	0.0	0.0	0.484546035528183	0.2954097390174866	0.43727099895477295	0.0	1.2577323913574219	0.0	0.0	0.7971773743629456	0.0	0.0	0.0	0.0	0.9637148380279541	0.0	0.6708898544311523	0.25710442662239075	0.0	0.0	0.0	0.0	0.4989827573299408	0.6909492611885071	0.0	0.0	0.6450656056404114	0.0	0.0	0.0	0.0	0.0	0.0	0.0	0.0	0.0	0.7143105268478394	0.0	1.0890752077102661	0.0	0.7889665365219116	0.9756645560264587	0.0	0.0	0.0	0.0	0.0	0.0	0.0	0.0	0.5696920156478882	0.0	0.10470603406429291	0.02746586874127388	0.0	0.0	0.36877456307411194	0.0	0.0	0.0	0.503250002861023	0.8350061178207397	0.0	0.31257152557373047	0.0	0.0	0.0	1.0726394653320312	0.3983633816242218	0.8433851599693298	1.2790530920028687	0.0	0.0	0.0	0.7284313440322876	0.447478711605072	0.0	0.0	0.0	0.0	0.3665609359741211	0.0	0.0	0.0	1.4110151529312134	0.254054993391037	0.9497694969177246	0.0	0.21873265504837036	0.0	1.2355719804763794	1.3138093948364258	0.0	0.0	0.0	0.1754438728094101	0.0	0.0
0.0	0.0	0.0	0.0	3.2283806800842285	0.0	0.5589246153831482	0.0	2.2756729125976562	1.666953206062317	0.10035804659128189	0.0	0.8077107071876526	1.9572771787643433	2.3850412368774414	2.038431167602539	0.0	0.635695219039917	0.0	0.3756956160068512	0.0	0.6746833920478821	0.0	0.5182705521583557	0.0	0.0	0.10759014636278152	1.4768990278244019	0.0	1.4293261766433716	0.0	1.6752033233642578	0.0	0.0	0.0	0.0	2.1428298950195312	0.0	1.1051181554794312	0.7429273128509521	0.0	0.0	0.0	1.2553101778030396	0.0	0.0	0.0	0.0	0.0	1.591932773590088	0.0	0.0	0.0	0.4836021363735199	0.8221186995506287	0.0	0.0	0.1992107629776001	0.5822854042053223	0.24877145886421204	0.0	0.0	0.0	0.3016659915447235	0.0	0.0	0.0	0.0	0.0	1.5789700746536255	0.9921606779098511	0.0	0.0	0.0	0.0	0.0	1.2339330911636353	0.9086736440658569	0.0	0.7635380029678345	0.0	0.0	0.0	0.0	0.0	0.0	1.4186004400253296	0.0	0.9614619016647339	0.0	0.0	1.6822954416275024	0.0	1.9763511419296265	0.0	0.013043991290032864	0.0	0.11728609353303909	0.0	0.0	0.0	0.0	0.0	1.7830638885498047	0.0	0.0	0.0	0.20909985899925232	0.0	0.0	0.0	0.0	0.0	0.0	0.0	0.0	0.8049721121788025	0.0	0.6292208433151245	0.0	0.0	1.9186803102493286	0.0	1.27610445022583	0.0	0.8692272901535034	0.0	0.0	0.0	0.029409874230623245	0.0	0.0	2.7411575317382812	0.0	0.0	1.7498284578323364	1.6498550176620483	0.0	0.0	1.1726187467575073	0.0	0.0	0.0	1.0756027698516846	0.0	0.0	1.8491065502166748	0.0	0.0	0.0	0.0	0.08511161059141159	0.0	0.0	1.3850789070129395	0.0	0.0	2.950355052947998	0.0	0.0	0.0	0.0	1.2206599712371826	0.02875600755214691	2.317685842514038	0.0	0.15564605593681335	2.038611650466919	0.0	0.0	0.0	0.0	0.9941125512123108	0.0	0.23165777325630188	1.7734227180480957	0.623624861240387	0.0	0.0	0.0	1.6570364236831665	0.0	0.0	0.0	0.26673048734664917	0.0	0.0	0.0	0.0	0.0	0.0	0.0	0.0	0.0	0.46620067954063416	0.0	0.0	0.0	2.0938735008239746	1.7112563848495483	0.0	0.0	0.0	0.0	0.0	0.0	0.0	0.0	2.1022603511810303	0.0	1.6253724098205566	0.43442395329475403	0.0	0.0	0.5742843151092529	0.0	0.0	0.0	0.0	0.5468912720680237	0.0	1.3668287992477417	0.0	0.0	0.0	1.3716413974761963	1.3829824924468994	0.2806223928928375	1.0877737998962402	0.0	0.0	0.40944868326187134	3.7830874919891357	0.0	0.0	0.0	0.0	0.0	2.8684637546539307	0.0	0.0	0.0	1.3018909692764282	1.0175468921661377	0.5972901582717896	0.0	1.943809151649475	0.0	0.713391125202179	1.2334654331207275	0.0	0.0	0.0	0.5361789464950562	0.0	0.0
0.0	0.0	0.0	0.4168325364589691	2.357506036758423	0.0	1.6527007818222046	0.0	1.7951124906539917	0.3757297396659851	0.0	0.0	1.0587701797485352	1.3821524381637573	0.9490737915039062	1.4161183834075928	0.3442063629627228	1.6069693565368652	0.1355208456516266	0.0	0.0	0.45057976245880127	0.0	0.5276184678077698	0.0	0.0	0.2924230396747589	1.005732536315918	0.0	2.033052682876587	0.5297896265983582	1.1365389823913574	0.0	0.25471824407577515	0.0	0.0	1.8545305728912354	0.0	0.9382942914962769	0.968853771686554	0.0	0.0	0.0	0.921905517578125	0.0	0.0	0.0	0.0	0.0	0.6106240749359131	0.0	0.0	0.0	0.7232286930084229	0.10836809128522873	0.0	0.0	0.0	0.2108701765537262	1.0771663188934326	0.0	0.0	0.0	0.0	0.0	0.0	0.0	0.0	0.0	1.5710437297821045	0.6725848913192749	0.0	0.0	0.0	0.0	0.0	1.1638455390930176	0.0	0.0	0.4772047698497772	0.0	0.0	0.18827763199806213	0.0	0.0	0.0	1.948790431022644	0.0	1.3948345184326172	0.0	0.0	1.4329757690429688	0.0	0.885173499584198	0.0	0.0	0.08683266490697861	0.0	0.0	0.0	0.0	0.5500292181968689	0.0	1.516247034072876	0.0	0.0	0.0	0.0	0.0	0.1817987710237503	0.0	0.0	0.0	0.0	0.0	0.0	0.8052066564559937	0.0	0.4807191789150238	0.0	0.0	1.5877013206481934	0.0	0.35372212529182434	0.1609581559896469	0.015267674811184406	0.0	0.0	0.0	0.0	0.0	0.0	0.230132594704628	0.0	0.0	1.2096004486083984	1.0076045989990234	0.0	0.0	0.6576996445655823	0.0	0.0	0.0	1.0111711025238037	0.0	0.0	1.8841599225997925	0.0	0.0	0.0	0.0	0.0	0.0	0.0	0.6954035758972168	0.0	0.0	2.094036817550659	0.0	0.0	0.7072612047195435	0.0	0.28328651189804077	0.33146145939826965	1.3782085180282593	0.0	0.0	1.42242431640625	0.0	0.0	0.0	0.0	0.9421236515045166	0.0	0.7671049237251282	1.9540894031524658	0.0	0.0	0.0	0.0	1.4603939056396484	0.0	0.0	0.0	0.4664006233215332	0.0	0.0	0.0	0.0	0.0	0.0	0.0	0.0	0.0	0.4501854479312897	0.0	0.0	0.0	2.6415750980377197	1.7400405406951904	0.0	0.0	0.0	0.0	0.0	0.0	0.0	0.0	2.6009836196899414	0.0	1.686218500137329	0.7051731944084167	0.0	0.0	0.6027125716209412	0.0	0.0	0.0	0.0	0.49487853050231934	0.0	0.8917218446731567	0.0	0.0	0.0	0.7256717681884766	0.0	1.0201809406280518	1.4732588529586792	0.0	0.0	0.3250674307346344	2.373676061630249	0.0	0.0	0.0	0.0	0.0	1.7973878383636475	0.0	0.0	0.0	2.2784199714660645	0.8844935297966003	0.0463675782084465	0.0	0.5532111525535583	0.0	0.8861774802207947	2.5290257930755615	0.0	0.0	0.0	1.249352216720581	0.0	0.0
0.0	0.0	0.0	0.9385982751846313	0.8141084313392639	0.0	2.4055261611938477	0.0	1.528323769569397	0.7604030966758728	0.0	0.0	1.9625810384750366	1.5602598190307617	0.0	1.3810274600982666	0.0	1.9706528186798096	1.1494265794754028	0.0	0.0	0.9169612526893616	0.0	0.8372480273246765	0.0	0.0	0.5927087664604187	0.4030851423740387	1.16717529296875	1.5599417686462402	0.928494393825531	0.4470774233341217	0.0	0.6944212913513184	0.0	0.0	1.9774761199951172	0.0	1.2265191078186035	1.169792652130127	0.0	0.0	0.0	0.0	0.0	0.0	1.2834945917129517	0.0	0.0	0.0	0.0	0.0	0.0	1.9329726696014404	0.4815138876438141	0.0	0.0	0.0	1.2541892528533936	0.9555466771125793	0.0	0.0	0.0	0.08305416256189346	0.0	0.0	0.0	0.0	0.0	1.92275071144104	0.92640221118927	0.0	0.0	0.0	0.0	0.0	0.06619036197662354	0.0	0.0	0.0	0.0	0.0	0.8143478631973267	0.6632542014122009	1.1600167751312256	0.0	2.537951707839966	0.0	0.9322506189346313	0.0	0.0	1.687180519104004	0.0	1.066584825515747	0.0	0.0	0.3943849205970764	0.0	0.0	0.0	0.0	0.4208657443523407	0.0	1.6578878164291382	0.0	0.0	0.6960061192512512	0.0	0.0	0.012425984255969524	0.0	0.0	0.0	0.0	0.0	0.0	0.5822434425354004	0.0	0.0	0.0	0.45792368054389954	0.6935034394264221	0.0	0.0	1.1623643636703491	0.42981576919555664	0.0	0.0	0.0	0.0	0.0	0.0	0.18686190247535706	0.0	0.0	0.0	0.8426892757415771	0.0	0.0	0.20757633447647095	0.0	0.0	0.0	0.0	0.0	0.0	1.7570096254348755	0.0	0.0	1.0274549722671509	0.0	0.0	0.0	0.0	0.8077712655067444	0.0	0.0	1.6058144569396973	0.0	0.0	1.152788758277893	0.0	0.0	0.6821675300598145	0.8298092484474182	0.0	0.25676873326301575	0.952580988407135	0.0	0.0	0.0	0.0	1.9307985305786133	0.0	0.0	0.7485924959182739	0.0	0.0	0.0	0.0	0.22259262204170227	0.7085695862770081	0.0	0.0	1.1822863817214966	0.0	0.0	0.0	0.0	0.0	0.0	0.0	0.0	0.0	1.4174269437789917	0.0	1.1682066917419434	0.0	1.5303101539611816	1.251312255859375	0.0	0.113074392080307	0.0	0.0	0.0	0.0	0.0	0.0	0.7609390616416931	0.0	0.049813490360975266	0.01444300264120102	0.0	0.0	1.3187953233718872	0.0	0.0	0.0	0.7227768301963806	0.8098740577697754	0.0	0.006173526868224144	0.0	0.0	0.0	2.1150925159454346	0.0	1.2933826446533203	1.4344372749328613	0.0	0.0	0.0	1.1969302892684937	1.0069339275360107	0.0	0.0	0.0	0.0	1.3708443641662598	0.0	0.0	0.0	2.5325801372528076	0.7316532731056213	0.3923521339893341	0.0	0.2438865751028061	0.0	0.8080898523330688	1.8014253377914429	0.0	0.0	0.0	0.5796502232551575	0.0	0.0
0.0	0.0	0.0	0.0	2.0229835510253906	0.0	1.6554926633834839	0.0	0.9260982275009155	1.1931788921356201	0.0	0.0	1.1678955554962158	1.510815143585205	0.4822824001312256	0.7699592709541321	0.0	1.5069330930709839	0.9226245880126953	1.2805261611938477	0.0	1.0683226585388184	0.0	0.6887546181678772	0.0	0.0	0.7132291197776794	1.4852124452590942	0.245585098862648	1.2666223049163818	0.47399964928627014	1.5830291509628296	0.0	0.6796888709068298	0.0	0.0	1.9082162380218506	0.0	1.4797900915145874	1.520431637763977	0.0	0.0	0.0	0.0	0.0	0.0	0.42686641216278076	0.0	0.0	0.0	0.0	0.0	0.0	0.8852396607398987	0.8124700784683228	0.0	0.0	0.0	1.2942599058151245	0.214974045753479	0.0	0.0	0.0	0.8172353506088257	0.0	0.0	0.0	0.0	0.0	2.0561912059783936	0.8776764273643494	0.0	0.0	0.0	0.0	0.0	0.7530251741409302	0.1579156070947647	0.0	1.0234448909759521	0.0	0.0	0.0	0.0	1.22121000289917	0.0	2.4708549976348877	0.0	0.2328106313943863	0.0	0.0	1.4893815517425537	0.0	1.5171650648117065	0.0	0.0	0.0	0.6201573610305786	0.0	0.0	0.0	0.0	0.0	1.7217234373092651	0.0	0.0	0.0	0.0	0.0	0.0	0.0	0.0	0.0	0.0	0.0	0.0	0.3442789316177368	0.0	0.0	0.0	0.0	0.9486718773841858	0.0	0.9156002998352051	0.0	0.3589312732219696	0.0	0.0	0.0	0.0	0.0	0.0	0.9575459361076355	0.0	0.0	0.5502009987831116	1.3630502223968506	0.0	0.0	0.9035508036613464	0.0	0.0	0.0	0.0	0.0	0.0	0.979905903339386	0.0	0.0	0.0	0.0	0.0	0.0	0.0	1.2030878067016602	0.0	0.0	1.873425841331482	0.0	0.0	1.1449569463729858	0.19363367557525635	0.2616230249404907	0.6573659777641296	1.790676236152649	0.0	0.6048291325569153	1.0958340167999268	0.0	0.0	0.0	0.0	1.0551910400390625	0.0	0.0	0.7915763854980469	0.0	0.0	0.0	0.0	0.7143835425376892	0.0	0.0	0.0	1.3862191438674927	0.0	0.0	0.0	0.0	0.0	0.0	0.0	0.0	0.0	1.712246060371399	0.0	1.1350116729736328	0.0	1.5650293827056885	2.436603546142578	0.0	0.0	0.0	0.0	0.0	0.0	0.0	0.0	0.7197793126106262	0.0	0.20666925609111786	0.6588671207427979	0.0	0.0	0.32251664996147156	0.0	0.0	0.0	0.2875836193561554	1.1526144742965698	0.0	0.32791078090667725	0.0	0.0	0.0	1.7988170385360718	0.46229568123817444	0.9535512924194336	1.8554661273956299	0.0	0.0	0.0	1.5195941925048828	0.0	0.0	0.0	0.0	0.0	0.9370498061180115	0.0	0.0	0.0	1.6645021438598633	0.4538329839706421	0.6583789587020874	0.0	0.9774976968765259	0.0	1.1916546821594238	1.302043080329895	0.0	0.0	0.0	0.0	0.0	0.0
0.0	0.0	0.0	0.0	2.2209362983703613	0.0	0.1436808556318283	0.0	1.5152618885040283	0.4635240137577057	1.3191969394683838	0.0	0.0	0.8096504807472229	0.7898039817810059	1.543556809425354	1.3162192106246948	0.0	0.0	0.0	0.0	0.0	0.0	0.38632500171661377	0.0	0.0	0.0	0.897148609161377	0.0	0.3296714723110199	0.0	1.5414366722106934	0.0	0.0	0.0	0.0	0.0	0.0	0.0	0.0	0.0	0.0	0.0	1.2366440296173096	0.0	0.0	0.8854135870933533	0.0	0.0	1.4379189014434814	0.0	0.0	0.0	0.0	0.0	0.0	0.0	0.4378540515899658	0.0	0.1078789010643959	0.0	0.0	0.0	0.0	0.0	0.0	0.0	0.0	0.0	0.0	1.5453368425369263	0.0	0.0	0.8071244359016418	0.0	0.0	0.0	0.746056318283081	0.0	0.0	0.0	0.0	0.8338330984115601	0.0	0.0	0.0	0.09242545813322067	0.0	1.7507046461105347	0.0	0.0	0.16467370092868805	0.0	0.0	0.0	0.0	0.0	0.1309013068675995	0.0	0.0	0.0	0.8909725546836853	0.0	0.0	0.0	0.0	0.0	1.3141793012619019	0.0	0.7807022929191589	0.0	0.0	0.0	0.0	0.35458725690841675	0.0	1.3543033599853516	0.0	1.1553430557250977	0.0	0.0	1.0723398923873901	0.0	0.9289066195487976	0.0	1.4927375316619873	0.0	0.0	0.0	1.9660967588424683	0.03861066699028015	0.0	1.3572776317596436	0.0	0.0	1.4066604375839233	1.183699131011963	0.0	0.0	0.0	0.0	0.0	0.0	0.0	0.0	0.0	0.9780300259590149	0.0	0.0	1.4924416542053223	0.0	1.4234018325805664	0.0	0.0	0.0	0.0	0.0	2.2157669067382812	0.0	0.0	0.0	0.0	0.0	0.36180195212364197	0.41244804859161377	0.0	0.0	1.3764160871505737	0.0	0.0	0.0	0.0	0.10683643072843552	0.0	0.21827970445156097	1.8802229166030884	1.4684762954711914	0.0	0.0	0.0	1.2893654108047485	0.0	0.0	0.0	0.0	0.0	0.0	0.0	0.0	0.0	0.0	0.0	0.0	0.0	0.13224618136882782	0.0	0.0	0.0	1.7546424865722656	0.02342425473034382	0.0	1.176587462425232	0.0	0.0	0.0	0.0	0.0	0.0	1.7665101289749146	0.0	1.4696977138519287	1.0991860628128052	0.0	0.0	0.5597978830337524	0.0	0.0	0.0	0.0	0.09665965288877487	0.6702385544776917	1.7884012460708618	0.0	0.0	0.0	0.2681402564048767	1.4402343034744263	0.008057585917413235	0.0	0.0	0.0	1.8632752895355225	2.459341049194336	0.0	0.0	0.0	0.0	0.0	2.0591118335723877	0.0	0.0	0.0	0.5294744372367859	1.7595301866531372	0.0	0.0	1.88211190700531	0.0	0.0	0.2464946061372757	0.0	0.0	0.0	1.7320196628570557	0.0	0.0
0.0	0.0	0.0	0.670734703540802	1.1371781826019287	0.0	2.3249735832214355	0.0	1.3130888938903809	0.7010484933853149	0.0	0.0	1.9830901622772217	1.2191122770309448	0.2776540219783783	1.352325201034546	0.0	1.7413909435272217	1.3534444570541382	0.9333816170692444	0.0	1.5495975017547607	0.0	0.8364464044570923	0.0	0.0	1.1887918710708618	1.0930405855178833	1.5206851959228516	0.9821533560752869	1.1487094163894653	0.6702401638031006	0.0	0.9122929573059082	0.0	0.0	2.6007275581359863	0.0	1.8908194303512573	1.4598058462142944	0.0	0.0	0.0	0.0	0.0	0.0	0.44188088178634644	0.0	0.0	0.0	0.0	0.0	0.0	0.9243230819702148	1.7471168041229248	0.0	0.0	0.0	1.645355463027954	0.2131212204694748	0.0	0.0	0.0	1.2855651378631592	0.0	0.0	0.0	0.0	0.0	2.024531602859497	1.4778153896331787	0.0	0.0	0.0	0.0	0.0	0.6933656334877014	0.0	0.0	0.32118934392929077	0.0	0.0	0.4978022873401642	0.26999932527542114	1.5308736562728882	0.0	2.3962371349334717	0.0	0.8977223634719849	0.0	0.0	1.8171348571777344	0.0	1.3856251239776611	0.0	0.5123934745788574	0.5413945913314819	0.4876125752925873	0.0	0.0	0.0	0.0	0.0	1.4553457498550415	0.0	0.0	0.6222760081291199	0.0	0.0	0.0	0.0	0.0	0.0	0.0	0.0	0.9824633598327637	0.41548439860343933	0.0	0.0	0.0	0.8424083590507507	0.9500876069068909	0.0	0.07641711831092834	0.14365319907665253	0.3536372482776642	0.0	0.0	0.0	0.0	0.0	0.0	0.9246322512626648	0.0	0.0	0.0	0.9451310634613037	0.0	0.0	0.2471974939107895	0.0	0.0	0.0	0.0	0.0	0.0	1.9966139793395996	0.0	0.0	0.33210793137550354	0.0	0.0	0.0	0.0	1.814502477645874	0.0	0.0	1.526367425918579	0.0	0.0	1.6907711029052734	0.16024725139141083	0.395304799079895	0.8162070512771606	1.0655699968338013	0.0	0.3330855667591095	0.9064608216285706	0.0	0.0	0.0	0.0	1.8817695379257202	0.0	0.0	0.6379116177558899	0.0	0.0	0.0	0.0	0.4696563482284546	1.195178508758545	0.0	0.18938128650188446	2.0238122940063477	0.0	0.0	0.0	0.0	0.0	0.0	0.0	0.0	0.0	2.1401219367980957	0.0	1.8788505792617798	0.0	1.3178601264953613	1.2523659467697144	0.0	0.2724127173423767	0.0	0.0	0.0	0.0	0.0	0.0	0.428862065076828	0.0	0.1934511661529541	0.5036998391151428	0.0	0.0	1.2068634033203125	0.0	0.0	0.0	0.9164674282073975	0.911344051361084	0.0	0.0	0.0	0.0	0.0	2.382455825805664	0.0	1.6942092180252075	2.019148111343384	0.0	0.0	0.0	1.2579345703125	0.8931008577346802	0.0	0.0	0.0	0.0	1.2962144613265991	0.0	0.0	0.0	2.035285711288452	0.41298922896385193	1.3561053276062012	0.0	0.9515223503112793	0.0	1.171985149383545	1.3410675525665283	0.0	0.0	0.0	0.0	0.0	0.0
0.0	0.0	0.0	1.048621416091919	0.6983819007873535	0.0	2.553122043609619	0.0	1.3768599033355713	1.3144148588180542	0.0	0.0	1.5301038026809692	1.7088608741760254	0.8553703427314758	1.2011524438858032	0.0	1.5880171060562134	1.7059972286224365	0.8579686880111694	0.0	1.7421196699142456	0.0	0.9180472493171692	0.0	0.0	1.6962558031082153	0.8154975175857544	1.3856679201126099	1.50139582157135	1.0665050745010376	0.07964640855789185	0.0	1.2767720222473145	0.0	0.0	2.7404556274414062	0.0	2.3928191661834717	1.7311357259750366	0.0	0.0	0.0	0.0	0.0	0.0	0.0	0.0	0.0	0.0	0.0	0.0	0.0	1.696871280670166	1.532057762145996	0.0	0.0	0.0	1.9346601963043213	0.37427252531051636	0.0	0.0	0.0	0.5608678460121155	0.0	0.0	0.0	0.0	0.0	1.8678913116455078	2.3371076583862305	0.0	0.0	0.0	0.0	0.0	0.9599859118461609	1.0609681606292725	0.0	0.47630488872528076	0.0	0.0	0.08433317393064499	1.0026885271072388	1.732848048210144	0.0	2.277482271194458	0.0	0.9132741689682007	0.0	0.0	1.834823727607727	0.0	1.571265459060669	0.0	0.8647561073303223	0.6622303128242493	0.35268375277519226	0.0	0.0	0.0	0.0	0.0	1.5927258729934692	0.0	0.0	0.8976715803146362	0.0	0.0	0.0	0.0	0.0	0.0	0.0	0.0	0.9868832230567932	0.6824654936790466	0.0	0.0	0.0	0.7967948317527771	1.0227360725402832	0.0	0.0	0.2909906208515167	0.8759283423423767	0.0	0.0	0.0	0.0	0.0	0.0	1.9647260904312134	0.0	0.0	0.08199384063482285	1.2404459714889526	0.0	0.0	0.12984144687652588	0.0	0.0	0.0	0.0	0.24326366186141968	0.0	1.532526969909668	0.0	0.0	0.828679084777832	0.0	0.0	0.0	0.0	1.4301552772521973	0.0	0.0	2.2165863513946533	0.0	0.0	1.7753610610961914	1.42020583152771	0.9857761859893799	0.1464845985174179	1.4367468357086182	0.0	0.0	1.1780986785888672	0.0	0.0	0.0	0.0	2.0888144969940186	0.0	0.0	0.09280894696712494	0.0	0.0	0.0	0.0	0.16023166477680206	1.1124898195266724	0.0	0.0	2.342139482498169	0.0	0.0	0.0	0.0	0.0	0.0	0.0	0.0	0.0	2.2455224990844727	0.0	2.0127930641174316	0.0	1.2658816576004028	1.4158952236175537	0.0	0.0	0.0	0.0	0.0	0.0	0.0	0.0	0.8590312004089355	0.0	0.0	1.064186930656433	0.0	0.0	1.3822720050811768	0.0	0.0	0.0	1.1804087162017822	0.9658952951431274	0.0	0.3604893386363983	0.0	0.0	0.0	2.5621836185455322	0.0	2.2995471954345703	2.0698792934417725	0.0	0.0	0.0	1.2697230577468872	1.0823687314987183	0.0	0.0	0.0	0.0	1.2454935312271118	0.0	0.0	0.0	1.8494514226913452	0.0	1.7576298713684082	0.0	0.5213843584060669	0.0	1.2844716310501099	1.3319424390792847	0.0	0.0	0.0	0.0	0.0	0.0
0.0	0.0	0.0	0.049248106777668	1.8956750631332397	0.0	1.5906330347061157	0.0	1.3924040794372559	1.314975619316101	0.0	0.0	1.4778659343719482	1.9739354848861694	0.9811884164810181	1.2965548038482666	0.0	1.1887391805648804	0.9739037752151489	0.9138992428779602	0.031861141324043274	1.0442577600479126	0.0	0.7997263669967651	0.0	0.0	1.1381921768188477	1.8915505409240723	0.18308265507221222	1.6287630796432495	0.313124418258667	1.5530579090118408	0.0	0.36500978469848633	0.0	0.0	2.489774465560913	0.0	1.471769094467163	1.6233385801315308	0.0	0.0	0.0	0.30372482538223267	0.0	0.0	0.0	0.0	0.0	0.0	0.0	0.0	0.0	0.8031648993492126	1.2628716230392456	0.0	0.0	0.0	1.4671850204467773	0.23157376050949097	0.0	0.0	0.0	0.5425683856010437	0.0	0.0	0.0	0.0	0.0	2.098907947540283	1.0975310802459717	0.0	0.0	0.0	0.0	0.0	1.2705938816070557	0.4052010476589203	0.0	1.3776837587356567	0.0	0.0	0.0	0.0	0.8831397294998169	0.0	2.2088074684143066	0.0	0.22982922196388245	0.0	0.0	2.12827205657959	0.0	1.907537817955017	0.0	0.0	0.37047767639160156	0.8934379816055298	0.0	0.0	0.0	0.0	0.0	2.053713321685791	0.0	0.0	0.0	0.0	0.0	0.0	0.0	0.0	0.0	0.0	0.0	0.0	1.1655936241149902	0.0	0.0	0.0	0.2764151096343994	1.775477409362793	0.0	0.5151760578155518	0.0	0.16310840845108032	0.0	0.0	0.0	0.0	0.0	0.0	1.1605160236358643	0.0	0.0	0.6097791194915771	1.6200790405273438	0.0	0.0	1.4362488985061646	0.0	0.0	0.0	1.1875641345977783	0.0	0.0	0.825452446937561	0.0	0.0	0.0	0.0	0.0	0.0	0.0	1.9808857440948486	0.0	0.0	1.2730594873428345	0.0	0.0	1.3549177646636963	0.0	0.9160051345825195	0.7981758117675781	1.7586770057678223	0.0	0.28806158900260925	1.081005573272705	0.0	0.0	0.0	0.0	1.215327501296997	0.0	0.5162771344184875	0.09916940331459045	0.0	0.0	0.0	0.0	1.70540189743042	0.2948601245880127	0.0	0.0	1.0180447101593018	0.0	0.0	0.0	0.0	0.0	0.0	0.0	0.0	0.0	1.6318331956863403	0.0	0.724584698677063	0.0	1.5538711547851562	2.5641112327575684	0.0	0.0	0.0	0.0	0.0	0.0	0.0	0.0	1.7933372259140015	0.0	0.6073004007339478	0.4904758930206299	0.0	0.0	0.15502411127090454	0.0	0.0	0.0	0.0	1.352796196937561	0.0	0.7742514610290527	0.0	0.0	0.0	1.4792795181274414	0.41736674308776855	1.0646164417266846	2.1231749057769775	0.0	0.0	0.0	1.8055782318115234	0.0	0.0	0.0	0.0	0.0	0.920548677444458	0.0	0.0	0.0	1.660266399383545	0.0	1.657631754875183	0.0	1.1420273780822754	0.0	1.4942331314086914	2.249317169189453	0.0	0.0	0.0	0.0	0.0	0.0
0.0	0.0	0.0	1.4771556854248047	1.3947391510009766	0.0	2.182821035385132	0.0	2.182300567626953	0.662164568901062	0.4620630741119385	0.0	1.150972604751587	1.2442725896835327	0.0	2.0551552772521973	0.40121185779571533	2.7561440467834473	1.310139775276184	0.0	0.0	0.9447709321975708	0.0	0.617222249507904	0.0	0.0	0.59660404920578	0.0	1.2776590585708618	1.4742019176483154	1.2493767738342285	0.3330084979534149	0.0	0.6097708344459534	0.0	0.0	1.6779096126556396	0.0	0.8121289610862732	0.9526644945144653	0.0	0.0	0.0	0.0	0.0	0.0	2.423832416534424	0.0	0.0	0.0	0.0	0.0	0.0	1.4646170139312744	1.1706169843673706	0.0	0.0	0.0	0.5583077073097229	1.3024101257324219	0.0	0.0	0.0	0.22066141664981842	0.0	0.0	0.0	0.0	0.0	1.9841221570968628	0.7321627140045166	0.0	0.0	0.0	0.0	0.0	0.4123958349227905	0.0	0.0	0.0	0.0	0.0	1.679343819618225	0.42349785566329956	0.6306844353675842	0.0	2.25911808013916	0.0	2.0959055423736572	0.0	0.0	1.596474051475525	0.0	0.8070363402366638	0.0	0.0	0.4390110373497009	0.0	0.0	0.0	0.0	0.31564101576805115	0.0	0.9589186906814575	0.0	0.0	1.2776250839233398	0.0	0.0	0.7175142168998718	0.0	0.0	0.0	0.0	0.0	0.3609313368797302	0.0	0.0	0.0	0.0	0.10185390710830688	1.1144729852676392	0.0	0.0	1.654660701751709	0.38485029339790344	0.0	0.0	0.0	0.0	0.0	0.0	0.38430535793304443	0.0	0.0	0.2252083420753479	0.7713136672973633	0.0	0.0	0.0	0.0	0.0	0.0	0.0	0.0	0.0	2.922447443008423	0.0	0.0	1.5118821859359741	0.0	0.0	0.0	0.0	0.7016134262084961	0.0	0.0	2.1385838985443115	0.0	0.0	1.0555084943771362	0.0	0.05829061567783356	0.028534119948744774	0.29778069257736206	0.0	0.0	0.7444907426834106	0.0	0.0	0.0	0.0	1.6015136241912842	0.0	0.20927327871322632	1.509911298751831	0.30817848443984985	0.0	0.0	0.0	0.7195851802825928	0.9791548252105713	0.0	0.0	1.3865504264831543	0.0	0.0	0.0	0.0	0.0	0.0	0.0	0.0	0.0	1.0426971912384033	0.0	1.318390130996704	0.0	1.7407221794128418	0.5410897135734558	0.0	1.025254249572754	0.0	0.0	0.0	0.0	0.0	0.0	1.163374662399292	0.0	0.19134873151779175	0.41054072976112366	0.0	0.0	2.311023235321045	0.0	0.0	0.0	0.49663329124450684	0.33578428626060486	0.4431622624397278	0.2724419832229614	0.0	0.0	0.0	2.3167572021484375	0.0	1.7775872945785522	1.5184135437011719	0.0	0.0	0.0	1.320835828781128	1.071871280670166	0.0	0.0	0.0	0.0	1.5939090251922607	0.0	0.0	0.0	2.472956657409668	1.5329838991165161	0.47753041982650757	0.0	0.45643556118011475	0.0	0.13424968719482422	1.0344003438949585	0.0	0.0	0.0	0.6668051481246948	0.0	0.0
0.0	0.0	0.0	0.0	2.9715585708618164	0.0	0.0	0.0	1.2048115730285645	0.0	1.1657906770706177	0.0	0.0	0.0	1.0575776100158691	0.40983545780181885	0.9618278741836548	0.0	0.0	0.0	0.0	0.27006101608276367	0.0	0.0	0.0	0.0	0.0	1.24037504196167	0.0	0.0	0.0	2.584916830062866	0.0	0.0	0.0	0.2345019280910492	0.06918883323669434	0.0	0.2910940647125244	0.0	0.0	0.0	0.0	2.049302816390991	0.0	0.0	1.1649634838104248	0.0	0.0	1.4459925889968872	0.0	0.0	0.0	0.39543864130973816	0.0	0.0	0.0	0.0	0.555790364742279	0.6012359261512756	0.0	0.0	0.0	0.0	0.0	0.0	0.0	0.0	0.0	0.043478526175022125	0.31908783316612244	0.0	0.0	0.37361833453178406	0.0	0.0	0.0	0.6405888795852661	0.0	0.0	0.0	0.0	0.0	0.0	0.0	0.0	0.0	0.0	1.4096605777740479	0.0	0.0	0.31238463521003723	0.0	0.720892071723938	0.0	0.0	0.0	0.0	0.0	0.0	0.0	1.4801219701766968	0.0	0.6207342147827148	0.0	0.0	0.0	0.9052799940109253	0.0	1.4173223972320557	0.0	0.0	0.0	0.0	0.0	0.0	0.6087816953659058	0.0	1.4001152515411377	0.0	0.0	0.0	0.0	1.47378671169281	0.4259670376777649	0.7072354555130005	0.0	0.0	0.0	1.6623836755752563	0.0	0.0	1.133941411972046	0.0	0.0	1.7249823808670044	1.2256425619125366	0.0	0.0	0.0	0.0	0.0	0.0	0.0	0.0	0.0	0.0	0.0	0.0	0.0	0.0	0.46807193756103516	0.0	0.0	0.0	0.0	0.0	1.5435125827789307	0.0	0.0	0.2784682810306549	0.0	0.0	0.0	0.947498619556427	0.0	0.23716844618320465	1.5375477075576782	0.0	0.0	0.0	0.0	0.0	0.0	0.0	2.1169750690460205	1.577589511871338	0.0	0.0	0.0	0.5178238749504089	0.0	0.0	0.0	0.0	0.0	0.0	0.0	0.0	0.0	0.0	0.0	0.0	0.0	0.0	0.0	0.0	0.0	0.9353688359260559	0.15563417971134186	0.0	0.32948529720306396	0.0	0.0	0.0	0.0	0.0	0.0	0.812211275100708	0.0	1.2876806259155273	0.294684499502182	0.0	0.0	0.40203365683555603	0.0	0.0	0.0	0.0	0.0001438719336874783	0.0	0.6805300116539001	0.0	0.0	0.0	0.002140932949259877	0.8994221091270447	0.0	0.0	0.0	0.0	1.242370367050171	2.787654161453247	0.0	0.0	0.0	0.0	0.0	1.6224327087402344	0.0	0.0	0.0	0.12733234465122223	1.326080560684204	0.09701482951641083	0.0	1.7354164123535156	0.0	0.5981458425521851	0.0	0.0	0.0	0.0	1.3833911418914795	0.0	0.0
0.0	0.0	0.0	0.0	2.562692403793335	0.0	1.5403530597686768	0.0	1.720188021659851	1.4668129682540894	0.0	0.0	0.5349450707435608	1.3229302167892456	0.9387211799621582	1.5402865409851074	0.46352431178092957	0.7805811762809753	0.45946621894836426	0.3534621596336365	0.0	0.03376526013016701	0.0	1.3820164203643799	0.0	0.0	0.3744364380836487	1.4086743593215942	0.0	1.0955431461334229	0.20749415457248688	1.1381878852844238	0.0	0.4578837752342224	0.0	0.24877837300300598	0.6624954342842102	0.0	0.380361407995224	0.4915795922279358	0.0	0.0	0.0	0.9025813341140747	0.0	0.0	0.0	0.0	0.0	0.9392938613891602	0.0	0.0	0.0	0.7346595525741577	0.0	0.0	0.0	0.0	0.8554776906967163	0.0	0.0	0.0	0.0	0.5036365985870361	0.0	0.0	0.0	0.0	0.0	0.9546275734901428	1.248725175857544	0.0	0.0	0.0	0.0	0.0	0.9367683529853821	0.0	0.0	0.5852785706520081	0.0	0.0	0.0	0.0	0.30586642026901245	0.0	2.035942554473877	0.0	2.0399208068847656	0.0	0.0	1.745877981185913	0.0	0.3780273199081421	0.0	0.0	0.3584495484828949	1.9163768291473389	0.0	0.0	0.0	0.0	0.0	1.2732830047607422	0.0	0.0	0.0	0.5634036660194397	0.0	0.12050332874059677	0.0	0.0	0.0	0.0	0.0	0.0	1.6957967281341553	0.0	0.15336671471595764	0.0	0.2113180309534073	1.760731816291809	0.0	0.7349799275398254	0.0	1.194791316986084	0.0	0.0	0.0	0.4330095648765564	0.11596756428480148	0.0	0.8328820466995239	0.0	0.0	0.743258535861969	1.903970718383789	0.0	0.0	0.45484399795532227	0.0	0.0	0.0	0.2550060451030731	0.8191321492195129	0.0	1.9013739824295044	0.0	0.0	0.0	0.0	0.4649711549282074	0.0	0.0	0.7135764956474304	0.0	0.0	1.9666301012039185	0.0	0.0	0.9411661624908447	0.0	0.28213003277778625	1.2520713806152344	1.0621222257614136	0.0	0.5116037726402283	1.2544119358062744	0.0	0.0	0.0	0.0	0.2628118097782135	0.0	0.40737393498420715	0.8165147304534912	0.0	0.0	0.0	0.0	1.489278793334961	0.0	0.0	0.0	0.8938162326812744	0.0	0.0	0.0	0.0	0.0	0.0	0.0	0.0	0.0	1.4310330152511597	0.0	0.04693431034684181	0.0	2.1160969734191895	2.300943374633789	0.0	0.0	0.0	0.0	0.0	0.0	0.0	0.0	3.035372495651245	0.0	1.2881591320037842	1.4292038679122925	0.03486787527799606	0.0	0.0793667584657669	0.0	0.0	0.0	0.0	0.7509292364120483	0.0	1.6678287982940674	0.0	0.0	0.0	0.7061349749565125	1.4392483234405518	0.0	1.0724543333053589	0.0	0.0	0.8722777366638184	1.9698154926300049	0.6165372133255005	0.0	0.0	0.0	0.0	1.6978800296783447	0.0	0.0	0.0	1.0510451793670654	0.7070905566215515	0.5437126755714417	0.0	0.7171773910522461	0.0	1.4404308795928955	1.4885756969451904	0.0	0.0	0.0	1.1542344093322754	0.0	0.0
0.0	0.0	0.0	0.0	1.9014424085617065	0.0	1.9000014066696167	0.0	0.9086030721664429	1.6232295036315918	0.0	0.0	1.374203085899353	0.9756641387939453	0.8835166096687317	0.5080992579460144	0.0	0.373819500207901	0.7454571723937988	0.6299053430557251	0.0	2.288278579711914	0.0	0.7907679677009583	0.0	0.0	0.9291483163833618	1.3366634845733643	0.3095800280570984	0.731629490852356	0.0	1.8902702331542969	0.0	1.1921175718307495	0.0	0.0	1.8302545547485352	0.0	2.335596799850464	1.1529595851898193	0.0	0.0	0.0	0.0	0.0	0.0	0.0	0.0	0.0	0.0	0.0	0.0	0.0	0.8307310342788696	1.9067729711532593	0.0	0.0	0.0	1.7434335947036743	0.9243371486663818	0.0	0.0	0.0	0.7840802073478699	0.0	0.0	0.0	0.0	0.0	2.0790109634399414	1.1034599542617798	0.0	0.0	0.0	0.0	0.0	0.40830883383750916	1.0313637256622314	0.0	0.7843256592750549	0.0	0.0	0.0	0.6030358076095581	0.9051340818405151	0.0	1.9782651662826538	0.0	1.0826590061187744	0.0	0.0	1.8498114347457886	0.0	1.6380525827407837	0.0	0.0	0.12270551174879074	0.046534452587366104	0.0	0.0	0.0	0.0	0.0	1.8925167322158813	0.0	0.0	0.0	0.0	0.0	0.0	0.0	0.0	0.0	0.0	0.0	0.0	0.4736402928829193	0.0	0.0	0.0	0.0	0.7204523086547852	0.0	0.988612711429596	0.6101779341697693	0.23615530133247375	0.0	0.0	0.0	0.0	0.0	0.0	0.8548217415809631	0.0	0.0	0.2674204111099243	1.1720658540725708	0.0	0.0	1.195485234260559	0.0	0.0	0.0	0.0	0.0	0.0	0.3621293306350708	0.0	0.0	0.0	0.0	0.0	0.0	0.0	1.6311774253845215	0.0	0.0	0.9122837781906128	0.0	0.0	1.5337553024291992	0.06856311112642288	0.7490191459655762	0.0	2.1444618701934814	0.0	1.345033049583435	1.2274662256240845	0.0	0.0	0.0	0.0	0.9502335786819458	0.0	0.0	0.9227548837661743	0.0	0.0	0.0	0.0	0.33159804344177246	0.3635014593601227	0.0	0.0	2.3838963508605957	0.0	0.0	0.0	0.0	0.0	0.0	0.0	0.0	0.0	0.8799256086349487	0.0	1.8606457710266113	0.0	0.8638609051704407	1.8124470710754395	0.0	0.0	0.0	0.0	0.0	0.0	0.0	0.0	0.983668327331543	0.0	0.0	0.0	0.0	0.0	0.6307458281517029	0.0	0.0	0.0	0.5461769104003906	1.1583423614501953	0.0	0.0	0.0	0.0	0.0	2.139483690261841	0.48279738426208496	1.0860549211502075	1.4948333501815796	0.0	0.0	0.0	1.820391297340393	0.0	0.0	0.0	0.0	0.0	0.8848603963851929	0.0	0.0	0.0	1.566158652305603	0.0	1.7269006967544556	0.0	0.24182772636413574	0.0	1.6016350984573364	1.2358916997909546	0.0	0.0	0.0	0.0	0.0	0.0
0.0	0.0	0.0	0.0	0.587946891784668	0.0	0.5571126937866211	0.0	0.6162064671516418	0.7641665935516357	0.0	0.0	0.6274120211601257	0.6615447998046875	0.43556541204452515	0.36787164211273193	0.25889652967453003	0.29923316836357117	0.17760679125785828	0.36753836274147034	0.016790034249424934	0.2568586766719818	0.0	0.7620589137077332	0.0	0.0	0.5924443006515503	0.7508315443992615	0.10342133045196533	0.4893076717853546	0.4352865219116211	0.6379492282867432	0.0	0.2823522686958313	0.0	0.2444542795419693	0.46665456891059875	0.0	0.5542312860488892	0.3630565404891968	0.0	0.0	0.0	0.0	0.0	0.0	0.0	0.0	0.0	0.5451379418373108	0.0	0.0	0.0	0.07724224776029587	0.3505062460899353	0.0	0.0	0.48232612013816833	0.8628427386283875	0.13042452931404114	0.0	0.0	0.0	0.47026145458221436	0.0	0.0	0.0	0.0	0.0	0.35346242785453796	0.7096459865570068	0.0	0.0	0.1021857038140297	0.0	0.0	0.21793532371520996	0.5261225700378418	0.0	0.4330012798309326	0.0	0.0	0.262100487947464	0.0	0.6944674253463745	0.0	0.6656502485275269	0.0	0.17539317905902863	0.0	0.0	0.9284728169441223	0.0	0.5183025002479553	0.0	0.2278565615415573	0.40870562195777893	0.4034440517425537	0.0	0.2299787700176239	0.0	0.13359685242176056	0.0	0.5246385335922241	0.0	0.0	0.0	0.03685234487056732	0.0	0.0	0.0	0.07046738266944885	0.0	0.0	0.0	0.0	0.4420650601387024	0.0	0.0	0.0	0.01075271237641573	0.7397050261497498	0.0	0.11485189199447632	0.0	0.3825100064277649	0.0	0.0	0.0	0.0	0.04259921982884407	0.0	0.5189197063446045	0.0	0.0	0.312118798494339	0.5166652798652649	0.0	0.0	0.0466127023100853	0.0	0.0	0.0	0.928118109703064	0.7362338900566101	0.0	0.17558206617832184	0.0	0.0	0.0	0.0	0.24243223667144775	0.0	0.0	0.4607255160808563	0.0	0.0	0.7837504148483276	0.0	0.0	0.32400521636009216	0.3428139388561249	0.4109731614589691	0.39932435750961304	0.6290808916091919	0.0	0.11273104697465897	0.8551653623580933	0.0	0.0	0.0	0.0	0.11613208800554276	0.0	0.835644006729126	0.1139642745256424	0.0	0.0	0.0	0.3268435597419739	0.5359070301055908	0.45327842235565186	0.0	0.0	0.534452497959137	0.0	0.0	0.0	0.0	0.0	0.0	0.0	0.0	0.0	0.4984722137451172	0.0	0.5619089007377625	0.0	0.49686914682388306	0.7129721641540527	0.0	0.0	0.0	0.0	0.0	0.0	0.0	0.0	0.8216368556022644	0.0	0.20523256063461304	0.4317871034145355	0.17577210068702698	0.0	0.35855036973953247	0.0	0.0	0.0	0.15499788522720337	0.8103634119033813	0.0	0.6312841176986694	0.0	0.0	0.0	0.40579119324684143	0.8516721129417419	0.4788305461406708	0.7414235472679138	0.0	0.0	0.0	0.661457359790802	0.24345426261425018	0.0	0.0	0.0	0.0	0.4434787333011627	0.0	0.0	0.0	0.7828609347343445	0.0	0.5469059348106384	0.0	0.2735103666782379	0.0	0.6376218199729919	0.6670370697975159	0.0	0.731784999370575	0.0	0.008175091817975044	0.0	0.0
0.0	0.0	0.0	0.35036981105804443	1.8848885297775269	0.0	2.0539538860321045	0.0	1.706554651260376	0.18329159915447235	0.1350553333759308	0.0	1.613075852394104	1.7869576215744019	1.0221664905548096	2.4329981803894043	0.23557345569133759	1.94292151927948	0.8410646319389343	0.09792293608188629	0.0	1.5404495000839233	0.0	1.42646062374115	0.0	0.0	0.3516295850276947	0.3338634967803955	0.7155553698539734	1.9226601123809814	1.185804009437561	1.2153522968292236	0.0	0.5842433571815491	0.0	0.0	1.9504395723342896	0.0	1.050962209701538	1.244743824005127	0.0	0.0	0.0	0.6457239389419556	0.0	0.0	1.0977153778076172	0.0	0.0	0.12417475134134293	0.0	0.0	0.0	1.345511555671692	0.3168008327484131	0.0	0.0	0.0	0.4058535397052765	1.4156709909439087	0.0	0.0	0.0	0.4123254716396332	0.0	0.0	0.0	0.0	0.0	1.5541257858276367	1.0250221490859985	0.0	0.0	0.0	0.0	0.0	0.7853924036026001	0.0	0.0	0.03719957917928696	0.0	0.0	0.9692542552947998	0.0	0.6581773161888123	0.0	2.4397802352905273	0.0	2.0618033409118652	0.0	0.0	1.317568302154541	0.0	0.677311360836029	0.0	0.0	0.6330866813659668	0.03462915122509003	0.0	0.0	0.0	0.0	0.0	1.8478199243545532	0.0	0.0	0.40246152877807617	0.0	0.0	0.8895982503890991	0.0	0.0	0.0	0.0	0.0	0.22702310979366302	0.42924126982688904	0.0	0.0	0.0	0.4595213234424591	0.9405098557472229	0.0	0.22380168735980988	0.902826726436615	0.12039338052272797	0.0	0.0	0.0	0.0	0.0	0.0	1.1695512533187866	0.0	0.0	1.2740743160247803	1.5600610971450806	0.0	0.0	0.5255604982376099	0.0	0.0	0.0	0.19686588644981384	0.0	0.0	2.261404037475586	0.0	0.0	0.7587302327156067	0.0	0.0	0.0	0.0	1.255525827407837	0.0	0.0	2.070507764816284	0.0	0.0	1.3246887922286987	0.0	0.0	0.965839684009552	1.415401816368103	0.0	0.0	1.623337745666504	0.0	0.0	0.0	0.0	1.2610714435577393	0.0	0.0	1.5540506839752197	0.0	0.0	0.0	0.0	0.9601644277572632	0.5754819512367249	0.0	0.0	1.1820024251937866	0.0	0.0	0.0	0.0	0.0	0.0	0.0	0.0	0.0	1.196519374847412	0.0	0.8639433979988098	0.0	1.5923197269439697	1.298521876335144	0.0	0.4729194939136505	0.0	0.0	0.0	0.0	0.0	0.0	1.3728498220443726	0.0	0.34087005257606506	0.4101497232913971	0.0	0.0	1.2265688180923462	0.0	0.0	0.0	0.21553094685077667	0.660175621509552	0.47380056977272034	0.5410593748092651	0.0	0.0	0.0	2.020683765411377	0.0	1.462179183959961	1.9922049045562744	0.0	0.0	0.0	1.796113133430481	0.4431408941745758	0.0	0.0	0.0	0.0	2.042367935180664	0.0	0.0	0.0	2.6579909324645996	0.9207006096839905	0.9180896282196045	0.0	0.8726574778556824	0.0	1.0215855836868286	1.3306918144226074	0.0	0.0	0.0	0.278241366147995	0.0	0.0
0.0	0.0	0.0	0.0	1.6394925117492676	0.0	0.6220032572746277	0.0	3.158735990524292	0.3217807114124298	1.7848505973815918	0.0	0.9254544973373413	2.0011870861053467	1.851902961730957	3.535170078277588	0.708223819732666	1.0047820806503296	0.258721262216568	0.0	0.0	0.0	0.0	0.7752744555473328	0.0	0.0	0.0	0.2696026861667633	0.6088103652000427	2.015488624572754	0.015302923507988453	1.110571026802063	0.0	0.0	0.0	0.0	0.7447949051856995	0.0	0.0	0.0	0.0	0.0	0.0	1.9327565431594849	0.0	0.0	2.174278736114502	0.0	0.0	1.7554607391357422	0.0	0.0	0.0	1.365039587020874	0.0	0.0	0.0	0.0	0.0	0.9201053380966187	0.0	0.0	0.0	0.0	0.0	0.0	0.0	0.0	0.0	0.33929869532585144	1.0355793237686157	0.0	0.0	0.0	0.0	0.0	0.0	0.4461009204387665	0.0	0.0	0.0	0.0	1.3896899223327637	0.0	0.0	0.0	0.8761566877365112	0.0	2.7909724712371826	0.0	0.0	0.5025162100791931	0.0	0.0	0.0	0.0	0.0	0.0	0.0	0.0	0.0	0.9791740775108337	0.0	0.707268238067627	0.0	0.0	0.11598717421293259	0.7366637587547302	0.0	0.8444820642471313	0.0	0.0	0.0	0.0	0.0	0.0	1.1655417680740356	0.0	0.04768351465463638	0.0	0.3603152334690094	1.3630168437957764	0.0	0.016409628093242645	0.0	0.9741237163543701	0.0	0.0	0.0	1.4175225496292114	0.0	0.0	1.006043791770935	0.0	0.0	2.391551971435547	1.5797253847122192	0.0	0.0	0.0	0.0	0.0	0.0	0.0	0.0	0.0	2.0042531490325928	0.0	0.0	0.0	0.0	0.8108654022216797	0.0	0.0	0.0	0.0	0.0	3.4686343669891357	0.0	0.0	0.14651012420654297	0.0	0.0	0.2260321080684662	0.5132479071617126	0.0	0.0	1.9902185201644897	0.0	0.0	0.0	0.0	0.6392247080802917	0.0	0.8724837899208069	1.658257246017456	0.617594301700592	0.0	0.0	0.0	1.714638590812683	0.0	0.0	0.0	0.0	0.0	0.0	0.0	0.0	0.0	0.0	0.0	0.0	0.0	0.554428219795227	0.0	0.0	0.0	2.417448043823242	0.0	0.0	1.0290802717208862	0.0	0.0	0.0	0.0	0.0	0.0	2.14379620552063	0.0	1.7414168119430542	0.8591614365577698	0.0	0.0	1.9014577865600586	0.0	0.0	0.0	0.0	0.0	0.8338271379470825	1.715162992477417	0.0	0.0	0.0	0.35355040431022644	0.26064929366111755	0.93309485912323	0.36785876750946045	0.0	0.0	1.225812315940857	2.923783302307129	0.0	0.0	0.0	0.0	0.0	3.646763563156128	0.0	0.0	0.0	1.4639393091201782	1.9552562236785889	0.0	0.0	2.4546658992767334	0.0	0.0031885113567113876	0.6803150773048401	0.0	0.0	0.0	2.1564042568206787	0.0	0.0
0.0	0.0	0.0	0.11691061407327652	2.1679248809814453	0.0	1.813170313835144	0.0	1.6498302221298218	1.9137351512908936	0.0	0.0	1.1851242780685425	2.4751837253570557	1.21493399143219	1.4172601699829102	0.0	1.4777634143829346	1.0860278606414795	0.565828263759613	0.0	1.2031821012496948	0.0	1.113302230834961	0.0	0.0	0.5425362586975098	1.4287831783294678	0.6805818676948547	1.896689772605896	0.10810668766498566	1.2798497676849365	0.0	0.4997502863407135	0.0	0.0	2.0174505710601807	0.0	1.5943197011947632	1.4835458993911743	0.0	0.0	0.0	0.17668594419956207	0.0	0.0	0.5710747241973877	0.0	0.0	0.0	0.0	0.0	0.0	1.7303643226623535	0.49636587500572205	0.0	0.0	0.3235751986503601	1.257889986038208	0.8249301314353943	0.0	0.0	0.0	0.43122047185897827	0.0	0.0	0.0	0.0	0.0	2.0257813930511475	0.767447292804718	0.0	0.0	0.0	0.0	0.0	1.022615671157837	0.9320136308670044	0.0	0.7423011660575867	0.0	0.0	0.0	0.0	1.4187625646591187	0.0	2.1364521980285645	0.0	0.7436992526054382	0.0	0.0	1.846718192100525	0.0	1.542397379875183	0.0	0.7176475524902344	0.4912312626838684	0.4784952402114868	0.0	0.0	0.0	0.0	0.0	1.6362096071243286	0.0	0.0	0.041743334382772446	0.0	0.0	0.0	0.0	0.0	0.0	0.0	0.0	0.0	1.027622938156128	0.0	0.0	0.0	0.7050544023513794	1.506995439529419	0.0	0.38269904255867004	0.0	0.3566782772541046	0.0	0.0	0.0	0.0	0.0	0.0	1.5959447622299194	0.0	0.0	0.7088169455528259	1.4660753011703491	0.0	0.0	0.6488438248634338	0.0	0.0	0.0	0.19997036457061768	0.0	0.0	1.4823054075241089	0.0	0.0	0.8600631356239319	0.0	0.0	0.0	0.0	0.8732494711875916	0.0	0.0	2.0545847415924072	0.0	0.0	1.189058780670166	0.0	0.7627167105674744	0.11427077651023865	1.3558523654937744	0.0	0.18266673386096954	1.4988116025924683	0.0	0.0	0.0	0.0	1.6291154623031616	0.0	0.4956429898738861	0.6802644729614258	0.0	0.0	0.0	0.0	1.0758414268493652	0.0	0.0	0.0	1.3558753728866577	0.0	0.0	0.0	0.0	0.0	0.0	0.0	0.0	0.0	1.1116803884506226	0.0	0.7869927287101746	0.0	1.5524773597717285	1.8497841358184814	0.0	0.0	0.0	0.0	0.0	0.0	0.0	0.0	2.3715124130249023	0.0	0.4989427924156189	1.2098139524459839	0.0	0.0	0.7826245427131653	0.0	0.0	0.0	0.0	0.736751139163971	0.0	0.8329529762268066	0.0	0.0	0.0	1.715681791305542	0.7703791856765747	1.0987850427627563	1.4402021169662476	0.0	0.0	0.0	1.5557326078414917	0.015438087284564972	0.0	0.0	0.0	0.0	1.5530343055725098	0.0	0.0	0.0	1.5218708515167236	0.5423625111579895	1.0607036352157593	0.0	0.6719168424606323	0.0	0.9880710244178772	1.1900078058242798	0.0	0.0	0.0	0.17005041241645813	0.0	0.0
0.0	0.0	0.0	0.13565708696842194	1.9055027961730957	0.0	1.6137773990631104	0.0	3.0592904090881348	0.9439189434051514	0.21269124746322632	0.0	0.8268691301345825	3.262938976287842	1.3021916151046753	2.601585865020752	0.0	1.329903244972229	0.8044838905334473	0.0	0.0	0.8678685426712036	0.0	1.1272579431533813	0.0	0.0	0.16204290091991425	0.5881063938140869	0.11455818265676498	2.7849392890930176	0.5681789517402649	0.6999219059944153	0.0	0.0	0.0	0.0	1.9758442640304565	0.0	1.090368390083313	0.7564737796783447	0.0	0.0	0.0	1.5264586210250854	0.0	0.0	0.6641568541526794	0.0	0.0	0.8495442271232605	0.0	0.0	0.0	1.5041890144348145	0.4764235317707062	0.0	0.0	0.0	0.0658792033791542	1.0721583366394043	0.0	0.0	0.0	0.0	0.0	0.0	0.0	0.0	0.0	1.5694056749343872	2.390432834625244	0.0	0.0	0.0	0.0	0.0	0.05990158021450043	0.8420265316963196	0.0	0.5874715447425842	0.0	0.0	1.2935454845428467	0.0	0.44977426528930664	0.0	2.7126777172088623	0.0	2.2361629009246826	0.0	0.0	1.391655683517456	0.0	0.3337002694606781	0.0	0.0	0.0	0.0	0.0	0.0	0.0	0.0	0.0	1.3246902227401733	0.0	0.0	0.2671791613101959	0.16396644711494446	0.0	0.2640078067779541	0.0	0.0	0.0	0.0	0.0	0.0	1.0655990839004517	0.0	0.0	0.0	0.0	2.2064435482025146	0.0	0.07029701769351959	0.0	0.8751977682113647	0.0	0.0	0.0	0.24938832223415375	0.0	0.0	1.0531949996948242	0.0	0.0	1.8529059886932373	1.3729727268218994	0.0	0.0	0.7516592144966125	0.0	0.0	0.0	0.6860530376434326	0.0	0.0	2.331690549850464	0.0	0.0	0.0	0.0	0.0	0.0	0.0	0.20558488368988037	0.0	0.0	2.904552459716797	0.0	0.0	0.1596899926662445	0.0	0.5087157487869263	0.5752511620521545	1.8612297773361206	0.0	0.0	1.9380327463150024	0.0	0.0	0.0	0.0	1.0490655899047852	0.0	0.6725763082504272	1.3201528787612915	0.0	0.0	0.0	0.0	2.0471198558807373	0.1490524709224701	0.0	0.0	0.90365070104599	0.0	0.0	0.0	0.0	0.0	0.0	0.0	0.0	0.0	1.4855165481567383	0.0	0.45421746373176575	0.0	2.7463924884796143	2.110337018966675	0.0	0.0	0.0	0.0	0.0	0.0	0.0	0.0	1.9784188270568848	0.0	2.4252357482910156	0.668093740940094	0.1682576984167099	0.0	1.666335940361023	0.0	0.0	0.0	0.0	0.2596835792064667	0.0	2.10292911529541	0.0	0.0	0.0	1.0038161277770996	0.4332196116447449	1.1998850107192993	1.8153108358383179	0.0	0.0	0.9012075066566467	2.473727226257324	0.0	0.0	0.0	0.0	0.0	3.2084755897521973	0.0	0.0	0.0	1.6496126651763916	1.119663119316101	0.0	0.0	1.8324531316757202	0.0	0.44650211930274963	1.9154925346374512	0.0	0.0	0.0	1.2560110092163086	0.0	0.0
0.0	0.0	0.0	0.03842329978942871	1.9093559980392456	0.0	0.8781794309616089	0.0	1.8832191228866577	0.5475079417228699	0.6189605593681335	0.0	0.43850982189178467	0.8604300022125244	0.7325048446655273	1.6193554401397705	1.2724319696426392	0.701654851436615	0.2598530948162079	0.0	0.0	0.37995588779449463	0.0	0.5309803485870361	0.0	0.0	0.2020929753780365	0.9503560066223145	0.26080772280693054	0.878319263458252	0.0	1.440808653831482	0.0	0.18082143366336823	0.0	0.0	0.7603690028190613	0.0	0.23834581673145294	0.42986100912094116	0.0	0.0	0.0	1.0218251943588257	0.0	0.0	1.6357285976409912	0.0	0.0	1.1671985387802124	0.0	0.0	0.0	0.6191884279251099	0.0	0.0	0.0	0.0	0.41965606808662415	0.7342405915260315	0.0	0.0	0.0	0.0	0.0	0.0	0.0	0.0	0.0	0.5612195134162903	1.4932520389556885	0.0	0.0	0.24274799227714539	0.0	0.0	0.10805678367614746	0.9114978313446045	0.0	0.0	0.0	0.0	0.7049273252487183	0.0	0.09130917489528656	0.0	0.8223565816879272	0.0	2.0434703826904297	0.0	0.0	0.8332695960998535	0.0	0.498954176902771	0.0	0.16074809432029724	0.0	0.0	0.0	0.0	0.0	1.2764625549316406	0.0	0.35721904039382935	0.0	0.0	0.2857672870159149	0.6907323002815247	0.0	1.0998752117156982	0.0	0.0	0.0	0.0	0.0	0.0	0.5056112408638	0.0	0.2523891031742096	0.0	0.0	0.5946827530860901	0.0	0.3887636363506317	0.8231585621833801	1.2865939140319824	0.0	0.0	0.0	1.22487473487854	0.0	0.0	0.5180065035820007	0.0	0.0	1.478235125541687	1.730471134185791	0.0	0.0	0.0	0.0	0.0	0.0	0.0	0.0	0.0	1.1186964511871338	0.0	0.0	2.847593307495117	0.0	0.8278580904006958	0.0	0.0	0.010798493400216103	0.0	0.0	2.4092910289764404	0.0	0.0	0.1863764226436615	0.33321163058280945	0.0	0.4032277762889862	0.7977564334869385	0.0	0.0	1.1971540451049805	0.0	0.0	0.0	0.0	0.5995335578918457	0.0	0.0	2.0451436042785645	1.225301742553711	0.0	0.0	0.0	0.3100443482398987	0.0	0.0	0.0	0.16447657346725464	0.0	0.0	0.0	0.0	0.0	0.0	0.0	0.0	0.0	0.44613999128341675	0.0	0.34039306640625	0.0	1.6635493040084839	0.21995952725410461	0.0	1.2007982730865479	0.0	0.0	0.0	0.0	0.0	0.0	1.2508825063705444	0.0	0.811506450176239	0.6804086565971375	0.0	0.0	1.3360625505447388	0.0	0.0	0.0	0.0	0.08751015365123749	0.9704095721244812	1.0494322776794434	0.0	0.0	0.0	1.1590241193771362	0.7264754772186279	0.5591700673103333	0.3010369837284088	0.0	0.0	0.8247029185295105	2.4498956203460693	0.577570915222168	0.0	0.0	0.0	0.0	2.161970853805542	0.0	0.0	0.0	1.0073703527450562	1.5275824069976807	0.41911736130714417	0.0	1.638277292251587	0.0	0.4157315194606781	0.24210332334041595	0.0	0.0	0.0	2.3009138107299805	0.0	0.0
0.0	0.0	0.0	0.0	2.2441463470458984	0.0	1.0147546529769897	0.0	2.0563669204711914	0.7255253791809082	0.6212639212608337	0.0	0.047592874616384506	0.6394789218902588	1.2166919708251953	1.9828237295150757	0.3340678811073303	0.782725989818573	0.0	0.0	0.0	0.0	0.0	0.5394442677497864	0.0	0.0	0.0	0.6731282472610474	0.0	0.822120726108551	0.0	1.914272665977478	0.0	0.0	0.0	0.0	0.9968082308769226	0.0	0.0	0.34490612149238586	0.0	0.0	0.0	1.7306454181671143	0.0	0.0	0.9286592602729797	0.0	0.0	1.2218719720840454	0.0	0.0	0.0	0.5771943926811218	0.0	0.0	0.0	0.0	0.2560027837753296	0.9374851584434509	0.0	0.0	0.0	0.09056451171636581	0.0	0.0	0.0	0.0	0.0	1.197160243988037	0.5952519178390503	0.0	0.0	0.0	0.0	0.0	0.0	0.0	0.0	0.3602614104747772	0.0	0.0	0.0	0.0	0.0	0.0	1.4699088335037231	0.0	1.6894522905349731	0.0	0.0	0.8079807758331299	0.0	0.19206619262695312	0.0	0.0	0.0	0.4210757315158844	0.0	0.0	0.0	0.20851026475429535	0.0	1.0591514110565186	0.0	0.0	0.0	0.9153385758399963	0.0	0.7944970726966858	0.0	0.0	0.0	0.0	0.0	0.0	0.45798084139823914	0.0	0.9545373916625977	0.0	0.0	1.3351078033447266	0.0	1.093774437904358	0.02845582365989685	0.5637228488922119	0.0	0.0	0.0	1.0801769495010376	0.0	0.0	0.7766394019126892	0.0	0.0	1.1141258478164673	0.5885518789291382	0.0	0.0	0.3444567918777466	0.0	0.0	0.0	0.0	0.0	0.0	1.9118934869766235	0.0	0.0	0.0	0.0	0.22712180018424988	0.0	0.0	0.16842323541641235	0.0	0.0	1.9618152379989624	0.0	0.0	0.12089001387357712	0.0	0.0	0.8051069378852844	1.0059857368469238	0.0	0.23892098665237427	1.2580629587173462	0.0	0.0	0.0	0.0	0.20767158269882202	0.0	0.0	2.217860698699951	0.17688167095184326	0.0	0.0	0.0	1.2046374082565308	0.0	0.0	0.0	0.4323735237121582	0.0	0.0	0.0	0.0	0.0	0.0	0.0	0.0	0.0	0.2895304262638092	0.0	0.0	0.0	2.1787450313568115	1.0883618593215942	0.0	0.7595112919807434	0.0	0.0	0.0	0.0	0.0	0.0	2.3483526706695557	0.0	2.032726526260376	0.9215189814567566	0.0	0.0	0.3563658595085144	0.0	0.0	0.0	0.0	0.0	0.02937782183289528	1.7863812446594238	0.0	0.0	0.0	0.05551312491297722	0.6216003894805908	0.33333155512809753	0.590915858745575	0.0	0.0	1.185052752494812	2.1973788738250732	0.0	0.0	0.0	0.0	0.0	2.1425371170043945	0.0	0.0	0.0	1.6724457740783691	1.2373652458190918	0.0	0.0	1.4335066080093384	0.0	0.533484935760498	0.3124977648258209	0.0	0.0	0.0	1.10409677028656	0.0	0.0
0.0	0.0	0.0	0.0	2.6422886848449707	0.0	1.1150091886520386	0.0	1.3280850648880005	1.2551558017730713	0.0	0.0	1.4296197891235352	1.958463430404663	2.0015857219696045	1.2837703227996826	0.0	0.4289855360984802	0.7202903032302856	0.8887723684310913	0.0	0.7559440732002258	0.0	1.503545880317688	0.0	0.0	0.6837942004203796	2.056694269180298	0.6843494772911072	1.5102392435073853	0.0	2.2197868824005127	0.0	0.0	0.0	0.7868260145187378	2.1628503799438477	0.0	1.1288484334945679	1.0232534408569336	0.0	0.0	0.0	1.021479845046997	0.0	0.0	0.16377903521060944	0.0	0.0	1.0974223613739014	0.0	0.0	0.0	0.8289588689804077	0.09942586719989777	0.0	0.0	0.5885984301567078	1.2923921346664429	0.7171750664710999	0.0	0.0	0.0	0.8353716135025024	0.0	0.0	0.0	0.0	0.0	1.317446231842041	1.0538140535354614	0.0	0.0	0.0	0.0	0.0	0.8037009239196777	0.46554261445999146	0.0	0.740297794342041	0.0	0.0	0.0	0.0	0.8563324809074402	0.0	1.4015194177627563	0.0	0.22139966487884521	0.0	0.0	1.0214518308639526	0.0	1.4998735189437866	0.0	0.07078442722558975	0.01806066371500492	0.8456705212593079	0.0	0.0	0.0	0.0	0.0	2.1932501792907715	0.0	0.0	0.0	0.09788011014461517	0.0	0.0	0.0	0.0	0.0	0.0	0.0	0.0	0.947691023349762	0.0	0.0	0.0	0.5581721663475037	1.2224818468093872	0.0	0.9832183718681335	0.0	0.20901243388652802	0.0	0.0	0.0	0.0	0.0	0.0	2.177161931991577	0.0	0.0	0.8177962899208069	1.8679594993591309	0.0	0.0	0.29671791195869446	0.0	0.0	0.0	0.7017121315002441	0.0	0.0	0.8212676048278809	0.0	0.0	0.0	0.0	0.0	0.0	0.0	1.2663763761520386	0.0	0.0	1.8087449073791504	0.0	0.0	1.3334240913391113	0.0	1.016627550125122	0.7576651573181152	1.7961565256118774	0.0	0.9400681257247925	1.704052448272705	0.0	0.0	0.0	0.0	0.8760025501251221	0.0	1.090610146522522	0.4651796519756317	0.0	0.0	0.0	0.0	1.248319387435913	0.0	0.0	0.0	0.7650654911994934	0.0	0.0	0.0	0.0	0.0	0.0	0.0	0.0	0.0	0.7152410745620728	0.0	0.391498863697052	0.0	1.798301339149475	1.3433929681777954	0.0	0.0	0.0	0.0	0.0	0.0	0.0	0.0	2.127467632293701	0.0	0.7261145710945129	0.7685126662254333	0.0	0.0	0.6680055260658264	0.0	0.0	0.0	0.0	1.3099181652069092	0.0	0.7166767120361328	0.0	0.0	0.0	1.3043818473815918	0.8425073623657227	0.0	1.3529324531555176	0.0	0.0	0.11418349295854568	1.8962620496749878	0.0	0.0	0.0	0.0	0.0	1.8366689682006836	0.0	0.0	0.0	1.1380282640457153	0.0	0.9312132596969604	0.0	1.1423841714859009	0.0	1.687385082244873	1.5929306745529175	0.0	0.0	0.0	0.0	0.0	0.0
0.0	0.0	0.0	0.26073136925697327	2.538393020629883	0.0	1.573412537574768	0.0	1.397857666015625	0.9932340383529663	0.0	0.0	0.7571577429771423	1.6663841009140015	0.970568060874939	1.7675808668136597	0.12366212159395218	0.7733979225158691	0.731939435005188	0.7452126145362854	0.0	0.8612015843391418	0.0	1.0012837648391724	0.0	0.0	0.5348783731460571	0.9293323755264282	0.0	1.1600595712661743	0.0	1.070353388786316	0.0	0.46767011284828186	0.0	0.0	1.9670590162277222	0.0	1.46030855178833	1.4147400856018066	0.0	0.0	0.0	0.22400666773319244	0.0	0.0	0.13329172134399414	0.0	0.0	0.22270722687244415	0.0	0.0	0.0	0.3414849042892456	0.9504969716072083	0.0	0.0	0.0	1.0497785806655884	0.25051116943359375	0.0	0.0	0.0	1.205629587173462	0.0	0.0	0.0	0.0	0.0	1.6904417276382446	1.3564473390579224	0.0	0.0	0.0	0.0	0.0	0.4275755286216736	1.2019420862197876	0.0	0.7521870732307434	0.0	0.0	0.0	0.0	0.2659388482570648	0.0	1.8559598922729492	0.0	0.8259736895561218	0.0	0.0	1.6007782220840454	0.0	1.9600602388381958	0.0	0.2802541255950928	0.43344172835350037	0.793160080909729	0.0	0.0	0.0	0.0	0.0	1.0457764863967896	0.0	0.0	0.0	0.0	0.0	0.0	0.0	0.0	0.0	0.0	0.0	0.24224470555782318	1.3330328464508057	0.0	0.0	0.0	0.0	1.3932255506515503	0.0	1.1175658702850342	0.0	0.7457225322723389	0.0	0.0	0.0	0.10275677591562271	0.0	0.0	1.1984217166900635	0.0	0.0	1.273603081703186	1.6097536087036133	0.0	0.0	0.3663578927516937	0.0	0.0	0.0	0.1662348508834839	0.0	0.0	1.6200309991836548	0.0	0.0	0.0	0.0	0.0	0.0	0.0	1.2580921649932861	0.0	0.0	2.0367133617401123	0.0	0.0	1.4333490133285522	0.3394581377506256	0.7710239887237549	0.8453419804573059	1.0874779224395752	0.0	0.10178607702255249	1.597327470779419	0.0	0.0	0.0	0.0	0.8374704122543335	0.0	0.0	0.5507387518882751	0.0	0.0	0.0	0.0	1.0302356481552124	0.0	0.0	0.0	1.3001426458358765	0.0	0.0	0.0	0.0	0.0	0.0	0.0	0.0	0.0	1.5807607173919678	0.0	0.8884665369987488	0.0	1.3932100534439087	1.4623500108718872	0.0	0.0	0.0	0.0	0.0	0.0	0.0	0.0	1.8820040225982666	0.0	0.6832325458526611	1.3521528244018555	0.0	0.0	0.06427553296089172	0.0	0.0	0.0	0.0	0.5922024846076965	0.0	0.7187625169754028	0.0	0.0	0.0	1.213062047958374	1.2046551704406738	0.6345588564872742	1.256152629852295	0.0	0.0	0.33179304003715515	2.2050952911376953	0.0	0.0	0.0	0.0	0.0	1.674676775932312	0.0	0.0	0.0	0.9343934059143066	0.2181849181652069	1.295031189918518	0.0	1.7068490982055664	0.0	0.666679859161377	1.1589223146438599	0.0	0.0	0.0	0.11338106542825699	0.0	0.0
0.0	0.0	0.0	0.0	3.254592180252075	0.0	1.8953088521957397	0.0	1.9043433666229248	1.484136939048767	0.0	0.0	1.462477684020996	1.5728652477264404	1.3455052375793457	0.8136888146400452	0.0	0.8281369209289551	0.9796873927116394	0.44755709171295166	0.0	1.4017298221588135	0.0	1.1498876810073853	0.0	0.0	0.7935505509376526	1.7133530378341675	0.0	1.4177966117858887	0.0	2.0674941539764404	0.0	0.36262717843055725	0.0	0.0	2.70196270942688	0.0	1.7265949249267578	1.11017644405365	0.0	0.0	0.0	0.8594556450843811	0.0	0.0	0.0	0.0	0.0	0.9005597233772278	0.0	0.0	0.0	1.3229122161865234	0.8862267136573792	0.0	0.0	0.0	1.9170198440551758	0.6055885553359985	0.0	0.0	0.0	0.8874745965003967	0.0	0.0	0.0	0.0	0.0	2.7621264457702637	0.9929969906806946	0.0	0.0	0.0	0.0	0.0	0.6378040313720703	0.7719789147377014	0.0	0.9523400068283081	0.0	0.0	0.0	0.0	1.3088001012802124	0.0	2.558842658996582	0.0	0.6621244549751282	0.0	0.0	1.9445664882659912	0.0	2.5073931217193604	0.0	0.29858553409576416	0.39355531334877014	0.8419026136398315	0.0	0.0	0.0	0.0	0.0	2.489469528198242	0.0	0.0	0.0	0.18643152713775635	0.0	0.0	0.0	0.0	0.0	0.0	0.0	0.0	0.9066548347473145	0.0	0.0	0.0	0.3820435106754303	1.0753936767578125	0.0	1.550220251083374	0.0	0.0	0.0	0.0	0.0	0.0	0.0	0.0	1.8798542022705078	0.0	0.0	1.3133646249771118	1.402467131614685	0.0	0.0	2.1810879707336426	0.0	0.0	0.0	0.26386377215385437	0.0	0.0	0.9855400323867798	0.0	0.0	0.0	0.0	0.0	0.0	0.0	1.8289622068405151	0.0	0.0	1.7729746103286743	0.0	0.0	1.7018394470214844	0.0	0.776561975479126	1.0686115026474	2.326314687728882	0.0	1.3120592832565308	1.4300707578659058	0.0	0.0	0.0	0.0	0.6612645387649536	0.0	0.0	0.4325982630252838	0.0	0.0	0.0	0.0	1.8252655267715454	0.2149890512228012	0.0	0.0	1.8264939785003662	0.0	0.0	0.0	0.0	0.0	0.0	0.0	0.0	0.0	0.9128894209861755	0.0	1.0249992609024048	0.0	1.7109109163284302	2.640197992324829	0.0	0.0	0.0	0.0	0.0	0.0	0.0	0.0	2.29952073097229	0.0	1.0779218673706055	0.5386866927146912	0.0	0.0	0.0	0.0	0.0	0.0	0.0	1.2891266345977783	0.0	1.3657597303390503	0.0	0.0	0.0	1.8748928308486938	1.5742946863174438	0.7176550626754761	1.7311463356018066	0.0	0.0	0.49281740188598633	2.837200403213501	0.003512757131829858	0.0	0.0	0.0	0.0	1.905916452407837	0.0	0.0	0.0	1.3505431413650513	0.0	1.432163953781128	0.0	1.3042036294937134	0.0	1.8749793767929077	1.8690801858901978	0.0	0.0	0.0	0.4328106641769409	0.0	0.0
0.0	0.0	0.0	0.0	2.3355252742767334	0.0	2.2693474292755127	0.0	1.9394053220748901	1.7472492456436157	0.0	0.0	1.898737907409668	1.629852294921875	0.9168128371238708	1.1569623947143555	0.0	1.1731386184692383	0.6801984906196594	0.4365888833999634	0.08001314848661423	2.4095919132232666	0.0	1.2769198417663574	0.0	0.0	0.940405011177063	1.3256735801696777	0.27018266916275024	1.2916096448898315	0.0	2.1236672401428223	0.0	0.6997791528701782	0.0	0.6607934832572937	2.4914727210998535	0.0	1.8523248434066772	1.327738642692566	0.0	0.0	0.0	0.5851778984069824	0.0	0.0	0.0	0.0	0.0	0.661430299282074	0.0	0.0	0.0	1.670340895652771	2.11454176902771	0.0	0.0	0.0026013830211013556	1.7841522693634033	0.856934130191803	0.0	0.0	0.0	0.9527378678321838	0.0	0.0	0.0	0.0	0.0	2.6809144020080566	0.8407036662101746	0.0	0.0	0.0	0.0	0.0	0.44659048318862915	1.2157621383666992	0.0	0.8605639934539795	0.0	0.0	0.0	0.4822659194469452	1.3496265411376953	0.0	2.8928630352020264	0.0	0.8014477491378784	0.0	0.0	2.054476022720337	0.0	2.1394028663635254	0.0	0.23242782056331635	0.944994330406189	0.6351058483123779	0.0	0.0	0.0	0.0	0.0	2.97438907623291	0.0	0.0	0.0	0.0	0.0	0.0	0.0	0.0	0.0	0.0	0.0	0.0	0.6723616123199463	0.0	0.0	0.0	0.0	0.9912757873535156	0.0	0.5589119791984558	0.0	0.08071739971637726	0.0	0.0	0.0	0.0	0.0	0.0	1.3849848508834839	0.0	0.0	0.36859047412872314	1.2274872064590454	0.0	0.0	2.2329306602478027	0.0	0.0	0.0	0.7889102101325989	0.013574735261499882	0.0	0.4180828630924225	0.0	0.0	0.0	0.0	0.0	0.0	0.0	2.4999067783355713	0.0	0.0	1.7405751943588257	0.0	0.0	1.4016391038894653	0.0	0.8573439717292786	0.0	2.641705274581909	0.0	1.645719289779663	1.6328355073928833	0.0	0.0	0.0	0.0	0.991818368434906	0.0	1.4219930171966553	0.5044733285903931	0.0	0.0	0.0	0.0	0.26304781436920166	1.0168485641479492	0.0	0.0	1.928969144821167	0.0	0.0	0.0	0.0	0.0	0.0	0.0	0.0	0.0	0.8223788738250732	0.0	1.4308507442474365	0.0	1.2812371253967285	2.1996917724609375	0.0	0.0	0.0	0.0	0.0	0.0	0.0	0.0	1.4523173570632935	0.0	0.1890607476234436	0.0	0.0	0.0	0.6394467949867249	0.0	0.0	0.0	0.2679024636745453	2.046388626098633	0.0	0.024224989116191864	0.0	0.0	0.0	2.398381233215332	0.9350540041923523	0.6668975353240967	2.047206163406372	0.0	0.0	0.0	2.164797306060791	0.11986377090215683	0.0	0.0	0.0	0.0	1.21924889087677	0.0	0.0	0.0	1.9929907321929932	0.0	1.7792540788650513	0.0	0.4652203917503357	0.0	1.9315952062606812	2.2024641036987305	0.0	0.0	0.0	0.0	0.0	0.0
0.0	0.0	0.0	0.0	1.457497477531433	0.0	0.9478495121002197	0.0	1.9202542304992676	1.3572039604187012	0.0	0.0	1.1809362173080444	2.1773054599761963	1.0612143278121948	1.5784183740615845	0.0	1.3624430894851685	1.3049352169036865	0.010319109074771404	0.0	0.5975227355957031	0.0	1.0405428409576416	0.0	0.0	0.32348302006721497	1.0830342769622803	0.0	1.358736515045166	0.23872977495193481	0.6618371605873108	0.0	0.31668078899383545	0.0	0.3191557824611664	1.834388256072998	0.0	0.8247148394584656	0.8894959092140198	0.0	0.0	0.0	0.7587530612945557	0.0	0.0	0.20415028929710388	0.0	0.0	0.36066851019859314	0.0	0.0	0.0	1.057270884513855	0.9328102469444275	0.0	0.0	0.26764756441116333	1.1642013788223267	0.1068154126405716	0.0	0.0	0.0	0.24404756724834442	0.0	0.0	0.0	0.0	0.0	1.744253396987915	0.9050042033195496	0.0	0.0	0.0	0.0	0.0	1.0723294019699097	0.5686951875686646	0.0	0.8619924783706665	0.0	0.0	0.3646792471408844	0.0	0.0	0.0	2.163949489593506	0.0	0.9132271409034729	0.0	0.0	1.7370754480361938	0.0	1.2779654264450073	0.0	0.0	0.25024306774139404	0.0	0.0	0.0	0.0	0.0	0.0	1.2534993886947632	0.0	0.0	0.0	0.0	0.0	0.0	0.0	0.0	0.0	0.0	0.0	0.0	0.7967935800552368	0.0	0.0	0.0	0.0	1.868094563484192	0.0	0.0	0.17440438270568848	0.3647647798061371	0.0	0.0	0.0	0.0	0.0	0.0	1.5602679252624512	0.0	0.0	0.9618098139762878	1.8265719413757324	0.0	0.0	0.9089241623878479	0.0	0.0	0.0	1.438388705253601	0.18170295655727386	0.0	1.6849735975265503	0.0	0.0	0.0	0.0	0.0	0.0	0.0	1.2136682271957397	0.0	0.0	1.5805718898773193	0.0	0.0	0.4819364845752716	0.0	0.6791502833366394	0.43473657965660095	1.6990514993667603	0.0	0.19932113587856293	1.361950159072876	0.0	0.0	0.0	0.0	1.3902076482772827	0.0	1.7980144023895264	0.43293195962905884	0.0	0.0	0.0	0.0	1.3873469829559326	0.32530003786087036	0.0	0.0	0.9629474878311157	0.0	0.0	0.0	0.0	0.0	0.0	0.0	0.0	0.0	1.3502179384231567	0.0	0.16576088964939117	0.0	1.798825740814209	1.6115788221359253	0.0	0.0	0.0	0.0	0.0	0.0	0.0	0.0	2.1148061752319336	0.0	1.1743485927581787	0.3848891854286194	0.0	0.0	0.7086862921714783	0.0	0.0	0.0	0.0	0.6905275583267212	0.0	0.826642632484436	0.0	0.0	0.0	0.7161986827850342	0.80958092212677	0.7426207661628723	1.7887532711029053	0.0	0.0	0.0	2.1246089935302734	0.0	0.0	0.0	0.0	0.0	2.072431802749634	0.0	0.0	0.0	1.182776927947998	0.3191400468349457	1.0361021757125854	0.0	1.017608880996704	0.0	1.6621499061584473	1.4474351406097412	0.0	0.0	0.0	0.3618103861808777	0.0	0.0
0.0	0.0	0.0	0.5308733582496643	2.2481393814086914	0.0	2.4020957946777344	0.0	1.745316505432129	1.1476519107818604	0.0	0.0	1.69704008102417	1.102720856666565	1.3813039064407349	0.7314712405204773	0.0	1.109527349472046	1.1173372268676758	0.6396703124046326	0.029479699209332466	1.6523813009262085	0.0	1.158438801765442	0.0	0.0	0.9529106616973877	1.7600209712982178	0.545680582523346	1.5709919929504395	0.3389297425746918	1.4630849361419678	0.0	0.6678422093391418	0.0	0.2268504649400711	2.2928619384765625	0.0	1.4244940280914307	1.0011883974075317	0.0	0.0	0.0	0.7355480790138245	0.0	0.0	0.19680170714855194	0.0	0.0	0.0	0.0	0.0	0.0	1.3502259254455566	1.0106791257858276	0.0	0.0	0.0	1.8943164348602295	0.6268433928489685	0.0	0.0	0.0	0.5803536772727966	0.0	0.0	0.0	0.0	0.0	1.9948458671569824	0.6811348795890808	0.0	0.0	0.0	0.0	0.0	0.777479887008667	0.0	0.0	0.9084393978118896	0.0	0.0	0.0	0.3462032973766327	0.6910776495933533	0.0	2.633606195449829	0.0	0.15116114914417267	0.0	0.0	1.7171505689620972	0.0	1.7659884691238403	0.0	0.0	0.4637547731399536	0.8799574971199036	0.0	0.0	0.0	0.0	0.0	3.0285966396331787	0.0	0.0	0.0	0.0	0.0	0.0	0.0	0.0	0.0	0.0	0.0	0.0	0.5426265597343445	0.0	0.0	0.0	0.1686597615480423	0.6908173561096191	0.0	1.3997074365615845	0.0	0.0	0.0	0.0	0.0	0.0	0.0	0.0	1.283911943435669	0.0	0.0	0.3582046627998352	1.1028333902359009	0.0	0.0	1.6995681524276733	0.0	0.0	0.0	0.0	0.0	0.0	0.36976420879364014	0.0	0.0	0.0	0.0	0.0	0.0	0.0	1.6720912456512451	0.0	0.0	1.3848485946655273	0.0	0.0	1.9494863748550415	0.0	0.8236868381500244	0.18063059449195862	1.8159223794937134	0.0	1.115628719329834	0.9778372049331665	0.0	0.0	0.0	0.0	0.9742304682731628	0.0	0.0	0.710354745388031	0.0	0.0	0.0	0.0	0.4490610659122467	0.0	0.0	0.0	1.8468385934829712	0.0	0.0	0.0	0.0	0.0	0.0	0.0	0.0	0.0	1.141313076019287	0.0	1.1383090019226074	0.0	1.3685964345932007	1.8990075588226318	0.0	0.0	0.0	0.0	0.0	0.0	0.0	0.0	1.8810631036758423	0.0	0.7585753798484802	0.44878411293029785	0.0	0.0	0.648347020149231	0.0	0.0	0.0	0.28972941637039185	1.2115046977996826	0.0	0.14647211134433746	0.0	0.0	0.0	2.5229029655456543	0.4220866560935974	0.32173874974250793	1.763608694076538	0.0	0.0	0.0	1.5546109676361084	0.0	0.0	0.0	0.0	0.0	1.857627034187317	0.0	0.0	0.0	1.7778453826904297	0.12461058795452118	1.3147599697113037	0.0	0.31313687562942505	0.0	1.7193009853363037	2.024794816970825	0.0	0.0	0.0	0.0	0.0	0.0
0.0	0.0	0.0	0.27986788749694824	0.49328646063804626	0.0	1.1504355669021606	0.0	0.772258460521698	0.9083608388900757	0.0	0.0	1.0489152669906616	0.9205468893051147	0.08691181242465973	0.635982096195221	0.0	0.8400571346282959	0.5878223776817322	0.39980873465538025	0.34683942794799805	0.3517916202545166	0.0	0.7062603235244751	0.0	0.0	0.38989394903182983	1.0474891662597656	0.32816049456596375	0.6867785453796387	0.5596045851707458	0.44861897826194763	0.0	0.42710772156715393	0.0	0.39436203241348267	0.9437689781188965	0.0	0.7408471703529358	0.722301721572876	0.0	0.0	0.0	0.0	0.0	0.0	0.0	0.0	0.0	0.0	0.0	0.0	0.0	0.46538692712783813	0.888521671295166	0.0	0.0	0.1028202623128891	1.2048176527023315	0.12361514568328857	0.0	0.0	0.0	0.6491947770118713	0.0	0.0	0.0	0.0	0.0	1.0506852865219116	0.9254741668701172	0.0	0.0	0.0	0.0	0.0	0.5458759665489197	0.46096271276474	0.0	0.5990885496139526	0.0	0.0	0.31885677576065063	0.0	0.7644301056861877	0.0	1.3011043071746826	0.0	0.3131113648414612	0.0	0.0	0.9981422424316406	0.0	0.7431533336639404	0.0	0.13552071154117584	0.8442365527153015	0.5823503732681274	0.0	0.10850469022989273	0.0	0.0	0.0	0.7814380526542664	0.0	0.0	0.02314482443034649	0.0	0.0	0.0	0.0	0.17039331793785095	0.0	0.0	0.0	0.0	0.7802203893661499	0.0	0.0	0.0	0.32597464323043823	0.8187416195869446	0.0	0.0	0.0	0.4657917618751526	0.0	0.0	0.0	0.0	0.0	0.0	0.622484564781189	0.0	0.0	0.0	0.8461512327194214	0.0	0.0	0.6347072124481201	0.0	0.0	0.0	1.3227474689483643	0.7252366542816162	0.0	0.5584896802902222	0.0	0.0	0.0	0.0	0.0	0.0	0.0	0.7904148697853088	0.0	0.0	0.9583767056465149	0.0	0.0	0.5450958013534546	0.4375546872615814	0.35094308853149414	0.5795794725418091	0.9804896712303162	0.0	0.08523204922676086	0.6533029079437256	0.0	0.0	0.0	0.0	0.5953798294067383	0.0	1.1089420318603516	0.0	0.0	0.0	0.0	0.3755248785018921	0.6274296045303345	0.5677935481071472	0.0	0.0	0.7385084629058838	0.0	0.0	0.0	0.0	0.0	0.0	0.0	0.0	0.0	0.6748393177986145	0.0	0.9182344675064087	0.0	0.6915106177330017	0.9911572337150574	0.0	0.0	0.0	0.0	0.0	0.0	0.0	0.0	0.8200445175170898	0.0	0.3087688088417053	0.23834922909736633	0.14477312564849854	0.0	0.17929936945438385	0.0	0.0	0.0	0.4498033821582794	1.050180435180664	0.0	0.28773733973503113	0.0	0.0	0.0	0.7058829665184021	0.7449131608009338	0.5427531003952026	1.0704295635223389	0.0	0.0	0.0	0.8491834402084351	0.5282999277114868	0.0	0.0	0.0	0.0	0.4816077947616577	0.0	0.0	0.0	0.9581665396690369	0.0	0.7147095799446106	0.0	0.39032474160194397	0.0	0.8711729049682617	1.2011826038360596	0.0	0.7755029797554016	0.0	0.13743582367897034	0.0	0.0
0.0	0.0	0.0	0.5996054410934448	1.5623611211776733	0.0	1.2646318674087524	0.0	1.3927732706069946	0.7328211069107056	0.0	0.0	1.559953212738037	1.0186082124710083	1.0436397790908813	0.3604247272014618	0.0030481363646686077	1.309383511543274	0.5736576914787292	0.0	0.0	2.312410354614258	0.0	0.7533673644065857	0.0	0.0	0.1417863667011261	0.6891160011291504	0.2599678337574005	1.3789680004119873	0.0	1.0707354545593262	0.0	1.0892153978347778	0.0	0.0	2.315194606781006	0.0	1.4266873598098755	0.8264011740684509	0.0	0.0	0.0	0.5099935531616211	0.0	0.0	0.0	0.0	0.0	0.27396729588508606	0.0	0.0	0.0	1.860059142112732	1.524881362915039	0.0	0.0	0.0	0.08068482577800751	1.6642836332321167	0.0	0.0	0.0	0.05369710922241211	0.0	0.0	0.0	0.0	0.0	2.5257375240325928	0.4716154634952545	0.0	0.0	0.0	0.0	0.0	0.0	0.8213203549385071	0.0	0.25913095474243164	0.0	0.0	0.31957682967185974	0.5416236519813538	0.6063045859336853	0.0	2.166590690612793	0.0	1.1863012313842773	0.0	0.0	1.5071419477462769	0.0	0.8015727996826172	0.0	0.0	0.0	0.0	0.0	0.0	0.0	0.2972088158130646	0.0	2.866032838821411	0.0	0.0	0.0	0.0	0.0	0.24388669431209564	0.0	0.0	0.0	0.0	0.0	0.0	0.0	0.0	0.27028143405914307	0.0	0.0	0.6056438684463501	0.0	0.911331832408905	1.0578464269638062	0.0	0.0	0.0	0.0	0.0	0.0	0.0	0.16975584626197815	0.0	0.0	0.16175751388072968	0.7372914552688599	0.0	0.0	1.721820592880249	0.0	0.0	0.0	1.1284533739089966	0.0	0.0	1.4471992254257202	0.0	0.0	0.0	0.0	0.0	0.0	0.0	1.533287763595581	0.0	0.0	0.8651464581489563	0.0	0.0	0.3219676911830902	0.0	0.0	0.14653141796588898	2.4810984134674072	0.0	0.8447780609130859	0.7324318289756775	0.0	0.0	0.0	0.0	1.1520501375198364	0.0	0.44828420877456665	1.3946374654769897	0.0	0.0	0.0	0.0	0.6248501539230347	0.0	0.0	0.0	0.9059270620346069	0.0	0.0	0.0	0.0	0.0	0.0	0.0	0.0	0.0	0.7986351251602173	0.0	0.5710856318473816	0.0	1.0306942462921143	1.8581339120864868	0.0	0.03339000418782234	0.0	0.0	0.0	0.0	0.0	0.0	0.5893159508705139	0.0	0.023196347057819366	0.0	0.0	0.0	0.4013465940952301	0.0	0.0	0.0	0.3284962773323059	0.3301297426223755	0.0	0.11952269822359085	0.0	0.0	0.0	1.862102746963501	0.0	0.7105655670166016	2.0841801166534424	0.0	0.0	0.0	1.076971173286438	0.0	0.0	0.0	0.0	0.0	1.49183988571167	0.0	0.0	0.0	1.7215229272842407	0.6610518097877502	0.7334153056144714	0.0	0.22100596129894257	0.0	1.0104612112045288	1.1643688678741455	0.0	0.0	0.0	1.0773545503616333	0.0	0.0
0.0	0.0	0.0	0.5084078907966614	2.782620906829834	0.0	0.15517812967300415	0.0	1.919294834136963	0.2921951115131378	1.0004217624664307	0.0	0.2176889032125473	1.7123810052871704	1.4457247257232666	1.8385282754898071	0.9277999997138977	0.3340824842453003	0.0	0.2779804468154907	0.0	0.3745855987071991	0.0	0.9688596725463867	0.0	0.0	0.24675193428993225	0.40480679273605347	0.0	0.8649507761001587	0.0	1.2620829343795776	0.0	0.0	0.0	0.0	0.5877741575241089	0.0	0.0	0.0	0.0	0.0	0.0	2.0996406078338623	0.0	0.0	0.23716983199119568	0.0	0.0	2.399176836013794	0.0	0.0	0.0	0.8464233875274658	0.0	0.0	0.0	0.0	0.31918370723724365	0.20568974316120148	0.0	0.0	0.0	0.7613303065299988	0.0	0.0	0.0	0.0	0.0	0.1687011867761612	1.0505709648132324	0.0	0.0	0.8339647650718689	0.0	0.0	0.258617639541626	0.8316755294799805	0.0	0.11664342880249023	0.0	0.0	0.7771878838539124	0.0	0.0	0.0	0.5828266143798828	0.0	1.9283008575439453	0.0	0.0	1.0910921096801758	0.0	0.38571053743362427	0.0	0.0	0.0	0.9921640753746033	0.0	0.0	0.0	0.9090977907180786	0.0	0.44765764474868774	0.0	0.0	0.0	1.352553367614746	0.0	0.9110239744186401	0.0	0.0	0.0	0.0	0.7395094633102417	0.0	1.102943778038025	0.0	1.191192388534546	0.0	0.0	2.1524510383605957	0.0	1.3089731931686401	0.0	1.0377788543701172	0.0	0.0	0.0	1.6832960844039917	0.0	0.0	1.6917914152145386	0.0	0.0	1.5882970094680786	1.7866801023483276	0.0	0.0	0.0	0.0	0.0	0.0	0.20107191801071167	0.08456529676914215	0.0	1.3064024448394775	0.0	0.0	0.0	0.0	0.8383386731147766	0.0	0.0	0.31782323122024536	0.0	0.0	1.6471283435821533	0.0	0.0	0.29647961258888245	0.0	0.0	0.4855731129646301	1.1875207424163818	0.0	0.0	1.3248919248580933	0.0	0.0	0.0	0.0	0.0	0.0	0.9763216376304626	1.8994059562683105	0.9894759058952332	0.0	0.0	0.0	1.6742535829544067	0.0	0.0	0.0	0.0	0.0	0.0	0.0	0.0	0.0	0.0	0.0	0.0	0.0	0.3011242151260376	0.0	0.0	0.0	1.7672377824783325	0.63959139585495	0.0	1.0716512203216553	0.0	0.0	0.0	0.0	0.0	0.0	1.6932798624038696	0.0	1.7686117887496948	1.1933233737945557	0.0922887846827507	0.0	0.11459793150424957	0.0	0.0	0.0	0.0	0.0	0.0	1.676817774772644	0.0	0.0	0.0	0.0	1.688393473625183	0.0	0.0	0.0	0.0	1.6554343700408936	3.183072328567505	0.0	0.0	0.0	0.0	0.0	2.1557929515838623	0.0	0.0	0.0	0.4089500308036804	1.3191859722137451	0.0	0.0	2.1303725242614746	0.0	0.0	0.42568838596343994	0.0	0.4085983335971832	0.0	1.6190701723098755	0.0	0.0
0.0	0.0	0.0	0.0	1.9463140964508057	0.0	0.9593968987464905	0.0	0.5456038117408752	1.1215856075286865	0.0	0.0	1.2564347982406616	1.2045762538909912	1.1182531118392944	0.3262401223182678	0.0	0.5754576325416565	0.9052257537841797	1.0118377208709717	0.0	1.38692307472229	0.0	1.2712405920028687	0.0	0.0	0.6190434098243713	2.1534905433654785	0.32319578528404236	0.8590332865715027	0.0	1.3494830131530762	0.0	1.6168285608291626	0.0	1.2628707885742188	2.2690019607543945	0.0	1.4519455432891846	1.1196707487106323	0.0	0.0	0.0	0.1324162483215332	0.0	0.0	0.0	0.0	0.0	0.47890445590019226	0.0	0.0	0.0	0.8885820508003235	0.9121103882789612	0.0	0.0	0.0	1.8069655895233154	0.6829254627227783	0.0	0.0	0.0	0.9357162117958069	0.0	0.0	0.0	0.0	0.0	1.4534040689468384	0.796579122543335	0.0	0.0	0.0	0.0	0.0	1.2652623653411865	0.7293661236763	0.0	0.7984086871147156	0.0	0.0	0.0	0.0	1.0468581914901733	0.0	1.5368266105651855	0.0	0.323700487613678	0.0	0.0	2.2237660884857178	0.0	1.8007956743240356	0.0	0.797714114189148	0.06553424149751663	0.3300085663795471	0.0	0.0	0.0	0.2702368497848511	0.0	1.8692747354507446	0.0	0.0	0.0	0.0	0.0	0.0	0.0	0.0	0.0	0.0	0.0	0.0	0.43153998255729675	0.0	0.0	0.0	0.0	0.3910059630870819	0.0	0.6388422250747681	0.7236286401748657	0.3215900957584381	0.0	0.0	0.0	0.0	0.0	0.0	1.3239006996154785	0.0	0.0	0.05039386823773384	1.8188233375549316	0.0	0.0	0.27571067214012146	0.0	0.0	0.0	0.6307040452957153	0.5150538682937622	0.0	0.2187458723783493	0.0	0.0	0.4088170528411865	0.0	0.0	0.0	0.0	1.8025215864181519	0.0	0.0	0.9467647075653076	0.0	0.0	1.3318192958831787	0.35774222016334534	0.30257654190063477	0.239301398396492	1.9542224407196045	0.0	1.252380609512329	1.2230342626571655	0.0	0.0	0.0	0.0	0.8885008692741394	0.0	0.8445464968681335	0.763507604598999	0.0	0.0	0.0	0.0	0.34439340233802795	0.16681140661239624	0.0	0.0	1.503364086151123	0.0	0.0	0.0	0.0	0.0	0.0	0.0	0.0	0.0	0.9567466378211975	0.0	1.4750086069107056	0.0	0.7642344832420349	1.591662049293518	0.0	0.0	0.0	0.0	0.0	0.0	0.0	0.0	1.1027470827102661	0.0	0.3831963539123535	0.4777284860610962	0.0	0.0	0.1342058926820755	0.0	0.0	0.0	0.5336490869522095	1.3901032209396362	0.0	0.0	0.0	0.0	0.0	1.9052478075027466	0.7862440347671509	0.15638835728168488	1.4999675750732422	0.0	0.0	0.0	1.3726401329040527	0.0	0.0	0.0	0.0	0.0	0.9449535012245178	0.0	0.0	0.0	1.4800571203231812	0.0	1.059530258178711	0.0	0.8907510638237	0.0	2.2672934532165527	1.510364294052124	0.0	0.09594529867172241	0.0	0.0	0.0	0.0
0.0	0.0	0.0	0.12481424957513809	2.680821657180786	0.0	1.4726190567016602	0.0	1.4239327907562256	1.2823406457901	0.0	0.0	0.7090417742729187	1.4290406703948975	1.6673662662506104	1.3938062191009521	0.0	0.6655785441398621	1.079921007156372	0.9920226335525513	0.0	1.5448187589645386	0.0	1.2640048265457153	0.0	0.0	0.996504545211792	1.9996246099472046	0.21842503547668457	0.9597398042678833	0.0	1.7923976182937622	0.0	0.6352016925811768	0.0	0.12733814120292664	2.4634203910827637	0.0	2.338611125946045	1.2191747426986694	0.0	0.0	0.0	0.0	0.0	0.0	0.0	0.0	0.0	0.0	0.0	0.0	0.0	0.9473759531974792	1.2855792045593262	0.0	0.0	0.0	2.0562713146209717	0.2620238959789276	0.0	0.0	0.0	1.3719757795333862	0.0	0.0	0.0	0.0	0.0	1.941243290901184	1.4015809297561646	0.0	0.0	0.0	0.0	0.0	0.6762998104095459	1.2974618673324585	0.0	0.7103806138038635	0.0	0.0	0.0	0.1885872483253479	0.9448155760765076	0.0	2.0126399993896484	0.0	1.2381012439727783	0.0	0.0	2.1251702308654785	0.0	2.375880241394043	0.0	0.8963515758514404	0.0	0.8649949431419373	0.0	0.0	0.0	0.0	0.0	1.9061174392700195	0.0	0.0	0.08890700340270996	0.0	0.0	0.0	0.0	0.0	0.0	0.0	0.0	0.0	0.8806697726249695	0.0	0.0	0.0	0.0	0.6943387389183044	0.0	1.1808983087539673	0.4914964735507965	0.607292115688324	0.0	0.0	0.0	0.0	0.0	0.0	2.1405181884765625	0.0	0.0	1.0248868465423584	1.8824542760849	0.0	0.0	0.08507759124040604	0.0	0.0	0.0	0.0	0.0	0.0	0.761292040348053	0.0	0.0	0.0	0.0	0.0	0.0	0.0	1.8423539400100708	0.0	0.0	1.7800936698913574	0.0	0.0	2.3538262844085693	0.6935189366340637	0.8062275052070618	0.434505432844162	1.534970998764038	0.0	0.993413507938385	1.6734123229980469	0.0	0.0	0.0	0.0	1.0455487966537476	0.0	0.0	0.5464677214622498	0.0	0.0	0.0	0.0	0.6766402721405029	0.0	0.0	0.0	1.944496750831604	0.0	0.0	0.0	0.0	0.0	0.0	0.0	0.0	0.0	1.525429606437683	0.0	1.38827645778656	0.0	1.1400690078735352	1.804997205734253	0.0	0.0	0.0	0.0	0.0	0.0	0.0	0.0	1.5942678451538086	0.0	0.42007336020469666	0.9880350232124329	0.0	0.0	0.6465880870819092	0.0	0.0	0.0	0.8839077949523926	1.0935903787612915	0.0	0.19544833898544312	0.0	0.0	0.0	2.515841484069824	0.0	0.9465047717094421	0.8286944031715393	0.0	0.0	0.0	2.116835355758667	0.0	0.0	0.0	0.0	0.0	1.4369267225265503	0.0	0.0	0.0	1.3832327127456665	0.0	1.0628161430358887	0.0	1.7305140495300293	0.0	2.0187034606933594	0.9778016805648804	0.0	0.0	0.0	0.0	0.0	0.0
0.0	0.0	0.0	0.0	1.4557799100875854	0.0	1.162084698677063	0.0	1.6473256349563599	0.8570917844772339	0.0	0.0	0.5540871620178223	0.8081514239311218	0.534149169921875	0.47719600796699524	0.0	0.27138763666152954	0.17382025718688965	0.4095494747161865	0.0	1.6739040613174438	0.0	0.5715795755386353	0.0	0.0	0.6937439441680908	1.100207805633545	0.27671170234680176	1.0087618827819824	0.3024377226829529	1.6058428287506104	0.0	0.0	0.0	0.0	0.8633131980895996	0.0	1.5937353372573853	0.5792960524559021	0.0	0.0	0.0	0.13810156285762787	0.0	0.0	0.0	0.0	0.0	0.1940954476594925	0.0	0.0	0.0	0.8204880952835083	1.2031059265136719	0.0	0.0	0.04043499380350113	1.0469392538070679	1.3464676141738892	0.0	0.0	0.0	0.07444257289171219	0.0	0.0	0.0	0.0	0.0	1.3491617441177368	0.12389274686574936	0.0	0.0	0.0	0.0	0.0	0.0	0.0	0.0	0.19959671795368195	0.0	0.0	0.2825963497161865	0.7066196203231812	0.6419789791107178	0.0	1.0624771118164062	0.0	0.3525083065032959	0.0	0.0	0.9456343054771423	0.0	1.2992706298828125	0.0	0.0	0.2232639342546463	0.0	0.0	0.0	0.0	0.0	0.0	1.789718747138977	0.0	0.0	0.0	0.0	0.0	0.0	0.0	0.0	0.0	0.0	0.0	0.0	0.0	0.0	0.0	0.0	0.0	1.0028835535049438	0.0	0.9493620991706848	0.21776944398880005	0.0	0.0	0.0	0.0	0.0	0.0	0.0	0.9770775437355042	0.0	0.0	0.13423149287700653	0.6131215691566467	0.0	0.0	1.3687833547592163	0.0	0.0	0.0	0.0	0.0	0.0	0.0	0.0	0.0	0.0	0.0	0.0	0.0	0.0	1.256179928779602	0.0	0.0	1.1519489288330078	0.0	0.0	1.0552384853363037	0.0	0.20077010989189148	0.0	1.2142068147659302	0.0	0.3682444095611572	0.646426796913147	0.0	0.0	0.0	0.0	0.04062716290354729	0.0	0.4734112620353699	0.7883821129798889	0.0	0.0	0.0	0.0	0.644403874874115	0.33492153882980347	0.0	0.0	1.2819325923919678	0.0	0.0	0.0	0.0	0.0	0.0	0.0	0.0	0.0	0.672294020652771	0.0	0.869515597820282	0.0	0.6883457899093628	1.2327563762664795	0.0	0.0	0.0	0.0	0.0	0.0	0.0	0.0	0.4256669282913208	0.0	0.07170048356056213	0.0	0.0	0.0	0.4956907033920288	0.0	0.0	0.0	0.4597163200378418	0.7154450416564941	0.0	0.38454174995422363	0.0	0.0	0.0	1.5016722679138184	0.0	0.9636726975440979	1.12313973903656	0.0	0.0	0.0	1.4365285634994507	0.0	0.0	0.0	0.0	0.0	1.2621371746063232	0.0	0.0	0.0	1.3947155475616455	0.18734049797058105	0.5644553899765015	0.0	0.561625063419342	0.0	0.9829946756362915	1.0355849266052246	0.0	0.0	0.0	0.0	0.0	0.0
0.0	0.0	0.0	0.6792351007461548	0.8801406621932983	0.0	2.37391996383667	0.0	2.0346686840057373	0.0	0.7129090428352356	0.0	0.8926267027854919	0.8141343593597412	0.0	1.4256110191345215	0.9681175351142883	1.4748018980026245	0.5212150812149048	0.0	0.0	1.331321358680725	0.0	0.0	0.0	0.0	0.14708144962787628	1.070051908493042	1.1659964323043823	1.0011639595031738	0.7772400379180908	1.7043317556381226	0.0	0.5378567576408386	0.0	0.0	2.1286468505859375	0.0	0.5118507742881775	0.8886061310768127	0.0	0.0	0.0	0.4792499244213104	0.0	0.0	2.2357399463653564	0.0	0.0	0.0	0.0	0.0	0.0	1.4280201196670532	0.3619203269481659	0.0	0.0	0.0	0.927029550075531	1.2766225337982178	0.0	0.0	0.0	0.0	0.0	0.0	0.0	0.0	0.0	1.4086339473724365	0.5906358957290649	0.0	0.0	0.0	0.0	0.0	0.0	0.0	0.0	0.0	0.0	0.0	0.34690043330192566	0.18164044618606567	0.6170412302017212	0.0	1.674641728401184	0.0	3.011319398880005	0.0	0.0	1.3179852962493896	0.0	0.020214376971125603	0.0	0.0	0.0	0.1467304676771164	0.0	0.0	0.0	0.8962846398353577	0.0	1.4165781736373901	0.0	0.0	0.6927852034568787	0.0	0.0	1.0596617460250854	0.0	0.0	0.0	0.0	0.0	0.10707935690879822	0.8525644540786743	0.0	0.0	0.0	0.0	0.7238601446151733	0.0	0.6005598306655884	1.362868309020996	0.0	0.0	0.0	0.0	0.0	0.0	0.0	0.39498645067214966	0.0	0.0	0.23453211784362793	1.045301914215088	0.0	0.0	0.0	0.0	0.0	0.0	0.0	0.0	0.0	1.530250072479248	0.0	0.0	2.297755718231201	0.0	0.0	0.0	0.0	0.6106997132301331	0.0	0.0	1.3570992946624756	0.0	0.0	1.0308070182800293	0.0	0.0	0.6373292803764343	1.0350935459136963	0.0	0.2923586368560791	0.6370140314102173	0.0	0.0	0.0	0.0	1.1432840824127197	0.0	0.0	1.9332594871520996	0.0	0.0	0.0	0.0	0.21725983917713165	0.03519882634282112	0.0	0.0	0.6798889636993408	0.0	0.0	0.0	0.0	0.0	0.0	0.0	0.0	0.0	1.536763072013855	0.0	1.2269426584243774	0.0	0.7260681390762329	0.9749948382377625	0.0	0.9368268847465515	0.0	0.0	0.0	0.0	0.0	0.0	0.5053184032440186	0.0	0.0	0.19703707098960876	0.0	0.0	1.1933693885803223	0.0	0.0	0.0	0.0	0.7223745584487915	0.5162890553474426	0.2453247606754303	0.0	0.0	0.0	1.3857327699661255	0.0	1.4506759643554688	1.3526662588119507	0.0	0.0	0.0	0.8807985186576843	0.7464984059333801	0.0	0.0	0.0	0.0	1.5354527235031128	0.0	0.0	0.0	2.550790786743164	1.347697377204895	0.014436879195272923	0.0	0.7668940424919128	0.0	1.240811824798584	1.187429428100586	0.0	0.0	0.0	1.1445369720458984	0.0	0.0
0.0	0.0	0.0	0.0	0.7370247840881348	0.0	1.5335651636123657	0.0	1.70209538936615	0.9454048275947571	0.0	0.0	1.0773733854293823	0.7185770869255066	0.28177931904792786	1.1419798135757446	0.2395586371421814	0.7077471017837524	0.16406646370887756	0.10338589549064636	0.0	0.3803522288799286	0.0	1.2021698951721191	0.0	0.0	0.40445706248283386	1.118503212928772	0.01876065693795681	0.7418860793113708	0.3757452964782715	0.6682191491127014	0.0	0.13666151463985443	0.0	0.023132184520363808	0.8964985609054565	0.0	0.10979320853948593	0.3159460425376892	0.0	0.0	0.0	0.9022498726844788	0.0	0.0	0.5366837382316589	0.0	0.0	0.5848247408866882	0.0	0.0	0.0	0.3265114724636078	0.2397996485233307	0.0	0.0	0.0	0.30887970328330994	0.6074081659317017	0.0	0.0	0.0	0.0	0.0	0.0	0.0	0.0	0.0	0.6762068271636963	0.23176135122776031	0.0	0.0	0.0	0.0	0.0	0.0	0.1552497297525406	0.0	0.3041096031665802	0.0	0.0	0.6389622688293457	0.0	0.032334547489881516	0.0	1.5548161268234253	0.0	1.487123966217041	0.0	0.0	1.09540855884552	0.0	0.21565291285514832	0.0	0.0	0.49653714895248413	0.4630776047706604	0.0	0.0	0.0	0.0	0.0	1.087271809577942	0.0	0.0	0.0	0.3337145447731018	0.0	0.04127761721611023	0.0	0.0	0.0	0.0	0.0	0.0	0.6175732016563416	0.0	0.17918354272842407	0.0	0.0	0.7735289931297302	0.0	0.0	0.4158823788166046	0.19929493963718414	0.0	0.0	0.0	0.08001910150051117	0.0	0.0	0.03221029043197632	0.0	0.0	0.2908652126789093	0.6868031620979309	0.0	0.0	0.6129827499389648	0.0	0.0	0.0	1.5707067251205444	0.3650229275226593	0.0	0.9318065643310547	0.0	0.0	0.0	0.0	0.10177719593048096	0.0	0.0	0.7953587174415588	0.0	0.0	1.0835460424423218	0.0	0.0	0.7096000909805298	0.0	0.0	0.46822574734687805	1.2006815671920776	0.0	0.0	0.6187443137168884	0.0	0.0	0.0	0.0	0.5404579639434814	0.0	1.0591360330581665	0.6206124424934387	0.07214776426553726	0.0	0.0	0.0	1.1142890453338623	0.0	0.0	0.008430501446127892	0.0	0.0	0.0	0.0	0.0	0.0	0.0	0.0	0.0	0.0	0.7066788673400879	0.0	0.1798166036605835	0.0	1.6128112077713013	1.0239123106002808	0.0	0.0	0.0	0.0	0.0	0.0	0.0	0.0	1.3833906650543213	0.0	0.18981771171092987	0.23141613602638245	0.15359185636043549	0.0	0.4107518792152405	0.0	0.0	0.0	0.0	0.8920650482177734	0.302931010723114	1.2407307624816895	0.0	0.0	0.0	0.668304979801178	0.6531581282615662	0.8649982810020447	1.0583374500274658	0.0	0.0	0.28177618980407715	1.2084647417068481	0.3242112994194031	0.0	0.0	0.0	0.0	0.9203491806983948	0.0	0.0	0.0	1.4129242897033691	0.25075745582580566	0.2863766551017761	0.0	0.4725223779678345	0.0	1.201968789100647	1.5517159700393677	0.0	0.0	0.0	1.0318820476531982	0.0	0.0
0.0	0.0	0.0	0.0	2.334404945373535	0.0	0.0	0.0	1.6340296268463135	0.0	1.5389209985733032	0.0	0.0	0.16781765222549438	0.7691203951835632	1.0451881885528564	0.622490406036377	0.31868764758110046	0.0	0.0	0.0	0.010626654140651226	0.0	0.1645989865064621	0.0	0.0	0.0	0.10638964176177979	0.0	0.05568813905119896	0.0	1.3862147331237793	0.0	0.0	0.0	0.0	0.2296140193939209	0.0	0.0	0.0	0.0	0.0	0.0	2.0123450756073	0.0	0.0	0.6248725652694702	0.0	0.0	1.5584580898284912	0.0	0.0	0.0	0.23830007016658783	0.0	0.0	0.0	0.0	0.0	0.5939719080924988	0.0	0.0	0.0	0.0	0.0	0.0	0.0	0.0	0.0	0.011771073564887047	0.056393399834632874	0.0	0.0	0.0	0.0	0.0	0.0	0.0	0.0	0.0	0.0	0.0	0.1831662356853485	0.0	0.0	0.0	0.7063879370689392	0.0	1.5572983026504517	0.0	0.0	0.6827367544174194	0.0	0.0	0.0	0.0	0.0	0.06318537145853043	0.0	0.0	0.0	0.6800311207771301	0.0	0.6728640794754028	0.0	0.0	0.0	0.8340198397636414	0.0	1.5815399885177612	0.0	0.0	0.0	0.0	0.20101793110370636	0.0	0.02401840314269066	0.0	1.385103702545166	0.0	0.0	0.6689178943634033	0.0	1.1847749948501587	0.22412212193012238	0.24857084453105927	0.0	0.0	0.0	1.8961868286132812	0.0	0.0	0.7154028415679932	0.0	0.0	1.3686789274215698	0.7991746068000793	0.0	0.0	0.0	0.0	0.0	0.0	0.0	0.0	0.0	1.4733233451843262	0.0	0.0	0.6884007453918457	0.0	0.5058056712150574	0.0	0.0	0.05046682059764862	0.0	0.0	1.5642094612121582	0.0	0.0	0.0	0.0	0.0	0.2321661412715912	0.7853558659553528	0.0	0.0	1.0927711725234985	0.0	0.0	0.0	0.0	0.22302275896072388	0.0	0.16739535331726074	2.099350690841675	1.220557451248169	0.0	0.0	0.0	1.100841999053955	0.0	0.0	0.0	0.0	0.0	0.0	0.0	0.0	0.0	0.0	0.0	0.0	0.0	0.0	0.0	0.0	0.0	1.7327795028686523	0.3414481282234192	0.0	1.0811864137649536	0.0	0.0	0.0	0.0	0.0	0.0	0.8858866691589355	0.0	1.5454773902893066	0.7349701523780823	0.0	0.0	0.21713484823703766	0.0	0.0	0.0	0.0	0.0	0.12486753612756729	1.456072449684143	0.0	0.0	0.0	0.06594783067703247	0.5270851254463196	0.0	0.0	0.0	0.0	1.0778032541275024	2.049807071685791	0.0	0.0	0.0	0.0	0.0	1.7598291635513306	0.0	0.0	0.0	0.8279122710227966	1.5816657543182373	0.0	0.0	0.9666897058486938	0.0	0.0	0.0	0.0	0.0	0.0	1.811704158782959	0.0	0.0
0.0	0.0	0.0	0.0	0.3376900851726532	0.0	0.6379559636116028	0.0	0.49403300881385803	0.7415021061897278	0.0	0.0	0.7532324194908142	0.5674580335617065	0.37207335233688354	0.17272517085075378	0.0	0.4410609006881714	0.40303856134414673	0.5469257831573486	0.2941184341907501	0.17062237858772278	0.0	0.685715913772583	0.0	0.0	0.5477324724197388	1.105252981185913	0.22953718900680542	0.6042165160179138	0.3225972652435303	0.38670384883880615	0.0	0.3559156358242035	0.0	0.6183525323867798	0.5940658450126648	0.0	0.6341899633407593	0.5467115044593811	0.0	0.0	0.0	0.0	0.0	0.0	0.0	0.0	0.0	0.1989888846874237	0.0	0.0	0.0	0.07675065845251083	0.5542188286781311	0.0	0.0	0.414775550365448	1.1021196842193604	0.155185729265213	0.0	0.0	0.0	0.5689510703086853	0.0	0.0	0.0	0.0	0.0	0.46343061327934265	0.7701320052146912	0.0	0.0	0.03213701769709587	0.0	0.0	0.3907935917377472	0.5672340989112854	0.0	0.5771404504776001	0.0	0.0	0.1843823343515396	0.0	0.5611380338668823	0.0	0.8618893027305603	0.0	0.0	0.0	0.0	1.0141663551330566	0.0	0.7355948686599731	0.0	0.18101605772972107	0.591667652130127	0.4800065755844116	0.0	0.26783305406570435	0.0	0.0	0.0	0.5213461518287659	0.0	0.0	0.050688277930021286	0.0	0.0	0.0	0.0	0.1144678145647049	0.0	0.0	0.0	0.0	0.42291754484176636	0.0	0.029752183705568314	0.0	0.17241668701171875	0.5866105556488037	0.0	0.0	0.0	0.3868809640407562	0.0016084982780739665	0.0	0.0	0.0	0.1839231252670288	0.0	0.4426230192184448	0.0	0.0	0.13775081932544708	0.6496098041534424	0.0	0.0	0.07249370217323303	0.0	0.0	0.0	1.1721570491790771	0.653527557849884	0.0	0.1394604593515396	0.0	0.0	0.015321167185902596	0.0	0.0	0.0	0.0	0.6304805874824524	0.0	0.0	0.6082873344421387	0.0	0.0	0.5458444952964783	0.36331215500831604	0.4241178631782532	0.39595940709114075	0.6009072065353394	0.0	0.10864288359880447	0.4477308690547943	0.0	0.0	0.0	0.0	0.1292736977338791	0.0	1.0273594856262207	0.0	0.0	0.0	0.0	0.31043457984924316	0.4243950843811035	0.34730154275894165	0.0	0.0	0.6086058616638184	0.0	0.0	0.0	0.0	0.0	0.0	0.0	0.0	0.0	0.6462251543998718	0.0	0.7086011171340942	0.0	0.37287330627441406	0.7910635471343994	0.0	0.0	0.0	0.0	0.0	0.0	0.0	0.0	0.6538596749305725	0.0	0.17780472338199615	0.27315041422843933	0.22898519039154053	0.0	0.029470564797520638	0.0	0.0	0.0	0.49472931027412415	0.9085007309913635	0.0	0.4185076951980591	0.0	0.0	0.0	0.29316404461860657	0.7354253530502319	0.42959120869636536	0.6815739274024963	0.0	0.0	0.0	0.42388102412223816	0.45071572065353394	0.0	0.0	0.0	0.0	0.30967453122138977	0.0	0.0	0.0	0.6602191925048828	0.0	0.7550250291824341	0.0	0.16050918400287628	0.0	0.748691737651825	0.9274495840072632	0.0	0.8672827482223511	0.0	0.05171959847211838	0.0	0.0
0.0	0.0	0.0	0.0	2.350182056427002	0.0	0.0009408644400537014	0.0	0.27795031666755676	0.25625598430633545	0.0	0.0	0.09791773557662964	0.07014287263154984	0.9917409420013428	0.0	0.09427168220281601	0.0	0.36609402298927307	1.0313986539840698	0.0	1.3806778192520142	0.0	0.9838407635688782	0.0	0.0	0.5461601614952087	1.5571098327636719	0.0	0.014152725227177143	0.0	2.2495856285095215	0.0	0.8200254440307617	0.0	0.7330107688903809	1.439690351486206	0.0	1.175983190536499	0.000810293247923255	0.0	0.0	0.0	0.4620417356491089	0.0	0.0	0.0	0.0	0.0	0.9764983057975769	0.0	0.0	0.0	0.6491336226463318	0.5866754651069641	0.0	0.0	0.0	1.5148712396621704	0.7053719758987427	0.0	0.0	0.0	0.8012567162513733	0.0	0.0	0.0	0.0	0.0	1.392088770866394	0.5798177719116211	0.0	0.0	0.3469579517841339	0.0	0.0	0.283076673746109	0.8754634857177734	0.0	0.46038541197776794	0.0	0.0	0.0	0.0	0.7971920967102051	0.0	1.1723171472549438	0.0	0.0	0.0	0.0	1.0380756855010986	0.0	2.806870222091675	0.0	1.023378610610962	0.0	0.44892802834510803	0.0	0.0	0.0	0.0	0.0	1.4917588233947754	0.0	0.0	0.0	0.22870184481143951	0.0	0.0	0.0	0.0	0.0	0.0	0.0	0.0	0.0	0.0	0.6316143274307251	0.0	0.0	0.0	0.0	2.0143754482269287	1.0114312171936035	0.040103890001773834	0.0	0.0	0.0	0.00701459776610136	0.0	0.0	1.5498425960540771	0.0	0.0	0.5797395706176758	1.3014204502105713	0.0	0.0	0.15368026494979858	0.0	0.0	0.0	0.0	0.0	0.0	0.0	0.0	0.0	0.0	0.0	0.0	0.0	0.0	1.8032801151275635	0.0	0.0	0.117386594414711	0.0	0.0	1.6479501724243164	0.4390111267566681	0.6195108890533447	0.039018478244543076	1.906947374343872	0.0	1.6910667419433594	1.2508279085159302	0.0	0.0	0.0	0.0	0.0	0.0	0.0	0.5577998757362366	0.0	0.0	0.0	0.0	0.2911337614059448	0.0	0.0	0.13391530513763428	1.255048394203186	0.0	0.0	0.0	0.0	0.0	0.0	0.0	0.0	0.0	0.3942554295063019	0.0	1.067605972290039	0.0	0.0	1.5837814807891846	0.0	0.19595104455947876	0.0	0.0	0.0	0.0	0.0	0.0	0.7264109253883362	0.0	0.0	0.03017440438270569	0.0	0.0	0.0	0.0	0.0	0.0	0.5884043574333191	0.74619060754776	0.0	0.0	0.0	0.0	0.0	2.0505781173706055	1.2858742475509644	0.0	0.5761203169822693	0.0	0.0	0.0	1.146580696105957	0.0	0.0	0.0	0.0	0.0	0.39844390749931335	0.0	0.0	0.0	0.4858759641647339	0.263148695230484	1.7272610664367676	0.0	0.655807375907898	0.0	1.8783758878707886	0.0	0.0	0.0	0.0	0.0	0.0	0.0
0.0	0.0	0.0	0.0	3.1828155517578125	0.0	1.0019304752349854	0.0	2.4344077110290527	0.20503279566764832	0.4442231059074402	0.0	0.0	1.7519556283950806	0.949139416217804	1.7547502517700195	0.5917133092880249	0.4975792169570923	0.0	0.014639733359217644	0.0	0.0	0.0	0.35156336426734924	0.0	0.0	0.0	1.1006183624267578	0.0	1.021432876586914	0.0	1.710918664932251	0.0	0.0	0.0	0.0	0.9779024124145508	0.0	0.18955479562282562	0.15712831914424896	0.0	0.0	0.0	1.9664117097854614	0.0	0.0	0.9779009222984314	0.0	0.0	1.18694007396698	0.0	0.0	0.0	0.3568638265132904	0.0	0.0	0.0	0.0	0.4256060719490051	0.8622336983680725	0.0	0.0	0.0	0.24282237887382507	0.0	0.0	0.0	0.0	0.0	0.6598597168922424	0.8812259435653687	0.0	0.0	0.0	0.0	0.0	0.2184140831232071	0.507398784160614	0.0	0.3658351004123688	0.0	0.0	0.2023164927959442	0.0	0.0	0.0	1.3078501224517822	0.0	1.8095725774765015	0.0	0.0	0.4496452212333679	0.0	0.9562029838562012	0.0	0.0	0.0	0.552929699420929	0.0	0.0	0.0	1.403433918952942	0.0	0.8015367984771729	0.0	0.0	0.0	0.7259649038314819	0.0	0.8491207361221313	0.0	0.0	0.0	0.0	0.0	0.0	0.984119713306427	0.0	0.512615442276001	0.0	0.45039933919906616	1.7361737489700317	0.0	0.8187539577484131	0.0	1.8753315210342407	0.0	0.0	0.0	0.8437303900718689	0.0	0.0	0.882682740688324	0.0	0.0	2.3037097454071045	1.5212774276733398	0.0	0.0	0.0	0.0	0.0	0.0	0.0	0.0	0.0	1.734193205833435	0.0	0.0	0.0	0.0	0.6571632027626038	0.0	0.0	0.0	0.0	0.0	2.916363000869751	0.0	0.0	0.030804650858044624	0.0	0.18406575918197632	0.5526829361915588	0.8500111699104309	0.0	0.0	1.777817726135254	0.0	0.0	0.0	0.0	0.631168782711029	0.0	0.0	2.3046047687530518	1.2820546627044678	0.0	0.0	0.0	2.0677952766418457	0.0	0.0	0.0	0.0	0.0	0.0	0.0	0.0	0.0	0.0	0.0	0.0	0.0	0.6169004440307617	0.0	0.0	0.0	2.912675380706787	1.2628264427185059	0.0	0.0	0.0	0.0	0.0	0.0	0.0	0.0	2.5681190490722656	0.0	2.7674126625061035	1.5903995037078857	0.0	0.0	1.1630266904830933	0.0	0.0	0.0	0.0	0.5539849996566772	0.0	2.3522226810455322	0.0	0.0	0.0	0.3544022738933563	1.3082619905471802	0.5513584017753601	0.17030192911624908	0.0	0.0	1.5532056093215942	3.6820151805877686	0.0	0.0	0.0	0.0	0.0	2.451799154281616	0.0	0.0	0.0	1.0843431949615479	1.3198668956756592	0.0	0.0	1.9809811115264893	0.0	1.1748881340026855	1.2900426387786865	0.0	0.0	0.0	1.245910406112671	0.0	0.0
0.0	0.0	0.0	0.7017166614532471	0.9468139410018921	0.0	1.74116849899292	0.0	1.680044174194336	1.0165748596191406	0.0	0.0	1.3076269626617432	2.308008909225464	0.3202390968799591	1.564332127571106	0.0	1.372475028038025	0.9987705945968628	0.0	0.0	0.9481337666511536	0.0	1.0313034057617188	0.0	0.0	0.9836320877075195	1.0585099458694458	0.7038503289222717	1.717254877090454	0.9270926713943481	0.3174484968185425	0.0	0.2970694303512573	0.0	0.0	1.596753478050232	0.0	1.225525975227356	1.4209861755371094	0.0	0.0	0.0	0.0	0.0	0.0	0.0	0.0	0.0	0.0	0.0	0.0	0.0	0.8181555271148682	1.505342960357666	0.0	0.0	0.0	1.1563482284545898	0.3579696714878082	0.0	0.0	0.0	0.2034740447998047	0.0	0.0	0.0	0.0	0.0	1.5177254676818848	1.2050306797027588	0.0	0.0	0.0	0.0	0.0	0.7842532396316528	0.6546298861503601	0.0	0.6738064289093018	0.0	0.0	0.8858046531677246	0.6641898155212402	1.2781339883804321	0.0	2.353736162185669	0.0	1.2152119874954224	0.0	0.0	1.8113012313842773	0.0	0.2702876627445221	0.0	0.0	0.36450496315956116	0.2033763974905014	0.0	0.0	0.0	0.0	0.0	1.6604419946670532	0.0	0.0	0.27826184034347534	0.0	0.0	0.0	0.0	0.0	0.0	0.0	0.0	0.0	1.0196141004562378	0.0	0.0	0.0	0.47000569105148315	1.42790949344635	0.0	0.0	0.0	0.5809513926506042	0.0	0.0	0.0	0.0	0.0	0.0	0.531844973564148	0.0	0.0	0.09121094644069672	0.774954617023468	0.0	0.0	1.0133081674575806	0.0	0.0	0.0	1.4776924848556519	0.2436666488647461	0.0	1.9961451292037964	0.0	0.0	0.0	0.0	0.0	0.0	0.0	1.0865429639816284	0.0	0.0	2.202944278717041	0.0	0.0	0.4235297441482544	0.0	0.5022937655448914	0.5048868656158447	1.6024787425994873	0.0	0.0	1.2042138576507568	0.0	0.0	0.0	0.0	1.4291850328445435	0.0	0.992935836315155	0.44360774755477905	0.0	0.0	0.0	0.08245865255594254	1.3705799579620361	0.9008446931838989	0.0	0.0	0.9883384704589844	0.0	0.0	0.0	0.0	0.0	0.0	0.0	0.0	0.0	1.2791820764541626	0.0	1.021668791770935	0.0	1.6739693880081177	1.7312729358673096	0.0	0.0	0.0	0.0	0.0	0.0	0.0	0.0	1.313223123550415	0.0	0.6585329174995422	0.37539640069007874	0.0	0.0	1.3926472663879395	0.0	0.0	0.0	0.38065609335899353	1.032025933265686	0.06284791976213455	0.9036197662353516	0.0	0.0	0.0	1.4757784605026245	0.3865223526954651	1.8142420053482056	1.9245412349700928	0.0	0.0	0.0	1.0062124729156494	0.4548138976097107	0.0	0.0	0.0	0.0	1.3226689100265503	0.0	0.0	0.0	1.4298077821731567	0.43499571084976196	0.9304507970809937	0.0	0.3488158583641052	0.0	0.8937140107154846	2.4521546363830566	0.0	0.0	0.0	0.3568541705608368	0.0	0.0
0.0	0.0	0.0	0.6569036245346069	0.6897724866867065	0.0	1.5560606718063354	0.0	2.450383186340332	0.4239259958267212	0.7623903155326843	0.0	1.1011918783187866	2.9213485717773438	0.8445173501968384	2.9371678829193115	0.0	1.156776785850525	0.910207986831665	0.3680948317050934	0.0	0.5117415189743042	0.0	1.3904510736465454	0.0	0.0	0.9677441120147705	0.3634447157382965	0.4570789635181427	2.1753652095794678	1.010498046875	0.14066548645496368	0.0	0.0	0.0	0.0	2.1100003719329834	0.0	1.0008684396743774	1.2660698890686035	0.0	0.0	0.0	0.710861086845398	0.0	0.0	0.8803444504737854	0.0	0.0	0.3630925118923187	0.0	0.0	0.0	0.8526911735534668	0.07585107535123825	0.0	0.0	0.0	0.6565324068069458	0.1767345815896988	0.0	0.0	0.0	0.4130912125110626	0.0	0.0	0.0	0.0	0.0	0.6898959875106812	2.017599582672119	0.0	0.0	0.0	0.0	0.0	0.7431608438491821	0.15291990339756012	0.0	0.1285194605588913	0.0	0.0	0.5480263829231262	0.24807502329349518	0.29339611530303955	0.0	2.0528407096862793	0.0	2.3212103843688965	0.0	0.0	0.9013274312019348	0.0	0.20086769759655	0.0	0.0	0.0	0.4294350743293762	0.0	0.0	0.0	0.10842428356409073	0.0	0.5458709597587585	0.0	0.0	1.0327508449554443	0.0	0.0	0.0	0.0	0.0	0.0	0.0	0.0	0.9412368535995483	1.5766735076904297	0.0	0.0	0.0	0.2243661880493164	2.223762273788452	0.0	0.0	0.0	1.4539904594421387	0.0	0.0	0.0	0.0	0.0	0.0	1.720342993736267	0.0	0.0	1.2322837114334106	1.5887917280197144	0.0	0.0	0.0	0.0	0.0	0.0	0.0	0.06761433184146881	0.0	2.389451265335083	0.0	0.0	1.399448037147522	0.0	0.044412750750780106	0.0	0.0	0.6128436923027039	0.0	0.0	3.3404881954193115	0.0	0.0	0.857760488986969	0.0	0.4783266484737396	0.7518332004547119	0.6484509706497192	0.0	0.0	1.1873688697814941	0.0	0.0	0.0	0.0	1.142730712890625	0.0	0.5134214758872986	2.050508499145508	0.22378313541412354	0.0	0.0	0.0	1.3885833024978638	0.602614164352417	0.0	0.0	1.7119642496109009	0.0	0.0	0.0	0.0	0.0	0.0	0.0	0.0	0.0	1.9740833044052124	0.0	0.5493685603141785	0.0	2.5436925888061523	0.9108322262763977	0.0	0.14784806966781616	0.0	0.0	0.0	0.0	0.0	0.0	1.240929365158081	0.0	1.1735796928405762	1.7313485145568848	0.0	0.0	2.022142171859741	0.0	0.0	0.0	0.0	0.5578075051307678	0.0	1.5462799072265625	0.0	0.0	0.0	1.163596510887146	0.0	1.247017502784729	0.9388185143470764	0.0	0.0	0.4710145592689514	1.5640857219696045	0.7872381806373596	0.0	0.0	0.0	0.0	2.6693263053894043	0.0	0.0	0.0	1.9470689296722412	0.9982722997665405	0.0	0.0	2.1334683895111084	0.0	0.1354549527168274	1.3944222927093506	0.0	0.0	0.0	0.0	0.0	0.0
0.0	0.0	0.0	0.2261638641357422	2.088984727859497	0.0	0.8412685990333557	0.0	1.4335689544677734	1.109958529472351	0.0	0.0	1.001001000404358	1.4612629413604736	1.0505592823028564	1.1940724849700928	0.0	0.6080870032310486	0.49032852053642273	0.6667042374610901	0.0	0.0	0.0	1.4501304626464844	0.0	0.0	0.7748208045959473	1.552189826965332	0.0	1.1315324306488037	0.441842257976532	0.9796720147132874	0.0	0.0	0.0	0.5033510327339172	0.8646408915519714	0.0	0.30823543667793274	0.20857976377010345	0.0	0.0	0.0	0.8057751655578613	0.0	0.0	0.0	0.0	0.0	0.9304118156433105	0.0	0.0	0.0	0.3308461010456085	0.049129366874694824	0.0	0.0	0.13353799283504486	1.0184184312820435	0.0	0.0	0.0	0.0	1.2346606254577637	0.0	0.0	0.0	0.0	0.0	0.8740803003311157	1.6448873281478882	0.0	0.0	0.424090713262558	0.0	0.0	0.7229938507080078	0.9756625890731812	0.0	0.9525017142295837	0.0	0.0	0.30600228905677795	0.0	0.9233956933021545	0.0	1.1759357452392578	0.0	0.6140174269676208	0.0	0.0	0.8011853098869324	0.0	1.0117567777633667	0.0	0.0	0.4026685059070587	1.4821445941925049	0.0	0.0	0.0	0.0	0.0	0.534731924533844	0.0	0.0	0.0	0.5226902961730957	0.0	0.0	0.0	0.0	0.0	0.0	0.15537871420383453	0.0	1.2698850631713867	0.0	0.05938168242573738	0.0	0.8103533387184143	1.7588855028152466	0.0	0.5478197336196899	0.0	1.2559503316879272	0.0	0.0	0.0	0.29084208607673645	0.1273634433746338	0.0	1.4858622550964355	0.0	0.0	0.7915758490562439	1.2854701280593872	0.0	0.0	0.205793097615242	0.0	0.0	0.0	0.9866683483123779	0.887147843837738	0.0	1.0401369333267212	0.0	0.0	0.0	0.0	0.6199972033500671	0.0	0.0	0.6767702698707581	0.0	0.0	1.3142693042755127	0.0	0.0	0.8098556995391846	0.5270827412605286	0.5194499492645264	1.2312085628509521	1.1858762502670288	0.0	0.0	1.4724206924438477	0.0	0.0	0.0	0.0	0.4544718861579895	0.0	0.7814502716064453	0.2878109812736511	0.0	0.0	0.0	0.07291989773511887	1.7363206148147583	0.32690662145614624	0.0	0.0	0.5382530093193054	0.0	0.0	0.0	0.0	0.0	0.0	0.0	0.0	0.0	0.9046407341957092	0.0	0.175429567694664	0.0	1.6805309057235718	1.3665026426315308	0.0	0.0	0.0	0.0	0.0	0.0	0.0	0.0	2.2959859371185303	0.0	1.2079193592071533	1.4973711967468262	0.391440212726593	0.0	0.0	0.0	0.0	0.0	0.0	1.4040840864181519	0.0	1.4584949016571045	0.0	0.0	0.0	0.39766085147857666	2.0555472373962402	0.0	1.2248057126998901	0.0	0.0	0.7464457750320435	2.2416322231292725	0.09376603364944458	0.0	0.0	0.0	0.0	1.2911252975463867	0.0	0.0	0.0	0.7991108298301697	0.1351258009672165	0.843757152557373	0.0	1.545084834098816	0.0	1.0884431600570679	0.8474082946777344	0.0	1.0744658708572388	0.0	0.3891502320766449	0.0	0.0
0.0	0.0	0.0	0.4436977207660675	1.8058643341064453	0.0	2.4949514865875244	0.0	1.9220585823059082	1.2195864915847778	0.0	0.0	1.130471110343933	1.044908046722412	0.32425063848495483	1.2286593914031982	0.4162236750125885	1.1726281642913818	1.031580924987793	0.0	0.0	1.401670217514038	0.0	1.1656932830810547	0.0	0.0	0.7197871804237366	2.1931307315826416	0.6478915810585022	1.5587295293807983	0.20575320720672607	0.5196954607963562	0.0	1.1638705730438232	0.0	0.0	2.7370402812957764	0.0	1.0960370302200317	1.2541512250900269	0.0	0.0	0.0	0.2509545087814331	0.0	0.0	0.5986552238464355	0.0	0.0	0.0	0.0	0.0	0.0	0.9687431454658508	0.9527214169502258	0.0	0.0	0.0	0.2983309030532837	1.30050528049469	0.0	0.0	0.0	0.5033600926399231	0.0	0.0	0.0	0.0	0.0	1.903576135635376	1.4992218017578125	0.0	0.0	0.0	0.0	0.0	0.18531183898448944	1.12086820602417	0.0	0.7385765314102173	0.0	0.0	0.5935693383216858	0.8172459006309509	0.7881289124488831	0.0	2.4012739658355713	0.0	1.7728270292282104	0.0	0.0	1.9862428903579712	0.0	1.8085691928863525	0.0	0.0	0.46640098094940186	0.0	0.0	0.0	0.0	0.1075817346572876	0.0	2.2520899772644043	0.0	0.0	0.3081698417663574	0.0	0.0	0.0	0.0	0.0	0.0	0.0	0.0	0.0	1.017975091934204	0.0	0.0	0.0	0.0	0.5254669785499573	0.0	0.7852201461791992	0.5005149245262146	0.20568683743476868	0.0	0.0	0.0	0.0	0.0	0.0	0.0	0.0	0.0	0.841359555721283	1.3189167976379395	0.0	0.0	1.6117099523544312	0.0	0.0	0.0	0.7143368124961853	0.0	0.0	1.274810791015625	0.0	0.0	0.5533185601234436	0.0	0.0	0.0	0.0	1.380039930343628	0.0	0.0	2.4106855392456055	0.0	0.0	0.9737701416015625	0.0	0.6300414204597473	0.4478754699230194	2.349823236465454	0.0	0.0	1.316240906715393	0.0	0.0	0.0	0.0	1.2372695207595825	0.0	0.5864835977554321	1.2096511125564575	0.09311865270137787	0.0	0.0	0.0	1.057169795036316	0.0	0.0	0.0	0.4654335081577301	0.0	0.0	0.0	0.0	0.0	0.0	0.0	0.0	0.0	1.096178412437439	0.0	1.0789637565612793	0.0	2.027338981628418	1.3545576333999634	0.0	0.0	0.0	0.0	0.0	0.0	0.0	0.0	1.6522196531295776	0.0	0.1816699206829071	0.4328836500644684	0.0	0.0	0.9574500322341919	0.0	0.0	0.0	0.5006658434867859	1.2095633745193481	0.0	0.8356917500495911	0.0	0.0	0.0	2.046523332595825	0.17672497034072876	1.4876378774642944	1.5143100023269653	0.0	0.0	0.3365330696105957	2.069931983947754	0.18964701890945435	0.0	0.0	0.0	0.0	1.2828011512756348	0.0	0.0	0.0	2.1661949157714844	0.6514822244644165	1.133183479309082	0.0	1.1221328973770142	0.0	0.9717415571212769	2.0492286682128906	0.0	0.0	0.0	0.8006054162979126	0.0	0.0
0.0	0.0	0.0	0.0	2.2832233905792236	0.0	0.0	0.0	2.3064615726470947	0.0	1.6057801246643066	0.0	0.0	0.8592483401298523	1.0385018587112427	1.7436842918395996	1.107691764831543	0.6408880949020386	0.0	0.02242574654519558	0.0	0.058163389563560486	0.0	0.3350876271724701	0.0	0.0	0.0	0.4934215247631073	0.0	0.5480397343635559	0.0	1.48892343044281	0.0	0.0	0.0	0.0	1.1534947156906128	0.0	0.0	0.050941102206707	0.0	0.0	0.0	1.7689296007156372	0.0	0.0	1.3531773090362549	0.0	0.0	2.027177333831787	0.0	0.0	0.0	0.8911724090576172	0.0	0.0	0.0	0.0	0.0	0.6965571045875549	0.0	0.0	0.0	0.0	0.0	0.0	0.0	0.0	0.0	0.7610572576522827	0.328290194272995	0.0	0.0	0.0	0.0	0.0	0.25116100907325745	0.017660515382885933	0.0	0.22424806654453278	0.0	0.0	0.7431288957595825	0.0	0.0	0.0	0.5326938629150391	0.0	1.5543853044509888	0.0	0.0	1.115409016609192	0.0	0.6975690722465515	0.0	0.0	0.0	0.0	0.0	0.0	0.0	0.907640814781189	0.0	0.6107204556465149	0.0	0.0	0.0	0.2943878769874573	0.0	1.1542630195617676	0.0	0.0	0.0	0.0	0.31213805079460144	0.0	0.3352319598197937	0.0	1.1790015697479248	0.0	0.0	1.1998059749603271	0.0	1.0484391450881958	0.6079415082931519	0.6708149313926697	0.0	0.0	0.0	1.7005159854888916	0.0	0.0	1.4709432125091553	0.0	0.0	1.3047641515731812	1.631359577178955	0.0	0.0	0.0	0.0	0.0	0.0	0.10385345667600632	0.0	0.0	1.551253318786621	0.0	0.0	0.47140753269195557	0.0	0.11138175427913666	0.0	0.0	0.026232212781906128	0.0	0.0	1.8384186029434204	0.0	0.0	0.01932894065976143	0.0	0.0	0.3757759928703308	0.8608736395835876	0.0	0.0	1.0366404056549072	0.0	0.0	0.0	0.0	0.13161565363407135	0.0	0.27275827527046204	1.6476060152053833	0.99586021900177	0.0	0.0	0.0	1.438689947128296	0.0	0.0	0.0	0.0	0.0	0.0	0.0	0.0	0.0	0.0	0.0	0.0	0.0	0.18079175055027008	0.0	0.0	0.0	1.6591894626617432	0.38760820031166077	0.0	1.1703953742980957	0.0	0.0	0.0	0.0	0.0	0.0	1.5263515710830688	0.0	1.6831371784210205	0.817794919013977	0.0	0.0	0.0	0.0	0.0	0.0	0.0	0.0	0.5222477316856384	1.0262670516967773	0.0	0.0	0.0	0.4471243619918823	0.5940974354743958	0.0	0.19298678636550903	0.0	0.0	1.0273889303207397	2.076996088027954	0.0	0.0	0.0	0.0	0.0	2.1314680576324463	0.0	0.0	0.0	1.2048866748809814	1.654520869255066	0.0	0.0	1.4617955684661865	0.0	0.0	0.26626551151275635	0.0	0.0	0.0	1.5495259761810303	0.0	0.0
0.0	0.0	0.0	0.526841938495636	1.103442907333374	0.0	1.670116662979126	0.0	1.4077916145324707	0.0	0.2801596224308014	0.0	0.5528473258018494	0.6361833214759827	0.0	1.3392114639282227	1.1993228197097778	1.5423556566238403	0.3018043339252472	0.1667240858078003	0.0	0.5055433511734009	0.0	0.08981075882911682	0.0	0.0	0.0	0.6903330683708191	0.20223744213581085	0.6497597694396973	0.7694545388221741	1.2754360437393188	0.0	0.7155048847198486	0.0	0.0	1.3298035860061646	0.0	0.0	0.6185832023620605	0.0	0.0	0.0	0.9264261722564697	0.0	0.0	1.770527958869934	0.0	0.0	0.0	0.0	0.0	0.0	0.758497953414917	0.0	0.0	0.0	0.0	0.04545872285962105	0.34207385778427124	0.0	0.0	0.0	0.45709359645843506	0.0	0.0	0.0	0.0	0.0	0.39753204584121704	0.561160147190094	0.0	0.0	0.0	0.0	0.0	0.0	0.0	0.0	0.2420448213815689	0.0	0.0	0.2665572166442871	0.0	0.0	0.0	1.642825961112976	0.0	2.4017298221588135	0.0	0.0	1.2818440198898315	0.0	0.0	0.0	0.0	0.0	0.3163006901741028	0.0	0.0	0.0	1.1445261240005493	0.0	1.0189369916915894	0.0	0.0	0.5881199240684509	0.0	0.0	1.682780146598816	0.0	0.0	0.0	0.0	0.0	0.22264152765274048	0.54787278175354	0.0	0.2418849766254425	0.0	0.0	1.1184804439544678	0.0	0.0	0.7738717198371887	0.35314497351646423	0.0	0.0	0.0	0.23266299068927765	0.0	0.0	0.0	0.0	0.0	0.483175128698349	0.426994264125824	0.0	0.0	0.0	0.0	0.0	0.0	0.0	0.0	0.0	2.3127546310424805	0.0	0.0	3.1343436241149902	0.0	0.0	0.0	0.0	0.2324000895023346	0.0	0.0	1.7862348556518555	0.0	0.0	0.6023687720298767	0.0	0.0	0.38081565499305725	0.26750290393829346	0.0	0.0	0.474782258272171	0.0	0.0	0.0	0.0	1.1141736507415771	0.0	0.0	1.9862682819366455	1.0138875246047974	0.0	0.0	0.0	0.7891887426376343	0.16973081231117249	0.0	0.0	0.10211531817913055	0.0	0.0	0.0	0.0	0.0	0.0	0.0	0.0	0.0	0.34842684864997864	0.0	0.25189152359962463	0.0	2.413270950317383	0.5373453497886658	0.0	0.5638495087623596	0.0	0.0	0.0	0.0	0.0	0.0	1.852253794670105	0.0	0.1346999853849411	0.5573690533638	0.0	0.0	1.3258402347564697	0.0	0.0	0.0	0.0	0.12741415202617645	0.5246967077255249	0.7505084872245789	0.0	0.0	0.0	1.231421709060669	0.0	0.9994001388549805	0.8483005166053772	0.0	0.0	0.6861515045166016	0.9200626015663147	0.9271299839019775	0.0	0.0	0.0	0.0	1.3330727815628052	0.0	0.0	0.0	2.4293692111968994	1.1201906204223633	0.0	0.0	0.5007540583610535	0.0	0.4128364324569702	1.1205010414123535	0.0	0.0	0.0	1.5476174354553223	0.0	0.0
0.0	0.0	0.0	0.0	2.1603236198425293	0.0	1.1717787981033325	0.0	1.2335445880889893	1.0839470624923706	0.0	0.0	0.8761171102523804	1.0627334117889404	0.820959746837616	0.22193032503128052	0.0	0.8519112467765808	0.7057576775550842	0.4993465840816498	0.0	1.0746067762374878	0.0	0.68857741355896	0.0	0.0	0.6154782772064209	1.679220199584961	0.0	0.6364195346832275	0.0	2.054896354675293	0.0	0.3705272674560547	0.0	0.09749862551689148	1.5380865335464478	0.0	1.7833713293075562	0.951469898223877	0.0	0.0	0.0	0.6243171691894531	0.0	0.0	0.7679334878921509	0.0	0.0	0.35192158818244934	0.0	0.0	0.0	1.0333077907562256	0.23669341206550598	0.0	0.0	0.0	1.3522711992263794	0.4736553728580475	0.0	0.0	0.0	0.623931884765625	0.0	0.0	0.0	0.0	0.0	1.5989437103271484	0.992842972278595	0.0	0.0	0.0	0.0	0.0	0.5953971147537231	0.6557328104972839	0.0	0.3893131613731384	0.0	0.0	0.0	0.0	0.9598464965820312	0.0	1.602646827697754	0.0	1.2083306312561035	0.0	0.0	1.6791456937789917	0.0	1.909755825996399	0.0	0.05662901699542999	0.0	0.5636986494064331	0.0	0.0	0.0	0.08628764748573303	0.0	2.023054361343384	0.0	0.0	0.0	0.0	0.0	0.04993131756782532	0.0	0.0	0.0	0.0	0.0	0.0	0.3711198568344116	0.0	0.24648135900497437	0.0	0.0	0.40502503514289856	0.0	1.0898613929748535	0.3150392770767212	0.0902630016207695	0.0	0.0	0.0	0.285123348236084	0.0	0.0	0.42102134227752686	0.0	0.0	0.2691802680492401	0.8911455273628235	0.0	0.0	1.15923273563385	0.0	0.0	0.0	0.22680233418941498	0.0	0.0	0.43806368112564087	0.0	0.0	0.0	0.0	0.0	0.0	0.0	1.25723397731781	0.0	0.0	1.3982442617416382	0.0	0.0	1.288733959197998	0.0	0.7174266576766968	0.2880832552909851	1.753947377204895	0.0	0.8616527318954468	1.3375513553619385	0.0	0.0	0.0	0.0	0.8927909731864929	0.0	0.15589872002601624	0.9568001627922058	0.0	0.0	0.0	0.0	0.6810106039047241	0.0	0.0	0.0	1.083481788635254	0.0	0.0	0.0	0.0	0.0	0.0	0.0	0.0	0.0	0.47826817631721497	0.0	0.7682942748069763	0.0	1.1332887411117554	1.540075421333313	0.0	0.0	0.0	0.0	0.0	0.0	0.0	0.0	1.3238316774368286	0.0	0.527685284614563	0.7488961815834045	0.0	0.0	0.34618839621543884	0.0	0.0	0.0	0.004653852432966232	0.9496411681175232	0.0	0.8453221917152405	0.0	0.0	0.0	1.5245970487594604	0.9022868275642395	0.4256117343902588	1.0321688652038574	0.0	0.0	0.03801991045475006	1.6383334398269653	0.0	0.0	0.0	0.0	0.0	1.4245493412017822	0.0	0.0	0.0	1.132614016532898	0.17579230666160583	1.0113345384597778	0.0	0.7687289118766785	0.0	1.8214632272720337	1.311826467514038	0.0	0.0	0.0	0.42125213146209717	0.0	0.0
0.0	0.0	0.0	0.4497724771499634	1.058440089225769	0.0	1.7462316751480103	0.0	2.47648286819458	1.4008582830429077	0.04858702793717384	0.0	0.9378470778465271	1.9283876419067383	1.0991404056549072	1.8424746990203857	0.1633767932653427	1.4176690578460693	0.8056687712669373	0.13463638722896576	0.0	0.9075504541397095	0.0	0.9089494943618774	0.0	0.0	1.1269642114639282	1.0003873109817505	0.6399717330932617	1.7750438451766968	0.4949546456336975	0.8497114181518555	0.0	0.7912546992301941	0.0	0.0	1.569521427154541	0.0	1.531780481338501	0.8188623189926147	0.0	0.0	0.0	0.0	0.0	0.0	1.4026081562042236	0.0	0.0	0.0	0.0	0.0	0.0	1.7888070344924927	0.8059515953063965	0.0	0.0	0.0	1.0720463991165161	0.8789722323417664	0.0	0.0	0.0	0.18076619505882263	0.0	0.0	0.0	0.0	0.0	1.5186283588409424	1.1116591691970825	0.0	0.0	0.0	0.0	0.0	0.3406202495098114	0.7519746422767639	0.0	0.6639661192893982	0.0	0.0	0.9291407465934753	0.13752324879169464	0.8291082978248596	0.0	1.9123642444610596	0.0	2.077120065689087	0.0	0.0	1.7295500040054321	0.0	0.8397611975669861	0.0	0.23025521636009216	0.12227876484394073	0.0	0.0	0.0	0.0	0.37892791628837585	0.0	1.459211826324463	0.0	0.0	0.651134729385376	0.0	0.0	0.0	0.0	0.0	0.0	0.0	0.0	0.0	0.3258303999900818	0.0	0.0	0.0	0.0	1.1698492765426636	0.0	0.013111759908497334	0.28660401701927185	0.26046988368034363	0.0	0.0	0.0	0.0	0.0	0.0	0.9660549759864807	0.0	0.0	0.7520453929901123	1.1011838912963867	0.0	0.0	0.784553587436676	0.0	0.0	0.0	0.3601212501525879	0.0	0.0	1.385426640510559	0.0	0.0	0.8359484672546387	0.0	0.0	0.0	0.0	0.6739965081214905	0.0	0.0	2.0536768436431885	0.0	0.0	1.1077570915222168	0.05197304114699364	0.41511332988739014	0.2178465723991394	1.2367595434188843	0.0	0.0	1.4485936164855957	0.0	0.0	0.0	0.0	1.0424174070358276	0.0	0.15116678178310394	0.9640496373176575	0.0	0.0	0.0	0.0	0.8602362275123596	0.13230948150157928	0.0	0.0	1.2956935167312622	0.0	0.0	0.0	0.0	0.0	0.0	0.0	0.0	0.0	1.3593703508377075	0.0	0.759783923625946	0.0	1.7419744729995728	1.2432526350021362	0.0	0.44638702273368835	0.0	0.0	0.0	0.0	0.0	0.0	1.3235987424850464	0.0	0.5857739448547363	0.09033896028995514	0.0	0.0	1.135851502418518	0.0	0.0	0.0	0.0	0.7392677068710327	0.1074351966381073	0.7469218969345093	0.0	0.0	0.0	1.8072131872177124	0.0674951896071434	1.5848180055618286	1.7290980815887451	0.0	0.0	0.0	1.3800691366195679	0.14361654222011566	0.0	0.0	0.0	0.0	1.7621264457702637	0.0	0.0	0.0	2.136765480041504	1.141493558883667	0.7466818690299988	0.0	0.6172392964363098	0.0	0.6001875400543213	1.5130265951156616	0.0	0.0	0.0	0.5015773773193359	0.0	0.0
0.0	0.0	0.0	0.0	2.7098329067230225	0.0	0.6778461337089539	0.0	0.5707516670227051	0.2790261507034302	0.0	0.0	0.7762199640274048	0.5666593909263611	1.3206347227096558	0.7559093832969666	0.0	0.642711341381073	0.11781793087720871	0.35174593329429626	0.0	0.3317788243293762	0.0	0.8069788813591003	0.0	0.0	0.0	1.2866945266723633	0.0	0.9967273473739624	0.0	1.6530781984329224	0.0	0.017817893996834755	0.0	0.27550646662712097	1.9646852016448975	0.0	0.649803102016449	0.37236613035202026	0.0	0.0	0.0	0.7290613055229187	0.0	0.0	0.0	0.0	0.0	0.20131917297840118	0.0	0.0	0.0	0.4901248514652252	0.1227763295173645	0.0	0.0	0.0	1.1639066934585571	0.10124769806861877	0.0	0.0	0.0	0.875054121017456	0.0	0.0	0.0	0.0	0.0	0.16756781935691833	0.47429320216178894	0.0	0.0	0.0	0.0	0.0	0.8310878276824951	0.10102150589227676	0.0	0.42997145652770996	0.0	0.0	0.0	0.0	0.2922457158565521	0.0	1.0725929737091064	0.0	0.7064253091812134	0.0	0.0	1.2249889373779297	0.0	2.0339276790618896	0.0	0.0	0.0	0.45032334327697754	0.0	0.0	0.0	0.0	0.0	1.4041709899902344	0.0	0.0	0.0	0.0	0.0	0.0	0.0	0.0	0.0	0.0	0.0	0.0	0.6661214232444763	0.0	0.39050304889678955	0.0	0.0	0.5097297430038452	0.0	1.1250687837600708	0.3721620440483093	0.0	0.0	0.0	0.0	0.0	0.0	0.0	1.1783595085144043	0.0	0.0	0.6702202558517456	1.1776748895645142	0.0	0.0	0.12780873477458954	0.0	0.0	0.0	0.33159974217414856	0.0	0.0	0.7625932693481445	0.0	0.0	0.0	0.0	0.0	0.0	0.0	0.7313308715820312	0.0	0.0	0.8286778330802917	0.0	0.0	0.8590883612632751	0.0	0.2664632201194763	0.416682630777359	1.356380581855774	0.0	0.9654901623725891	1.1568483114242554	0.0	0.0	0.0	0.0	0.3224618136882782	0.0	0.1326211839914322	0.7259782552719116	0.0	0.0	0.0	0.0	0.2768036425113678	0.0	0.0	0.0	0.7742175459861755	0.0	0.0	0.0	0.0	0.0	0.0	0.0	0.0	0.0	0.13878999650478363	0.0	0.4643777012825012	0.0	1.4221622943878174	1.5731539726257324	0.0	0.0	0.0	0.0	0.0	0.0	0.0	0.0	1.4770175218582153	0.0	0.7948989272117615	0.4014919102191925	0.0	0.0	0.0	0.0	0.0	0.0	0.0	0.6183022260665894	0.0	0.49327462911605835	0.0	0.0	0.0	0.9098168015480042	0.7899436950683594	0.0	0.7131971716880798	0.0	0.0	0.0	1.4780970811843872	0.0	0.0	0.0	0.0	0.0	0.9935761094093323	0.0	0.0	0.0	0.7256779670715332	0.3698696196079254	0.421863317489624	0.0	0.7001253962516785	0.0	1.0828121900558472	0.8769338726997375	0.0	0.0	0.0	0.0	0.0	0.0
0.0	0.0	0.0	0.08170995116233826	0.7977463006973267	0.0	1.6893123388290405	0.0	0.9110205769538879	1.30005943775177	0.0	0.0	1.4948455095291138	0.7964595556259155	0.4737889766693115	0.8378771543502808	0.0	1.6979774236679077	1.208143949508667	0.728046715259552	0.4617915749549866	1.4146629571914673	0.0	0.683281660079956	0.0	0.0	0.9538703560829163	1.1922545433044434	0.9977354407310486	1.0225207805633545	0.8318085074424744	0.9131472110748291	0.0	1.297454595565796	0.0	0.011492732912302017	2.354893445968628	0.0	2.1108016967773438	1.8223652839660645	0.0	0.0	0.0	0.0	0.0	0.0	0.0	0.0	0.0	0.0	0.0	0.0	0.0	1.4411189556121826	1.6391699314117432	0.0	0.0	0.0	1.5857837200164795	0.0	0.0	0.0	0.0	1.0557787418365479	0.0	0.0	0.0	0.0	0.0	2.1626877784729004	0.707253098487854	0.0	0.0	0.0	0.0	0.0	1.5176876783370972	0.03176603093743324	0.0	0.14707039296627045	0.0	0.0	0.0	0.7385399341583252	1.397645115852356	0.0	2.170727014541626	0.0	0.496945858001709	0.0	0.0	1.860432744026184	0.0	1.8444021940231323	0.0	0.4520867168903351	0.5266861915588379	0.6408180594444275	0.0	0.0	0.0	0.0	0.0	1.8685784339904785	0.0	0.0	0.0	0.0	0.0	0.0	0.0	0.0	0.0	0.0	0.0	0.14592595398426056	0.3222278952598572	0.0	0.0	0.0	1.1181640625	0.6847176551818848	0.0	0.09619664400815964	0.0	0.0069195181131362915	0.0	0.0	0.0	0.0	0.0	0.0	1.0879095792770386	0.0	0.0	0.0	1.3453807830810547	0.0	0.0	0.6697884798049927	0.0	0.0	0.0	0.0	0.24531424045562744	0.0	0.48387616872787476	0.0	0.0	0.6784322261810303	0.0	0.0	0.0	0.0	1.8351130485534668	0.0	0.0	0.9553263783454895	0.0	0.0	1.3860658407211304	0.6234310269355774	0.6026749610900879	0.26994726061820984	1.012210726737976	0.0	0.8819038271903992	1.0622503757476807	0.0	0.0	0.0	0.0	1.8308987617492676	0.0	0.0	0.011778990738093853	0.0	0.0	0.0	0.0	0.20258957147598267	0.8977441787719727	0.0	0.0	1.983647108078003	0.0	0.0	0.0	0.0	0.0	0.0	0.0	0.0	0.0	1.2459321022033691	0.0	1.8077563047409058	0.0	0.7871580719947815	1.6964423656463623	0.0	0.0	0.0	0.0	0.0	0.0	0.0	0.0	0.6876329779624939	0.0	0.0	0.7306213974952698	0.0	0.0	0.7345636487007141	0.0	0.0	0.0	0.41276073455810547	1.428778052330017	0.0	0.30874037742614746	0.0	0.0	0.0	1.8897135257720947	0.332696795463562	1.1999324560165405	1.8817682266235352	0.0	0.0	0.0	0.7437227964401245	0.9871099591255188	0.0	0.0	0.0	0.0	0.3673022985458374	0.0	0.0	0.0	1.962609887123108	0.0	1.2613685131072998	0.0	0.29696667194366455	0.0	1.2395042181015015	1.7205568552017212	0.0	0.0	0.0	0.0	0.0	0.0
0.0	0.0	0.0	0.25740617513656616	2.413242816925049	0.0	1.9227405786514282	0.0	1.2458685636520386	1.046217441558838	0.0	0.0	1.5081645250320435	0.0	0.1719394475221634	0.0	0.0	0.6238721609115601	0.6184011697769165	0.07263023406267166	0.0	3.043729543685913	0.0	0.8547716736793518	0.0	0.0	0.3911949396133423	2.0361557006835938	0.0	1.2843087911605835	0.0	1.8101489543914795	0.0	1.7646476030349731	0.0	0.0	3.446244955062866	0.0	1.6412793397903442	1.407151460647583	0.0	0.0	0.0	0.01572159305214882	0.0	0.0	0.06094824895262718	0.0	0.0	0.23281913995742798	0.0	0.0	0.0	0.5362995862960815	1.9496452808380127	0.0	0.0	0.0	1.1859498023986816	1.743268609046936	0.0	0.0	0.0	0.8289360404014587	0.0	0.0	0.0	0.0	0.0	2.9469189643859863	0.04193027317523956	0.0	0.0	0.0	0.0	0.0	0.0	1.4392675161361694	0.0	0.0	0.0	0.0	0.0	0.9449529051780701	1.578899621963501	0.0	3.1713831424713135	0.0	0.9105247259140015	0.0	0.0	2.245335340499878	0.0	3.0008199214935303	0.0	0.530299961566925	0.0928262323141098	0.0	0.0	0.0	0.0	0.0	0.0	3.1138808727264404	0.0	0.0	0.0	0.0	0.0	0.0	0.0	0.0	0.0	0.0	0.0	0.0	0.0	0.0	0.4665716588497162	0.0	0.0	0.0	0.0	1.5989394187927246	1.44734525680542	0.0	0.0	0.0	0.0	0.0	0.0	0.0	0.0	0.0	0.0	1.003638744354248	1.0867276191711426	0.0	0.0	1.9113261699676514	0.0	0.0	0.0	0.0	0.0	0.0	0.7816671133041382	0.0	0.0	0.0	0.0	0.0	0.0	0.0	2.6752777099609375	0.0	0.0	0.36340248584747314	0.0	0.0	2.1689677238464355	0.0	0.2742648422718048	0.0	2.7589223384857178	0.0	1.2902350425720215	1.2445663213729858	0.0	0.0	0.0	0.0	0.9211191534996033	0.0	0.0	1.0605655908584595	0.0	0.0	0.0	0.0	0.08539160341024399	0.0	0.0	0.0	1.3006303310394287	0.0	0.0	0.0	0.0	0.0	0.0	0.0	0.0	0.0	0.455165833234787	0.0	1.6479718685150146	0.0	0.8918612599372864	2.6876680850982666	0.0	0.0	0.0	0.0	0.0	0.0	0.0	0.0	0.7117564678192139	0.0	0.0	0.0	0.0	0.0	0.0	0.0	0.0	0.0	1.0371533632278442	0.7299045324325562	0.0	0.0	0.0	0.0	0.0	2.343539237976074	0.7482309937477112	1.0813920497894287	1.4737019538879395	0.0	0.0	0.0	1.6825697422027588	0.0	0.0	0.0	0.0	0.0	0.5905941128730774	0.0	0.0	0.0	1.6460142135620117	0.07970795780420303	2.157973289489746	0.0	0.46927982568740845	0.0	2.0240325927734375	0.9087711572647095	0.0	0.0	0.0	0.4422886073589325	0.0	0.0
0.0	0.0	0.0	0.309966117143631	0.6698276400566101	0.0	0.7996652126312256	0.0	0.9320718050003052	1.018515706062317	0.0	0.0	0.9024724364280701	1.0875061750411987	0.5670784115791321	0.5762648582458496	0.01971391960978508	0.4909515380859375	0.6085861325263977	0.6152095794677734	0.06473784893751144	0.3185371458530426	0.0	1.2083414793014526	0.0	0.0	0.7928386330604553	1.3028820753097534	0.40088707208633423	0.9420525431632996	0.5409106612205505	0.5470389723777771	0.0	0.323628693819046	0.0	0.41134169697761536	0.9546104073524475	0.0	0.6869176030158997	0.6373094916343689	0.0	0.0	0.0	0.0	0.0	0.0	0.0	0.0	0.0	0.4431188404560089	0.0	0.0	0.0	0.15128350257873535	0.3323824107646942	0.0	0.0	0.5127171874046326	1.075133204460144	0.1154438704252243	0.0	0.0	0.0	0.6680618524551392	0.0	0.0	0.0	0.0	0.0	0.504166305065155	1.1152902841567993	0.0	0.0	0.0	0.0	0.0	0.6194756031036377	0.7279568910598755	0.0	0.5557682514190674	0.0	0.0	0.22646871209144592	0.0	0.8562604784965515	0.0	1.1042762994766235	0.0	0.3452097177505493	0.0	0.0	1.0910966396331787	0.0	0.8390147686004639	0.0	0.3823602795600891	0.3826752305030823	0.6909469366073608	0.0	0.18999528884887695	0.0	0.0	0.0	0.5657893419265747	0.0	0.0	0.1269170045852661	0.0	0.0	0.0	0.0	0.0	0.0	0.0	0.0	0.0	0.8394201993942261	0.0	0.0	0.0	0.1695663183927536	0.7728235721588135	0.0	0.0	0.0	0.6871941685676575	0.0	0.0	0.0	0.05649738013744354	0.0	0.0	0.6883789896965027	0.0	0.0	0.4859056770801544	0.970160186290741	0.0	0.0	0.17125500738620758	0.0	0.0	0.0	1.1545743942260742	0.6802632212638855	0.0	0.6047969460487366	0.0	0.0	0.15506984293460846	0.0	0.18234920501708984	0.0	0.0	0.7102515697479248	0.0	0.0	1.1708331108093262	0.0	0.0	0.8290309906005859	0.6360666751861572	0.5787585973739624	0.6092977523803711	0.9794073104858398	0.0	0.0131172901019454	0.9325376152992249	0.0	0.0	0.0	0.0	0.5298186540603638	0.0	0.8546075820922852	0.1385352462530136	0.0	0.0	0.0	0.3238978385925293	0.783684492111206	0.4675942659378052	0.0	0.03635561838746071	0.5679215788841248	0.0	0.0	0.0	0.0	0.0	0.0	0.0	0.0	0.0	0.8893808126449585	0.0	0.8695002794265747	0.0	0.6987831592559814	1.082853078842163	0.0	0.0	0.0	0.0	0.0	0.0	0.0	0.0	1.129336953163147	0.0	0.39597785472869873	0.6605474352836609	0.15509064495563507	0.0	0.43566572666168213	0.0	0.0	0.0	0.3587491512298584	1.0181602239608765	0.0	0.7834411263465881	0.0	0.0	0.0	0.5934780836105347	0.9057852029800415	0.7072510719299316	0.9235720038414001	0.0	0.0	0.0	1.0580917596817017	0.5645707845687866	0.0	0.0	0.0	0.0	0.6931829452514648	0.0	0.0	0.0	0.8378435373306274	0.13459213078022003	0.8097677230834961	0.0	0.6527485847473145	0.0	0.9490026235580444	0.9860246777534485	0.0	0.6691169738769531	0.0	0.1056981012225151	0.0	0.0
0.0	0.0	0.0	0.0	2.9764928817749023	0.0	1.268772840499878	0.0	0.43791142106056213	0.6335504651069641	0.0	0.0	0.8639739155769348	0.0	0.3206959366798401	0.0	0.0	0.42855149507522583	0.2088073343038559	0.2881659269332886	0.0	2.5525879859924316	0.0	0.32762476801872253	0.0	0.0	0.9302875399589539	1.5709872245788574	0.0	0.3798113763332367	0.0	2.646712064743042	0.0	1.9705017805099487	0.0	0.0	2.5349488258361816	0.0	2.009004831314087	0.8843923807144165	0.0	0.0	0.0	0.07154499739408493	0.0	0.0	0.0	0.0	0.0	0.28388074040412903	0.0	0.0	0.0	1.1745853424072266	1.8305389881134033	0.0	0.0	0.0	1.3129335641860962	1.173868179321289	0.0	0.0	0.0	0.6450954675674438	0.0	0.0	0.0	0.0	0.0	2.570582151412964	0.18632328510284424	0.0	0.0	0.0	0.0	0.0	0.10854694992303848	0.4404304325580597	0.0	0.05573654547333717	0.0	0.0	0.0	1.0219264030456543	0.8859350681304932	0.0	2.237398386001587	0.0	0.36992204189300537	0.0	0.0	2.448906898498535	0.0	2.5930607318878174	0.0	0.3552107512950897	0.1716357320547104	0.4243132472038269	0.0	0.0	0.0	0.0	0.0	3.436183214187622	0.0	0.0	0.0	0.0	0.0	0.0	0.0	0.0	0.0	0.0	0.0	0.0	0.09892751276493073	0.0	0.489902138710022	0.0	0.0	0.0	0.0	2.8032009601593018	0.4812239110469818	0.0	0.0	0.0	0.0	0.0	0.0	0.0	0.3184036612510681	0.0	0.0	0.0060419924557209015	0.9367125630378723	0.0	0.0	2.6985626220703125	0.0	0.0	0.0	0.0	0.0	0.0	0.0	0.0	0.0	0.0	0.0	0.0	0.0	0.0	2.6985201835632324	0.0	0.0	0.43668970465660095	0.0	0.0	1.7489413022994995	0.0	0.0	0.0	2.124971389770508	0.0	1.9368020296096802	0.3488672375679016	0.0	0.0	0.0	0.0	0.3294086754322052	0.0	0.0	0.6590611338615417	0.0	0.0	0.0	0.0	0.0	0.0	0.0	0.0	1.9457029104232788	0.0	0.0	0.0	0.0	0.0	0.0	0.0	0.0	0.0	0.5075526237487793	0.0	1.6029249429702759	0.0	0.0	1.8467458486557007	0.0	0.0	0.0	0.0	0.0	0.0	0.0	0.0	0.805989682674408	0.0	0.0	0.0	0.0	0.0	0.0	0.0	0.0	0.0	0.6141597032546997	0.7783780097961426	0.0	0.0	0.0	0.0	0.0	2.308847665786743	0.6223472356796265	0.42175909876823425	1.4489902257919312	0.0	0.0	0.0	1.1378878355026245	0.0	0.0	0.0	0.0	0.0	0.16526924073696136	0.0	0.0	0.0	1.0068936347961426	0.0	1.5025010108947754	0.0	0.003332181368023157	0.0	1.8066792488098145	0.8903051018714905	0.0	0.0	0.0	0.0	0.0	0.0
0.0	0.0	0.0	0.6255207061767578	2.148502826690674	0.0	1.5758119821548462	0.0	1.8941259384155273	0.4118119478225708	0.0	0.0	1.1015949249267578	0.4881657063961029	0.4364287853240967	1.5480097532272339	0.22227278351783752	1.1567131280899048	0.3312460482120514	0.0	0.0	1.7329338788986206	0.0	0.48203244805336	0.0	0.0	0.0	0.9582729935646057	0.23722417652606964	0.6621974110603333	0.0	0.9046680927276611	0.0	0.48906517028808594	0.0	0.3473808467388153	1.6389347314834595	0.0	0.736685037612915	0.14227506518363953	0.0	0.0	0.0	1.3451392650604248	0.0	0.0	0.47144657373428345	0.0	0.0	0.5066322088241577	0.0	0.0	0.0	1.141417384147644	0.763899028301239	0.0	0.0	0.0	0.4105018079280853	1.1347424983978271	0.0	0.0	0.0	0.0	0.0	0.0	0.0	0.0	0.0	1.4265210628509521	0.5471673607826233	0.0	0.0	0.0	0.0	0.0	0.0	1.0045218467712402	0.0	0.0	0.0	0.0	0.5909649729728699	0.19061404466629028	0.0	0.0	1.8946459293365479	0.0	1.2501616477966309	0.0	0.0	1.2504802942276	0.0	1.1539503335952759	0.0	0.0	0.0	0.0	0.0	0.0	0.0	0.5600596070289612	0.0	2.2581400871276855	0.0	0.0	0.0	0.0	0.0	0.0	0.0	0.0	0.0	0.0	0.0	0.0	0.0	0.0	0.5800939202308655	0.0	0.0	0.3022555708885193	0.0	0.765241265296936	0.6901973485946655	0.6216625571250916	0.0	0.0	0.0	0.4054186940193176	0.0	0.0	0.7198465466499329	0.0	0.0	0.2810772657394409	0.6658862233161926	0.0	0.0	1.6159027814865112	0.0	0.0	0.0	0.8101471662521362	0.0	0.0	0.885708749294281	0.0	0.0	0.0	0.0	0.0	0.0	0.0	1.2986356019973755	0.0	0.0	1.9004156589508057	0.0	0.0	0.49591127038002014	0.0	0.0	0.0	1.8707144260406494	0.0	0.0	0.893730103969574	0.0	0.0	0.0	0.0	0.764481782913208	0.0	1.0568867921829224	2.0924859046936035	0.584945023059845	0.0	0.0	0.0	0.6089360117912292	0.13005664944648743	0.0	0.0	0.4922163188457489	0.0	0.0	0.0	0.0	0.0	0.0	0.0	0.0	0.0	0.0	0.0	0.42780691385269165	0.0	1.3104217052459717	1.1028836965560913	0.0	0.0	0.0	0.0	0.0	0.0	0.0	0.0	1.232454538345337	0.0	0.25447148084640503	0.0	0.0	0.0	0.4946451783180237	0.0	0.0	0.0	0.42429786920547485	1.113263487815857	0.0	0.20808379352092743	0.0	0.0	0.0	1.9523341655731201	0.6647245287895203	0.5093467831611633	0.8385293483734131	0.0	0.0	0.2975245416164398	1.9491350650787354	0.0	0.0	0.0	0.0	0.0	1.1808189153671265	0.0	0.0	0.0	1.6416524648666382	0.45760783553123474	0.6844862103462219	0.0	0.807021975517273	0.0	1.1340323686599731	1.5580439567565918	0.0	0.0	0.0	1.2301119565963745	0.0	0.0
0.0	0.0	0.0	0.20639152824878693	0.6764382123947144	0.0	0.21458134055137634	0.0	0.6530309915542603	0.4724838137626648	0.30000874400138855	0.0	0.40807977318763733	0.6958159804344177	0.44283249974250793	0.45865553617477417	0.3904680013656616	0.4805201292037964	0.23214676976203918	0.5566911101341248	0.0	0.10561961680650711	0.0	0.9251996874809265	0.0	0.0	0.5613486766815186	0.984809935092926	0.01604069583117962	0.5613086223602295	0.3618699312210083	0.7891389727592468	0.0	0.29336079955101013	0.0	0.46552735567092896	0.3995721936225891	0.0	0.3361318111419678	0.14798755943775177	0.0	0.0	0.0	0.0	0.0	0.0	0.0	0.0	0.0	0.7398183941841125	0.0	0.0	0.0	0.005967975594103336	0.01717563159763813	0.0	0.0	0.5680362582206726	0.8378780484199524	0.2077566385269165	0.0	0.0	0.0	0.5075794458389282	0.0	0.0	0.0	0.0	0.0	0.2507072687149048	0.8458348512649536	0.0	0.0	0.2757447063922882	0.0	0.0	0.49017053842544556	0.49802136421203613	0.0	0.3350415527820587	0.0	0.0	0.5805591940879822	0.0	0.5674231052398682	0.0	0.43088164925575256	0.0	0.5695890188217163	0.0	0.0	0.9665786027908325	0.0	0.2782093584537506	0.0	0.02480541355907917	0.17288655042648315	0.39183807373046875	0.0	0.45969486236572266	0.0	0.5269375443458557	0.0	0.3390234708786011	0.0	0.0	0.2611401379108429	0.20541085302829742	0.0	0.0	0.0	0.14487303793430328	0.0	0.0	0.5203553438186646	0.0	0.5047094225883484	0.0	0.28673601150512695	0.0	0.48493337631225586	0.7979703545570374	0.0	0.050602320581674576	0.03895074874162674	0.74123215675354	0.0	0.0	0.0	0.6782472133636475	0.20719526708126068	0.0	0.8539494872093201	0.0	0.0	0.30326297879219055	0.9395002126693726	0.0	0.0	0.0	0.0	0.0	0.0	0.8205211758613586	0.7697778344154358	0.0	0.22802118957042694	0.0	0.0	1.0485758781433105	0.0	0.6237755417823792	0.0	0.0	0.03332160785794258	0.0	0.0	1.0177720785140991	0.0	0.0	0.24142679572105408	0.394966185092926	0.23750850558280945	0.34956350922584534	0.4506438672542572	0.0	0.01979896053671837	1.1329171657562256	0.0	0.0	0.0	0.0	0.4786035120487213	0.0	0.9120086431503296	0.45288294553756714	0.210433691740036	0.0	0.0	0.32616230845451355	0.8378235697746277	0.11197993159294128	0.0	0.03184736520051956	0.3970690071582794	0.0	0.0	0.0	0.0	0.0	0.0	0.0	0.0	0.0	0.40488749742507935	0.0	0.5980541706085205	0.0	0.743645191192627	0.4771766662597656	0.0	0.2448020577430725	0.0	0.0	0.0	0.0	0.0	0.0	0.9487225413322449	0.0	0.4896714687347412	0.6281254887580872	0.15914124250411987	0.0	0.36896201968193054	0.0	0.0	0.0	0.2363494634628296	0.6194136142730713	0.11564445495605469	0.695936381816864	0.0	0.0	0.0	0.44361135363578796	0.9668230414390564	0.22819514572620392	0.697046160697937	0.0	0.0	0.13202781975269318	0.8938741087913513	0.5160968899726868	0.0	0.0	0.0	0.0	0.6345306038856506	0.0	0.0	0.0	0.8647158145904541	0.48380163311958313	0.40108996629714966	0.0	0.48976412415504456	0.0	0.8692278861999512	0.5412518382072449	0.0	1.2949504852294922	0.0	0.3659172058105469	0.0	0.0
0.0	0.0	0.0	0.527046799659729	1.2325063943862915	0.0	1.5854730606079102	0.0	2.2080702781677246	0.6659048199653625	0.622900128364563	0.0	0.7925961017608643	1.8167221546173096	0.6023114323616028	1.8529343605041504	0.0	1.5108212232589722	0.32130229473114014	0.0	0.0	0.0	0.0	0.6920896172523499	0.0	0.0	0.21418456733226776	0.8354924321174622	0.482126384973526	1.3397314548492432	0.8096678256988525	0.33616963028907776	0.0	0.0	0.0	0.0	1.3835221529006958	0.0	0.09557126462459564	0.6795955300331116	0.0	0.0	0.0	0.9667328596115112	0.0	0.0	0.4546203911304474	0.0	0.0	0.3887709975242615	0.0	0.0	0.0	0.8827396631240845	0.0	0.0	0.0	0.0	0.3520588278770447	0.3928194046020508	0.0	0.0	0.0	0.0	0.0	0.0	0.0	0.0	0.0	0.6893854141235352	1.506205677986145	0.0	0.0	0.0	0.0	0.0	0.6741632223129272	0.07556160539388657	0.0	0.382817804813385	0.0	0.0	0.39450713992118835	0.0	0.0	0.0	1.5993335247039795	0.0	2.180586099624634	0.0	0.0	1.060941457748413	0.0	0.0	0.0	0.0	0.0716715008020401	0.1265708953142166	0.0	0.0	0.0	0.0	0.0	0.7120198011398315	0.0	0.0	0.575410783290863	0.18410953879356384	0.0	0.24404768645763397	0.0	0.0	0.0	0.0	0.0	0.0	1.0193028450012207	0.0	0.0	0.0	0.4419281780719757	2.0178446769714355	0.0	0.0	0.0	0.8975403904914856	0.0	0.0	0.0	0.4191064238548279	0.0	0.0	0.4175201952457428	0.0	0.0	0.6201964020729065	1.387202262878418	0.0	0.0	0.2955155372619629	0.0	0.0	0.0	0.8213706016540527	0.0	0.0	2.3508169651031494	0.0	0.0	0.0	0.0	0.3666541576385498	0.0	0.0	0.3977698087692261	0.0	0.0	2.754279375076294	0.0	0.0	0.0	0.0	0.39891934394836426	0.8300403356552124	1.0021228790283203	0.0	0.0	1.1358616352081299	0.0	0.0	0.0	0.0	1.2113856077194214	0.0	1.0230530500411987	1.2103437185287476	0.193783700466156	0.0	0.0	0.0	1.628387451171875	0.12092418223619461	0.0	0.0	0.03914031758904457	0.0	0.0	0.0	0.0	0.0	0.0	0.0	0.0	0.0	0.7145273089408875	0.0	0.0	0.0	2.2239837646484375	0.7131921052932739	0.0	0.92430579662323	0.0	0.0	0.0	0.0	0.0	0.0	1.6070812940597534	0.0	1.6415870189666748	0.5232933163642883	0.0	0.0	1.2148921489715576	0.0	0.0	0.0	0.0	0.8025075793266296	0.552972137928009	1.1785579919815063	0.0	0.0	0.0	1.1292779445648193	0.2636597454547882	0.8323338627815247	0.7674582600593567	0.0	0.0	0.7492049932479858	1.9071636199951172	0.33013755083084106	0.0	0.0	0.0	0.0	1.9266703128814697	0.0	0.0	0.0	1.6779228448867798	1.1966001987457275	0.0	0.0	1.0916715860366821	0.0	0.4926479160785675	1.297661542892456	0.0	0.0	0.0	1.279933214187622	0.0	0.0
0.0	0.0	0.0	0.0	1.8112475872039795	0.0	1.3981343507766724	0.0	1.5704660415649414	1.1088531017303467	0.1575160175561905	0.0	1.3346046209335327	2.3761889934539795	1.2990429401397705	1.4494012594223022	0.08529367297887802	0.6094929575920105	0.6090512871742249	0.33385422825813293	0.0	1.5968517065048218	0.0	1.5164657831192017	0.0	0.0	0.48370692133903503	1.20480215549469	0.08226902037858963	1.8180845975875854	0.0	1.4816256761550903	0.0	0.38990285992622375	0.0	0.17786291241645813	2.1564323902130127	0.0	0.9179319739341736	1.0391336679458618	0.0	0.0	0.0	0.49324357509613037	0.0	0.0	0.7182030081748962	0.0	0.0	0.8726736903190613	0.0	0.0	0.0	1.0532445907592773	0.7956678867340088	0.0	0.0	0.0	0.8544550538063049	1.0792773962020874	0.0	0.0	0.0	0.06986137479543686	0.0	0.0	0.0	0.0	0.0	1.995308756828308	0.9014046788215637	0.0	0.0	0.0	0.0	0.0	0.3789837062358856	1.031169056892395	0.0	0.9861958622932434	0.0	0.0	0.0	0.0974067822098732	1.2457616329193115	0.0	2.045185089111328	0.0	0.843567430973053	0.0	0.0	1.591543436050415	0.0	1.6940909624099731	0.0	0.0	0.4492536783218384	0.5073119401931763	0.0	0.0	0.0	0.0	0.0	2.2015256881713867	0.0	0.0	0.10694149136543274	0.0	0.0	0.0	0.0	0.0	0.0	0.0	0.0	0.0	0.41158926486968994	0.0	0.0	0.0	0.0	0.8534982800483704	0.0	0.792163610458374	0.2954782247543335	0.43041467666625977	0.0	0.0	0.0	0.09110018610954285	0.0	0.0	1.2114009857177734	0.0	0.0	0.6607915759086609	1.5410728454589844	0.0	0.0	0.8255267143249512	0.0	0.0	0.0	1.5668493509292603	0.0	0.0	0.9921754598617554	0.0	0.0	0.0	0.0	0.0	0.0	0.0	1.410935640335083	0.0	0.0	1.4002456665039062	0.0	0.0	1.167319893836975	0.0	0.9865236878395081	0.08270641416311264	2.3494582176208496	0.0	0.9887533187866211	1.599611759185791	0.0	0.0	0.0	0.0	0.6796344518661499	0.0	1.2446438074111938	0.8107528686523438	0.0	0.0	0.0	0.0	0.6335011124610901	0.0	0.0	0.0	1.103033423423767	0.0	0.0	0.0	0.0	0.0	0.0	0.0	0.0	0.0	1.1133443117141724	0.0	0.5966616868972778	0.0	0.892855703830719	2.0491349697113037	0.0	0.0	0.0	0.0	0.0	0.0	0.0	0.0	1.2530144453048706	0.0	0.1314985454082489	0.14842012524604797	0.0	0.0	0.8211630582809448	0.0	0.0	0.0	0.15455561876296997	1.2672749757766724	0.0	0.43953561782836914	0.0	0.0	0.0	1.672507643699646	0.21286335587501526	0.14648652076721191	1.5129599571228027	0.0	0.0	0.0	0.8244680166244507	0.0	0.0	0.0	0.0	0.0	1.383800745010376	0.0	0.0	0.0	1.525740385055542	0.0	0.8841686844825745	0.0	1.1294947862625122	0.0	1.7090739011764526	0.9538682103157043	0.0	0.0	0.0	0.1308489292860031	0.0	0.0
0.0	0.0	0.0	0.1274535208940506	1.7398908138275146	0.0	0.5322346687316895	0.0	1.2632837295532227	0.9874654412269592	0.20017679035663605	0.0	0.0	0.467676043510437	0.15450240671634674	0.8020291924476624	0.48110300302505493	0.25487473607063293	0.0	0.0	0.0	0.4049496650695801	0.0	0.609370231628418	0.0	0.0	0.0	1.2403926849365234	0.0	0.43823716044425964	0.17119960486888885	1.1010465621948242	0.0	0.3207928538322449	0.0	0.0	0.6623263359069824	0.0	0.2908931374549866	0.0	0.0	0.0	0.0	1.2298030853271484	0.0	0.0	0.1230110451579094	0.0	0.0	0.4312913417816162	0.0	0.0	0.0	0.6478974223136902	0.2648252248764038	0.0	0.0	0.0	0.18075266480445862	0.6632928848266602	0.0	0.0	0.0	0.0	0.0	0.0	0.0	0.0	0.0	0.5090435743331909	0.7391141653060913	0.0	0.0	0.0	0.0	0.0	0.0	0.9009029269218445	0.0	0.010397764854133129	0.0	0.0	0.26167887449264526	0.0	0.24275824427604675	0.0	0.9794613718986511	0.0	0.8460680842399597	0.0	0.0	1.0100752115249634	0.0	1.0154411792755127	0.0	0.0	0.0	0.0	0.0	0.0	0.0	0.4473061263561249	0.0	1.2851994037628174	0.0	0.0	0.0	0.29638734459877014	0.0	0.0	0.0	0.0	0.0	0.0	0.0	0.0	0.5125429034233093	0.0	0.35816672444343567	0.0	0.0	0.9956860542297363	0.0	0.7439607381820679	0.0	0.6423195600509644	0.0	0.0	0.0	0.06535680592060089	0.0	0.0	0.6157277226448059	0.0	0.0	0.44745707511901855	0.4283147156238556	0.0	0.0	0.4353710412979126	0.0	0.0	0.0	0.6559087634086609	0.0	0.0	0.0008800802752375603	0.0	0.0	0.0	0.0	0.23630517721176147	0.0	0.0	0.35232675075531006	0.0	0.0	1.6399604082107544	0.0	0.0	0.2687358856201172	0.0	0.10940921306610107	0.0	1.0435847043991089	0.0	0.0	0.9696668982505798	0.0	0.0	0.0	0.0	0.030659902840852737	0.0	0.08922121673822403	1.074692964553833	0.5767651200294495	0.0	0.0	0.0	0.9844183921813965	0.0	0.0	0.0	0.03537525236606598	0.0	0.0	0.0	0.0	0.0	0.0	0.0	0.0	0.0	0.23835496604442596	0.0	0.0	0.0	1.0712016820907593	1.0928969383239746	0.0	0.0	0.0	0.0	0.0	0.0	0.0	0.0	1.2195701599121094	0.0	0.8422949314117432	0.7057691216468811	0.0	0.0	0.3018651604652405	0.0	0.0	0.0	0.0	0.2967045307159424	0.0	0.9655870795249939	0.0	0.0	0.0	0.38616111874580383	0.7799270153045654	0.5371664762496948	0.37088263034820557	0.0	0.0	0.8536890745162964	1.570456624031067	0.0	0.0	0.0	0.0	0.0	0.9795817136764526	0.0	0.0	0.0	0.8575989603996277	0.5091769695281982	0.4071749448776245	0.0	0.9035936594009399	0.0	0.5713011622428894	1.3695672750473022	0.0	0.0	0.0	0.9316222667694092	0.0	0.0
0.0	0.0	0.0	0.0	4.055914402008057	0.0	0.0297202430665493	0.0	2.8152217864990234	0.0	1.7673636674880981	0.0	0.0	1.0179506540298462	1.2444382905960083	2.688476324081421	2.200162887573242	0.0	0.0	0.0	0.0	0.0	0.0	0.24731695652008057	0.0	0.0	0.0	0.9710140824317932	0.0	0.0	0.0	2.3294124603271484	0.0	0.0	0.0	0.0	0.0	0.0	0.0	0.0	0.0	0.0	0.0	3.439288854598999	0.0	0.0	0.8714375495910645	0.0	0.0	2.5990118980407715	0.0	0.0	0.0	0.0	0.0	0.0	0.0	0.0	0.0	0.0	0.0	0.0	0.0	0.6934308409690857	0.0	0.0	0.0	0.0	0.0	0.0	1.4148688316345215	0.0	0.0	0.8039183020591736	0.0	0.0	0.0	1.2667948007583618	0.0	0.0	0.0	0.0	0.8082665801048279	0.0	0.0	0.0	0.1954941600561142	0.0	3.093494415283203	0.0	0.0	0.0	0.0	0.0	0.0	0.0	0.0	1.2126708030700684	0.0	0.0	0.0	1.1209323406219482	0.0	0.0016489101108163595	0.0	0.0	0.0	2.4372453689575195	0.0	1.4032530784606934	0.0	0.0	0.0	0.0	0.0	0.0	2.069439172744751	0.0	1.6948691606521606	0.0	0.2906387746334076	2.2010297775268555	0.0	1.1817550659179688	0.0	2.117340087890625	0.0	0.0	0.0	3.6229653358459473	0.12204671651124954	0.0	1.7162518501281738	0.0	0.0	2.728895664215088	1.9956883192062378	0.0	0.0	0.0	0.0	0.0	0.0	0.0	0.0	0.0	1.3437891006469727	0.0	0.0	0.0	0.0	2.1162164211273193	0.0	0.0	0.0	0.0	0.0	3.1207809448242188	0.0	0.0	0.0	0.0	0.0	0.5937265753746033	0.7239284515380859	0.0	0.0	1.7545210123062134	0.0	0.0	0.0	0.0	0.0	0.0	0.0	2.9259629249572754	2.2947089672088623	0.0	0.0	0.0	2.1739065647125244	0.0	0.0	0.0	0.0	0.0	0.0	0.0	0.0	0.0	0.0	0.0	0.0	0.0	0.0	0.0	0.0	0.0	3.160566806793213	0.28532740473747253	0.0	1.8795500993728638	0.0	0.0	0.0	0.0	0.0	0.0	3.0796046257019043	0.0	3.244623899459839	2.3563451766967773	0.0	0.0	0.3399833142757416	0.0	0.0	0.0	0.0	0.0	0.8746534585952759	3.188094139099121	0.0	0.0	0.0	0.0	3.16410756111145	0.0	0.0	0.0	0.0	3.746515989303589	4.479395866394043	0.0	0.0	0.0	0.0	0.0	2.760132312774658	0.0	0.0	0.0	0.023076966404914856	2.1038663387298584	0.0	0.0	3.520148754119873	0.0	0.0678035244345665	0.0	0.0	0.2808285057544708	0.0	3.392805337905884	0.0	0.0
0.0	0.0	0.0	0.026477308943867683	0.9232826828956604	0.0	2.4576852321624756	0.0	1.0809873342514038	0.9953283071517944	0.0	0.0	2.2282097339630127	1.1204551458358765	0.5422090291976929	0.7630380392074585	0.0	1.6614301204681396	1.3430317640304565	0.5763944983482361	0.0	2.7066304683685303	0.0	1.170845627784729	0.0	0.0	1.5548614263534546	0.9195405840873718	1.377570390701294	1.4165877103805542	0.3310929834842682	1.013813853263855	0.0	1.6151145696640015	0.0	0.48965057730674744	3.212012767791748	0.0	1.7455165386199951	1.5281826257705688	0.0	0.0	0.0	0.0	0.0	0.0	0.5682241916656494	0.0	0.0	0.0	0.0	0.0	0.0	1.683766484260559	1.8573085069656372	0.0	0.0	0.0	1.3808239698410034	1.1178277730941772	0.0	0.0	0.0	0.8681426644325256	0.0	0.0	0.0	0.0	0.0	3.1331889629364014	0.7661862969398499	0.0	0.0	0.0	0.0	0.0	0.5897249579429626	0.07871595025062561	0.0	1.337378740310669	0.0	0.0	0.0	0.733456552028656	1.0324381589889526	0.0	3.0526843070983887	0.0	0.0	0.0	0.0	2.5597236156463623	0.0	2.2658047676086426	0.0	0.3819240927696228	0.9448984861373901	0.2901032269001007	0.0	0.0	0.0	0.0	0.0	2.6670162677764893	0.0	0.0	0.1729930192232132	0.0	0.0	0.0	0.0	0.0	0.0	0.0	0.0	0.3420562446117401	0.0	0.0	0.0	0.0	0.0	0.8364738821983337	0.0	1.176367998123169	0.738079309463501	0.0	0.0	0.0	0.0	0.0	0.0	0.0	1.451555609703064	0.0	0.0	0.0	1.2109887599945068	0.0	0.0	1.1531256437301636	0.0	0.0	0.0	0.040690816938877106	0.0	0.0	0.8886928558349609	0.0	0.0	0.0	0.0	0.0	0.0	0.0	2.433588743209839	0.0	0.0	1.0422292947769165	0.0	0.0	2.174751043319702	0.01576223224401474	0.1927165538072586	0.043281372636556625	2.0772790908813477	0.0	1.567362666130066	0.7311601042747498	0.0	0.0	0.0	0.0	1.4419654607772827	0.0	0.3749120831489563	0.6357522010803223	0.0	0.0	0.0	0.0	0.10856026411056519	1.2435318231582642	0.0	0.0	1.9701303243637085	0.0	0.0	0.0	0.0	0.0	0.0	0.0	0.0	0.0	1.528885006904602	0.0	1.6106774806976318	0.0	0.6805636882781982	1.703966498374939	0.0	0.0	0.0	0.0	0.0	0.0	0.0	0.0	0.028594428673386574	0.0	0.0	0.0	0.0	0.0	0.9819612503051758	0.0	0.0	0.0	0.9990503787994385	1.2436597347259521	0.0	0.0	0.0	0.0	0.0	3.104234457015991	0.0	1.0574257373809814	2.397077798843384	0.0	0.0	0.0	0.6862437129020691	0.0	0.0	0.0	0.0	0.0	1.3388302326202393	0.0	0.0	0.0	2.4502551555633545	0.0	1.9077528715133667	0.0	0.0	0.0	1.6369926929473877	1.585139274597168	0.0	0.0	0.0	0.0	0.0	0.0
0.0	0.0	0.0	0.0	0.9941695928573608	0.0	1.1498148441314697	0.0	0.6809539794921875	0.7396983504295349	0.0	0.0	1.4780892133712769	0.6054577827453613	0.6251002550125122	1.0499392747879028	0.0	1.7579364776611328	0.9977887272834778	0.5170076489448547	0.0	1.578900694847107	0.0	0.2764405906200409	0.0	0.0	0.8314611315727234	1.4039719104766846	0.6668340563774109	0.6399931311607361	0.11627276986837387	1.7151105403900146	0.0	1.253032922744751	0.0	0.03939240425825119	2.5346391201019287	0.0	1.863958716392517	1.0323481559753418	0.0	0.0	0.0	0.0	0.0	0.0	0.3041735887527466	0.0	0.0	0.0	0.0	0.0	0.0	1.5748122930526733	1.0974438190460205	0.0	0.0	0.0	1.646549940109253	0.4176467955112457	0.0	0.0	0.0	0.9216310977935791	0.0	0.0	0.0	0.0	0.0	1.9789199829101562	1.1567295789718628	0.0	0.0	0.0	0.0	0.0	0.468938410282135	0.806134045124054	0.0	0.26905229687690735	0.0	0.0	0.1816195547580719	0.4889831244945526	1.4770399332046509	0.0	1.9302186965942383	0.0	1.6970994472503662	0.0	0.0	2.3476858139038086	0.0	1.6603583097457886	0.0	0.8672316074371338	0.0	0.3938131332397461	0.0	0.0	0.0	0.29818302392959595	0.0	2.098726272583008	0.0	0.0	0.0	0.0	0.0	0.0	0.0	0.0	0.0	0.0	0.0	0.0	0.11578617990016937	0.0	0.0	0.0	0.0	0.24075447022914886	0.0	0.5898020267486572	0.9147535562515259	0.36450183391571045	0.0	0.0	0.0	0.0	0.0	0.0	1.2609418630599976	0.0	0.0	0.0	1.1084396839141846	0.0	0.0	0.03610033169388771	0.0	0.0	0.0	0.0	0.582373321056366	0.0	1.2615846395492554	0.0	0.0	1.463793396949768	0.0	0.0	0.0	0.0	1.7802313566207886	0.0	0.0	1.402704119682312	0.0	0.0	1.4519927501678467	0.11538076400756836	0.1351127177476883	0.0	1.664567232131958	0.0	0.6996723413467407	1.4468774795532227	0.0	0.0	0.0	0.0	1.3766969442367554	0.0	0.0	1.5719053745269775	0.0	0.0	0.0	0.0	0.38557714223861694	0.37611374258995056	0.0	0.0	1.725540041923523	0.0	0.0	0.0	0.0	0.0	0.0	0.0	0.0	0.0	0.6830944418907166	0.0	1.8220807313919067	0.0	1.5165603160858154	1.4221882820129395	0.0	0.6154533624649048	0.0	0.0	0.0	0.0	0.0	0.0	0.19350475072860718	0.0	0.0568557046353817	0.09621406346559525	0.0	0.0	1.4504244327545166	0.0	0.0	0.0	1.0226008892059326	1.3602410554885864	0.0	0.44760197401046753	0.0	0.0	0.0	2.7723264694213867	0.6520298719406128	0.863431990146637	1.8297163248062134	0.0	0.0	0.0	1.3013345003128052	0.4624001085758209	0.0	0.0	0.0	0.0	0.9262620210647583	0.0	0.0	0.0	1.9119610786437988	0.7085486054420471	1.3197163343429565	0.0	1.1330459117889404	0.0	2.1572442054748535	1.1901057958602905	0.0	0.0	0.0	0.055229105055332184	0.0	0.0
0.0	0.0	0.0	0.14289003610610962	2.0562050342559814	0.0	2.1919503211975098	0.0	1.1691488027572632	1.1540790796279907	0.0	0.0	1.6225305795669556	3.0766234397888184	0.7639831900596619	1.0643254518508911	0.0	0.9911001920700073	1.2746057510375977	1.0502846240997314	0.0	1.5307557582855225	0.0	1.290374755859375	0.0	0.0	1.2479888200759888	1.9759535789489746	0.7523829340934753	1.6136995553970337	0.7737868428230286	1.7575420141220093	0.0	0.44431638717651367	0.0	0.0	2.5968897342681885	0.0	1.6529555320739746	1.8805649280548096	0.0	0.0	0.0	0.03095819801092148	0.0	0.0	0.0	0.0	0.0	0.0	0.0	0.0	0.0	0.6933514475822449	1.0981179475784302	0.0	0.0	0.13096216320991516	1.6017903089523315	0.0	0.0	0.0	0.0	1.221453309059143	0.0	0.0	0.0	0.0	0.0	1.5179775953292847	0.8360354900360107	0.0	0.0	0.0	0.0	0.0	1.6593265533447266	0.2542136609554291	0.0	1.0616196393966675	0.0	0.0	0.0	0.1666325479745865	0.49427738785743713	0.0	2.404787302017212	0.0	0.8801857829093933	0.0	0.0	1.8459069728851318	0.0	1.3296806812286377	0.0	0.04370075836777687	0.0	0.8940623998641968	0.0	0.0	0.0	0.0	0.0	1.8224440813064575	0.0	0.0	0.0	0.0	0.0	0.0	0.0	0.0	0.0	0.0	0.0	0.7530680298805237	1.0569207668304443	0.0	0.0	0.0	0.7495934963226318	1.4646645784378052	0.0	0.7821062207221985	0.0	0.0032517293002456427	0.0	0.0	0.0	0.0	0.0	0.0	1.3517340421676636	0.0	0.0	0.64475417137146	1.9711629152297974	0.0	0.0	0.0	0.0	0.0	0.0	0.0	0.0	0.0	2.152414321899414	0.0	0.0	1.2457621097564697	0.0	0.0	0.0	0.0	2.082504987716675	0.0	0.0	1.708005428314209	0.0	0.0	1.4403828382492065	0.0	1.0624727010726929	0.826155424118042	1.5610355138778687	0.0	1.131874680519104	0.954922080039978	0.0	0.0	0.0	0.0	1.6461349725723267	0.0	0.0	1.0578209161758423	0.0	0.0	0.0	0.0	1.6727136373519897	0.3361636996269226	0.0	0.0	2.1880924701690674	0.0	0.0	0.0	0.0	0.0	0.0	0.0	0.0	0.0	2.3257973194122314	0.0	1.6742385625839233	0.0	1.7095338106155396	1.9227981567382812	0.0	0.0	0.0	0.0	0.0	0.0	0.0	0.0	1.062682867050171	0.0	0.008216924965381622	1.1191091537475586	0.0	0.0	0.4751596450805664	0.0	0.0	0.0	0.13234013319015503	1.0087008476257324	0.0	0.5789229869842529	0.0	0.0	0.0	2.0875093936920166	0.0	0.9689391255378723	1.7247165441513062	0.0	0.0	0.0	1.0624815225601196	0.3320990204811096	0.0	0.0	0.0	0.0	1.5045257806777954	0.0	0.0	0.0	2.0070981979370117	0.0	0.8977303504943848	0.0	1.327705979347229	0.0	1.5864746570587158	1.4057893753051758	0.0	0.0	0.0	0.0	0.0	0.0
0.0	0.0	0.0	0.4024297595024109	1.4966107606887817	0.0	2.0166304111480713	0.0	1.8928440809249878	0.6377973556518555	0.18968196213245392	0.0	1.310124158859253	1.3815981149673462	0.7324985265731812	1.5249823331832886	0.7139741778373718	1.2314698696136475	1.140383243560791	0.19630040228366852	0.0	0.8696309328079224	0.0	1.1312435865402222	0.0	0.0	0.9827197790145874	0.7351318001747131	0.3737509548664093	2.003629446029663	0.08873442560434341	1.3688358068466187	0.0	0.434947669506073	0.0	0.0	1.5316922664642334	0.0	1.0828248262405396	1.2381172180175781	0.0	0.0	0.0	0.6065049767494202	0.0	0.0	1.1602915525436401	0.0	0.0	0.5828680396080017	0.0	0.0	0.0	1.0531749725341797	0.4732493758201599	0.0	0.0	0.0	0.9612077474594116	0.8687863945960999	0.0	0.0	0.0	0.23947371542453766	0.0	0.0	0.0	0.0	0.0	1.6484490633010864	1.1560149192810059	0.0	0.0	0.0	0.0	0.0	0.6932439208030701	0.8285130262374878	0.0	0.5518996715545654	0.0	0.0	0.7024091482162476	0.11401992291212082	0.3764060437679291	0.0	1.6519535779953003	0.0	1.4430259466171265	0.0	0.0	1.574410080909729	0.0	1.109110713005066	0.0	0.0	0.3082596957683563	0.13424736261367798	0.0	0.0	0.0	0.0	0.0	1.6725727319717407	0.0	0.0	0.7378183603286743	0.0	0.0	0.39325276017189026	0.0	0.0	0.0	0.0	0.0	0.0	0.7297284603118896	0.0	0.0	0.0	0.0	1.3066242933273315	0.0	0.40303775668144226	0.3003727197647095	0.4031645357608795	0.0	0.0	0.0	0.0808868482708931	0.0	0.0	0.8241494297981262	0.0	0.0	0.9096705317497253	1.233719825744629	0.0	0.0	0.6521149277687073	0.0	0.0	0.0	0.18936236202716827	0.0	0.0	1.2585816383361816	0.0	0.0	0.34062960743904114	0.0	0.0	0.0	0.0	1.0880695581436157	0.0	0.0	1.973270297050476	0.0	0.0	0.6315219402313232	0.0	0.05352259799838066	0.37265536189079285	1.2425106763839722	0.0	0.0	1.1814508438110352	0.0	0.0	0.0	0.0	1.0120118856430054	0.0	0.6042548418045044	1.2356197834014893	0.0	0.0	0.0	0.0	0.2315514236688614	0.5108062028884888	0.0	0.0	1.143359899520874	0.0	0.0	0.0	0.0	0.0	0.0	0.0	0.0	0.0	0.9029321670532227	0.0	0.7476364374160767	0.0	1.731575846672058	0.8614254593849182	0.0	0.0	0.0	0.0	0.0	0.0	0.0	0.0	1.2084481716156006	0.0	0.0	0.5585479140281677	0.0	0.0	0.7618958950042725	0.0	0.0	0.0	0.018717242404818535	0.4501218795776367	0.0	0.7627701163291931	0.0	0.0	0.0	0.9190643429756165	0.16447223722934723	1.2410039901733398	1.1327602863311768	0.0	0.0	0.0	1.6550339460372925	0.7509562373161316	0.0	0.0	0.0	0.0	1.5074577331542969	0.0	0.0	0.0	1.6453821659088135	0.2860940396785736	0.9227859973907471	0.0	0.5278822183609009	0.0	0.5810777544975281	1.3491387367248535	0.0	0.0	0.0	0.4384499788284302	0.0	0.0
0.0	0.0	0.0	0.21417511999607086	1.1847944259643555	0.0	1.1894922256469727	0.0	1.2228409051895142	1.450987458229065	0.0	0.0	1.4997332096099854	1.3073664903640747	0.7421976327896118	0.9219306111335754	0.0	0.5570142269134521	0.7933148145675659	0.5363743901252747	0.21467244625091553	1.5270979404449463	0.0	0.7696090936660767	0.0	0.0	0.8703465461730957	1.646677017211914	0.7175787687301636	0.8168521523475647	0.2135687619447708	0.5601690411567688	0.0	0.2910987436771393	0.0	0.512747585773468	1.3748213052749634	0.0	1.330772876739502	0.7045827507972717	0.0	0.0	0.0	0.0	0.0	0.0	0.0	0.0	0.0	0.15919044613838196	0.0	0.0	0.0	1.095314860343933	1.3197269439697266	0.0	0.0	0.739399254322052	1.800041913986206	0.30527159571647644	0.0	0.0	0.0	0.3565899133682251	0.0	0.0	0.0	0.0	0.0	1.6612483263015747	0.6655711531639099	0.0	0.0	0.0	0.0	0.0	0.3923698961734772	0.5745023488998413	0.0	0.664608359336853	0.0	0.0	0.03530338034033775	0.6802774667739868	1.1707048416137695	0.0	1.249625325202942	0.0	0.14174702763557434	0.0	0.0	1.426132082939148	0.0	1.3512167930603027	0.0	0.5555494427680969	0.6657567024230957	0.184361070394516	0.0	0.0	0.0	0.0	0.0	2.084303617477417	0.0	0.0	0.10569900274276733	0.0	0.0	0.0	0.0	0.0	0.0	0.0	0.0	0.0	0.19617515802383423	0.0	0.0	0.0	0.22543300688266754	0.8927366733551025	0.0	0.14889195561408997	0.0	0.663563072681427	0.0	0.0	0.0	0.0	0.0	0.0	1.4349563121795654	0.0	0.0	0.0	1.0728422403335571	0.0	0.0	1.4006679058074951	0.0	0.0	0.0	1.438917875289917	0.5214294791221619	0.0	0.2563839852809906	0.0	0.0	0.0	0.0	0.0	0.0	0.0	1.4757072925567627	0.0	0.0	1.329630970954895	0.0	0.0	0.8023667931556702	0.36495333909988403	0.38329121470451355	0.25791189074516296	1.7090065479278564	0.0	0.6170560717582703	0.931713342666626	0.0	0.0	0.0	0.0	0.6503866910934448	0.0	1.4909940958023071	0.0	0.0	0.0	0.0	0.0	0.4573904871940613	0.8704307079315186	0.0	0.0	0.9684033393859863	0.0	0.0	0.0	0.0	0.0	0.0	0.0	0.0	0.0	0.5363942384719849	0.0	0.9782992005348206	0.0	0.5914592146873474	1.2731858491897583	0.0	0.0	0.0	0.0	0.0	0.0	0.0	0.0	0.6879894137382507	0.0	0.0	0.10319339483976364	0.0	0.0	0.2879476547241211	0.0	0.0	0.0	0.5022381544113159	1.23811936378479	0.0	0.3081294298171997	0.0	0.0	0.0	1.475032091140747	0.602191150188446	0.534316897392273	1.2581758499145508	0.0	0.0	0.0	1.2581499814987183	0.6797768473625183	0.0	0.0	0.0	0.0	0.6802476644515991	0.0	0.0	0.0	0.9206438660621643	0.0	1.1780695915222168	0.0	0.3314782381057739	0.0	1.2524350881576538	1.5385159254074097	0.0	0.0	0.0	0.0	0.0	0.0
0.0	0.0	0.0	0.0	3.0865817070007324	0.0	0.08857496082782745	0.0	1.6486185789108276	0.09270071983337402	1.1454144716262817	0.0	0.0	0.4511960744857788	1.1271613836288452	1.1670751571655273	0.9341017603874207	0.0	0.0	0.0	0.0	0.9345610737800598	0.0	0.4227517545223236	0.0	0.0	0.0	1.0494006872177124	0.0	0.2641460597515106	0.0	2.084822416305542	0.0	0.0	0.0	0.0	0.39746180176734924	0.0	0.3213173747062683	0.0	0.0	0.0	0.0	1.9367797374725342	0.0	0.0	0.4864523112773895	0.0	0.0	1.7043377161026	0.0	0.0	0.0	0.2132403403520584	0.0	0.0	0.0	0.0	0.31263014674186707	0.6267772316932678	0.0	0.0	0.0	0.0	0.0	0.0	0.0	0.0	0.0	0.11910427361726761	1.296670913696289	0.0	0.0	0.0	0.0	0.0	0.0	1.317691445350647	0.0	0.0	0.0	0.0	0.4503675401210785	0.0	0.0	0.0	0.5556132197380066	0.0	1.9192211627960205	0.0	0.0	0.8827794194221497	0.0	0.9793702960014343	0.0	0.0	0.0	0.0	0.0	0.0	0.0	1.3242844343185425	0.0	0.6909515261650085	0.0	0.0	0.0	0.8645027279853821	0.0	1.1902273893356323	0.0	0.0	0.0	0.0	0.0	0.0	0.5942603945732117	0.0	1.0989267826080322	0.0	0.0	0.9467703700065613	0.0	1.428934097290039	0.1269443929195404	1.555010199546814	0.0	0.0	0.0	2.018191337585449	0.0	0.0	0.8828662037849426	0.0	0.0	2.2694854736328125	1.4860612154006958	0.0	0.0	0.0	0.0	0.0	0.0	0.0	0.0	0.0	0.8706497550010681	0.0	0.0	0.018841812387108803	0.0	0.5773892402648926	0.0	0.0	0.0	0.0	0.0	2.5746700763702393	0.0	0.0	0.2968415319919586	0.0	0.0	0.0	1.0077357292175293	0.0	0.0	1.884747862815857	0.0	0.0	0.0	0.0	0.0	0.0	0.0	2.218815326690674	1.695455551147461	0.0	0.0	0.0	1.5857566595077515	0.0	0.0	0.0	0.1136229932308197	0.0	0.0	0.0	0.0	0.0	0.0	0.0	0.0	0.0	0.0	0.0	0.2610992193222046	0.0	1.3733015060424805	0.5240449905395508	0.0	0.5546578764915466	0.0	0.0	0.0	0.0	0.0	0.0	1.495743751525879	0.0	1.6488075256347656	0.9407140612602234	0.0	0.0	0.1485612839460373	0.0	0.0	0.0	0.0	0.2746802270412445	0.1580248922109604	1.296704649925232	0.0	0.0	0.0	0.2315928041934967	1.0870548486709595	0.2674649953842163	0.0	0.0	0.0	1.7817810773849487	3.1516268253326416	0.0	0.0	0.0	0.0	0.0	2.136746644973755	0.0	0.0	0.0	0.38362932205200195	1.5247406959533691	0.23836597800254822	0.0	2.012333631515503	0.0	0.4657706022262573	0.010382241569459438	0.0	0.0	0.0	1.7252415418624878	0.0	0.0
0.0	0.0	0.0	0.18291503190994263	0.5610050559043884	0.0	1.9178988933563232	0.0	2.406585693359375	0.5402273535728455	0.17204418778419495	0.0	1.2221659421920776	1.3562982082366943	0.21233180165290833	1.5960404872894287	0.3859296441078186	2.3555986881256104	0.8850966095924377	0.22498798370361328	0.0	1.227909803390503	0.0	0.3015598654747009	0.0	0.0	0.26855143904685974	0.891465425491333	1.0169848203659058	1.4087330102920532	1.4839080572128296	1.5141273736953735	0.0	0.5875252485275269	0.0	0.0	1.74629545211792	0.0	0.30959784984588623	1.1737533807754517	0.0	0.0	0.0	0.7438377141952515	0.0	0.0	2.198988437652588	0.0	0.0	0.0	0.0	0.0	0.0	1.6549268960952759	0.03929002210497856	0.0	0.0	0.0	0.0	1.3621928691864014	0.0	0.0	0.0	0.0	0.0	0.0	0.0	0.0	0.0	1.875834345817566	0.39276471734046936	0.0	0.0	0.0	0.0	0.0	0.06302658468484879	0.0	0.0	0.3151630461215973	0.0	0.0	1.16249680519104	0.0	0.48265767097473145	0.0	2.920010566711426	0.0	2.3047804832458496	0.0	0.0	1.5027958154678345	0.0	0.16753752529621124	0.0	0.0	0.0	0.0	0.0	0.0	0.0	1.2875523567199707	0.0	1.4482810497283936	0.0	0.0	0.476101279258728	0.0	0.0	0.6392386555671692	0.0	0.0	0.0	0.0	0.0	0.0	0.24719084799289703	0.0	0.0	0.0	0.4010164439678192	1.0246429443359375	0.0	0.08824792504310608	1.6304688453674316	0.31333044171333313	0.0	0.0	0.0	0.10395678132772446	0.0	0.0	0.0	0.0	0.0	0.17993229627609253	1.1678681373596191	0.0	0.0	0.0	0.0	0.0	0.0	0.28854262828826904	0.0	0.0	2.575300693511963	0.0	0.0	1.9549365043640137	0.0	0.0	0.0	0.0	0.5584471821784973	0.0	0.0	2.0964548587799072	0.0	0.0	0.3511802554130554	0.0	0.0	0.5287054181098938	0.5013012290000916	0.0	0.0	0.4712996482849121	0.0	0.0	0.0	0.0	1.7303494215011597	0.0	0.01887093298137188	1.4394292831420898	0.5097337961196899	0.0	0.0	0.0	1.2236911058425903	0.41885897517204285	0.0	0.0	0.5595243573188782	0.0	0.0	0.0	0.0	0.0	0.0	0.0	0.0	0.0	1.3585199117660522	0.0	0.8017879128456116	0.0	2.018289804458618	1.1497567892074585	0.0	0.4883204996585846	0.0	0.0	0.0	0.0	0.0	0.0	1.1708650588989258	0.0	0.468007892370224	0.32845190167427063	0.0	0.0	1.3274775743484497	0.0	0.0	0.0	0.0	0.4410364329814911	0.5754590630531311	0.9553733468055725	0.0	0.0	0.0	1.3887983560562134	0.0	1.3759840726852417	1.3683613538742065	0.0	0.0	0.034143347293138504	0.5441547632217407	0.36667734384536743	0.0	0.0	0.0	0.0	1.3992952108383179	0.0	0.0	0.0	2.4981634616851807	1.1363193988800049	0.0	0.0	0.6847428679466248	0.0	0.7999171018600464	1.9331755638122559	0.0	0.0	0.0	1.1030185222625732	0.0	0.0
0.0	0.0	0.0	0.19744375348091125	1.3498960733413696	0.0	1.7355326414108276	0.0	1.0432698726654053	1.359073519706726	0.0	0.0	1.5161652565002441	0.9996046423912048	0.23618166148662567	0.3554592728614807	0.0	0.8650236129760742	0.7728511095046997	0.7328833341598511	0.23329605162143707	1.8773367404937744	0.0	1.3154571056365967	0.0	0.0	1.3192400932312012	1.4849973917007446	0.1264055371284485	1.3178305625915527	0.3078232705593109	0.78526371717453	0.0	1.1334187984466553	0.0	0.8853284120559692	1.7873879671096802	0.0	1.5017452239990234	1.0878771543502808	0.0	0.0	0.0	0.0	0.0	0.0	0.0	0.0	0.0	0.0	0.0	0.0	0.0	1.2020001411437988	1.7359727621078491	0.0	0.0	0.6338582634925842	1.692523717880249	0.9890897274017334	0.0	0.0	0.0	0.4215189218521118	0.0	0.0	0.0	0.0	0.0	2.152280807495117	0.5737797021865845	0.0	0.0	0.0	0.0	0.0	0.43162474036216736	0.7882919907569885	0.0	0.776448130607605	0.0	0.0	0.04784296080470085	0.3694424331188202	1.0582581758499146	0.0	2.2181596755981445	0.0	0.14575527608394623	0.0	0.0	2.371492862701416	0.0	1.9341288805007935	0.0	0.4652886688709259	1.126150369644165	0.45893388986587524	0.0	0.0	0.0	0.0	0.0	2.200108766555786	0.0	0.0	0.10269574820995331	0.0	0.0	0.0	0.0	0.0	0.0	0.0	0.0	0.0	0.0	0.0	0.0	0.0	0.0	0.8740920424461365	0.0	0.5610506534576416	0.10052064061164856	0.0	0.0	0.0	0.0	0.0	0.0	0.0	0.7817403078079224	0.0	0.0	0.0	1.108954668045044	0.0	0.0	2.0550317764282227	0.0	0.0	0.0	1.4747960567474365	0.5241041779518127	0.0	0.1210072860121727	0.0	0.0	0.0	0.0	0.0	0.0	0.0	1.932542085647583	0.0	0.0	0.25350895524024963	0.0	0.0	1.3131147623062134	0.19379882514476776	0.8494642972946167	0.0	1.7050552368164062	0.0	0.4447129964828491	0.6896234154701233	0.0	0.0	0.0	0.0	0.6767345666885376	0.0	1.5078099966049194	0.0	0.0	0.0	0.0	0.02190270647406578	0.6155146956443787	0.7248082756996155	0.0	0.0	1.806414008140564	0.0	0.0	0.0	0.0	0.0	0.0	0.0	0.0	0.0	1.3117115497589111	0.0	1.1570919752120972	0.0	0.3651239275932312	2.022862434387207	0.0	0.0	0.0	0.0	0.0	0.0	0.0	0.0	0.8956036567687988	0.0	0.0	0.0	0.0	0.0	0.0	0.0	0.0	0.0	0.9315757751464844	1.1771457195281982	0.0	0.18913473188877106	0.0	0.0	0.0	1.411730408668518	0.5410434603691101	0.6784915924072266	1.9064836502075195	0.0	0.0	0.0	0.8563783168792725	0.47849512100219727	0.0	0.0	0.0	0.0	0.3024318218231201	0.0	0.0	0.0	1.2785886526107788	0.0	2.0072805881500244	0.0	0.04765726253390312	0.0	1.306422472000122	1.518877625465393	0.0	0.16520757973194122	0.0	0.0	0.0	0.0
0.0	0.0	0.0	0.0	1.6150736808776855	0.0	1.4846141338348389	0.0	1.31497061252594	1.1445385217666626	0.0	0.0	1.3415406942367554	1.2471274137496948	0.6395127177238464	0.7319429516792297	0.0	0.7439851760864258	0.5116440057754517	0.6419869065284729	0.13526615500450134	0.9733009338378906	0.0	0.6582478284835815	0.0	0.0	0.5556972622871399	1.8784652948379517	0.020878156647086143	1.1467617750167847	0.0	0.9128507375717163	0.0	0.20959153771400452	0.0	0.34840482473373413	1.8012052774429321	0.0	1.2965599298477173	0.7711777687072754	0.0	0.0	0.0	0.3701869249343872	0.0	0.0	0.0	0.0	0.0	0.0	0.0	0.0	0.0	1.2700766324996948	0.8834805488586426	0.0	0.0	0.0	1.4483832120895386	0.3025217652320862	0.0	0.0	0.0	0.4796585142612457	0.0	0.0	0.0	0.0	0.0	1.4963889122009277	0.9408395886421204	0.0	0.0	0.0	0.0	0.0	0.6556708812713623	0.7947278022766113	0.0	0.439499169588089	0.0	0.0	0.0	0.10639946162700653	0.965312659740448	0.0	2.520902156829834	0.0	0.773921012878418	0.0	0.0	1.7913897037506104	0.0	1.68630850315094	0.0	0.0	0.4219595491886139	0.4546787142753601	0.0	0.0	0.0	0.0	0.0	2.003135919570923	0.0	0.0	0.0	0.0	0.0	0.0	0.0	0.0	0.0	0.0	0.0	0.0	0.6060768961906433	0.0	0.20086391270160675	0.0	0.5842891931533813	1.1775765419006348	0.0	0.4812270700931549	0.0	0.6915119886398315	0.0	0.0	0.0	0.0	0.0	0.0	0.5025926828384399	0.0	0.0	0.34023770689964294	1.4135726690292358	0.0	0.0	1.095728874206543	0.0	0.0	0.0	1.2018897533416748	0.5927587747573853	0.0	0.36021268367767334	0.0	0.0	0.0	0.0	0.0	0.0	0.0	1.581485390663147	0.0	0.0	1.3360273838043213	0.0	0.0	0.8192243576049805	0.0	0.24669434130191803	0.044916875660419464	1.8021469116210938	0.0	0.37058112025260925	1.1510988473892212	0.0	0.0	0.0	0.0	0.7159634828567505	0.0	1.1120420694351196	0.2795102298259735	0.0	0.0	0.0	0.0	0.8912868499755859	0.4300480782985687	0.0	0.0	0.9089384078979492	0.0	0.0	0.0	0.0	0.0	0.0	0.0	0.0	0.0	0.40622225403785706	0.0	1.022152304649353	0.0	1.6643321514129639	1.8766690492630005	0.0	0.0	0.0	0.0	0.0	0.0	0.0	0.0	1.631069540977478	0.0	0.6971699595451355	0.10274188220500946	0.0	0.0	0.11955225467681885	0.0	0.0	0.0	0.04244503006339073	1.3075793981552124	0.0	1.0808292627334595	0.0	0.0	0.0	1.6221119165420532	1.1860690116882324	0.8419864177703857	1.3356176614761353	0.0	0.0	0.131523996591568	1.309051275253296	0.310388445854187	0.0	0.0	0.0	0.0	0.8342446088790894	0.0	0.0	0.0	1.3311858177185059	0.0	1.272375226020813	0.0	0.10437279939651489	0.0	1.8610998392105103	2.1946182250976562	0.0	0.0	0.0	0.2509809136390686	0.0	0.0
0.0	0.0	0.0	0.19072900712490082	2.9275052547454834	0.0	0.5982699990272522	0.0	1.8296467065811157	0.0	1.5095783472061157	0.0	0.0	0.8769710063934326	0.6996517777442932	1.923595905303955	1.149183988571167	0.48206189274787903	0.0	0.0	0.0	0.0	0.0	0.42219874262809753	0.0	0.0	0.0	0.0	0.016524730250239372	0.8748126029968262	0.0	1.2988563776016235	0.0	0.0	0.0	0.0	0.5089248418807983	0.0	0.0	0.0	0.0	0.0	0.0	1.663598656654358	0.0	0.0	1.4695030450820923	0.0	0.0	1.2214421033859253	0.0	0.0	0.0	0.5884953141212463	0.0	0.0	0.0	0.0	0.11567076295614243	1.053575038909912	0.0	0.0	0.0	0.0	0.0	0.0	0.0	0.0	0.0	0.30094510316848755	1.0931416749954224	0.0	0.0	0.14394375681877136	0.0	0.0	0.0	0.6803922057151794	0.0	0.0	0.0	0.0	0.9023092985153198	0.0	0.0	0.0	0.4807130694389343	0.0	1.3752557039260864	0.0	0.0	0.0409478023648262	0.0	0.12703388929367065	0.0	0.0	0.0	0.12057843059301376	0.0	0.0	0.0	1.1217108964920044	0.0	0.5822182893753052	0.0	0.0	0.0	0.6980774998664856	0.0	0.8910555839538574	0.0	0.0	0.0	0.0	0.0	0.0	1.163638710975647	0.0	0.6281307339668274	0.0	0.0	1.2374961376190186	0.0	0.7743442058563232	0.20608414709568024	1.0023969411849976	0.0	0.0	0.0	1.4708666801452637	0.0	0.0	1.5255037546157837	0.0	0.0	1.362393856048584	0.8121283650398254	0.0	0.0	0.0	0.0	0.0	0.0	0.0	0.0	0.0	1.8835598230361938	0.0	0.0	0.0	0.0	0.5672643184661865	0.0	0.0	0.0	0.0	0.0	2.2416443824768066	0.0	0.0	0.854914665222168	0.0	0.0	0.061262279748916626	0.3542461693286896	0.0	0.0	1.3791683912277222	0.0	0.0	0.0	0.0	0.0	0.0	0.0	2.581108570098877	1.1951919794082642	0.0	0.0	0.0	0.9169007539749146	0.0	0.0	0.0	0.3481816053390503	0.0	0.0	0.0	0.0	0.0	0.0	0.0	0.0	0.0	0.0	0.0	0.0	0.0	1.980009913444519	0.48971787095069885	0.0	1.391906976699829	0.0	0.0	0.0	0.0	0.0	0.0	1.6176483631134033	0.0	2.062757730484009	1.6564091444015503	0.0	0.0	1.3709628582000732	0.0	0.0	0.0	0.0	0.0	0.0	1.1176137924194336	0.0	0.0	0.0	0.9783610701560974	0.729913592338562	0.1939472109079361	0.0	0.0	0.0	1.428420066833496	2.8933768272399902	0.0	0.0	0.0	0.0	0.0	2.5497138500213623	0.0	0.0	0.0	0.7747896313667297	2.1945133209228516	0.0	0.0	2.14471435546875	0.0	0.0	0.0	0.0	0.0	0.0	1.332283854484558	0.0	0.0
0.0	0.0	0.0	0.0	2.024688720703125	0.0	1.6821789741516113	0.0	0.7948079109191895	1.1059179306030273	0.0	0.0	0.8354690074920654	0.5465238094329834	0.8554710745811462	0.3318963050842285	0.0	0.7369828224182129	0.8612824082374573	0.6771561503410339	0.0	2.113856792449951	0.0	1.169387936592102	0.0	0.0	0.9410076141357422	1.5653393268585205	0.49052315950393677	1.005326271057129	0.0	2.2209413051605225	0.0	1.0590696334838867	0.0	0.651547908782959	2.353085517883301	0.0	1.4922277927398682	1.2763794660568237	0.0	0.0	0.0	0.04341277852654457	0.0	0.0	0.5825907588005066	0.0	0.0	0.0	0.0	0.0	0.0	1.4029330015182495	1.0007585287094116	0.0	0.0	0.0	1.6666663885116577	1.0959160327911377	0.0	0.0	0.0	0.41544783115386963	0.0	0.0	0.0	0.0	0.0	2.2016355991363525	0.7285276651382446	0.0	0.0	0.0	0.0	0.0	0.21357181668281555	0.19040153920650482	0.0	1.2651094198226929	0.0	0.0	0.0	0.5517730116844177	1.1152945756912231	0.0	2.469104290008545	0.0	0.1772814393043518	0.0	0.0	2.032527446746826	0.0	2.1453511714935303	0.0	0.34241756796836853	0.33272087574005127	0.13886868953704834	0.0	0.0	0.0	0.0	0.0	2.574397325515747	0.0	0.0	0.0	0.0	0.0	0.0	0.0	0.0	0.0	0.0	0.0	0.3654119074344635	0.0	0.0	0.0	0.0	0.0	0.006959910038858652	0.0	1.9813185930252075	0.7171671986579895	0.0	0.0	0.0	0.0	0.0	0.0	0.0	0.4442242681980133	0.0	0.0	0.0	1.0885367393493652	0.0	0.0	1.5048325061798096	0.0	0.0	0.0	0.0	0.0	0.0	0.409045547246933	0.0	0.0	1.187465786933899	0.0	0.0	0.0	0.0	1.4912307262420654	0.0	0.0	1.1763118505477905	0.0	0.0	2.1502411365509033	0.0	0.0	0.09841183573007584	1.591151237487793	0.0	1.2586733102798462	1.1594141721725464	0.0	0.0	0.0	0.0	0.7585958242416382	0.0	0.0	1.1328893899917603	0.0	0.0	0.0	0.0	0.09375734627246857	0.4357079565525055	0.0	0.0	1.634601354598999	0.0	0.0	0.0	0.0	0.0	0.0	0.0	0.0	0.0	1.3549546003341675	0.0	1.417011022567749	0.0	0.1626693606376648	1.8815572261810303	0.0	0.0	0.0	0.0	0.0	0.0	0.0	0.0	0.7974945306777954	0.0	0.0	0.0	0.0	0.0	0.44851166009902954	0.0	0.0	0.0	0.7054533958435059	0.9016290307044983	0.0	0.0	0.0	0.0	0.0	2.839012861251831	0.18182002007961273	0.2776935398578644	1.581068515777588	0.0	0.0	0.0	1.0587931871414185	0.0	0.0	0.0	0.0	0.0	0.7363784909248352	0.0	0.0	0.0	0.9369384050369263	0.0	1.461132287979126	0.0	0.07072632014751434	0.0	2.30401611328125	1.0175172090530396	0.0	0.0	0.0	0.0	0.0	0.0
0.0	0.0	0.0	0.411697119474411	1.0025782585144043	0.0	2.596384048461914	0.0	0.9969006776809692	1.1924158334732056	0.0	0.0	2.4312853813171387	1.5140578746795654	0.46679016947746277	0.7405531406402588	0.0	2.4018819332122803	2.3510541915893555	0.8416042923927307	0.39956754446029663	2.51418399810791	0.0	1.1775091886520386	0.0	0.0	1.8507603406906128	1.554439902305603	1.573137879371643	1.639971137046814	0.8065112233161926	0.300083190202713	0.0	2.230713129043579	0.0	0.0	3.7867188453674316	0.0	2.9645965099334717	2.0036325454711914	0.0	0.0	0.0	0.0	0.0	0.0	0.0	0.0	0.0	0.0	0.0	0.0	0.0	1.9999151229858398	2.2870616912841797	0.0	0.0	0.0	2.215282917022705	0.30056390166282654	0.0	0.0	0.0	1.2418761253356934	0.0	0.0	0.0	0.0	0.0	2.9499917030334473	1.4031575918197632	0.0	0.0	0.0	0.0	0.0	1.4439194202423096	0.8590382933616638	0.0	0.2962011396884918	0.0	0.0	0.0	1.3661874532699585	2.1005876064300537	0.0	3.4240479469299316	0.0	0.47925832867622375	0.0	0.0	2.9999663829803467	0.0	2.6732072830200195	0.0	1.1343445777893066	1.0184270143508911	0.24778439104557037	0.0	0.0	0.0	0.0	0.0	2.7586307525634766	0.0	0.0	0.022413602098822594	0.0	0.0	0.0	0.0	0.0	0.0	0.0	0.0	0.5389205813407898	0.5866576433181763	0.0	0.0	0.0	0.6377550959587097	0.44703012704849243	0.0	0.034794729202985764	0.38952553272247314	0.0	0.0	0.0	0.0	0.0	0.0	0.0	1.405193567276001	0.0	0.0	0.0	1.4065560102462769	0.0	0.0	1.2158855199813843	0.0	0.0	0.0	0.21689997613430023	0.5515720844268799	0.0	1.2962597608566284	0.0	0.0	0.0	0.0	0.0	0.0	0.0	2.8606107234954834	0.0	0.0	1.2340301275253296	0.0	0.0	2.538404941558838	0.5403760671615601	0.5733437538146973	0.47462931275367737	2.134894847869873	0.0	0.7430034279823303	1.3262170553207397	0.0	0.0	0.0	0.0	2.0759570598602295	0.0	0.0	0.007940936833620071	0.0	0.0	0.0	0.0	0.20688720047473907	1.4029148817062378	0.0	0.0	3.089280128479004	0.0	0.0	0.0	0.0	0.0	0.0	0.0	0.0	0.0	2.152252674102783	0.0	2.9601542949676514	0.0	1.2649271488189697	2.167940139770508	0.0	0.0	0.0	0.0	0.0	0.0	0.0	0.0	0.467980295419693	0.0	0.0	0.1956787109375	0.0	0.0	0.8075172901153564	0.0	0.0	0.0	1.948492407798767	1.460822582244873	0.0	0.0	0.0	0.0	0.0	3.4382996559143066	0.0	2.5848734378814697	2.9010324478149414	0.0	0.0	0.0	0.3358144164085388	1.6470527648925781	0.0	0.0	0.0	0.0	0.5880416035652161	0.0	0.0	0.0	2.5737674236297607	0.0	2.27105975151062	0.0	0.465314656496048	0.0	2.0006906986236572	2.189016103744507	0.0	0.0	0.0	0.0	0.0	0.0
0.0	0.0	0.0	0.3684656620025635	2.072218418121338	0.0	1.1678653955459595	0.0	1.8626734018325806	0.35053884983062744	0.4542831480503082	0.0	0.6939302086830139	1.77711820602417	1.0967122316360474	1.3761242628097534	0.0	1.4982256889343262	0.4462292492389679	0.25894564390182495	0.0	0.6737844944000244	0.0	0.8426322937011719	0.0	0.0	0.29369014501571655	0.48229750990867615	0.0	1.8152588605880737	0.26444104313850403	0.6700752973556519	0.0	0.5996297597885132	0.0	0.0	1.4542032480239868	0.0	1.0898277759552002	0.8967075943946838	0.0	0.0	0.0	0.41792866587638855	0.0	0.0	0.6444693207740784	0.0	0.0	0.8994521498680115	0.0	0.0	0.0	1.3070578575134277	0.6980517506599426	0.0	0.0	0.0	0.37566065788269043	1.5372930765151978	0.0	0.0	0.0	0.0	0.0	0.0	0.0	0.0	0.0	1.6210174560546875	0.829208254814148	0.0	0.0	0.0	0.0	0.0	0.7595025300979614	1.0014294385910034	0.0	0.12013361603021622	0.0	0.0	0.5586953163146973	0.0	0.16371844708919525	0.0	1.4240350723266602	0.0	0.7274935245513916	0.0	0.0	1.4172197580337524	0.0	0.658817708492279	0.0	0.0	0.0	0.0	0.0	0.0	0.0	0.9006300568580627	0.0	1.0205272436141968	0.0	0.0	0.0	0.0	0.0	0.19923213124275208	0.0	0.0	0.0	0.0	0.555446207523346	0.0	0.5591539144515991	0.0	0.010729419998824596	0.0	0.0	1.317877173423767	0.0	0.18773192167282104	0.2776239812374115	0.44562864303588867	0.0	0.0	0.0	0.37474316358566284	0.0	0.0	1.1179900169372559	0.0	0.0	1.1102474927902222	1.1498680114746094	0.0	0.0	0.19166724383831024	0.0	0.0	0.0	0.0	0.0	0.0	1.6898281574249268	0.0	0.0	0.45277726650238037	0.0	0.0	0.0	0.0	0.105744369328022	0.0	0.0	2.126695156097412	0.0	0.0	0.595008909702301	0.0	0.08060605823993683	0.0	1.235388994216919	0.0	0.0	1.5971311330795288	0.0	0.0	0.0	0.0	0.7767850160598755	0.0	0.1289306879043579	1.2447926998138428	0.0	0.0	0.0	0.0	0.8504058122634888	0.0	0.0	0.0	1.0061428546905518	0.0	0.0	0.0	0.0	0.0	0.0	0.0	0.0	0.0	0.5955435037612915	0.0	0.07234786450862885	0.0	1.5683730840682983	1.4014215469360352	0.0	0.17388316988945007	0.0	0.0	0.0	0.0	0.0	0.0	1.479827880859375	0.0	1.2326910495758057	0.46714749932289124	0.0	0.0	0.5123944878578186	0.0	0.0	0.0	0.0	0.17791707813739777	0.10435783118009567	0.7984887957572937	0.0	0.0	0.0	1.1986968517303467	0.04199426621198654	1.0172317028045654	1.1802719831466675	0.0	0.0	0.0	2.266113758087158	0.0	0.0	0.0	0.0	0.0	1.7196898460388184	0.0	0.0	0.0	1.5089808702468872	1.694980502128601	0.09628242254257202	0.0	1.2208306789398193	0.0	0.0	0.7493494749069214	0.0	0.0	0.0	1.209991455078125	0.0	0.0
0.0	0.0	0.0	0.0	2.193675994873047	0.0	1.4191787242889404	0.0	0.1768486350774765	0.5663356184959412	0.0	0.0	0.9194403886795044	0.4310072064399719	0.07343358546495438	0.0	0.0	1.9009143114089966	1.3464040756225586	1.3379660844802856	0.134195938706398	2.8035523891448975	0.0	0.9861943125724792	0.0	0.0	1.357796549797058	1.5168441534042358	0.21553277969360352	0.0	0.0	2.7633228302001953	0.0	2.724752426147461	0.0	0.33273112773895264	2.470341444015503	0.0	2.937981367111206	0.9289050102233887	0.0	0.0	0.0	0.0	0.0	0.0	0.11800484359264374	0.0	0.0	0.0	0.0	0.0	0.0	1.6957920789718628	1.9324417114257812	0.0	0.0	0.0	2.578758955001831	1.1496952772140503	0.0	0.0	0.0	1.2351099252700806	0.0	0.0	0.0	0.0	0.0	2.326244831085205	0.6383873820304871	0.0	0.0	0.0	0.0	0.0	0.753842294216156	0.9372701048851013	0.0	0.0	0.0	0.0	0.0	0.9982079863548279	1.7640312910079956	0.0	2.0599544048309326	0.0	0.7224739193916321	0.0	0.0	2.8140079975128174	0.0	3.459881544113159	0.0	1.326615810394287	0.08538558334112167	0.5095663666725159	0.0	0.0	0.0	0.0	0.0	2.686702251434326	0.0	0.0	0.0	0.0	0.0	0.0	0.0	0.0	0.0	0.0	0.0	0.0	0.0	0.0	0.0	0.0	0.0	0.0	0.0	1.432390809059143	1.651715636253357	0.0	0.0	0.0	0.0	0.0	0.0	0.0	1.4207508563995361	0.0	0.0	0.0	1.3680425882339478	0.0	0.0	0.9950862526893616	0.0	0.0	0.0	0.0	0.06791990250349045	0.0	0.0	0.0	0.0	0.8022507429122925	0.0	0.0	0.0	0.0	3.1428823471069336	0.0	0.0	0.15947838127613068	0.0	0.0	2.9696242809295654	0.5780148506164551	0.5263714790344238	0.0	1.3341871500015259	0.0	1.7757844924926758	0.9191174507141113	0.0	0.0	0.0	0.0	1.1609326601028442	0.0	0.0	0.3129415810108185	0.0	0.0	0.0	0.0	0.0	0.6110202670097351	0.0	1.0155659914016724	2.6763503551483154	0.0	0.0	0.0	0.0	0.0	0.0	0.0	0.0	0.0	1.0240631103515625	0.0	2.738436460494995	0.0	0.0	2.220463514328003	0.0	0.0	0.0	0.0	0.0	0.0	0.0	0.0	0.2841466963291168	0.0	0.0	0.07815375179052353	0.0	0.0	0.018081191927194595	0.0	0.0	0.0	2.008964776992798	1.2999072074890137	0.0	0.0	0.0	0.0	0.0	3.006964921951294	0.0	0.9123202562332153	1.5525609254837036	0.0	0.0	0.0	0.276129812002182	0.10107599198818207	0.0	0.0	0.0	0.0	0.0	0.0	0.0	0.0	1.4462844133377075	0.0	2.207793712615967	0.0	0.0	0.0	2.6491706371307373	0.744831383228302	0.0	0.0	0.0	0.0	0.0	0.0
0.0	0.0	0.0	0.0	0.5989328622817993	0.0	0.6916237473487854	0.0	0.6044710874557495	0.7949673533439636	0.0	0.0	0.6696606874465942	0.5583552718162537	0.4900136888027191	0.4567841589450836	0.0	0.4854446053504944	0.2522822320461273	0.3458993136882782	0.00838117953389883	0.334299236536026	0.0	0.7778654098510742	0.0	0.0	0.5442515015602112	0.7111668586730957	0.0	0.6350687742233276	0.4315316379070282	0.4113941490650177	0.0	0.26157596707344055	0.0	0.44869887828826904	0.5415587425231934	0.0	0.49771928787231445	0.31674724817276	0.0	0.0	0.0	0.0	0.0	0.0	0.0	0.0	0.0	0.4993729591369629	0.0	0.0	0.0	0.0	0.4368560016155243	0.0	0.0	0.5342506766319275	0.8822726607322693	0.11058828234672546	0.0	0.0	0.0	0.4570346474647522	0.0	0.0	0.0	0.0	0.0	0.36005815863609314	0.8432587385177612	0.0	0.0	0.28534913063049316	0.0	0.0	0.30033087730407715	0.7002761960029602	0.0	0.4422188401222229	0.0	0.0	0.09281699359416962	0.040285538882017136	0.5517324209213257	0.0	0.723729133605957	0.0	0.16639547049999237	0.0	0.0	1.0837489366531372	0.0	0.662447452545166	0.0	0.09429226070642471	0.4734370708465576	0.4575844407081604	0.0	0.2278275191783905	0.0	0.0	0.0	0.4997330904006958	0.0	0.0	0.024198994040489197	0.0	0.0	0.0	0.0	0.05842102691531181	0.0	0.0	0.0	0.0	0.5484524369239807	0.0	0.0	0.0	0.0	0.5928517580032349	0.0	0.12229517847299576	0.0	0.4121159017086029	0.0	0.0	0.0	0.07301601767539978	0.024888301268219948	0.0	0.486186683177948	0.0	0.0	0.3623735010623932	0.6669793128967285	0.0	0.0	0.16771070659160614	0.0	0.0	0.0	0.9686594605445862	0.6483657956123352	0.0	0.054628338664770126	0.0	0.0	0.0	0.0	0.19843819737434387	0.0	0.0	0.5810258984565735	0.0	0.0	0.8102186918258667	0.0	0.0	0.5275037288665771	0.4882223606109619	0.5847197771072388	0.251079261302948	0.7657908201217651	0.0	0.2299901843070984	0.7111779451370239	0.0	0.0	0.0	0.0	0.09954623132944107	0.0	1.0500669479370117	0.0	0.0	0.0	0.0	0.36740195751190186	0.4761509597301483	0.3788074254989624	0.0	0.0	0.5865503549575806	0.0	0.0	0.0	0.0	0.0	0.0	0.0	0.0	0.0	0.5980334877967834	0.0	0.6352778077125549	0.0	0.45778894424438477	0.7938454151153564	0.0	0.0	0.0	0.0	0.0	0.0	0.0	0.0	0.7569778561592102	0.0	0.2282395213842392	0.296686053276062	0.27946555614471436	0.0	0.19944879412651062	0.0	0.0	0.0	0.2724592685699463	0.5798179507255554	0.0	0.4290647506713867	0.0	0.0	0.0	0.46030953526496887	0.7228931188583374	0.3888606131076813	0.7442470788955688	0.0	0.0	0.016360841691493988	0.7158604860305786	0.22619301080703735	0.0	0.0	0.0	0.0	0.5789519548416138	0.0	0.0	0.0	0.48981979489326477	0.05080294981598854	0.5486868619918823	0.0	0.31709831953048706	0.0	0.6772741079330444	0.6931928992271423	0.0	0.9107180237770081	0.0	0.03297494351863861	0.0	0.0
0.0	0.0	0.0	0.0	2.426769971847534	0.0	1.1066290140151978	0.0	1.571269154548645	1.2893400192260742	0.0	0.0	1.4961482286453247	1.074634313583374	1.5468024015426636	0.546838641166687	0.0	0.0	0.6217976808547974	0.5656840801239014	0.0	1.1542860269546509	0.0	1.41859769821167	0.0	0.0	0.629118025302887	1.4925793409347534	0.0	1.1177730560302734	0.0	1.6987160444259644	0.0	0.09752631932497025	0.0	0.14670425653457642	1.9603265523910522	0.0	0.848331868648529	0.9896342158317566	0.0	0.0	0.0	0.5590929388999939	0.0	0.0	0.0	0.0	0.0	1.1535851955413818	0.0	0.0	0.0	0.9078943729400635	0.6578661799430847	0.0	0.0	0.28763118386268616	1.0065916776657104	0.1130431592464447	0.0	0.0	0.0	0.5932983160018921	0.0	0.0	0.0	0.0	0.0	1.3568164110183716	1.1073325872421265	0.0	0.0	0.0	0.0	0.0	1.1847153902053833	1.6118667125701904	0.0	0.6275142431259155	0.0	0.0	0.0	0.0	0.5574696063995361	0.0	1.739522933959961	0.0	0.0	0.0	0.0	1.2230379581451416	0.0	1.9623169898986816	0.0	0.5645365715026855	0.6127618551254272	0.9709149599075317	0.0	0.0	0.0	0.0	0.0	1.766875982284546	0.0	0.0	0.0	0.0	0.0	0.0	0.0	0.0	0.0	0.0	0.0	0.0	0.695149838924408	0.0	0.0	0.0	0.0	1.247129201889038	0.0	0.88918536901474	0.0	0.30565837025642395	0.0	0.0	0.0	0.0	0.0	0.0	1.976316213607788	0.0	0.0	0.8715509176254272	1.4531879425048828	0.0	0.0	2.008124589920044	0.0	0.0	0.0	1.3098238706588745	0.0	0.0	0.2342119961977005	0.0	0.0	0.0	0.0	0.0	0.0	0.0	1.9477440118789673	0.0	0.0	1.1950304508209229	0.0	0.0	0.9553801417350769	0.6180974841117859	1.239133358001709	0.03512563928961754	2.1956934928894043	0.0	1.3095430135726929	1.2085850238800049	0.0	0.0	0.0	0.0	0.7179694175720215	0.0	1.0055087804794312	0.0	0.0	0.0	0.0	0.0	1.1883883476257324	0.0	0.0	0.0	1.0470411777496338	0.0	0.0	0.0	0.0	0.0	0.0	0.0	0.0	0.0	0.42194971442222595	0.0	0.7422898411750793	0.0	0.8895379304885864	2.147993326187134	0.0	0.0	0.0	0.0	0.0	0.0	0.0	0.0	2.1004457473754883	0.0	0.7315821051597595	0.5569917559623718	0.30076655745506287	0.0	0.20586444437503815	0.0	0.0	0.0	0.0	1.246982455253601	0.0	0.8626371026039124	0.0	0.0	0.0	1.1941384077072144	1.20918607711792	0.0	1.3774394989013672	0.0	0.0	0.0	2.302888870239258	0.0	0.0	0.0	0.0	0.0	1.1627342700958252	0.0	0.0	0.0	0.7286148071289062	0.0	1.3750897645950317	0.0	1.0588608980178833	0.0	1.661447525024414	1.0121421813964844	0.0	0.0	0.0	0.19976919889450073	0.0	0.0
0.0	0.0	0.0	0.8441327214241028	2.2384979724884033	0.0	0.9522383809089661	0.0	1.979737639427185	0.8011077046394348	0.44901078939437866	0.0	0.9904301762580872	2.3543365001678467	1.4486979246139526	2.3783068656921387	0.3802151381969452	0.9469118714332581	0.875694215297699	0.8060661554336548	0.0	0.5126954317092896	0.0	1.4826445579528809	0.0	0.0	0.8210907578468323	0.5315749049186707	0.2519829273223877	1.8395402431488037	0.21406236290931702	0.6433578133583069	0.0	0.0	0.0	0.0	1.8451979160308838	0.0	1.1138373613357544	1.0456081628799438	0.0	0.0	0.0	0.2140754610300064	0.0	0.0	0.26956433057785034	0.0	0.0	0.7231470346450806	0.0	0.0	0.0	0.23748183250427246	1.02332603931427	0.0	0.0	0.13369180262088776	0.537733793258667	0.5504453778266907	0.0	0.0	0.0	0.32789143919944763	0.0	0.0	0.0	0.0	0.0	0.9342852234840393	1.3968538045883179	0.0	0.0	0.0	0.0	0.0	0.5410405993461609	1.0719608068466187	0.0	0.719291627407074	0.0	0.0	0.7951133251190186	0.0	0.5587896704673767	0.0	1.2540254592895508	0.0	1.1401768922805786	0.0	0.0	1.2511687278747559	0.0	0.7314836382865906	0.0	0.0	0.16629230976104736	0.3941382169723511	0.0	0.0	0.0	0.0	0.0	0.6404865980148315	0.0	0.0	0.7306654453277588	0.0	0.0	0.0	0.0	0.0	0.0	0.0	0.0	0.030203433707356453	0.9002717137336731	0.0	0.0	0.0	0.0	1.3538548946380615	0.0	0.39958444237709045	0.0	0.9954612851142883	0.0	0.0	0.0	0.08023352921009064	0.0	0.0	1.6371439695358276	0.0	0.0	1.7310587167739868	1.5696258544921875	0.0	0.0	0.0	0.0	0.0	0.0	0.5539655685424805	0.0	0.0	2.1239683628082275	0.0	0.0	0.0	0.0	0.0	0.0	0.0	0.6758177280426025	0.0	0.0	2.8137600421905518	0.0	0.0	1.1448009014129639	0.30418661236763	0.6392624974250793	0.541179358959198	1.6438506841659546	0.0	0.0	1.3112748861312866	0.0	0.0	0.0	0.0	0.9937725067138672	0.0	0.3626779019832611	1.2698893547058105	0.3354736268520355	0.0	0.0	0.0	1.3417372703552246	0.34963127970695496	0.0	0.0	1.023209571838379	0.0	0.0	0.0	0.0	0.0	0.0	0.0	0.0	0.0	1.4480750560760498	0.0	0.004958486650139093	0.0	1.4619252681732178	1.0243202447891235	0.0	0.19520847499370575	0.0	0.0	0.0	0.0	0.0	0.0	1.6691322326660156	0.0	0.9728732705116272	1.2224438190460205	0.0	0.0	0.7750391364097595	0.0	0.0	0.0	0.0	0.2867092788219452	0.0	1.129285454750061	0.0	0.0	0.0	1.4160946607589722	0.6497478485107422	1.1085485219955444	0.9454746842384338	0.0	0.0	0.2844950556755066	2.2843265533447266	0.06420709937810898	0.0	0.0	0.0	0.0	2.20827317237854	0.0	0.0	0.0	1.1748727560043335	1.1143567562103271	0.4804497957229614	0.0	1.5131627321243286	0.0	0.6675088405609131	1.267488718032837	0.0	0.0	0.0	0.0	0.0	0.0
0.0	0.0	0.0	0.25310590863227844	0.8685339689254761	0.0	1.9047253131866455	0.0	0.9496530294418335	1.3659437894821167	0.0	0.0	1.6302827596664429	1.5626856088638306	0.4435991942882538	1.1381694078445435	0.0	1.1080641746520996	1.2083271741867065	0.5202779173851013	0.22741995751857758	1.0331193208694458	0.0	1.2104854583740234	0.0	0.0	1.0288997888565063	0.984566330909729	0.028704987838864326	1.4825273752212524	0.6573845744132996	0.1769450306892395	0.0	0.8096053600311279	0.0	0.641263484954834	1.3091667890548706	0.0	1.4730160236358643	1.1062630414962769	0.0	0.0	0.0	0.0	0.0	0.0	0.0	0.0	0.0	0.0	0.0	0.0	0.0	0.9077485799789429	1.2731728553771973	0.0	0.0	0.584604799747467	1.842424750328064	0.4516248404979706	0.0	0.0	0.0	0.7347913980484009	0.0	0.0	0.0	0.0	0.0	1.741172194480896	1.3460947275161743	0.0	0.0	0.0	0.0	0.0	0.6972668170928955	1.2340372800827026	0.0	1.018652081489563	0.0	0.0	0.43361014127731323	0.18344703316688538	1.1508076190948486	0.0	1.5237597227096558	0.0	0.171935573220253	0.0	0.0	1.7826647758483887	0.0	1.3235149383544922	0.0	0.45994043350219727	1.2844828367233276	0.6923738121986389	0.0	0.0	0.0	0.0	0.0	1.3778254985809326	0.0	0.0	0.554970383644104	0.0	0.0	0.0	0.0	0.0	0.0	0.0	0.0	0.0	0.8598811626434326	0.0	0.0	0.0	0.0	1.0739392042160034	0.0	0.0	0.0	0.5247865915298462	0.0	0.0	0.0	0.0	0.0	0.0	0.7691099643707275	0.0	0.0	0.0	0.9897889494895935	0.0	0.0	1.4913926124572754	0.0	0.0	0.0	1.7071278095245361	0.8532292246818542	0.0	0.4964572489261627	0.0	0.0	0.0	0.0	0.0	0.0	0.0	1.657157063484192	0.0	0.0	1.0430430173873901	0.0	0.0	0.9512344598770142	0.40272006392478943	0.8173158764839172	0.053121257573366165	1.418789029121399	0.0	0.03323405608534813	1.0747753381729126	0.0	0.0	0.0	0.0	0.7255062460899353	0.0	1.7647346258163452	0.0	0.0	0.0	0.0	0.2733117640018463	0.5698524713516235	0.8016724586486816	0.0	0.0	1.5151835680007935	0.0	0.0	0.0	0.0	0.0	0.0	0.0	0.0	0.0	1.1452457904815674	0.0	1.3697824478149414	0.0	0.8235563039779663	1.7065131664276123	0.0	0.0	0.0	0.0	0.0	0.0	0.0	0.0	0.8140066266059875	0.0	0.0	0.02004324458539486	0.3214453160762787	0.0	0.6484076976776123	0.0	0.0	0.0	0.9578467607498169	1.3695905208587646	0.0	0.36491143703460693	0.0	0.0	0.0	1.6523265838623047	0.8685645461082458	0.9229621291160583	1.6499907970428467	0.0	0.0	0.0	1.0067405700683594	0.8842340111732483	0.0	0.0	0.0	0.0	0.8202959895133972	0.0	0.0	0.0	1.3595168590545654	0.0	1.5452507734298706	0.0	0.16790196299552917	0.0	0.9748517274856567	1.400009274482727	0.0	0.9653075933456421	0.0	0.0	0.0	0.0
0.0	0.0	0.0	0.0	0.9500673413276672	0.0	1.7956324815750122	0.0	0.7680941224098206	1.912777304649353	0.0	0.0	1.6963016986846924	1.5831900835037231	0.374444842338562	0.7143992185592651	0.0	0.8670065999031067	1.0270836353302002	0.9093989729881287	0.12179183214902878	1.6923506259918213	0.0	1.3104606866836548	0.0	0.0	1.2262927293777466	1.627203345298767	0.24502313137054443	1.6015357971191406	0.5178830027580261	0.4028332531452179	0.0	1.0360368490219116	0.0	0.6106389164924622	2.0602610111236572	0.0	1.7837498188018799	1.321105718612671	0.0	0.0	0.0	0.0	0.0	0.0	0.0	0.0	0.0	0.0	0.0	0.0	0.0	0.3640090525150299	1.3946533203125	0.0	0.0	0.47265347838401794	2.2108983993530273	0.3378644287586212	0.0	0.0	0.0	0.9492603540420532	0.0	0.0	0.0	0.0	0.0	1.7298084497451782	1.4523909091949463	0.0	0.0	0.22811664640903473	0.0	0.0	1.356461524963379	1.6712063550949097	0.0	0.7335243821144104	0.0	0.0	0.11669813096523285	0.25388696789741516	1.1286511421203613	0.0	2.072861671447754	0.0	0.0	0.0	0.0	2.4210829734802246	0.0	1.9076603651046753	0.0	0.6626896262168884	1.2190693616867065	0.9741767644882202	0.0	0.0	0.0	0.0	0.0	1.8707293272018433	0.0	0.0	0.2179509401321411	0.0	0.0	0.0	0.0	0.0	0.0	0.0	0.0	0.0	0.632506787776947	0.0	0.0	0.0	0.0	1.4830570220947266	0.0	0.0	0.0	0.0	0.0	0.0	0.0	0.0	0.0	0.0	0.7347869277000427	0.0	0.0	0.38364818692207336	1.3664344549179077	0.0	0.0	1.3062559366226196	0.0	0.0	0.0	2.1305673122406006	0.3681299388408661	0.0	0.4873204529285431	0.0	0.0	0.0	0.0	0.0	0.0	0.0	1.6545188426971436	0.0	0.0	1.3709362745285034	0.0	0.0	1.066016674041748	0.7791868448257446	0.7809264659881592	0.45809534192085266	2.3153629302978516	0.0	0.7581378817558289	1.1338669061660767	0.0	0.0	0.0	0.0	0.8819013833999634	0.0	1.3650699853897095	0.0	0.0	0.0	0.0	0.5877945423126221	0.6875695586204529	0.684475302696228	0.0	0.0	2.2539448738098145	0.0	0.0	0.0	0.0	0.0	0.0	0.0	0.0	0.0	1.0862610340118408	0.0	1.700344204902649	0.0	0.6267886161804199	2.0178327560424805	0.0	0.0	0.0	0.0	0.0	0.0	0.0	0.0	0.9679630994796753	0.0	0.0	0.43523210287094116	0.0	0.0	0.5784691572189331	0.0	0.0	0.0	1.030562162399292	1.2592471837997437	0.0	0.17894501984119415	0.0	0.0	0.0	2.128257989883423	0.8654599785804749	0.9017542004585266	1.7906455993652344	0.0	0.0	0.0	0.9670820236206055	0.7591668963432312	0.0	0.0	0.0	0.0	0.8986992239952087	0.0	0.0	0.0	1.357781171798706	0.0	1.7677358388900757	0.0	0.5824804902076721	0.0	1.6968011856079102	1.6716082096099854	0.0	1.3233952522277832	0.0	0.0	0.0	0.0
0.0	0.0	0.0	0.4827090799808502	1.2618603706359863	0.0	1.8987584114074707	0.0	1.3782858848571777	1.2530009746551514	0.0	0.0	1.2715532779693604	1.885712742805481	0.43338659405708313	1.0985264778137207	0.14686259627342224	1.3678109645843506	0.9893779754638672	0.5791435837745667	0.0	1.201330542564392	0.0	0.9750575423240662	0.0	0.0	0.7417193055152893	1.0373176336288452	0.2290065586566925	1.438238501548767	0.5036896467208862	0.5631846189498901	0.0	1.107520580291748	0.0	0.0	1.7773165702819824	0.0	1.021767258644104	0.746441125869751	0.0	0.0	0.0	0.05899079516530037	0.0	0.0	0.5527480840682983	0.0	0.0	0.0	0.0	0.0	0.0	0.9458338022232056	1.1740942001342773	0.0	0.0	0.0	0.43028637766838074	0.5780956745147705	0.0	0.0	0.0	0.6182069778442383	0.0	0.0	0.0	0.0	0.0	1.9633432626724243	1.2223737239837646	0.0	0.0	0.0	0.0	0.0	0.7610573172569275	1.0029499530792236	0.0	0.6173405051231384	0.0	0.0	0.6073324680328369	0.0	0.5813038945198059	0.0	2.678156852722168	0.0	0.5792320370674133	0.0	0.0	1.7438898086547852	0.0	1.7146762609481812	0.0	0.01835273578763008	0.4554353654384613	0.6351791620254517	0.0	0.0	0.0	0.0	0.0	1.148447036743164	0.0	0.0	0.4049702286720276	0.0	0.0	0.0	0.0	0.0	0.0	0.0	0.0	0.0	0.5631160736083984	0.0	0.0	0.0	0.0	1.086234450340271	0.0	0.1424911767244339	0.20557676255702972	0.4202544391155243	0.0	0.0	0.0	0.0	0.0	0.0	0.6484696865081787	0.0	0.0	0.6568036079406738	1.25663423538208	0.0	0.0	1.1086699962615967	0.0	0.0	0.0	1.0595954656600952	0.0	0.0	1.6240589618682861	0.0	0.0	0.0	0.0	0.0	0.0	0.0	1.316981315612793	0.0	0.0	1.4733037948608398	0.0	0.0	1.1759623289108276	0.0	0.630618691444397	0.39131972193717957	1.2742034196853638	0.0	0.09671006351709366	1.2296435832977295	0.0	0.0	0.0	0.0	0.8856378793716431	0.0	0.714678168296814	0.6497368812561035	0.0	0.0	0.0	0.0	1.0943059921264648	0.19637362658977509	0.0	0.0	1.2382384538650513	0.0	0.0	0.0	0.0	0.0	0.0	0.0	0.0	0.0	0.9884738326072693	0.0	0.8557777404785156	0.0	1.229166030883789	1.578810214996338	0.0	0.0	0.0	0.0	0.0	0.0	0.0	0.0	1.0056427717208862	0.0	0.0	0.2599809765815735	0.0	0.0	0.6643264889717102	0.0	0.0	0.0	0.28403547406196594	1.0659161806106567	0.0	0.27478960156440735	0.0	0.0	0.0	1.6643283367156982	0.5430220365524292	0.6362795233726501	1.156944751739502	0.0	0.0	0.0	0.967536985874176	0.2412285953760147	0.0	0.0	0.0	0.0	1.5219013690948486	0.0	0.0	0.0	1.5129218101501465	0.0	1.4556525945663452	0.0	0.6271558403968811	0.0	0.700051486492157	1.6152806282043457	0.0	0.0	0.0	0.36188963055610657	0.0	0.0
0.0	0.0	0.0	0.16597995162010193	1.2890236377716064	0.0	1.3747929334640503	0.0	2.160942316055298	1.1460590362548828	0.043673112988471985	0.0	0.8949787616729736	1.2161797285079956	0.2903226912021637	1.7900904417037964	0.02749156393110752	0.372067928314209	0.21618272364139557	0.0	0.0	0.4188064932823181	0.0	0.7790631651878357	0.0	0.0	0.4499874413013458	0.9415532350540161	0.26987913250923157	1.2155637741088867	0.38017070293426514	0.0	0.0	0.0	0.0	0.0	0.8573076725006104	0.0	0.7751678824424744	0.7605406641960144	0.0	0.0	0.0	0.7870254516601562	0.0	0.0	0.3664959669113159	0.0	0.0	0.4287649691104889	0.0	0.0	0.0	0.46914443373680115	0.8064404726028442	0.0	0.0	0.0	0.11415659636259079	0.49526527523994446	0.0	0.0	0.0	0.24379003047943115	0.0	0.0	0.0	0.0	0.0	0.8220409750938416	1.2127255201339722	0.0	0.0	0.0	0.0	0.0	0.07992587983608246	1.301225185394287	0.0	0.45355933904647827	0.0	0.0	0.7092896103858948	0.47763630747795105	0.4455278217792511	0.0	1.5895054340362549	0.0	1.6640979051589966	0.0	0.0	0.6316251754760742	0.0	0.13293491303920746	0.0	0.0	0.2694188058376312	0.0	0.0	0.0	0.0	0.019487079232931137	0.0	0.8069695830345154	0.0	0.0	0.05999168008565903	0.0	0.0	0.0	0.0	0.0	0.0	0.0	0.0	0.0	1.1862711906433105	0.0	0.0	0.0	0.0	1.6639097929000854	0.0	0.15960660576820374	0.33377960324287415	0.9321288466453552	0.0	0.0	0.0	0.0	0.0	0.0	0.596516489982605	0.0	0.0	0.9344451427459717	1.1295982599258423	0.0	0.0	0.22941792011260986	0.0	0.0	0.0	0.4912934899330139	0.17259742319583893	0.0	1.3849202394485474	0.0	0.0	0.0	0.0	0.10608968883752823	0.0	0.0	0.5761731266975403	0.0	0.0	2.294212579727173	0.0	0.0	0.4428054988384247	0.6177195906639099	0.2584165632724762	0.4385475516319275	1.0118999481201172	0.0	0.0	1.2348628044128418	0.0	0.0	0.0	0.0	1.0340828895568848	0.0	0.3509293794631958	1.0822031497955322	0.1749199628829956	0.0	0.0	0.0	1.467089056968689	0.28308185935020447	0.0	0.0	0.43694353103637695	0.0	0.0	0.0	0.0	0.0	0.0	0.0	0.0	0.0	0.6220942139625549	0.0	0.9696555137634277	0.0	1.9000707864761353	1.1198394298553467	0.0	0.0	0.0	0.0	0.0	0.0	0.0	0.0	1.3539085388183594	0.0	0.9375295042991638	1.0612850189208984	0.0	0.0	1.7882254123687744	0.0	0.0	0.0	0.0	0.635285496711731	0.0	1.4005781412124634	0.0	0.0	0.0	0.35943007469177246	0.8801555037498474	1.9795674085617065	0.7958900332450867	0.0	0.0	0.8836299180984497	1.7707864046096802	0.6506442427635193	0.0	0.0	0.0	0.0	1.8177814483642578	0.0	0.0	0.0	1.1988346576690674	0.868118941783905	0.7115368843078613	0.0	1.0046955347061157	0.0	0.5367587804794312	1.732521891593933	0.0	0.0	0.0	1.1801317930221558	0.0	0.0
0.0	0.0	0.0	0.0	2.698876142501831	0.0	0.0	0.0	1.1868382692337036	0.0	1.6966371536254883	0.0	0.0	0.0	0.05590350553393364	0.9157657027244568	2.1260628700256348	0.0	0.0	0.0	0.0	0.0	0.0	0.0	0.0	0.0	0.0	1.4221035242080688	0.0	0.0	0.0	1.7094013690948486	0.0	0.0	0.0	0.0	0.0	0.0	0.0	0.0	0.0	0.0	0.0	2.0634374618530273	0.0	0.0	1.6403484344482422	0.0	0.0	1.3516396284103394	0.0	0.0	0.0	0.4193614721298218	0.0	0.0	0.0	0.0	0.0	0.9676275253295898	0.0	0.0	0.0	0.03424321860074997	0.0	0.0	0.0	0.0	0.0	0.05676013231277466	0.7699050903320312	0.0	0.0	0.4314436614513397	0.0	0.0	0.0	0.09591064602136612	0.0	0.0	0.0	0.0	0.12994377315044403	0.0	0.0	0.0	0.0	0.0	1.8052783012390137	0.0	0.0	0.4221366345882416	0.0	0.6375626921653748	0.0	0.0	0.0	0.0	0.0	0.0	0.0	1.7566486597061157	0.0	0.4440487027168274	0.0	0.0	0.0	0.8096801042556763	0.0	1.873880386352539	0.0	0.0	0.0	0.0	0.0	0.0	0.13623976707458496	0.0	2.024142265319824	0.0	0.0	0.0	0.0	1.468983769416809	0.9590949416160583	0.378555029630661	0.0	0.0	0.0	1.8141664266586304	0.0	0.0	0.10575684905052185	0.0	0.0	1.1668713092803955	0.7225435376167297	0.0	0.0	0.0	0.0	0.0	0.0	0.0	0.0	0.0	0.2864333391189575	0.0	0.0	1.7729874849319458	0.0	1.0143731832504272	0.0	0.0	0.0	0.0	0.0	1.5844248533248901	0.0	0.0	0.0	0.0	0.0	0.06018316000699997	0.6129133105278015	0.0	0.0	0.6115649938583374	0.0	0.0	0.0	0.0	0.0	0.0	0.0	2.9237027168273926	2.2594425678253174	0.0	0.0	0.0	0.3144342601299286	0.0	0.0	0.0	0.0	0.0	0.0	0.0	0.0	0.0	0.0	0.0	0.0	0.0	0.0	0.0	0.0	0.0	1.2535029649734497	0.0	0.0	1.8096197843551636	0.0	0.0	0.0	0.0	0.0	0.0	0.9972345232963562	0.0	1.3331248760223389	0.6461642384529114	0.0	0.0	0.43956586718559265	0.0	0.0	0.0	0.0	0.0	1.0570592880249023	1.3352197408676147	0.0	0.0	0.0	0.1671127825975418	0.9798811078071594	0.0	0.0	0.0	0.0	2.3381361961364746	2.3240461349487305	0.0	0.0	0.0	0.0	0.0	1.429583191871643	0.0	0.0	0.0	0.2740744650363922	1.755264163017273	0.0	0.0	1.4518886804580688	0.0	0.06510668247938156	0.0	0.0	0.0	0.0	2.434629201889038	0.0	0.0
0.0	0.0	0.0	0.5902952551841736	2.0077836513519287	0.0	0.8571308255195618	0.0	2.1206791400909424	0.6401796340942383	0.8233675360679626	0.0	0.33227089047431946	1.2307369709014893	1.0807169675827026	1.4604380130767822	0.48306185007095337	1.013167381286621	0.2037387490272522	0.0	0.0	0.29786399006843567	0.0	1.1125154495239258	0.0	0.0	0.21546787023544312	0.5149843096733093	0.0	1.3715466260910034	0.0	0.7763961553573608	0.0	0.11255542933940887	0.0	0.0	0.3779781758785248	0.0	0.0	0.12398990243673325	0.0	0.0	0.0	1.1140528917312622	0.0	0.0	0.7020378112792969	0.0	0.0	2.124634027481079	0.0	0.0	0.0	1.1658092737197876	0.0	0.0	0.0	0.0	0.18900999426841736	0.5147854089736938	0.0	0.0	0.0	0.1102890744805336	0.0	0.0	0.0	0.0	0.0	0.7052753567695618	0.7177331447601318	0.0	0.0	0.08235864341259003	0.0	0.0	0.26497218012809753	0.8247300386428833	0.0	0.2270161360502243	0.0	0.0	0.7365291118621826	0.0	0.0	0.0	0.6958828568458557	0.0	1.9074519872665405	0.0	0.0	0.8226402401924133	0.0	0.32915085554122925	0.0	0.0	0.0	0.3549331724643707	0.0	0.0	0.0	0.5248263478279114	0.0	0.9444684386253357	0.0	0.0	0.0	1.0008560419082642	0.0	0.13015970587730408	0.0	0.0	0.0	0.0	0.0	0.0	1.3607783317565918	0.0	0.41676920652389526	0.0	0.0	1.536186933517456	0.0	0.6471533179283142	0.05374130606651306	0.837250292301178	0.0	0.0	0.0	1.4986375570297241	0.0	0.0	1.283868432044983	0.0	0.0	1.2608057260513306	1.6122649908065796	0.0	0.0	0.0	0.0	0.0	0.0	0.24970994889736176	0.0	0.0	1.2583057880401611	0.0	0.0	0.0	0.0	0.2752911448478699	0.0	0.0	0.0	0.0	0.0	2.1265342235565186	0.0	0.0	0.3335328996181488	0.0	0.0	0.4549160301685333	1.0784755945205688	0.0	0.0	1.684003233909607	0.0	0.0	0.0	0.0	0.29502347111701965	0.0	0.3065657317638397	1.1521072387695312	0.9238987565040588	0.0	0.0	0.0	1.557769775390625	0.0	0.0	1.2583808898925781	0.5019935965538025	0.0	0.0	0.0	0.0	0.0	0.0	0.0	0.0	0.0	0.6324512362480164	0.0	0.0	0.0	1.6834192276000977	0.25232991576194763	0.0	0.32147660851478577	0.0	0.0	0.0	0.0	0.0	0.0	1.617573618888855	0.0	0.7471725940704346	1.0499646663665771	0.0	0.0	0.22386465966701508	0.0	0.0	0.0	0.0	0.25617411732673645	0.0	2.113924026489258	0.0	0.0	0.0	0.28694432973861694	1.155429482460022	0.3815361261367798	0.16532090306282043	0.0	0.0	1.0781725645065308	2.6109559535980225	0.0	0.0	0.0	0.0	0.0	2.2065751552581787	0.0	0.0	0.0	0.1772730052471161	1.3068362474441528	0.0	0.0	1.0710809230804443	0.0	0.0	0.5018441081047058	0.0	0.0	0.0	0.992499589920044	0.0	0.0
0.0	0.0	0.0	0.0	2.1674396991729736	0.0	0.34575608372688293	0.0	1.8683087825775146	0.0	1.799789309501648	0.0	0.0	0.36230379343032837	0.784386396408081	2.1898205280303955	1.3843467235565186	0.4953347444534302	0.0	0.0	0.0	0.0	0.0	0.0	0.0	0.0	0.0	0.2716885209083557	0.0	0.3806188702583313	0.0	1.9640216827392578	0.0	0.0	0.0	0.0	0.22475090622901917	0.0	0.0	0.0	0.0	0.0	0.0	2.2217092514038086	0.0	0.0	1.3077466487884521	0.0	0.0	1.0752818584442139	0.0	0.0	0.0	0.2741965651512146	0.0	0.0	0.0	0.0	0.0	0.48274922370910645	0.0	0.0	0.0	0.0	0.0	0.0	0.0	0.0	0.0	0.4058627188205719	0.578372061252594	0.0	0.0	0.13458070158958435	0.0	0.0	0.0	0.0	0.0	0.0	0.0	0.0	0.4072190225124359	0.0	0.0	0.0	0.8449135422706604	0.0	2.4093689918518066	0.0	0.0	0.0	0.0	0.0	0.0	0.0	0.0	0.0	0.0	0.0	0.0	0.9015883803367615	0.0	0.377064973115921	0.0	0.0	0.0	0.40014827251434326	0.0	0.7602195143699646	0.0	0.0	0.0	0.0	0.0	0.0	0.7291635274887085	0.0	1.463740348815918	0.0	0.0	1.4340823888778687	0.0	0.5675719976425171	0.47003743052482605	1.2709839344024658	0.0	0.0	0.0	0.9659674763679504	0.0	0.0	1.0672158002853394	0.0	0.0	1.3830463886260986	1.2486175298690796	0.0	0.0	0.0	0.0	0.0	0.0	0.0	0.0	0.0	1.5523585081100464	0.0	0.0	0.0	0.0	0.8165202736854553	0.0	0.0	0.1944226175546646	0.0	0.0	2.125739812850952	0.0	0.0	0.0	0.0	0.0	0.024027537554502487	0.56532883644104	0.0	0.0	0.9383401274681091	0.0	0.0	0.0	0.0	0.4790377616882324	0.0	0.0	2.4914655685424805	1.4436808824539185	0.0	0.0	0.0	1.0988982915878296	0.0	0.0	0.0	0.0	0.0	0.0	0.0	0.0	0.0	0.0	0.0	0.0	0.0	0.0	0.0	0.0	0.0	1.8050528764724731	0.31054720282554626	0.0	1.008743166923523	0.0	0.0	0.0	0.0	0.0	0.0	1.6892868280410767	0.0	2.1868202686309814	1.055685043334961	0.0	0.0	1.094709873199463	0.0	0.0	0.0	0.0	0.0	0.7195839285850525	1.4017431735992432	0.0	0.0	0.0	0.1832868903875351	0.670729398727417	0.0	0.0	0.0	0.0	1.6307501792907715	2.7356348037719727	0.0	0.0	0.0	0.0	0.0	2.5880603790283203	0.0	0.0	0.0	0.8756667971611023	1.725245714187622	0.0	0.0	1.8737810850143433	0.0	0.0	0.09241236746311188	0.0	0.0	0.0	1.880476713180542	0.0	0.0
0.0	0.0	0.0	0.057925138622522354	1.6803284883499146	0.0	0.7189415097236633	0.0	1.1100586652755737	1.2270448207855225	0.0	0.0	0.48969635367393494	1.6331052780151367	1.4898817539215088	1.2820881605148315	0.12556377053260803	0.2462855875492096	0.43709152936935425	0.712988018989563	0.0	0.9337706565856934	0.0	1.082656741142273	0.0	0.0	0.613692045211792	1.2915862798690796	0.28074997663497925	1.2821534872055054	0.0	0.813869059085846	0.0	0.0	0.0	0.0	1.5507726669311523	0.0	1.339580774307251	0.8197316527366638	0.0	0.0	0.0	0.42871999740600586	0.0	0.0	0.0	0.0	0.0	0.1871611773967743	0.0	0.0	0.0	0.299404501914978	0.272133469581604	0.0	0.0	0.40193700790405273	0.7009744644165039	0.05909634754061699	0.0	0.0	0.0	0.5940743088722229	0.0	0.0	0.0	0.0	0.0	1.0075024366378784	1.2301311492919922	0.0	0.0	0.15234434604644775	0.0	0.0	0.7695092558860779	1.5671006441116333	0.0	0.6994973421096802	0.0	0.0	0.0	0.0	1.1449434757232666	0.0	1.2753736972808838	0.0	0.4353658854961395	0.0	0.0	0.9933653473854065	0.0	1.3869032859802246	0.0	0.9922519326210022	0.0	0.41191232204437256	0.0	0.0	0.0	0.0	0.0	0.30549386143684387	0.0	0.0	0.43345868587493896	0.127671480178833	0.0	0.0	0.0	0.0	0.0	0.0	0.0	0.0	1.0554563999176025	0.0	0.0	0.0	0.06931082159280777	0.5500852465629578	0.0	0.7568508982658386	0.0	1.2343047857284546	0.0	0.0	0.0	0.39768722653388977	0.0	0.0	1.6727248430252075	0.0	0.0	1.2627977132797241	1.1778730154037476	0.0	0.0	0.0	0.0	0.0	0.0	0.38803255558013916	0.007883762940764427	0.0	1.0901321172714233	0.0	0.0	0.06506030261516571	0.0	0.3420218825340271	0.0	0.0	0.999900758266449	0.0	0.0	1.9380452632904053	0.0	0.0	1.2394143342971802	0.8713216185569763	1.3050047159194946	0.0008743881480768323	1.9611239433288574	0.0	0.12812721729278564	1.6666345596313477	0.0	0.0	0.0	0.0	0.7669894099235535	0.0	0.0	0.7343024611473083	0.5755214095115662	0.0	0.0	0.0	1.2313072681427002	0.10604748129844666	0.0	0.0	0.7335318922996521	0.0	0.0	0.0	0.0	0.0	0.0	0.0	0.0	0.0	1.3052195310592651	0.0	0.7567853331565857	0.0	1.2397104501724243	1.2452901601791382	0.0	0.0	0.0	0.0	0.0	0.0	0.0	0.0	1.2663697004318237	0.0	1.154510736465454	1.3146246671676636	0.0	0.0	0.830986499786377	0.0	0.0	0.0	0.0	1.302098274230957	0.0	1.251055121421814	0.0	0.0	0.0	0.8763513565063477	1.2860695123672485	0.6179385185241699	0.8002445697784424	0.0	0.0	0.36824101209640503	1.8258966207504272	0.016083408147096634	0.0	0.0	0.0	0.0	1.4275426864624023	0.0	0.0	0.0	0.8428506851196289	0.24979911744594574	1.3663207292556763	0.0	1.5015281438827515	0.0	1.177964687347412	1.188438057899475	0.0	0.0	0.0	0.0	0.0	0.0
0.0	0.0	0.0	1.4352070093154907	2.110325336456299	0.0	1.6538387537002563	0.0	1.8904415369033813	0.34418147802352905	0.0	0.0	1.0347914695739746	1.767290711402893	0.5963898301124573	1.6200748682022095	0.0	1.3681951761245728	0.9534381628036499	0.31045106053352356	0.0	1.0435140132904053	0.0	0.6201285719871521	0.0	0.0	0.048757489770650864	0.6203933358192444	0.3025474548339844	1.4448264837265015	0.2052183300256729	0.5839306712150574	0.0	0.0	0.0	0.0	2.1446125507354736	0.0	0.9470508694648743	0.8267856240272522	0.0	0.0	0.0	0.5446007251739502	0.0	0.0	0.4496278464794159	0.0	0.0	0.3170214593410492	0.0	0.0	0.0	0.8735677003860474	0.8277562856674194	0.0	0.0	0.0	0.20863841474056244	0.545837938785553	0.0	0.0	0.0	0.1397830843925476	0.0	0.0	0.0	0.0	0.0	1.5062706470489502	0.8240461945533752	0.0	0.0	0.0	0.0	0.0	0.055674392729997635	0.4163290858268738	0.0	0.0	0.0	0.0	0.4020044803619385	0.0	0.31373724341392517	0.0	1.521561622619629	0.0	1.4300014972686768	0.0	0.0	1.1780000925064087	0.0	1.1211439371109009	0.0	0.0	0.0	0.0	0.0	0.0	0.0	0.26495328545570374	0.0	1.3736611604690552	0.0	0.0	0.0	0.0	0.0	0.0	0.0	0.0	0.0	0.0	0.14795996248722076	0.0	0.591867983341217	0.0	0.1896667778491974	0.0	0.0	1.561325192451477	0.0	0.3323955535888672	0.5142629146575928	0.7243791222572327	0.0	0.0	0.0	0.13113927841186523	0.0	0.0	0.8632297515869141	0.0	0.0	1.0028947591781616	1.0676978826522827	0.0	0.0	0.048087600618600845	0.0	0.0	0.0	0.20775379240512848	0.0	0.0	1.7608481645584106	0.0	0.0	0.14719437062740326	0.0	0.0	0.0	0.0	0.8859160542488098	0.0	0.0	1.3872157335281372	0.0	0.0	0.3704269826412201	0.0	0.13404427468776703	0.4432504177093506	1.0002950429916382	0.0	0.0	0.9494664669036865	0.0	0.0	0.0	0.0	1.057807445526123	0.0	0.053772881627082825	1.364371418952942	0.5763301253318787	0.0	0.0	0.0	0.7009201049804688	0.2735532224178314	0.0	0.0	1.04408597946167	0.0	0.0	0.0	0.0	0.0	0.0	0.0	0.0	0.0	1.0128206014633179	0.0	0.24717016518115997	0.0	1.7847623825073242	0.4869304895401001	0.0	0.0	0.0	0.0	0.0	0.0	0.0	0.0	0.8543911576271057	0.0	0.8298507332801819	0.8539579510688782	0.0	0.0	0.9803205132484436	0.0	0.0	0.0	0.2030908465385437	0.6994768977165222	0.0	0.928741991519928	0.0	0.0	0.0	1.6425796747207642	0.08409826457500458	1.1026840209960938	0.6667913198471069	0.0	0.0	0.2097189575433731	1.9452378749847412	0.0	0.0	0.0	0.0	0.0	1.8433647155761719	0.0	0.0	0.0	1.996315360069275	0.6078881621360779	0.23235967755317688	0.0	0.7153685092926025	0.0	0.044779639691114426	1.0359766483306885	0.0	0.0	0.0	0.0	0.0	0.0
0.0	0.0	0.0	0.1261720061302185	1.4670720100402832	0.0	0.9690168499946594	0.0	1.363654613494873	0.15750174224376678	0.09515709429979324	0.0	0.5520350933074951	1.1060903072357178	0.40974313020706177	1.256414532661438	0.4511042535305023	0.7398936152458191	0.0	0.0	0.0	0.7249479293823242	0.0	0.0	0.0	0.0	0.27036193013191223	0.9887046813964844	0.5542780160903931	0.5965099930763245	0.0	1.1274937391281128	0.0	0.0	0.0	0.0	0.6798588037490845	0.0	0.4313410222530365	0.08634404093027115	0.0	0.0	0.0	0.9950243830680847	0.0	0.0	1.0346819162368774	0.0	0.0	0.39509278535842896	0.0	0.0	0.0	0.9511456489562988	0.15378236770629883	0.0	0.0	0.0	0.9857295155525208	0.6356392502784729	0.0	0.0	0.0	0.0	0.0	0.0	0.0	0.0	0.0	0.9594913721084595	0.5022286772727966	0.0	0.0	0.0	0.0	0.0	0.0	0.30343666672706604	0.0	0.0	0.0	0.0	0.41794997453689575	0.05112618952989578	0.37541016936302185	0.0	1.0951820611953735	0.0	1.585181474685669	0.0	0.0	0.6594359278678894	0.0	0.38542479276657104	0.0	0.0	0.0	0.0	0.0	0.0	0.0	0.7078020572662354	0.0	1.1633846759796143	0.0	0.0	0.09612277895212173	0.0	0.0	0.6056445240974426	0.0	0.0	0.0	0.0	0.0	0.0	0.24892237782478333	0.0	0.36221981048583984	0.0	0.0	0.6408910155296326	0.0	0.0	0.46773871779441833	1.1958205699920654	0.0	0.0	0.0	0.3989209830760956	0.0	0.0	0.5773651003837585	0.0	0.0	0.7095463275909424	1.0481587648391724	0.0	0.0	0.5585917234420776	0.0	0.0	0.0	0.0	0.0	0.0	0.9782198667526245	0.0	0.0	0.23985670506954193	0.0	0.2653152346611023	0.0	0.0	0.28562048077583313	0.0	0.0	2.2033603191375732	0.0	0.0	0.0	0.0	0.0	0.08018648624420166	1.0647706985473633	0.0	0.0	1.518729329109192	0.0	0.0	0.0	0.0	0.9278099536895752	0.0	0.0	1.7330740690231323	0.6258912682533264	0.0	0.0	0.0	0.6872545480728149	0.0	0.0	0.0	0.0	0.0	0.0	0.0	0.0	0.0	0.0	0.0	0.0	0.0	0.3971160054206848	0.0	0.40861794352531433	0.0	1.4158889055252075	0.397694855928421	0.0	0.582216203212738	0.0	0.0	0.0	0.0	0.0	0.0	0.8202256560325623	0.0	0.7054034471511841	0.04060313105583191	0.0	0.0	1.2780125141143799	0.0	0.0	0.0	0.1715991199016571	0.38583463430404663	0.6141311526298523	0.5719950795173645	0.0	0.0	0.0	1.0197645425796509	0.30767515301704407	0.4818572402000427	0.5821830034255981	0.0	0.0	0.4800080358982086	2.3424673080444336	0.13917629420757294	0.0	0.0	0.0	0.0	1.6777715682983398	0.0	0.0	0.0	1.256724238395691	1.0588606595993042	0.3238779902458191	0.0	1.009745478630066	0.0	0.5105100870132446	0.669948935508728	0.0	0.0	0.0	0.714077353477478	0.0	0.0
0.0	0.0	0.0	1.050502896308899	1.3673573732376099	0.0	2.20949387550354	0.0	1.948826551437378	0.21024779975414276	0.6526175141334534	0.0	1.1134306192398071	1.979675054550171	0.26899421215057373	2.672478437423706	0.7525607943534851	1.7688523530960083	0.923117995262146	0.07186049968004227	0.0	0.819452166557312	0.0	0.3631848096847534	0.0	0.0	0.5511798858642578	0.6590093374252319	0.9715948700904846	1.1867163181304932	1.3408242464065552	0.34225210547447205	0.0	0.0	0.0	0.0	1.5903644561767578	0.0	0.16353632509708405	1.0655016899108887	0.0	0.0	0.0	0.7398386001586914	0.0	0.0	2.11963152885437	0.0	0.0	0.0	0.0	0.0	0.0	0.7210012674331665	0.9323375225067139	0.0	0.0	0.0	0.5418437719345093	0.8066335320472717	0.0	0.0	0.0	0.6328853368759155	0.0	0.0	0.0	0.0	0.0	1.5520654916763306	1.6912075281143188	0.0	0.0	0.0	0.0	0.0	0.0	0.0	0.0	0.0	0.0	0.0	1.623924732208252	0.0	0.3378147780895233	0.0	1.810863971710205	0.0	2.6608288288116455	0.0	0.0	0.9691765308380127	0.0	0.0	0.0	0.0	0.20663733780384064	0.5479668378829956	0.0	0.0	0.0	1.1021144390106201	0.0	0.4386112689971924	0.0	0.0	1.417612075805664	0.0	0.0	0.7863937616348267	0.0	0.0	0.0	0.0	0.0	0.3316868841648102	0.9171056151390076	0.0	0.0	0.0	0.0	1.4116133451461792	0.0	0.0	0.2623891234397888	1.3430849313735962	0.0	0.0	0.0	0.22511287033557892	0.0	0.0	0.40339842438697815	0.0	0.0	1.107871651649475	1.2608468532562256	0.0	0.0	0.0	0.0	0.0	0.0	0.06312795728445053	0.0	0.0	3.1646738052368164	0.0	0.0	2.5319807529449463	0.0	0.0	0.0	0.0	0.49510085582733154	0.0	0.0	2.9480538368225098	0.0	0.0	0.47073423862457275	0.0	0.0	1.1349574327468872	0.384387344121933	0.0	0.0	0.7887893915176392	0.0	0.0	0.0	0.0	1.3447794914245605	0.0	0.2443653643131256	1.7844730615615845	0.5804320573806763	0.0	0.0	0.0	0.7221412658691406	0.22932441532611847	0.0	0.0	0.20072340965270996	0.0	0.0	0.0	0.0	0.0	0.0	0.0	0.0	0.0	1.5119212865829468	0.0	0.9026354551315308	0.0	2.466977119445801	0.6222094893455505	0.0	1.3143837451934814	0.0	0.0	0.0	0.0	0.0	0.0	0.8214559555053711	0.0	0.7764347791671753	1.0610787868499756	0.0	0.0	1.6806880235671997	0.0	0.0	0.0	0.1522870659828186	0.9179756045341492	0.6537444591522217	0.8917717337608337	0.0	0.0	0.0	1.4526489973068237	0.0	1.2743088006973267	1.6860449314117432	0.0	0.0	0.5012999176979065	1.452402114868164	0.834527850151062	0.0	0.0	0.0	0.0	2.493311882019043	0.0	0.0	0.0	2.4767322540283203	1.697524905204773	0.6536222696304321	0.0	1.383768081665039	0.0	0.19763603806495667	1.7103052139282227	0.0	0.0	0.0	0.9315845966339111	0.0	0.0
0.0	0.0	0.0	0.0	2.060957908630371	0.0	2.428323984146118	0.0	1.2940030097961426	0.9435683488845825	0.0	0.0	1.5867323875427246	1.0648198127746582	0.9128904342651367	1.0252143144607544	0.0	0.6736032366752625	0.2217319905757904	0.022204896435141563	0.0	2.311904191970825	0.0	1.323369026184082	0.0	0.0	0.6313582062721252	2.0251502990722656	0.7920719981193542	0.9974696636199951	0.0	1.3894597291946411	0.0	0.512819766998291	0.0	0.0	2.818265199661255	0.0	0.8549630641937256	0.8609594106674194	0.0	0.0	0.0	0.5598888993263245	0.0	0.0	0.0	0.0	0.0	0.08825850486755371	0.0	0.0	0.0	0.6632655262947083	1.259840488433838	0.0	0.0	0.0	0.7921594381332397	1.3153295516967773	0.0	0.0	0.0	0.6942360997200012	0.0	0.0	0.0	0.0	0.0	1.5279074907302856	0.6241955161094666	0.0	0.0	0.0	0.0	0.0	0.26876941323280334	1.3767939805984497	0.0	0.05057555064558983	0.0	0.0	0.10588794946670532	0.2221597284078598	1.0870933532714844	0.0	2.421189785003662	0.0	1.067631483078003	0.0	0.0	2.1242246627807617	0.0	1.9381062984466553	0.0	0.056360796093940735	0.0	0.0	0.0	0.0	0.0	0.0	0.0	2.0973548889160156	0.0	0.0	0.0	0.0	0.0	0.0	0.0	0.0	0.0	0.0	0.0	0.0	0.09982839971780777	0.0	0.0	0.0	0.0	0.02484832890331745	0.0	1.0876318216323853	1.1578030586242676	0.097230926156044	0.0	0.0	0.0	0.0	0.0	0.0	0.5092331767082214	0.0	0.0	1.1048736572265625	1.6829911470413208	0.0	0.0	1.613603949546814	0.0	0.0	0.0	0.03683454543352127	0.0	0.0	1.5346709489822388	0.0	0.0	0.0	0.0	0.0	0.0	0.0	1.3198919296264648	0.0	0.0	1.6446177959442139	0.0	0.0	1.8098188638687134	0.05165381729602814	0.09713675826787949	0.4544614851474762	2.671874761581421	0.0	0.7075461149215698	1.5526179075241089	0.0	0.0	0.0	0.0	0.963412880897522	0.0	0.0	1.5478520393371582	0.11281050741672516	0.0	0.0	0.0	0.45208266377449036	0.0	0.0	0.0	1.3165242671966553	0.0	0.0	0.0	0.0	0.0	0.0	0.0	0.0	0.0	1.1131892204284668	0.0	1.5756150484085083	0.0	2.205575466156006	1.874892234802246	0.0	0.0	0.0	0.0	0.0	0.0	0.0	0.0	2.178891897201538	0.0	1.0008630752563477	0.0	0.0	0.0	0.5325272679328918	0.0	0.0	0.0	0.9461011290550232	0.8159275054931641	0.0	0.5334751605987549	0.0	0.0	0.0	1.877716064453125	0.5808357000350952	1.0004826784133911	1.3563952445983887	0.0	0.0	0.2899627387523651	2.280979871749878	0.11854971945285797	0.0	0.0	0.0	0.0	1.19548761844635	0.0	0.0	0.0	1.649381399154663	0.4992738366127014	1.3588361740112305	0.0	1.3828239440917969	0.0	1.8713068962097168	1.2381391525268555	0.0	0.0	0.0	0.8796903491020203	0.0	0.0
0.0	0.0	0.0	0.0	2.7780277729034424	0.0	0.46271947026252747	0.0	1.4494357109069824	0.27774304151535034	0.36461329460144043	0.0	0.1997917890548706	0.9719850420951843	0.8672372698783875	1.9084744453430176	0.3452688157558441	0.5556090474128723	0.0	0.0	0.0	0.0	0.0	0.2909461259841919	0.0	0.0	0.0	0.48284661769866943	0.0	0.7665529847145081	0.0	1.5568286180496216	0.0	0.0	0.0	0.0	0.9249938130378723	0.0	0.0	0.0	0.0	0.0	0.0	1.841421127319336	0.0	0.0	0.6216365694999695	0.0	0.0	1.2727742195129395	0.0	0.0	0.0	0.33841052651405334	0.11476173996925354	0.0	0.0	0.0	0.41977569460868835	0.8725179433822632	0.0	0.0	0.0	0.0	0.0	0.0	0.0	0.0	0.0	0.8123384714126587	0.8275690078735352	0.0	0.0	0.0	0.0	0.0	0.0	0.7216017842292786	0.0	0.13901902735233307	0.0	0.0	0.21535468101501465	0.0	0.12301527708768845	0.0	1.3110437393188477	0.0	2.1432790756225586	0.0	0.0	0.5686739087104797	0.0	0.4740901589393616	0.0	0.0	0.0	0.020955512300133705	0.0	0.0	0.0	0.20216000080108643	0.0	0.7131732106208801	0.0	0.0	0.0	0.49775612354278564	0.0	0.6127021908760071	0.0	0.0	0.0	0.0	0.0	0.0	0.9724977612495422	0.0	0.8521159887313843	0.0	0.0	0.7291667461395264	0.0	1.1419038772583008	0.12948833405971527	0.5300836563110352	0.0	0.0	0.0	1.128801703453064	0.0	0.0	0.5686710476875305	0.0	0.0	1.9060238599777222	1.2079843282699585	0.0	0.0	0.11682718992233276	0.0	0.0	0.0	0.0	0.4219580590724945	0.0	1.1004735231399536	0.0	0.0	0.0	0.0	0.0	0.0	0.0	0.41523534059524536	0.0	0.0	1.4938958883285522	0.0	0.0	0.35189175605773926	0.0	0.017637882381677628	0.20793525874614716	1.1168967485427856	0.0	0.0	1.4556394815444946	0.0	0.0	0.0	0.0	0.0	0.0	0.5493130087852478	1.4082754850387573	0.4403296709060669	0.0	0.0	0.0	1.1907755136489868	0.0	0.0	0.0	0.0	0.0	0.0	0.0	0.0	0.0	0.0	0.0	0.0	0.0	0.04029237851500511	0.0	0.0	0.0	1.5965431928634644	1.116918683052063	0.0	0.3798508048057556	0.0	0.0	0.0	0.0	0.0	0.0	1.7173389196395874	0.0	0.8730633854866028	0.6058281660079956	0.0	0.0	0.6485195755958557	0.0	0.0	0.0	0.0	0.6037104725837708	0.0	1.404176115989685	0.0	0.0	0.0	0.6393154263496399	1.1610572338104248	0.5250785946846008	0.4140394926071167	0.0	0.0	1.1867032051086426	2.0784502029418945	0.0	0.0	0.0	0.0	0.0	1.5305384397506714	0.0	0.0	0.0	0.9479616284370422	0.9032984972000122	0.1403370201587677	0.0	1.4443587064743042	0.0	0.5510533452033997	0.4698476195335388	0.0	0.0	0.0	1.4623478651046753	0.0	0.0
0.0	0.0	0.0	0.0	2.1142611503601074	0.0	1.882331371307373	0.0	2.1290476322174072	1.6494970321655273	0.0	0.0	2.4140498638153076	1.737414002418518	1.350673794746399	1.4702316522598267	0.0	1.8545897006988525	1.1241205930709839	0.7778697609901428	0.0	1.3467754125595093	0.0	1.1878633499145508	0.0	0.0	0.704632043838501	1.8200854063034058	0.32365190982818604	1.9816858768463135	0.926943838596344	1.8760108947753906	0.0	0.8516107797622681	0.0	0.0	2.881925582885742	0.0	1.4502406120300293	1.4625215530395508	0.0	0.0	0.0	0.8051165342330933	0.0	0.0	0.6478049755096436	0.0	0.0	0.1319534331560135	0.0	0.0	0.0	1.7315635681152344	1.0400445461273193	0.0	0.0	0.0	1.7040270566940308	0.9905284643173218	0.0	0.0	0.0	0.8684045672416687	0.0	0.0	0.0	0.0	0.0	2.3164727687835693	1.0590885877609253	0.0	0.0	0.0	0.0	0.0	1.1535381078720093	0.6951952576637268	0.0	0.7406092286109924	0.0	0.0	0.0951600968837738	0.0	0.7264182567596436	0.0	2.737952709197998	0.0	1.2663763761520386	0.0	0.0	2.275522470474243	0.0	2.148012161254883	0.0	0.24177150428295135	0.7407530546188354	0.1135965883731842	0.0	0.0	0.0	0.0	0.0	2.680715322494507	0.0	0.0	0.0	0.0	0.0	0.0	0.0	0.0	0.0	0.0	0.0	0.0	0.40524375438690186	0.0	0.0	0.0	0.029604405164718628	0.9368972778320312	0.0	0.6776626706123352	0.0	0.0	0.0	0.0	0.0	0.0	0.0	0.0	1.2647480964660645	0.0	0.0	0.40527358651161194	1.4030882120132446	0.0	0.0	1.972359538078308	0.0	0.0	0.0	0.9136306643486023	0.0	0.0	1.4050613641738892	0.0	0.0	0.0	0.0	0.0	0.0	0.0	1.4362612962722778	0.0	0.0	1.8979145288467407	0.0	0.0	1.3490188121795654	0.0	0.3965558409690857	0.22760842740535736	2.3606138229370117	0.0	1.1344006061553955	1.0363086462020874	0.0	0.0	0.0	0.0	1.5422698259353638	0.0	0.11797408759593964	1.2649587392807007	0.0	0.0	0.0	0.0	1.1942858695983887	0.1616179347038269	0.0	0.0	0.8742960691452026	0.0	0.0	0.0	0.0	0.0	0.0	0.0	0.0	0.0	1.2261395454406738	0.0	0.8637129068374634	0.0	1.7883113622665405	2.660215139389038	0.0	0.17367473244667053	0.0	0.0	0.0	0.0	0.0	0.0	1.6711266040802002	0.0	0.3659231960773468	0.4480527639389038	0.0	0.0	1.0376522541046143	0.0	0.0	0.0	0.0	0.8705162405967712	0.0	1.1518394947052002	0.0	0.0	0.0	1.7151756286621094	0.8642473220825195	1.0385076999664307	2.1449129581451416	0.0	0.0	0.0	2.118711471557617	0.0	0.0	0.0	0.0	0.0	1.5549765825271606	0.0	0.0	0.0	2.0764052867889404	0.2556070387363434	1.6882144212722778	0.0	0.8206319212913513	0.0	2.371049404144287	1.927768588066101	0.0	0.0	0.0	0.7969552874565125	0.0	0.0
0.0	0.0	0.0	0.6349745988845825	1.6296511888504028	0.0	1.9329681396484375	0.0	1.4857162237167358	1.0912209749221802	0.0	0.0	1.4925589561462402	1.731369972229004	0.9076075553894043	1.550887107849121	0.0	1.4555014371871948	1.5559238195419312	0.6996082067489624	0.0	1.4367972612380981	0.0	1.0187828540802002	0.0	0.0	1.2411792278289795	0.5853132605552673	1.1438884735107422	1.6982048749923706	0.3145988881587982	0.6346490979194641	0.0	1.086552381515503	0.0	0.0	2.270181655883789	0.0	1.6089917421340942	1.3227170705795288	0.0	0.0	0.0	0.0	0.0	0.0	0.03829285502433777	0.0	0.0	0.0	0.0	0.0	0.0	1.1795493364334106	1.20920729637146	0.0	0.0	0.06289955228567123	1.2297288179397583	0.26506322622299194	0.0	0.0	0.0	0.8658381104469299	0.0	0.0	0.0	0.0	0.0	1.7483309507369995	1.4056978225708008	0.0	0.0	0.0	0.0	0.0	1.1023300886154175	0.7285873293876648	0.0	0.22467918694019318	0.0	0.0	0.5669898986816406	0.41351842880249023	1.4291808605194092	0.0	2.2813282012939453	0.0	0.2787353992462158	0.0	0.0	1.7668046951293945	0.0	1.4454549551010132	0.0	0.6989226341247559	0.4352819621562958	0.5535634756088257	0.0	0.0	0.0	0.0	0.0	1.66642165184021	0.0	0.0	0.7245715260505676	0.0	0.0	0.0	0.0	0.0	0.0	0.0	0.0	0.3526506721973419	0.7132827043533325	0.0	0.0	0.0	0.15921278297901154	1.489328145980835	0.0	0.2446359097957611	0.004214113112539053	0.6420890092849731	0.0	0.0	0.0	0.0	0.0	0.0	1.8218272924423218	0.0	0.0	0.5124911069869995	1.7383134365081787	0.0	0.0	0.5254254937171936	0.0	0.0	0.0	0.0	0.0	0.0	1.6060222387313843	0.0	0.0	0.09621943533420563	0.0	0.0	0.0	0.0	1.583844780921936	0.0	0.0	1.7257070541381836	0.0	0.0	1.776863694190979	1.0024718046188354	0.7425304055213928	0.6066719889640808	1.4089878797531128	0.0	0.35378724336624146	1.2553725242614746	0.0	0.0	0.0	0.0	1.4354324340820312	0.0	0.0	0.2887302339076996	0.0	0.0	0.0	0.0	0.43581339716911316	1.214548110961914	0.0	0.0	1.7506554126739502	0.0	0.0	0.0	0.0	0.0	0.0	0.0	0.0	0.0	1.7189027070999146	0.0	1.1152664422988892	0.0	0.9627748727798462	1.576136589050293	0.0	0.0	0.0	0.0	0.0	0.0	0.0	0.0	0.973203182220459	0.0	0.22358094155788422	0.8949514031410217	0.0	0.0	0.9832687973976135	0.0	0.0	0.0	1.1162241697311401	0.950960099697113	0.0	0.07278203964233398	0.0	0.0	0.0	2.0895841121673584	0.0	1.5294076204299927	1.9026093482971191	0.0	0.0	0.0	1.336965799331665	0.6830312609672546	0.0	0.0	0.0	0.0	1.4222275018692017	0.0	0.0	0.0	1.631706714630127	0.2126864194869995	1.5916465520858765	0.0	1.0404852628707886	0.0	0.7850457429885864	1.0495392084121704	0.0	0.0	0.0	0.0	0.0	0.0
0.0	0.0	0.0	0.0	2.5374417304992676	0.0	0.8055503964424133	0.0	2.803575277328491	0.4112696051597595	1.263425350189209	0.0	0.8167940378189087	1.2435417175292969	1.2977913618087769	2.279982566833496	0.7023130655288696	0.5570805072784424	0.0	0.0	0.0	0.7371999621391296	0.0	0.6973859667778015	0.0	0.0	0.0	0.4402737617492676	0.06078208237886429	1.2262235879898071	0.0	1.4199849367141724	0.0	0.0	0.0	0.0	1.5829616785049438	0.0	0.0	0.0	0.0	0.0	0.0	2.3605451583862305	0.0	0.0	1.0258042812347412	0.0	0.0	1.31461501121521	0.0	0.0	0.0	1.0567070245742798	0.22870109975337982	0.0	0.0	0.0	0.41873714327812195	1.0245909690856934	0.0	0.0	0.0	0.0	0.0	0.0	0.0	0.0	0.0	0.9592347741127014	0.13494989275932312	0.0	0.0	0.0	0.0	0.0	0.0	0.0	0.0	0.1965409815311432	0.0	0.0	0.7548906207084656	0.0	0.0	0.0	1.0862445831298828	0.0	2.3112361431121826	0.0	0.0	0.7470799088478088	0.0	0.0771791860461235	0.0	0.0	0.0	0.0	0.0	0.0	0.0	0.8709370493888855	0.0	1.0905992984771729	0.0	0.0	0.0	0.2792750597000122	0.0	1.0278737545013428	0.0	0.0	0.0	0.0	0.0	0.0	0.7462862133979797	0.0	0.5393775701522827	0.0	0.0	1.1685888767242432	0.0	0.5278531312942505	0.6506912112236023	0.9676449298858643	0.0	0.0	0.0	0.46162348985671997	0.0	0.0	1.2704635858535767	0.0	0.0	2.027754068374634	1.3879398107528687	0.0	0.0	0.13158954679965973	0.0	0.0	0.0	0.0	0.0	0.0	1.8357712030410767	0.0	0.0	0.0	0.0	0.3749080300331116	0.0	0.0	0.20660559833049774	0.0	0.0	2.9996163845062256	0.0	0.0	0.0	0.0	0.0	0.0	0.806273877620697	0.0	0.0	1.511244773864746	0.0	0.0	0.0	0.0	1.2738326787948608	0.0	0.3127155005931854	2.6683053970336914	1.4604871273040771	0.0	0.0	0.0	1.4379903078079224	0.0	0.0	0.0	0.0	0.0	0.0	0.0	0.0	0.0	0.0	0.0	0.0	0.0	0.0	0.0	0.0	0.0	2.4340617656707764	0.2777623236179352	0.0	0.3707568645477295	0.0	0.0	0.0	0.0	0.0	0.0	1.9127641916275024	0.0	1.4492181539535522	0.7239745855331421	0.0	0.0	1.0071828365325928	0.0	0.0	0.0	0.0	0.06062702089548111	0.5162357091903687	1.5102719068527222	0.0	0.0	0.0	0.45870405435562134	0.4188084006309509	0.21982325613498688	0.716144859790802	0.0	0.0	1.1378828287124634	2.841130018234253	0.0	0.0	0.0	0.0	0.0	2.5847606658935547	0.0	0.0	0.0	1.5596086978912354	1.9465316534042358	0.06157185137271881	0.0	1.5905588865280151	0.0	0.06447777152061462	0.9566240906715393	0.0	0.0	0.0	1.5246001482009888	0.0	0.0
0.0	0.0	0.0	0.0	1.6839679479599	0.0	1.1472431421279907	0.0	0.9181721806526184	0.5521225929260254	0.0	0.0	0.8027387857437134	1.3560680150985718	0.3424612283706665	0.7518696188926697	0.0	1.0218889713287354	0.16690422594547272	0.7553701996803284	0.0	0.0	0.0	0.9251705408096313	0.0	0.0	0.46851781010627747	1.8233270645141602	0.0	0.7315211296081543	0.4993089735507965	1.4175113439559937	0.0	0.09378035366535187	0.0	0.9064136147499084	0.792673647403717	0.0	0.39866164326667786	0.41223663091659546	0.0	0.0	0.0	0.48368039727211	0.0	0.0	0.0	0.0	0.0	0.3613782227039337	0.0	0.0	0.0	0.1541207730770111	0.0	0.0	0.0	0.0	0.8389784693717957	0.06613065302371979	0.0	0.0	0.0	1.0948495864868164	0.0	0.0	0.0	0.0	0.0	0.6441057324409485	0.5423769354820251	0.0	0.0	0.0	0.0	0.0	1.1065516471862793	0.27814334630966187	0.0	1.3504737615585327	0.0	0.0	0.13020601868629456	0.0	0.579150915145874	0.0	1.0406217575073242	0.0	1.0723685026168823	0.0	0.0	1.0548070669174194	0.0	0.9188756942749023	0.0	0.0	0.1749183088541031	1.097414255142212	0.0	0.0	0.0	0.0	0.0	0.4555164873600006	0.0	0.0	0.0	0.46802541613578796	0.0	0.03580882400274277	0.0	0.0	0.0	0.0	0.0	0.0	0.8331837058067322	0.0	0.11884243041276932	0.0	0.47845250368118286	1.0829551219940186	0.0	0.4491095542907715	0.0	0.48091933131217957	0.0	0.0	0.0	0.5467594265937805	0.1311056911945343	0.0	0.32456913590431213	0.0	0.0	0.3049347400665283	1.157150149345398	0.0	0.0	0.3681052029132843	0.0	0.0	0.0	1.0788390636444092	0.6387094259262085	0.0	1.271804690361023	0.0	0.0	0.07095205038785934	0.0	0.0	0.0	0.0	0.8227958083152771	0.0	0.0	0.9080173373222351	0.0	0.0	0.9356928467750549	0.0	0.39086711406707764	1.135343313217163	1.2724946737289429	0.0	0.2171395868062973	1.1622017621994019	0.0	0.0	0.0	0.0	0.49558448791503906	0.0	0.6622401475906372	0.691536545753479	0.0	0.0	0.0	0.0	1.3648654222488403	0.044961217790842056	0.0	0.0	0.21573831140995026	0.0	0.0	0.0	0.0	0.0	0.0	0.0	0.0	0.0	0.771140992641449	0.0	0.3874572515487671	0.0	1.4098142385482788	1.6218397617340088	0.0	0.19902454316616058	0.0	0.0	0.0	0.0	0.0	0.0	1.2022875547409058	0.0	0.7698460817337036	1.106213927268982	0.3079710304737091	0.0	0.0	0.0	0.0	0.0	0.0	1.0329251289367676	0.0	0.8381484150886536	0.0	0.0	0.0	0.541024923324585	1.1730107069015503	0.5383259654045105	1.0504306554794312	0.0	0.0	0.035385340452194214	1.0869696140289307	0.0	0.0	0.0	0.0	0.0	0.7647032737731934	0.0	0.0	0.0	1.1874719858169556	0.5669158101081848	0.7525368332862854	0.0	0.6412939429283142	0.0	1.488978624343872	1.2921674251556396	0.0	0.6059066653251648	0.0	0.4832054376602173	0.0	0.0
0.0	0.0	0.0	0.0	2.411186456680298	0.0	2.0944371223449707	0.0	0.8476914763450623	1.2917128801345825	0.0	0.0	1.7781028747558594	1.5194445848464966	1.2440648078918457	0.7658126354217529	0.0	1.5686447620391846	1.0401670932769775	1.095885992050171	0.189997136592865	1.3300399780273438	0.0	0.7569335103034973	0.0	0.0	1.2675578594207764	1.6092965602874756	0.9552614688873291	1.3536591529846191	0.3152399957180023	2.0557568073272705	0.0	1.2064646482467651	0.0	0.09638045728206635	2.9738330841064453	0.0	1.9968868494033813	1.6013801097869873	0.0	0.0	0.0	0.0	0.0	0.0	0.0	0.0	0.0	0.0	0.0	0.0	0.0	0.9893798828125	1.6096731424331665	0.0	0.0	0.0	1.8247190713882446	0.0	0.0	0.0	0.0	1.873060703277588	0.0	0.0	0.0	0.0	0.0	2.1065526008605957	1.4209014177322388	0.0	0.0	0.0	0.0	0.0	1.5621086359024048	0.39619913697242737	0.0	0.9135776162147522	0.0	0.0	0.0	0.2111838459968567	1.6189935207366943	0.0	2.142141342163086	0.0	0.16581915318965912	0.0	0.0	2.2956631183624268	0.0	2.7600698471069336	0.0	0.8192889094352722	0.588564395904541	1.16279137134552	0.0	0.0	0.0	0.0	0.0	2.2313427925109863	0.0	0.0	0.0	0.0	0.0	0.0	0.0	0.0	0.0	0.0	0.0	0.7082526683807373	1.3972400426864624	0.0	0.0	0.0	1.7394887208938599	1.2480195760726929	0.0	0.39472833275794983	0.0	0.4126763641834259	0.0	0.0	0.0	0.0	0.0	0.0	1.702990174293518	0.0	0.0	0.2806868553161621	1.7918974161148071	0.0	0.0	0.9021622538566589	0.0	0.0	0.0	0.0	0.0	0.0	1.2305196523666382	0.0	0.0	0.0	0.0	0.0	0.0	0.0	1.9309546947479248	0.0	0.0	1.5064808130264282	0.0	0.0	2.0931127071380615	0.5875845551490784	0.6706638336181641	0.9964559674263	1.7724542617797852	0.0	1.164178490638733	1.299240231513977	0.0	0.0	0.0	0.0	1.6595426797866821	0.0	0.0	0.0	0.0	0.0	0.0	0.0	1.038928747177124	0.6662166714668274	0.0	0.0	1.7971429824829102	0.0	0.0	0.0	0.0	0.0	0.0	0.0	0.0	0.0	0.9163917303085327	0.0	1.770330786705017	0.0	1.6437346935272217	2.050442934036255	0.0	0.0	0.0	0.0	0.0	0.0	0.0	0.0	1.1832128763198853	0.0	0.6348026394844055	1.4393421411514282	0.0	0.0	0.0035553318448364735	0.0	0.0	0.0	0.354049414396286	1.9374955892562866	0.0	0.5071008801460266	0.0	0.0	0.0	2.3152482509613037	0.623517632484436	1.2029043436050415	1.8559149503707886	0.0	0.0	0.0	1.485659122467041	0.6170620322227478	0.0	0.0	0.0	0.0	1.0890384912490845	0.0	0.0	0.0	1.6802631616592407	0.0	1.8766182661056519	0.0	1.0052615404129028	0.0	1.881419062614441	1.845220685005188	0.0	0.0	0.0	0.0	0.0	0.0
0.0	0.0	0.0	0.8149488568305969	1.311457872390747	0.0	2.2515625953674316	0.0	1.5206124782562256	0.9869791865348816	0.0	0.0	1.374319314956665	1.4571685791015625	0.5000433325767517	1.6966156959533691	0.0	2.15118145942688	1.5346384048461914	0.7677024602890015	0.0	1.5897488594055176	0.0	0.7563921809196472	0.0	0.0	1.0362378358840942	0.7927160859107971	1.8517224788665771	1.487131953239441	0.5374861359596252	0.196648508310318	0.0	0.9574524760246277	0.0	0.0	2.755866050720215	0.0	1.4821738004684448	1.1163606643676758	0.0	0.0	0.0	0.0	0.0	0.0	0.826208233833313	0.0	0.0	0.0	0.0	0.0	0.0	1.784827709197998	1.299918532371521	0.0	0.0	0.0	0.8982058167457581	0.44701576232910156	0.0	0.0	0.0	0.7430954575538635	0.0	0.0	0.0	0.0	0.0	2.126918315887451	1.2464491128921509	0.0	0.0	0.0	0.0	0.0	0.8562692999839783	0.6455307006835938	0.0	0.3102545142173767	0.0	0.0	0.8903935551643372	0.18817497789859772	1.9039289951324463	0.0	2.148216724395752	0.0	1.1335210800170898	0.0	0.0	1.602781057357788	0.0	1.7990058660507202	0.0	0.7840357422828674	0.18737004697322845	0.6408725380897522	0.0	0.0	0.0	0.0	0.0	1.3585736751556396	0.0	0.0	0.6691614985466003	0.0	0.0	0.0	0.0	0.0	0.0	0.0	0.0	0.8191401958465576	0.4513847827911377	0.0	0.0	0.0	0.7083966135978699	0.6020064949989319	0.0	0.0	0.24071399867534637	0.8325670957565308	0.0	0.0	0.0	0.0	0.0	0.0	2.036346673965454	0.0	0.0	0.19209644198417664	1.0861378908157349	0.0	0.0	0.0	0.0	0.0	0.0	0.0	0.0	0.0	2.297747850418091	0.0	0.0	0.36672425270080566	0.0	0.0	0.0	0.0	1.3472707271575928	0.0	0.0	2.106046199798584	0.0	0.0	2.0683536529541016	0.43089979887008667	0.5515671968460083	0.26481202244758606	1.1818329095840454	0.0	0.0	1.6983232498168945	0.0	0.0	0.0	0.0	1.7273705005645752	0.0	0.0	0.8329629898071289	0.0	0.0	0.0	0.0	0.4599788784980774	1.217421293258667	0.0	0.38805195689201355	1.9206714630126953	0.0	0.0	0.0	0.0	0.0	0.0	0.0	0.0	0.0	1.4194170236587524	0.0	1.558527946472168	0.0	1.8849663734436035	1.115025281906128	0.0	0.24612832069396973	0.0	0.0	0.0	0.0	0.0	0.0	0.5801433324813843	0.0	0.32238736748695374	0.8442671895027161	0.0	0.0	1.6615453958511353	0.0	0.0	0.0	0.8350334763526917	1.2500427961349487	0.06765186786651611	0.582420289516449	0.0	0.0	0.0	3.1062405109405518	0.0	1.8454338312149048	1.7601383924484253	0.0	0.0	0.0	1.4942717552185059	0.5874736905097961	0.0	0.0	0.0	0.0	1.704094648361206	0.0	0.0	0.0	2.4383127689361572	0.36622628569602966	1.537814736366272	0.0	0.8936060667037964	0.0	1.190482258796692	1.0056061744689941	0.0	0.0	0.0	0.0	0.0	0.0
0.0	0.0	0.0	0.8789821267127991	1.203006386756897	0.0	2.0331265926361084	0.0	3.2210021018981934	1.439270257949829	0.595146894454956	0.0	1.6005595922470093	2.1898958683013916	1.139308214187622	2.848336696624756	0.0	1.7821956872940063	0.9341999292373657	0.10062078386545181	0.0	1.3241788148880005	0.0	1.7521706819534302	0.0	0.0	0.2808714509010315	0.4368944466114044	1.0278990268707275	2.286590099334717	0.35434606671333313	0.049981266260147095	0.0	0.2408924400806427	0.0	0.0	1.9790157079696655	0.0	0.445069819688797	1.0511987209320068	0.0	0.0	0.0	0.5777398943901062	0.0	0.0	1.59928560256958	0.0	0.0	0.7267040014266968	0.0	0.0	0.0	1.4669911861419678	0.160808265209198	0.0	0.0	0.0	0.3366645276546478	0.8394608497619629	0.0	0.0	0.0	0.0	0.0	0.0	0.0	0.0	0.0	1.6831310987472534	1.621881365776062	0.0	0.0	0.0	0.0	0.0	0.6276759505271912	1.019182562828064	0.0	0.0	0.0	0.0	0.9947295188903809	0.0744435116648674	1.2252180576324463	0.0	2.1534268856048584	0.0	1.9972273111343384	0.0	0.0	1.13818359375	0.0	0.2839159369468689	0.0	0.0	0.0	0.0	0.0	0.0	0.0	0.006327057722955942	0.0	1.2944937944412231	0.0	0.0	0.7083041667938232	0.0	0.0	0.0	0.0	0.0	0.0	0.0	0.0	0.0	1.2673883438110352	0.0	0.0	0.0	0.1101452186703682	1.342949628829956	0.0	0.0	0.21297545731067657	1.0965291261672974	0.0	0.0	0.0	0.26053738594055176	0.0	0.0	0.8727840781211853	0.0	0.0	1.738999843597412	1.7540377378463745	0.0	0.0	0.0	0.0	0.0	0.0	0.4026312828063965	0.0	0.0	2.944411516189575	0.0	0.0	0.1763884276151657	0.0	0.29539018869400024	0.0	0.0	0.03414621949195862	0.0	0.0	3.2961206436157227	0.0	0.0	0.8612449765205383	0.28471821546554565	0.4475562572479248	0.6513816714286804	1.576839804649353	0.0	0.0	1.8165879249572754	0.0	0.0	0.0	0.0	1.4319475889205933	0.0	0.6950895190238953	1.292012333869934	0.1278916299343109	0.0	0.0	0.0	1.2367316484451294	0.0	0.0	0.0	0.8545788526535034	0.0	0.0	0.0	0.0	0.0	0.0	0.0	0.0	0.0	1.3904391527175903	0.0	0.38513410091400146	0.0	2.161902904510498	1.022297739982605	0.0	0.5149582624435425	0.0	0.0	0.0	0.0	0.0	0.0	2.1490442752838135	0.0	1.03794527053833	0.6688261032104492	0.0	0.0	2.092233180999756	0.0	0.0	0.0	0.0	0.9035291075706482	0.17972949147224426	0.787541925907135	0.0	0.0	0.0	1.6678693294525146	0.25785794854164124	1.322913408279419	1.5959410667419434	0.0	0.0	0.35368674993515015	2.5559887886047363	0.3134048283100128	0.0	0.0	0.0	0.0	2.917292356491089	0.0	0.0	0.0	2.0185093879699707	1.4412320852279663	0.5741955637931824	0.0	1.5105116367340088	0.0	1.0033278465270996	1.2366089820861816	0.0	0.0	0.0	1.4911670684814453	0.0	0.0
0.0	0.0	0.0	0.7225456237792969	1.9441152811050415	0.0	1.840645670890808	0.0	1.4975706338882446	1.113352656364441	0.0	0.0	1.2077276706695557	2.143724203109741	0.9134551286697388	1.9589686393737793	0.0	2.1273725032806396	1.504542589187622	0.6452013850212097	0.0	1.2276930809020996	0.0	1.0482425689697266	0.0	0.0	0.8955812454223633	0.8666168451309204	0.5731936693191528	1.5956215858459473	0.5857934951782227	0.7214239835739136	0.0	1.2881215810775757	0.0	0.0	2.3207333087921143	0.0	1.6155920028686523	1.6514228582382202	0.0	0.0	0.0	0.0	0.0	0.0	0.13792240619659424	0.0	0.0	0.0	0.0	0.0	0.0	1.4116218090057373	1.2630876302719116	0.0	0.0	0.09326858073472977	1.031442403793335	0.5614312887191772	0.0	0.0	0.0	0.0	0.0	0.0	0.0	0.0	0.0	1.7619761228561401	1.6213220357894897	0.0	0.0	0.0	0.0	0.0	1.1324807405471802	0.5230696797370911	0.0	0.5583027005195618	0.0	0.0	0.7143208980560303	0.18448103964328766	0.6941644549369812	0.0	2.149024724960327	0.0	0.40518268942832947	0.0	0.0	1.989328384399414	0.0	1.4018841981887817	0.0	0.0	0.5144931674003601	0.0	0.0	0.0	0.0	0.05985800176858902	0.0	1.5217700004577637	0.0	0.0	0.14085258543491364	0.0	0.0	0.0	0.0	0.0	0.0	0.0	0.0	0.0	0.3731573820114136	0.0	0.0	0.0	0.05431390181183815	1.582574486732483	0.0	0.11805301904678345	0.006742227356880903	0.4732016921043396	0.0	0.0	0.0	0.0	0.0	0.0	1.321516752243042	0.0	0.0	0.915046215057373	1.1915594339370728	0.0	0.0	0.6951559782028198	0.0	0.0	0.0	0.658589243888855	0.0	0.0	1.908046007156372	0.0	0.0	1.110998511314392	0.0	0.0	0.0	0.0	0.9642643928527832	0.0	0.0	1.8015227317810059	0.0	0.0	0.897582471370697	0.0	0.4031217694282532	0.5562871694564819	1.4133044481277466	0.0	0.0	1.3743289709091187	0.0	0.0	0.0	0.0	1.5077564716339111	0.0	0.30079424381256104	0.82444828748703	0.0	0.0	0.0	0.0	1.054768681526184	0.4341503083705902	0.0	0.0	1.319732427597046	0.0	0.0	0.0	0.0	0.0	0.0	0.0	0.0	0.0	1.5290731191635132	0.0	0.8078666925430298	0.0	1.5019488334655762	1.400051474571228	0.0	0.022642986848950386	0.0	0.0	0.0	0.0	0.0	0.0	1.0843991041183472	0.0	0.5658318400382996	0.44452446699142456	0.0	0.0	1.1419193744659424	0.0	0.0	0.0	0.3846433162689209	0.837780237197876	0.0	0.3773198127746582	0.0	0.0	0.0	1.8753511905670166	0.21429374814033508	1.331231713294983	2.02131724357605	0.0	0.0	0.0	2.211867570877075	0.0	0.0	0.0	0.0	0.0	1.681837797164917	0.0	0.0	0.0	2.061816692352295	0.8069090247154236	0.8751412630081177	0.0	1.070016622543335	0.0	0.2584768533706665	1.4401109218597412	0.0	0.0	0.0	0.09303749352693558	0.0	0.0
