0.0	0.0	0.0	0.0	0.7681793570518494	0.0	0.6156055927276611	0.0	1.448797583580017	0.8001395463943481	0.0	0.0	0.3508904278278351	0.9125974774360657	0.0	3.10231351852417	0.0	0.4381692409515381	0.8938802480697632	0.6882631182670593	0.0	1.343438982963562	0.0	0.07111972570419312	0.0	0.0	0.6168537735939026	0.7642318606376648	0.469330370426178	0.9141939282417297	0.5818160772323608	0.2661854922771454	0.0	0.22153764963150024	0.0	0.9377499222755432	1.8181114196777344	0.0	1.2708137035369873	1.576472282409668	0.0	0.0	0.0	0.0	0.0	0.0	0.14924222230911255	0.0	0.0	0.0	0.0	0.0	0.0	0.4867829382419586	0.575070321559906	0.0	0.0	0.0	1.2915674448013306	0.3689890205860138	0.0	0.0	0.0	0.0	0.0	0.0	0.0	0.0	0.0	1.5795657634735107	1.4871490001678467	0.0	0.0	0.0	0.0	0.0	0.8859074711799622	0.0	0.0	0.6043875813484192	0.0	0.0	1.0924797058105469	0.19932274520397186	2.1970276832580566	0.0	1.6357107162475586	0.0	0.7040058970451355	0.0	0.0	0.9709975719451904	0.0	2.013976573944092	0.0	0.0	1.9322662353515625	0.3709765076637268	0.0	0.0	0.0	0.009220895357429981	0.0	0.9195989370346069	0.0	0.0	0.39438775181770325	0.0	0.0	0.004667493514716625	0.0	0.0	0.0	0.0	0.0	0.0	0.3748110234737396	0.0	0.049061402678489685	0.0	1.1744482517242432	0.990044116973877	0.0	0.33456069231033325	0.0	1.6217108964920044	0.0	0.0	0.0	0.1070365235209465	0.0	0.0	0.3519498407840729	0.0	0.0	0.9108184576034546	0.9775426983833313	0.0	0.0	1.0245230197906494	0.0	0.0	0.0	0.0	0.0	0.0	0.6474320888519287	0.0	0.0	0.0	0.0	0.7733355164527893	0.0	0.0	0.7589695453643799	0.0	0.0	2.410134792327881	0.0	0.0	0.11381116509437561	0.7368307113647461	0.0	1.1156660318374634	0.7869260311126709	0.0	0.0	1.2280995845794678	0.0	0.0	0.0	0.0	0.5340402722358704	0.0	1.382051944732666	1.0969393253326416	0.0	0.0	0.0	0.0	2.5156474113464355	0.8460450768470764	0.0	0.0	0.0	0.0	0.0	0.0	0.0	0.0	0.0	0.0	0.0	0.0	0.7525419592857361	0.0	1.255584478378296	0.0	1.4188265800476074	0.0	0.0	0.2510666847229004	0.0	0.0	0.0	0.0	0.0	0.0	4.250528335571289	0.0	1.7777396440505981	0.7081222534179688	0.11369474977254868	0.0	0.0	0.0	0.0	0.0	1.9492223262786865	0.5819862484931946	1.1665743589401245	2.5264909267425537	0.0	0.0	0.0	1.3805538415908813	0.0	2.0856270790100098	1.1128499507904053	0.0	0.0	0.2598280608654022	0.6057665944099426	1.8098077774047852	0.0	0.0	0.0	0.0	0.3492187559604645	0.0	0.0	0.0	0.6497888565063477	1.2164150476455688	0.9167681336402893	0.0	1.823634147644043	0.0	1.29099440574646	0.272219717502594	0.0	0.6338285803794861	0.0	1.8941454887390137	0.0	0.0
0.0	0.0	0.0	1.3551685810089111	0.0851159542798996	0.0	1.6073442697525024	0.0	1.4693411588668823	1.0401623249053955	0.0	0.0	1.7458033561706543	1.438360571861267	0.0	2.6602842807769775	0.0	0.8646326065063477	1.7478018999099731	0.36023232340812683	0.332770437002182	1.801455020904541	0.0	0.7318756580352783	0.0	0.0	1.267775297164917	0.23739036917686462	1.124599575996399	1.319565773010254	1.399401068687439	0.0	0.0	0.33147484064102173	0.0	0.5613072514533997	1.5461186170578003	0.0	1.7097761631011963	1.1921659708023071	0.0	0.0	0.0	0.0	0.0	0.0	0.7152304649353027	0.0	0.0	0.0	0.0	0.0	0.0	0.9115917682647705	1.4057307243347168	0.0	0.0	0.0	1.7270677089691162	0.8044010400772095	0.0	0.0	0.0	0.0	0.0	0.0	0.0	0.0	0.0	1.7913613319396973	1.5747971534729004	0.0	0.0	0.0	0.0	0.0	1.1297962665557861	0.2091064304113388	0.0	0.8061724305152893	0.0	0.0	1.4624711275100708	1.5811080932617188	2.188481092453003	0.0	2.339803457260132	0.0	0.5536790490150452	0.0	0.0	1.0217909812927246	0.0	0.9688218235969543	0.0	0.5636099576950073	1.9830820560455322	0.16760903596878052	0.0	0.0	0.0	0.05022953450679779	0.0	1.3327646255493164	0.0	0.0	1.7331589460372925	0.0	0.0	0.0	0.0	0.0	0.0	0.0	0.0	0.0	0.07221363484859467	0.0	0.0	0.0	0.0	0.7157873511314392	0.0	0.0	0.3252128064632416	0.4851135015487671	0.0	0.0	0.0	0.0	0.0	0.0	0.410444438457489	0.0	0.0	0.0	0.7192974090576172	0.0	0.0	1.0382611751556396	0.0	0.0	0.0	0.6424311995506287	0.10117947310209274	0.0	0.9075382351875305	0.0	0.0	0.08794879913330078	0.0	0.0	0.0	0.0	1.2433338165283203	0.0	0.0	1.5494787693023682	0.0	0.0	0.40005356073379517	1.1758724451065063	0.24718202650547028	1.0282855033874512	0.9666134119033813	0.0	0.0	0.5977593660354614	0.0	0.0	0.0	0.0	1.2371633052825928	0.0	2.110785961151123	0.5863916277885437	0.0	0.0	0.0	0.0	0.7008311748504639	1.635202407836914	0.0	0.0	1.0900217294692993	0.0	0.0	0.0	0.0	0.0	0.0	0.0	0.0	0.0	0.9502807855606079	0.0	1.9854782819747925	0.0	0.35985875129699707	0.5822924971580505	0.0	0.6138411164283752	0.0	0.0	0.0	0.0	0.0	0.0	1.7897017002105713	0.0	0.0	0.46459487080574036	0.259926974773407	0.0	0.8044642806053162	0.0	0.0	0.0	2.5085501670837402	1.2345731258392334	0.7764415144920349	1.0234466791152954	0.0	0.0	0.0	1.776151418685913	0.0	2.3095808029174805	1.7211472988128662	0.0	0.0	0.0	0.0	2.0897703170776367	0.0	0.0	0.0	0.0	0.21878762543201447	0.0	0.0	0.0	1.1520510911941528	0.2245616465806961	1.3641592264175415	0.0	0.5289179682731628	0.0	0.8152741193771362	0.7423942685127258	0.0	1.5592318773269653	0.0	0.7210351824760437	0.0	0.0
0.0	0.0	0.0	0.6102902889251709	1.0561739206314087	0.0	0.0	0.0	1.4750174283981323	0.8559470176696777	1.517369270324707	0.0	0.793258011341095	0.0	0.0	3.166226625442505	0.0	0.0	0.6033644080162048	0.0	0.0	1.6683863401412964	0.0	0.0	0.0	0.0	0.38483455777168274	0.0	0.0	0.08116555958986282	0.0	0.7788142561912537	0.0	0.0	0.0	1.3003095388412476	0.6511968970298767	0.0	1.1712427139282227	0.0036000371910631657	0.0	0.0	0.0	0.0	0.0	0.0	0.24280060827732086	0.0	0.0	0.10424917191267014	0.0	0.0	0.0	0.5672478079795837	1.278218388557434	0.0	0.0	0.0	0.9986116886138916	0.2054443508386612	0.0	0.0	0.0	0.0	0.0	0.0	0.0	0.0	0.0	1.179891586303711	0.9739351868629456	0.0	0.0	0.01532736700028181	0.0	0.0	1.074138879776001	0.0	0.0	0.2409459501504898	0.0	0.0	0.9840331673622131	0.8828165531158447	1.1251088380813599	0.0	1.3756918907165527	0.0	0.6836977601051331	0.0	0.0	0.4022320508956909	0.0	0.9479566216468811	0.0	0.593357503414154	1.4509750604629517	0.11170350760221481	0.0	0.0	0.0	0.6131706833839417	0.0	1.299804925918579	0.0	0.0	0.5251256823539734	0.0	0.0	0.4738309681415558	0.0	0.0	0.0	0.0	0.0	0.0	0.0	0.0	0.6957848072052002	0.0	0.0	0.5427300333976746	0.0	0.5783538818359375	0.26308348774909973	0.5271462202072144	0.0	0.0	0.0	0.49794456362724304	0.0	0.0	0.0	0.0	0.0	0.403516560792923	0.4271348714828491	0.0	0.0	1.3830646276474	0.0	0.0	0.0	0.001955913146957755	0.0	0.0	0.28173473477363586	0.0	0.0	0.0	0.0	1.1005961894989014	0.0	0.0	1.2915363311767578	0.0	0.0	1.7847461700439453	0.0	0.0	0.0	0.7282701134681702	0.0	0.640281081199646	1.0574147701263428	0.0	0.14082084596157074	0.9110226631164551	0.0	0.0	0.0	0.0	0.5310817360877991	0.0	1.6317366361618042	1.4297508001327515	0.8322762846946716	0.0	0.0	0.0	1.035117506980896	1.1421242952346802	0.0	0.0	0.5114852786064148	0.0	0.0	0.0	0.0	0.0	0.0	0.0	0.0	0.0	0.32813191413879395	0.0	1.1435235738754272	0.0	0.4838908910751343	0.0	0.0	0.7580060958862305	0.0	0.0	0.0	0.0	0.0	0.0	2.1941490173339844	0.0	0.9846426248550415	0.8085904121398926	0.1900247484445572	0.0	0.0	0.0	0.0	0.0	1.2790461778640747	0.38449984788894653	0.9755683541297913	1.6514873504638672	0.0	0.0	0.0	1.4788546562194824	0.47653040289878845	1.4831428527832031	0.7197949886322021	0.0	0.0	0.5800690650939941	0.8254257440567017	1.3543462753295898	0.0	0.0	0.0	0.0	0.6083727478981018	0.0	0.0	0.0	0.6743940711021423	0.7325273752212524	0.9326164722442627	0.0	0.6867679357528687	0.0	1.2384817600250244	0.0	0.0	2.566859483718872	0.0	1.6227537393569946	0.0	0.0
0.0	0.0	0.0	0.0	0.3329661190509796	0.0	0.6350142359733582	0.0	1.0167016983032227	1.5243357419967651	0.11101040244102478	0.0	1.1367309093475342	0.653175950050354	0.0	1.8413416147232056	0.0	0.38508257269859314	1.1522375345230103	1.461851716041565	0.4047137200832367	1.2255858182907104	0.0	0.5470696091651917	0.0	0.0	0.6242794990539551	0.5523590445518494	0.7723433375358582	0.8141701817512512	0.6660947799682617	0.7795695066452026	0.0	0.8718025088310242	0.0	0.6118662357330322	1.5142258405685425	0.0	1.530513882637024	1.4427155256271362	0.0	0.0	0.0	0.0	0.0	0.0	0.11098633706569672	0.0	0.0	0.0	0.0	0.0	0.0	0.637566864490509	1.5181139707565308	0.0	0.0	0.2175140231847763	1.5956847667694092	0.0	0.0	0.0	0.0	0.37766337394714355	0.0	0.0	0.0	0.0	0.0	1.8275666236877441	0.2106635719537735	0.0	0.0	0.0	0.0	0.0	0.7769061326980591	0.01681872271001339	0.0	1.01974356174469	0.0	0.0	0.20446822047233582	0.5612843036651611	2.093386173248291	0.0	1.6456488370895386	0.0	0.0	0.0	0.0	1.194022297859192	0.0	2.0157577991485596	0.0	0.7555241584777832	1.4189578294754028	0.37920352816581726	0.0	0.0	0.0	0.19855812191963196	0.0	1.3478691577911377	0.0	0.0	0.21860754489898682	0.0	0.0	0.0	0.0	0.0	0.0	0.0	0.0	0.0	0.5361387133598328	0.0	0.2864591181278229	0.0	1.1593797206878662	0.5328806638717651	0.0	0.36844030022621155	0.0	1.1224530935287476	0.0	0.0	0.0	0.0	0.0	0.0	0.45523136854171753	0.0	0.0	0.0	0.592697024345398	0.0	0.0	1.0131357908248901	0.0	0.0	0.0	0.1083507239818573	0.8470420241355896	0.0	0.36587509512901306	0.0	0.0	0.0	0.0	0.11683349311351776	0.0	0.0	1.5606999397277832	0.0	0.0	1.0164580345153809	0.0	0.0	0.22263331711292267	0.8331317901611328	0.14714695513248444	0.5952491760253906	1.282210350036621	0.0	0.7532726526260376	0.8395475149154663	0.0	0.0	0.0	0.0	0.6515011191368103	0.0	1.3185920715332031	0.748638927936554	0.0	0.0	0.0	0.0	0.7396566867828369	1.2267839908599854	0.0	0.0	0.5786660313606262	0.0	0.0	0.0	0.0	0.0	0.0	0.0	0.0	0.0	0.9624992609024048	0.0	2.098449230194092	0.0	0.9437642097473145	0.6819728016853333	0.0	0.0	0.0	0.0	0.0	0.0	0.0	0.0	1.8580514192581177	0.0	0.5645352005958557	0.23182253539562225	0.1363247185945511	0.0	0.0	0.0	0.0	0.0	0.8737971782684326	1.5918693542480469	0.11850893497467041	1.7552660703659058	0.0	0.0	0.0	1.3084114789962769	0.4959243834018707	1.5100700855255127	1.513136863708496	0.0	0.0	0.0	0.0	1.1812540292739868	0.0	0.0	0.0	0.0	0.0952768623828888	0.0	0.0	0.0	0.3162495791912079	0.0	1.1292498111724854	0.0	0.48279550671577454	0.0	1.5340231657028198	1.1620051860809326	0.0	1.6762747764587402	0.0	0.6690236330032349	0.0	0.0
0.0	0.0	0.0	0.0	1.6845146417617798	0.0	0.0	0.0	1.0356674194335938	0.0	1.568851351737976	0.0	0.0	0.0	0.0	2.2252326011657715	0.0	0.0	0.42928433418273926	0.7102223038673401	0.0	1.781936764717102	0.0	0.0	0.0	0.0	0.4195888638496399	1.2841129302978516	0.0	0.02999151684343815	0.0	2.128908395767212	0.0	0.1076180562376976	0.0	0.8912926316261292	0.7892149686813354	0.0	1.2016464471817017	0.20189936459064484	0.0	0.0	0.0	0.0	0.0	0.0	0.2964324653148651	0.0	0.0	0.5649096965789795	0.0	0.0	0.0	0.08649250864982605	0.5610154271125793	0.0	0.0	0.0	1.0371845960617065	0.39123713970184326	0.0	0.0	0.0	0.0	0.0	0.0	0.0	0.0	0.0	1.4276937246322632	0.1896040290594101	0.0	0.0	0.3537466824054718	0.0	0.0	0.06136326119303703	0.0	0.0	0.5967981815338135	0.0	0.0	0.6837441325187683	0.5259540677070618	1.4949268102645874	0.0	0.7619274854660034	0.0	0.0	0.0	0.0	0.13701143860816956	0.0	1.3012781143188477	0.0	0.40104031562805176	0.6936122179031372	0.0	0.0	0.0	0.0	1.0482019186019897	0.0	1.0529292821884155	0.0	0.0	0.17355965077877045	0.0	0.0	0.5204762816429138	0.0	0.0	0.0	0.0	0.0	0.0	0.0	0.0	1.041399598121643	0.0	0.15967141091823578	0.0	0.0	1.618894100189209	0.033107269555330276	0.5555315017700195	0.0	0.0	0.0	0.5619150400161743	0.0	0.0	0.6140471696853638	0.0	0.0	0.8355501890182495	0.9404914975166321	0.0	0.0	0.39541783928871155	0.0	0.0	0.0	0.0	0.0	0.0	0.0	0.0	0.0	0.15190711617469788	0.0	1.0385862588882446	0.0	0.0	1.5805987119674683	0.0	0.0	1.0951595306396484	0.0	0.0	0.5953252911567688	0.7325305938720703	0.0	0.4073420464992523	1.0877912044525146	0.0	1.0800971984863281	0.915641188621521	0.0	0.0	0.0	0.0	0.08070798218250275	0.0	0.0	1.9565012454986572	0.9592203497886658	0.0	0.0	0.0	0.9897297620773315	0.0	0.0	0.0210542194545269	0.2520937919616699	0.0	0.0	0.0	0.0	0.0	0.0	0.0	0.0	0.0	0.25818634033203125	0.0	1.6262829303741455	0.0	0.6217226982116699	0.0	0.0	0.5547428131103516	0.0	0.0	0.0	0.0	0.0	0.0	2.6861860752105713	0.0	0.8717596530914307	0.27778178453445435	0.0	0.0	0.0	0.0	0.0	0.0	1.6466268301010132	0.11898387223482132	0.8875678181648254	1.0434749126434326	0.0	0.0	0.0	1.0106921195983887	0.26399150490760803	0.8091371655464172	0.39715227484703064	0.0	0.0	0.05049367994070053	0.25915706157684326	0.38418152928352356	0.0	0.0	0.0	0.0	0.007194449659436941	0.0	0.0	0.0	0.11272325366735458	0.8667278289794922	1.0723636150360107	0.0	1.091322422027588	0.0	1.3044300079345703	0.0	0.0	0.6141932010650635	0.0	1.491894245147705	0.0	0.0
0.0	0.0	0.0	0.3858604431152344	0.6982647776603699	0.0	0.2604788839817047	0.0	2.145369529724121	0.0	1.9851223230361938	0.0	0.0	0.9758890271186829	0.0	4.135197639465332	0.0	0.29308581352233887	0.7384920120239258	0.6039621829986572	0.0	0.0	0.0	0.0	0.0	0.0	0.6615422964096069	0.0	0.6149505376815796	1.022899866104126	0.6691295504570007	1.806533932685852	0.0	0.0	0.0	0.0	1.1823564767837524	0.0	1.4967595338821411	0.4074404835700989	0.0	0.0	0.0	0.0	0.0	0.0	2.558645248413086	0.0	0.0	0.0	0.0	0.0	0.0	0.5230380296707153	0.8707602620124817	0.0	0.0	0.0	0.2544954717159271	1.391484022140503	0.0	0.0	0.0	0.0	0.0	0.0	0.0	0.0	0.0	1.1183531284332275	0.5882678627967834	0.0	0.0	0.3573256731033325	0.0	0.0	0.0	0.0	0.0	0.0	0.0	0.0	2.287670850753784	0.0	0.6630772948265076	0.0	1.5680533647537231	0.0	1.053490161895752	0.0	0.0	0.0	0.0	0.8229857683181763	0.0	0.0	0.5827109813690186	0.0	0.0	0.0	0.0	2.2992630004882812	0.0	0.21915486454963684	0.0	0.0	0.6856464147567749	0.0	0.0	0.7703238725662231	0.0	0.0	0.0	0.0	0.8575015068054199	0.0	0.0	0.0	1.2701565027236938	0.0	0.21333357691764832	1.0694619417190552	0.0	0.3425312638282776	0.9234116077423096	0.9739554524421692	0.0	0.0	0.0	0.24159328639507294	0.0	0.0	0.3442561626434326	0.0	0.0	1.1742850542068481	0.5455383062362671	0.0	0.0	0.0	0.0	0.0	0.0	0.0	0.0	0.0	1.2657049894332886	0.0	0.0	0.0	0.0	0.6379790902137756	0.0	0.0	0.0	0.0	0.0	2.2731239795684814	0.0	0.0	0.15772782266139984	0.0	0.0	0.5904125571250916	0.0	0.0	0.3996584117412567	0.36494016647338867	0.0	0.0	0.0	0.0	0.8463808298110962	0.0	0.0	3.433133363723755	1.8697954416275024	0.0	0.0	0.0	1.2038068771362305	0.6578191518783569	0.0	0.06050945445895195	0.623288631439209	0.0	0.0	0.0	0.0	0.0	0.0	0.0	0.0	0.0	0.5513928532600403	0.0	1.7228859663009644	0.0	0.8786018490791321	0.0	0.0	2.4867732524871826	0.0	0.0	0.0	0.0	0.0	0.0	2.4939162731170654	0.0	0.4440094232559204	1.3755803108215332	0.0	0.0	0.5697110891342163	0.0	0.0	0.0	1.3354002237319946	0.0	1.3027641773223877	2.176067590713501	0.0	0.0	0.0	0.34229516983032227	0.0	1.3759238719940186	0.1333320438861847	0.0	0.0	0.0	0.12245629727840424	1.086342453956604	0.0	0.0	0.0	0.0	0.9951134920120239	0.0	0.0	0.0	1.0554029941558838	2.314242124557495	0.0	0.0	2.573819160461426	0.0	0.0	0.0	0.0	0.0	0.0	1.7897021770477295	0.0	0.0
0.0	0.0	0.0	0.0	0.8701924681663513	0.0	0.2738271951675415	0.0	0.7285609841346741	0.8485788702964783	0.04753156751394272	0.0	0.6509304642677307	0.9658620953559875	0.6337506175041199	1.056599497795105	0.0	0.010820744559168816	0.2510831654071808	0.6551441550254822	0.1470385640859604	0.0	0.0	1.0619081258773804	0.0	0.0	0.5677087903022766	0.8224274516105652	0.21525165438652039	0.502472460269928	0.4734383821487427	0.6975235342979431	0.0	0.0	0.0	0.8012451529502869	0.36763420701026917	0.0	0.5008801221847534	0.5709187388420105	0.0	0.0	0.0	0.0	0.0	0.0	0.0	0.0	0.0	0.9006677865982056	0.0	0.0	0.0	0.0	0.13097773492336273	0.0	0.0	0.889570951461792	0.8613381385803223	0.0	0.0	0.0	0.0	0.5552067160606384	0.0	0.0	0.0	0.0	0.0	0.11171691119670868	1.0154725313186646	0.0	0.0	0.459588885307312	0.0	0.0	0.6328039169311523	0.36379799246788025	0.0	0.8108731508255005	0.0	0.0	0.3005219101905823	0.0	0.9624986052513123	0.0	0.5417758822441101	0.0	0.04424243047833443	0.0	0.0	0.6698765158653259	0.0	0.6442561745643616	0.0	0.37476846575737	0.9073337316513062	0.9335880279541016	0.0	0.4821178615093231	0.0	0.0	0.0	0.0	0.0	0.0	0.1730554848909378	0.5414829254150391	0.0	0.0	0.0	0.0	0.0	0.0	0.0	0.0	0.9481672644615173	0.0	0.026263846084475517	0.0	0.3330703675746918	0.8335103988647461	0.0	0.2341817170381546	0.0	0.960605263710022	0.0529850572347641	0.0	0.0	0.22755777835845947	0.10163246095180511	0.0	0.5950452089309692	0.0	0.0	0.7367990016937256	0.7220543622970581	0.0	0.0	0.0	0.0	0.0	0.0	0.9581520557403564	0.9143642783164978	0.0	0.442299485206604	0.0	0.0	0.0	0.0	0.6640436053276062	0.0	0.0	0.5052222609519958	0.0	0.0	1.0576130151748657	0.0	0.0	0.27169954776763916	0.5435067415237427	0.34591978788375854	1.014521837234497	0.4698219895362854	0.0	0.1142023503780365	1.0763505697250366	0.0	0.0	0.0	0.0	0.0	0.0	1.3026930093765259	0.024831825867295265	0.0	0.0	0.0	0.5993176698684692	1.072043776512146	0.5643487572669983	0.0	0.0	0.28926798701286316	0.0	0.0	0.0	0.0	0.0	0.0	0.0	0.0	0.0	0.7113808989524841	0.0	0.5455468893051147	0.0	0.6597548127174377	0.524415135383606	0.0	0.0	0.0	0.0	0.0	0.0	0.0	0.0	1.8169288635253906	0.0	0.7592992186546326	1.2162868976593018	0.7359980940818787	0.0	0.0	0.0	0.0	0.0	0.6938736438751221	0.8036225438117981	0.0	1.0820437669754028	0.0	0.0	0.0	0.0	0.9637202024459839	0.5758023262023926	0.7172120809555054	0.0	0.0	0.230063796043396	0.8108637928962708	0.7494413256645203	0.0	0.0	0.0	0.0	0.6192425489425659	0.0	0.0	0.0	0.3156934082508087	0.0	0.7404127717018127	0.0	1.0968694686889648	0.0	0.6822728514671326	0.38071855902671814	0.0	1.7320747375488281	0.0	0.3509814441204071	0.0	0.0
0.0	0.0	0.0	0.08189062029123306	0.9364830255508423	0.0	0.1458178013563156	0.0	0.9229252338409424	0.4285602271556854	0.6285791397094727	0.0	0.8178642988204956	0.0	0.0	1.9085699319839478	0.0	0.13618454337120056	0.15468686819076538	0.5923163890838623	0.0	1.3718864917755127	0.0	0.0	0.0	0.0	0.6467101573944092	0.6543763875961304	0.0	0.5207540392875671	0.19777986407279968	0.9629805088043213	0.0	0.0	0.0	1.195062279701233	0.8438130617141724	0.0	1.4581575393676758	0.6421549320220947	0.0	0.0	0.0	0.0	0.0	0.0	0.0	0.0	0.0	0.0	0.0	0.0	0.0	0.20043623447418213	1.2020015716552734	0.0	0.0	0.0	1.7198822498321533	0.3044555187225342	0.0	0.0	0.0	0.5608389377593994	0.0	0.0	0.0	0.0	0.0	1.5809917449951172	0.9495818614959717	0.0	0.0	0.6488953828811646	0.0	0.0	0.5891087055206299	0.0	0.0	0.5729255080223083	0.0	0.0	0.21765904128551483	0.2500845789909363	0.8161941766738892	0.0	1.2224119901657104	0.0	0.09799283742904663	0.0	0.0	0.8195524215698242	0.0	1.3535505533218384	0.0	0.23842814564704895	1.1903423070907593	0.3303835988044739	0.0	0.0	0.0	0.29665407538414	0.0	1.3033198118209839	0.0	0.0	0.30227792263031006	0.0	0.0	0.0	0.0	0.0	0.0	0.0	0.070469431579113	0.0	0.0	0.0	0.36170464754104614	0.0	0.0	0.6056853532791138	0.0	0.8108301162719727	0.0	0.6590330004692078	0.0	0.0	0.0	0.0	0.0	0.0	0.41009095311164856	0.0	0.0	0.4514791667461395	0.504707396030426	0.0	0.0	1.2152115106582642	0.0	0.0	0.0	0.0	0.0	0.0	0.0	0.0	0.0	0.0	0.0	0.07598429918289185	0.0	0.0	1.4966875314712524	0.0	0.0	1.2383524179458618	0.0	0.0	0.3609583377838135	0.6847454905509949	0.0	0.6181973814964294	1.0189926624298096	0.0	0.18318676948547363	0.5867432951927185	0.0	0.0	0.0	0.0	0.0	0.0	1.18501877784729	0.8442167639732361	0.40957561135292053	0.0	0.0	0.0	0.5756776928901672	0.7771206498146057	0.0	0.0	0.8422008156776428	0.0	0.0	0.0	0.0	0.0	0.0	0.0	0.0	0.0	0.44409671425819397	0.0	1.3344452381134033	0.0	0.7072065472602844	0.1925409436225891	0.0	0.37290292978286743	0.0	0.0	0.0	0.0	0.0	0.0	1.739087700843811	0.0	0.31828489899635315	0.5926182270050049	0.0	0.0	0.0	0.0	0.0	0.0	1.4479789733886719	0.37472769618034363	0.28437215089797974	0.7937939763069153	0.0	0.0	0.0	1.2360841035842896	0.21992726624011993	1.1296042203903198	0.6607682108879089	0.0	0.0	0.03572487831115723	0.37813621759414673	0.7840999960899353	0.0	0.0	0.0	0.0	0.2657136917114258	0.0	0.0	0.0	0.547258198261261	0.2669205665588379	0.6565622091293335	0.0	0.5184576511383057	0.0	1.2027137279510498	0.13586530089378357	0.0	1.7255187034606934	0.0	0.9823979139328003	0.0	0.0
0.0	0.0	0.0	0.0	0.9784865379333496	0.0	0.0	0.0	0.8497416377067566	0.46374666690826416	1.292832374572754	0.0	0.06799565255641937	0.2422415018081665	0.0	2.0950253009796143	0.07045331597328186	0.0	0.10981088131666183	0.0	0.0	0.2603786289691925	0.0	0.0	0.0	0.0	0.0	0.4318384826183319	0.0	0.03757819905877113	0.20397530496120453	0.8397614359855652	0.0	0.0	0.0	0.27848100662231445	0.2937576174736023	0.0	0.46006131172180176	0.0	0.0	0.0	0.0	0.09588615596294403	0.0	0.0	0.33559492230415344	0.0	0.0	0.3774319887161255	0.0	0.0	0.0	0.0	0.024652112275362015	0.0	0.0	0.0	0.5642890930175781	0.1381193995475769	0.0	0.0	0.0	0.0	0.0	0.0	0.0	0.0	0.0	0.3546537756919861	0.4938618838787079	0.0	0.0	0.9842822551727295	0.0	0.0	0.0	0.0732029601931572	0.0	0.21428340673446655	0.0	0.0	0.8431978225708008	0.3622707724571228	0.9216746091842651	0.0	0.46635985374450684	0.0	0.7375028729438782	0.0	0.0	0.04807736724615097	0.0	0.1690763533115387	0.0	0.0	0.18357832729816437	0.15018931031227112	0.0	0.0	0.0	1.658339023590088	0.0	0.12123415619134903	0.0	0.0	0.07874016463756561	0.6557641625404358	0.0	0.7429936528205872	0.0	0.0	0.0	0.0	0.0	0.0	0.2236524373292923	0.0	1.0424721240997314	0.0	0.0	0.4625018835067749	0.0	0.4389956593513489	0.1974213868379593	0.9910397529602051	0.0	0.0	0.0	1.292655110359192	0.0	0.0	0.45430490374565125	0.0	0.0	0.8687390089035034	0.6736594438552856	0.0	0.0	0.0	0.0	0.0	0.0	0.0	0.0	0.0	0.3030910789966583	0.0	0.0	0.6682975888252258	0.0	1.2768943309783936	0.0	0.0	0.1814340054988861	0.0	0.0	1.2977449893951416	0.0	0.0	0.0	0.318167120218277	0.0	0.3156674802303314	0.5207635164260864	0.0	0.0	0.6530225872993469	0.0	0.0	0.0	0.0	0.3607485890388489	0.0	0.016731716692447662	2.0320255756378174	1.3586277961730957	0.0	0.0	0.0	0.8154773116111755	0.1464071422815323	0.0	0.0	0.0	0.0	0.0	0.0	0.0	0.0	0.0	0.0	0.0	0.0	0.03228814899921417	0.0	0.4933243691921234	0.0	1.3373987674713135	0.0	0.0	1.1828444004058838	0.0	0.0	0.0	0.0	0.0	0.0	1.8576068878173828	0.0	1.3990157842636108	1.1837700605392456	0.0	0.0	0.24056245386600494	0.0	0.0	0.0	0.3630940616130829	0.19374065101146698	1.0715303421020508	1.2194960117340088	0.0	0.0	0.0	0.3515857458114624	1.0553908348083496	0.320759117603302	0.0	0.0	0.0	0.8822409510612488	1.3654956817626953	0.2926102876663208	0.0	0.0	0.0	0.0	0.5910202860832214	0.0	0.0	0.0	0.4100150465965271	1.2812062501907349	0.46543359756469727	0.0	1.0096105337142944	0.0	0.435059130191803	0.0	0.0	1.2443979978561401	0.0	1.4835007190704346	0.0	0.0
0.0	0.0	0.0	1.5470324754714966	0.0	0.0	1.115556001663208	0.0	2.102869749069214	0.4224358797073364	0.7391495108604431	0.0	1.1266396045684814	1.548819661140442	0.0	4.044772624969482	0.0	0.5581963658332825	1.0231199264526367	0.2695285677909851	0.0	1.2392082214355469	0.0	0.7583001255989075	0.0	0.0	1.0809255838394165	0.05826101452112198	1.7918838262557983	1.400523066520691	0.4391976296901703	0.0	0.0	0.0	0.0	0.18180248141288757	1.4176136255264282	0.0	1.1399989128112793	0.3608939051628113	0.0	0.0	0.0	0.0	0.0	0.0	1.372139811515808	0.0	0.0	0.0	0.0	0.0	0.0	0.4796140193939209	1.259134292602539	0.0	0.0	0.0	1.0136572122573853	0.9501030445098877	0.0	0.0	0.0	0.0	0.0	0.0	0.0	0.0	0.0	0.9550427794456482	1.2899712324142456	0.0	0.0	0.0	0.0	0.0	0.2802392840385437	0.0	0.0	0.09223087877035141	0.0	0.0	2.0510308742523193	1.5021755695343018	2.3918731212615967	0.0	1.3713432550430298	0.0	1.1524097919464111	0.0	0.0	0.0	0.0	0.0	0.0	0.23577024042606354	1.832315444946289	0.46085771918296814	0.0	0.0	0.0	0.7381178140640259	0.0	0.534761369228363	0.0	0.0	1.605193853378296	0.0	0.0	0.40939831733703613	0.0	0.0	0.0	0.0	0.0	0.0	0.21320965886116028	0.0	0.0	0.0	1.1771948337554932	1.0751689672470093	0.0	0.0	0.34029436111450195	1.1131778955459595	0.0	0.0	0.0	0.1301228553056717	0.0	0.0	0.0	0.0	0.0	0.8362223505973816	0.5923306345939636	0.0	0.0	0.11011715978384018	0.0	0.0	0.0	0.0	0.0	0.0	2.3083229064941406	0.0	0.0	0.0	0.0	0.8394230604171753	0.0	0.0	0.32792386412620544	0.0	0.0	2.567692279815674	0.0	0.0	0.10988152027130127	0.8006923198699951	0.0	1.2111232280731201	0.030168849974870682	0.0	0.0	0.6567429900169373	0.0	0.0	0.0	0.0	0.8942174911499023	0.0	0.7454808354377747	1.3453748226165771	0.7927034497261047	0.0	0.0	0.0	1.088289737701416	1.7031573057174683	0.0	0.04529556632041931	0.0	0.0	0.0	0.0	0.0	0.0	0.0	0.0	0.0	0.0	1.5110840797424316	0.0	1.4929864406585693	0.0	1.7196650505065918	0.0	0.0	0.7984010577201843	0.0	0.0	0.0	0.0	0.0	0.0	3.083066463470459	0.0	0.34644949436187744	0.8645684123039246	0.0	0.0	0.7190232872962952	0.0	0.0	0.0	2.3912765979766846	0.47739794850349426	1.5465294122695923	1.9331706762313843	0.0	0.0	0.0	1.3322962522506714	0.0	2.562246561050415	0.6254193186759949	0.0	0.0	0.008442327380180359	0.698550283908844	2.1209466457366943	0.0	0.0	0.0	0.0	0.9874505400657654	0.0	0.0	0.0	1.4448206424713135	1.357535719871521	0.13883794844150543	0.0	1.7912116050720215	0.0	0.49313342571258545	0.0	0.0	1.3132753372192383	0.0	1.9140393733978271	0.0	0.0
0.0	0.0	0.0	0.0	1.6299469470977783	0.0	0.0	0.0	2.633622884750366	0.29845529794692993	1.821324348449707	0.0	0.0	1.539296269416809	0.6842352151870728	4.699368953704834	0.25107964873313904	0.0	0.0	0.3571552336215973	0.0	0.0	0.0	0.7311327457427979	0.0	0.0	0.0	0.0	0.0	1.3072298765182495	0.2541087567806244	1.1806352138519287	0.0	0.0	0.0	0.14341366291046143	0.1778738796710968	0.0	0.0	0.0	0.0	0.0	0.0	0.5414754152297974	0.0	0.0	1.5473167896270752	0.0	0.0	0.8852116465568542	0.0	0.0	0.0	0.4185085594654083	0.0	0.0	0.0	0.0	0.47791606187820435	0.5229870676994324	0.0	0.0	0.0	0.0	0.0	0.0	0.0	0.0	0.0	0.0	1.3452359437942505	0.0	0.0	0.8253278136253357	0.0	0.0	0.850732684135437	0.0	0.0	0.41564318537712097	0.0	0.0	1.717803955078125	0.0	0.0	0.0	0.7234492897987366	0.0	2.029329299926758	0.0	0.0	0.0	0.0	0.3014894723892212	0.0	0.0	0.9118499159812927	0.28151312470436096	0.0	0.0	0.0	0.9382046461105347	0.0	0.0	0.0	0.0	0.9608538746833801	0.11367392539978027	0.0	1.1410610675811768	0.0	0.0	0.0	0.0	0.011089309118688107	0.0	0.17827191948890686	0.0	0.5463440418243408	0.0	0.0	1.822403907775879	0.0	0.0	0.034063126891851425	2.4980406761169434	0.0	0.0	0.0	1.0205148458480835	0.0	0.0	0.7623382210731506	0.0	0.0	1.799505352973938	1.6158515214920044	0.0	0.0	0.0	0.0	0.0	0.0	0.0	0.0	0.0	1.9248770475387573	0.0	0.0	0.0	0.0	1.617125391960144	0.0	0.0	0.0	0.0	0.0	3.201590061187744	0.0	0.0	0.0	0.2665872871875763	0.0	0.8205773830413818	0.20848236978054047	0.0	0.0	1.5276685953140259	0.0	0.0	0.0	0.0	0.4308689534664154	0.0	1.491878867149353	2.2887401580810547	1.4254029989242554	0.0	0.0	0.0	2.1213719844818115	0.0	0.0	0.0	0.0	0.0	0.0	0.0	0.0	0.0	0.0	0.0	0.0	0.0	0.10646684467792511	0.0	0.0	0.0	1.7915891408920288	0.0	0.0	1.1104165315628052	0.0	0.0	0.0	0.0	0.0	0.0	3.997889280319214	0.0	2.756808042526245	1.5500104427337646	0.06046902760863304	0.0	0.3076678216457367	0.0	0.0	0.0	0.21607165038585663	0.0012619891203939915	1.5992552042007446	3.2828283309936523	0.0	0.0	0.0	0.31790634989738464	0.5586095452308655	1.0425355434417725	0.03601263090968132	0.0	0.0	0.7171156406402588	1.6079720258712769	1.0533078908920288	0.0	0.0	0.0	0.0	2.0355188846588135	0.0	0.0	0.0	0.11258503049612045	2.1741037368774414	0.0	0.0	2.341402530670166	0.0	0.0	0.0	0.0	0.0	0.0	2.4312493801116943	0.0	0.0
0.0	0.0	0.0	0.0	1.1989980936050415	0.0	0.0	0.0	1.7394837141036987	0.07121068239212036	0.8045397996902466	0.0	0.2837866544723511	0.8760117292404175	0.0	3.469754695892334	0.0	0.08145475387573242	0.0	0.46338680386543274	0.0	0.0	0.0	0.4071989953517914	0.0	0.0	0.0	0.0	0.0	0.8207712769508362	0.45586997270584106	1.3284181356430054	0.0	0.0	0.0	0.3630322813987732	0.3935193419456482	0.0	0.0	0.3002172112464905	0.0	0.0	0.0	0.08512493222951889	0.0	0.0	1.5045442581176758	0.0	0.0	0.21689730882644653	0.0	0.0	0.0	0.0	0.0	0.0	0.0	0.0	0.075921930372715	0.6586022973060608	0.0	0.0	0.0	0.0	0.0	0.0	0.0	0.0	0.0	0.0	0.909565269947052	0.0	0.0	0.0	0.0	0.0	0.0	0.0	0.0	0.0	0.0	0.0	1.3633934259414673	0.0	1.3161803483963013	0.0	0.6301652789115906	0.0	1.2570452690124512	0.0	0.0	0.0	0.0	0.10839001834392548	0.0	0.0	0.709572434425354	1.0758241415023804	0.0	0.0	0.0	1.104809284210205	0.0	0.0	0.0	0.0	0.0	0.30690088868141174	0.0	1.137199878692627	0.0	0.0	0.0	0.0	0.0	0.0	0.9799912571907043	0.0	1.4754133224487305	0.0	0.6157159209251404	1.0072938203811646	0.0	0.1401178389787674	0.020725229755043983	1.641409993171692	0.0	0.0	0.0	1.020883321762085	0.0	0.0	0.0	0.0	0.0	1.6182960271835327	0.565579354763031	0.0	0.0	0.0	0.0	0.0	0.0	0.0	0.0	0.0	1.7136292457580566	0.0	0.0	0.0	0.0	1.1593586206436157	0.0	0.0	0.0	0.0	0.0	1.6616313457489014	0.0	0.0	0.0	0.03358105570077896	0.0	1.1777119636535645	0.0	0.0	0.0	1.4266738891601562	0.0	0.0	0.0	0.0	0.6991655230522156	0.0	0.7275522947311401	2.1160435676574707	1.1306363344192505	0.0	0.0	0.0	2.011155605316162	0.6124146580696106	0.0	0.0	0.0	0.0	0.0	0.0	0.0	0.0	0.0	0.0	0.0	0.0	0.12436436116695404	0.0	0.25300121307373047	0.0	1.9074866771697998	0.0	0.0	1.3125698566436768	0.0	0.0	0.0	0.0	0.0	0.0	3.4830000400543213	0.0	2.104576587677002	1.4868996143341064	0.0	0.0	0.0	0.0	0.0	0.0	0.6742631793022156	0.17408253252506256	1.7207108736038208	3.5646557807922363	0.0	0.0	0.0	0.0	0.547114908695221	1.1419830322265625	0.0	0.0	0.0	0.35358482599258423	1.2364437580108643	0.6587061285972595	0.0	0.0	0.0	0.0	0.5181214213371277	0.0	0.0	0.0	0.0	1.7240586280822754	0.0	0.0	2.428990602493286	0.0	0.1987973004579544	0.0	0.0	0.0	0.0	2.385769844055176	0.0	0.0
0.0	0.0	0.0	0.21708644926548004	0.43549230694770813	0.0	1.2273235321044922	0.0	1.663098931312561	0.315413236618042	0.43037763237953186	0.0	1.113674521446228	1.2392940521240234	0.10069851577281952	3.5882182121276855	0.0	0.7064287066459656	1.3636361360549927	1.0008084774017334	0.0	1.2482894659042358	0.0	0.45291727781295776	0.0	0.0	1.1752649545669556	0.2706648111343384	0.655825674533844	1.7994534969329834	0.9220156073570251	1.4375102519989014	0.0	0.41453468799591064	0.0	0.0	2.7471368312835693	0.0	2.3384785652160645	1.6230233907699585	0.0	0.0	0.0	0.0	0.0	0.0	0.0	0.0	0.0	0.0	0.0	0.0	0.0	0.5501997470855713	2.4942269325256348	0.0	0.0	0.0	1.042925238609314	0.004172314424067736	0.0	0.0	0.0	0.9271199703216553	0.0	0.0	0.0	0.0	0.0	1.6114301681518555	1.5587273836135864	0.0	0.0	0.548913836479187	0.0	0.0	0.6567684412002563	0.0	0.0	0.1655963808298111	0.0	0.0	1.7737878561019897	0.5364950299263	2.205146312713623	0.0	2.2057363986968994	0.0	0.17492130398750305	0.0	0.0	0.9278337955474854	0.0	0.9015190601348877	0.0	0.9824689626693726	1.4336891174316406	0.012326108291745186	0.0	0.0	0.0	0.20119519531726837	0.0	1.2645857334136963	0.0	0.0	1.2037163972854614	0.0	0.0	0.0	0.0	0.0	0.0	0.0	0.8725254535675049	0.3119939863681793	0.11926835775375366	0.0	0.0	0.0	0.5863654017448425	0.9892338514328003	0.0	0.17845414578914642	0.4805664122104645	1.2632675170898438	0.0	0.0	0.0	0.0	0.0	0.0	1.3521273136138916	0.0	0.0	1.05192232131958	1.7762315273284912	0.0	0.0	0.12532943487167358	0.0	0.0	0.0	0.0	0.0	0.0	1.761279582977295	0.0	0.0	0.0	0.0	0.2783329486846924	0.0	0.0	1.6362693309783936	0.0	0.0	1.7784487009048462	0.0	0.0	1.0293052196502686	1.2597410678863525	0.0	0.9909778237342834	0.5980334877967834	0.0	0.0	1.0447338819503784	0.0	0.0	0.0	0.0	1.3069002628326416	0.0	0.0	1.5087237358093262	0.23120585083961487	0.0	0.0	0.0	1.339012622833252	1.2400052547454834	0.0	1.7079514265060425	1.5536795854568481	0.0	0.0	0.0	0.0	0.0	0.0	0.0	0.0	0.0	1.5439027547836304	0.0	2.5890655517578125	0.0	1.105345368385315	0.0	0.0	0.8140916228294373	0.0	0.0	0.0	0.0	0.0	0.0	2.422574996948242	0.0	0.2926291823387146	1.2685482501983643	0.0	0.0	0.18458564579486847	0.0	0.0	0.0	2.3851161003112793	0.8614883422851562	0.30094286799430847	2.000734806060791	0.0	0.0	0.0	1.9491196870803833	0.0	1.7313282489776611	1.6647378206253052	0.0	0.0	0.0	0.6976674199104309	1.9244354963302612	0.0	0.0	0.0	0.0	0.48836860060691833	0.0	0.0	0.0	1.16465163230896	0.9154727458953857	0.4345499873161316	0.0	2.7070939540863037	0.0	0.38992875814437866	0.24463067948818207	0.0	0.12608064711093903	0.0	0.09102099388837814	0.0	0.0
0.0	0.0	0.0	0.29825282096862793	0.09497928619384766	0.0	1.5799002647399902	0.0	1.6608775854110718	1.8955124616622925	0.0	0.0	1.939200758934021	1.6625697612762451	0.0	4.214693546295166	0.0	0.7188101410865784	1.363131046295166	0.6557379961013794	1.0112535953521729	1.9218498468399048	0.0	1.0609548091888428	0.0	0.0	1.124533772468567	0.764447033405304	1.3371530771255493	2.1430301666259766	0.7104619741439819	0.4667942225933075	0.0	0.0	0.0	0.634749174118042	2.5149338245391846	0.0	2.6691229343414307	2.286590099334717	0.0	0.0	0.0	0.0	0.0	0.0	0.0	0.0	0.0	0.0	0.0	0.0	0.0	0.0	2.1057493686676025	0.0	0.0	0.2245790958404541	2.1451878547668457	0.5004797577857971	0.0	0.0	0.0	0.0	0.0	0.0	0.0	0.0	0.0	1.9996064901351929	1.743196964263916	0.0	0.0	0.0	0.0	0.0	1.8545914888381958	0.0	0.0	1.0629478693008423	0.0	0.0	1.118247151374817	0.6962596774101257	2.6458027362823486	0.0	2.900822639465332	0.0	0.2693654000759125	0.0	0.0	1.2415285110473633	0.0	1.1829146146774292	0.0	0.5830879807472229	2.5140140056610107	0.9697629809379578	0.0	0.0	0.0	0.0	0.0	1.3738791942596436	0.0	0.0	1.7864418029785156	0.0	0.0	0.0	0.0	0.0	0.0	0.0	0.0	0.0	0.9171392321586609	0.0	0.0	0.0	0.6660507917404175	1.6252392530441284	0.0	0.0	0.0	2.031373977661133	0.0	0.0	0.0	0.0	0.0	0.0	0.7320873141288757	0.0	0.0	0.46482837200164795	1.6609768867492676	0.0	0.0	1.5946085453033447	0.0	0.0	0.0	0.6080583930015564	0.0	0.0	1.914793848991394	0.0	0.0	0.0	0.0	0.5320435166358948	0.0	0.0	1.7201948165893555	0.0	0.0	2.825343370437622	0.0	0.0	0.07286112755537033	1.4081326723098755	0.2073727250099182	1.6173700094223022	1.0679583549499512	0.0	0.0	1.695326805114746	0.0	0.0	0.0	0.0	1.8906811475753784	0.0	2.6195027828216553	1.0781835317611694	0.0	0.0	0.0	0.0	1.742543339729309	2.017610788345337	0.0	0.0	1.3481374979019165	0.0	0.0	0.0	0.0	0.0	0.0	0.0	0.0	0.0	1.2854267358779907	0.0	2.3931593894958496	0.0	1.6483947038650513	0.5885021090507507	0.0	0.38353314995765686	0.0	0.0	0.0	0.0	0.0	0.0	3.5252835750579834	0.0	0.6430248022079468	1.1102300882339478	0.16859234869480133	0.0	0.39603015780448914	0.0	0.0	0.0	2.576465368270874	1.378371238708496	1.0538640022277832	1.9282058477401733	0.0	0.0	0.0	2.038574457168579	0.04872303456068039	2.8265762329101562	1.8832448720932007	0.0	0.0	0.0	1.1620910167694092	2.101637840270996	0.0	0.0	0.0	0.0	0.9469125270843506	0.0	0.0	0.0	1.3059464693069458	0.0	0.9012832641601562	0.0	2.0929055213928223	0.0	0.9738419055938721	1.0020970106124878	0.0	1.3849238157272339	0.0	0.8658974766731262	0.0	0.0
0.0	0.0	0.0	1.0285186767578125	0.0	0.0	1.5659263134002686	0.0	1.5206146240234375	1.4221264123916626	0.0	0.0	1.3607715368270874	1.6808973550796509	0.0	3.401156425476074	0.0	0.7018054723739624	1.254494547843933	0.8555684685707092	0.0	1.723862886428833	0.0	0.9358046650886536	0.0	0.0	1.7802507877349854	0.9165255427360535	1.5866894721984863	1.790805697441101	0.8495702147483826	0.0	0.0	0.011764242313802242	0.0	1.0776634216308594	2.538616180419922	0.0	1.72441565990448	1.478063702583313	0.0	0.0	0.0	0.0	0.0	0.0	0.0	0.0	0.0	0.0	0.0	0.0	0.0	0.15118330717086792	1.7415143251419067	0.0	0.0	0.34351980686187744	1.0368843078613281	0.33323565125465393	0.0	0.0	0.0	0.3759724795818329	0.0	0.0	0.0	0.0	0.0	1.8768155574798584	1.8307833671569824	0.0	0.0	0.0	0.0	0.0	1.6498647928237915	0.5543197989463806	0.0	0.8407064080238342	0.0	0.0	1.753459095954895	1.5192314386367798	2.9964218139648438	0.0	1.9616317749023438	0.0	0.7611691355705261	0.0	0.0	0.8979519605636597	0.0	1.3529778718948364	0.0	1.2519536018371582	1.9500014781951904	0.30664461851119995	0.0	0.0	0.0	0.05649314820766449	0.0	0.770976185798645	0.0	0.0	1.4938582181930542	0.0	0.0	0.0	0.0	0.0	0.0	0.0	0.0	0.0	0.5048618316650391	0.0	0.0	0.0	0.9519212245941162	1.0103404521942139	0.0	0.0	0.06204908713698387	1.7016830444335938	0.0	0.0	0.0	0.0	0.0	0.0	0.09216056019067764	0.0	0.0	0.57962566614151	1.3739292621612549	0.0	0.0	0.1940508633852005	0.0	0.0	0.0	0.2879598140716553	0.18065768480300903	0.0	1.2515290975570679	0.0	0.0	0.0	0.0	0.5958526134490967	0.0	0.0	1.28810715675354	0.0	0.0	2.486630439758301	0.0	0.0	0.5401042699813843	2.2180886268615723	0.0	1.318359136581421	1.2896169424057007	0.0	0.0	1.3294333219528198	0.0	0.0	0.0	0.0	1.4252735376358032	0.0	0.8301913738250732	1.0718976259231567	0.25002285838127136	0.0	0.0	0.0	1.3766064643859863	1.9526666402816772	0.0	0.0	0.9005585312843323	0.0	0.0	0.0	0.0	0.0	0.0	0.0	0.0	0.0	1.6593883037567139	0.0	2.4442591667175293	0.0	1.7771919965744019	0.20221199095249176	0.0	0.16571064293384552	0.0	0.0	0.0	0.0	0.0	0.0	2.900130033493042	0.0	1.0153826475143433	0.5803313255310059	0.0	0.0	0.7304832339286804	0.0	0.0	0.0	2.496697425842285	1.3298410177230835	1.268521785736084	1.6245170831680298	0.0	0.0	0.0	1.8755420446395874	0.0	3.3432705402374268	1.8292477130889893	0.0	0.0	0.0	0.8668872714042664	1.7351702451705933	0.0	0.0	0.0	0.0	0.3105439841747284	0.0	0.0	0.0	1.3051964044570923	0.7741865515708923	1.6259541511535645	0.0	2.079178810119629	0.0	1.6133925914764404	0.7222146391868591	0.0	1.4824565649032593	0.0	1.536919116973877	0.0	0.0
0.0	0.0	0.0	0.05833771079778671	1.5750712156295776	0.0	0.0	0.0	1.6547801494598389	0.03798802196979523	1.2783172130584717	0.0	0.01599525474011898	0.19835054874420166	0.0	3.0316572189331055	0.0	0.05160575732588768	0.4511320888996124	0.5264255404472351	0.0	2.165987253189087	0.0	0.0	0.0	0.0	0.48538869619369507	0.0	0.0	0.07587893307209015	0.0	1.2610318660736084	0.0	0.0	0.0	0.741308867931366	0.7293990850448608	0.0	1.6270028352737427	0.5939927697181702	0.0	0.0	0.0	0.0	0.0	0.0	0.0	0.0	0.0	0.3021138608455658	0.0	0.0	0.0	0.15141434967517853	1.1692051887512207	0.0	0.0	0.0	1.00074303150177	0.0	0.0	0.0	0.0	0.0	0.0	0.0	0.0	0.0	0.0	1.6593681573867798	0.687409520149231	0.0	0.0	0.27352651953697205	0.0	0.0	0.6111840009689331	0.0	0.0	0.39026734232902527	0.0	0.0	0.8123652935028076	0.0	1.7246510982513428	0.0	1.6089224815368652	0.0	0.0	0.0	0.0	0.28475016355514526	0.0	1.7651052474975586	0.0	0.0	0.907035231590271	0.0	0.0	0.0	0.0	0.8978219628334045	0.0	1.353824496269226	0.0	0.0	0.3307400941848755	0.0	0.0	0.0	0.0	0.0	0.0	0.0	0.0	0.0	0.482395738363266	0.0	0.7205163836479187	0.0	0.34331321716308594	1.0323736667633057	0.0	0.682277500629425	0.0	1.2968254089355469	0.0	0.0	0.0	0.02902217209339142	0.0	0.0	0.0	0.0	0.0	1.3059313297271729	0.1277720183134079	0.0	0.0	0.9432162046432495	0.0	0.0	0.0	0.0	0.0	0.0	0.4686107039451599	0.0	0.0	0.0	0.0	0.9664868712425232	0.0	0.0	0.9972695708274841	0.0	0.0	1.8633322715759277	0.0	0.0	0.0	0.0	0.0	0.6136912107467651	0.6396238207817078	0.0	0.015694301575422287	1.1897385120391846	0.0	0.0	0.0	0.0	0.1432395577430725	0.0	1.4441852569580078	2.0587825775146484	0.537641704082489	0.0	0.0	0.0	2.3133318424224854	0.9911379814147949	0.0	0.0	0.7955366969108582	0.0	0.0	0.0	0.0	0.0	0.0	0.0	0.0	0.0	0.7637109756469727	0.0	1.7255407571792603	0.0	1.3018581867218018	0.0	0.0	0.0	0.0	0.0	0.0	0.0	0.0	0.0	3.3258137702941895	0.0	1.6522867679595947	0.12565039098262787	0.6280066967010498	0.0	0.0	0.0	0.0	0.0	1.6646652221679688	0.29210102558135986	1.1031694412231445	2.0162513256073	0.0	0.0	0.0	1.5298339128494263	0.7331394553184509	2.366349697113037	0.8979834914207458	0.0	0.0	0.8727222681045532	1.3154535293579102	0.9490991830825806	0.0	0.0	0.0	0.0	0.9298781156539917	0.0	0.0	0.0	0.3906874358654022	0.7575805187225342	0.04165481775999069	0.0	1.8646353483200073	0.0	0.9656836986541748	0.22539176046848297	0.0	1.7214435338974	0.0	1.9212219715118408	0.0	0.0
0.0	0.0	0.0	0.0	1.2490876913070679	0.0	0.053880173712968826	0.0	0.6899909377098083	0.3404351770877838	0.567560613155365	0.0	0.574921727180481	0.0	0.3951292335987091	1.5086939334869385	0.0	0.0	0.0	0.3070336580276489	0.0	1.3031076192855835	0.0	0.0	0.0	0.0	0.33087000250816345	0.09034939855337143	0.0	0.0	0.0	1.6749013662338257	0.0	0.0	0.0	0.5403062105178833	0.42282408475875854	0.0	0.8693891167640686	0.6477742195129395	0.0	0.0	0.0	0.0	0.0	0.0	0.0	0.0	0.0	0.42964428663253784	0.0	0.0	0.0	0.0	1.2977864742279053	0.0	0.0	0.0	1.027250051498413	0.10107411444187164	0.0	0.0	0.0	0.2815510332584381	0.0	0.0	0.0	0.0	0.0	1.3324501514434814	0.22819849848747253	0.0	0.0	0.8550804853439331	0.0	0.0	0.5027671456336975	0.0	0.0	0.17936824262142181	0.0	0.0	0.01730637066066265	0.7799307107925415	0.6807004809379578	0.0	1.139233946800232	0.0	0.0	0.0	0.0	0.3318957984447479	0.0	1.639604926109314	0.0	0.6909981369972229	0.9163855314254761	0.0	0.0	0.0	0.0	0.2352435141801834	0.0	1.3181171417236328	0.0	0.0	0.0	0.0672387108206749	0.0	0.0	0.0	0.0	0.0	0.0	0.0	0.0	0.0	0.0	0.7274746894836426	0.0	0.0	0.33378347754478455	0.0	2.094116449356079	0.2732219696044922	0.29424628615379333	0.0	0.0	0.0	0.27554911375045776	0.0	0.0	0.0	0.0	0.0	0.46643850207328796	0.6631933450698853	0.0	0.0	1.53412926197052	0.0	0.0	0.0	0.0	0.0	0.0	0.0	0.0	0.0	0.0	0.0	0.9527007937431335	0.0	0.0	1.5829112529754639	0.0	0.0	0.38231411576271057	0.0	0.0	0.23540125787258148	0.9030823111534119	0.0	0.19215059280395508	1.1255673170089722	0.0	1.4790091514587402	0.17695249617099762	0.0	0.0	0.0	0.0	0.0	0.0	0.0	1.1257290840148926	0.31185051798820496	0.0	0.0	0.0	0.8818588256835938	0.0013076907489448786	0.0	0.0	0.45297446846961975	0.0	0.0	0.0	0.0	0.0	0.0	0.0	0.0	0.0	0.07995837181806564	0.0	1.4179800748825073	0.0	0.5283066630363464	0.0	0.0	0.1260785311460495	0.0	0.0	0.0	0.0	0.0	0.0	1.7727279663085938	0.0	0.5546033978462219	0.6736504435539246	0.0	0.0	0.0	0.0	0.0	0.0	1.1687593460083008	0.0	0.28021326661109924	0.7512003779411316	0.0	0.0	0.0	1.2047569751739502	0.7614997029304504	0.8001976013183594	0.3267862796783447	0.0	0.0	0.09377395361661911	0.7352666854858398	0.005803781095892191	0.0	0.0	0.0	0.0	0.29053521156311035	0.0	0.0	0.0	0.0	0.0	0.826119065284729	0.0	0.46016401052474976	0.0	1.17355477809906	0.0	0.0	1.6589645147323608	0.0	0.8247531056404114	0.0	0.0
0.0	0.0	0.0	0.6639352440834045	0.647331953048706	0.0	0.713721513748169	0.0	1.7348461151123047	0.14112728834152222	0.8694917559623718	0.0	0.6748425960540771	1.655464768409729	0.0	3.866304874420166	0.0	0.2342723160982132	0.8390129804611206	0.6148736476898193	0.0	0.9109023213386536	0.0	0.46341171860694885	0.0	0.0	0.0	0.0	1.0486987829208374	1.2450605630874634	0.6634570360183716	0.46173349022865295	0.0	0.0	0.0	0.0	1.607076644897461	0.0	1.2293879985809326	0.5767562985420227	0.0	0.0	0.0	0.0	0.0	0.0	0.9101581573486328	0.0	0.0	0.0	0.0	0.0	0.0	0.43119680881500244	0.8620762228965759	0.0	0.0	0.0	0.4483039379119873	0.587508499622345	0.0	0.0	0.0	0.0	0.0	0.0	0.0	0.0	0.0	1.4852590560913086	1.840509057044983	0.0	0.0	0.32210496068000793	0.0	0.0	0.21809890866279602	0.0	0.0	0.2731788158416748	0.0	0.0	2.0054104328155518	0.4631172716617584	1.1982145309448242	0.0	1.6796417236328125	0.0	0.6921644806861877	0.0	0.0	0.0	0.0	0.44989514350891113	0.0	0.0	1.7687376737594604	0.0	0.0	0.0	0.0	0.8485464453697205	0.0	0.5146075487136841	0.0	0.0	1.083014726638794	0.0	0.0	0.0062289051711559296	0.0	0.0	0.0	0.0	0.0	0.0	0.6521422266960144	0.0	0.07558129727840424	0.0	1.3830209970474243	1.5094956159591675	0.0	0.0	0.0	1.6150931119918823	0.0	0.0	0.0	0.0	0.0	0.0	0.0	0.0	0.0	1.3241543769836426	0.8583040237426758	0.0	0.0	0.014116202481091022	0.0	0.0	0.0	0.0	0.0	0.0	1.206272006034851	0.0	0.0	0.0	0.0	0.6990326046943665	0.0	0.0	0.0	0.0	0.0	2.44950532913208	0.0	0.0	0.0	0.15852390229701996	0.0	1.3136799335479736	0.0	0.0	0.0	1.0932201147079468	0.0	0.0	0.0	0.0	1.0647090673446655	0.0	1.2821804285049438	2.2982430458068848	0.47027790546417236	0.0	0.0	0.0	1.9380637407302856	0.40617430210113525	0.0	0.0	0.06407836079597473	0.0	0.0	0.0	0.0	0.0	0.0	0.0	0.0	0.0	1.1783195734024048	0.0	1.3507410287857056	0.0	2.3965282440185547	0.0	0.0	1.023328423500061	0.0	0.0	0.0	0.0	0.0	0.0	3.186992645263672	0.0	1.6070672273635864	0.41133707761764526	0.0	0.0	0.0	0.0	0.0	0.0	1.974043607711792	0.030679166316986084	1.7379242181777954	2.2210443019866943	0.0	0.0	0.0	1.067384958267212	0.0	2.3500311374664307	0.6927816867828369	0.0	0.0	0.0	0.8050494194030762	1.0468628406524658	0.0	0.0	0.0	0.0	1.1510428190231323	0.0	0.0	0.0	0.5751623511314392	1.2108128070831299	0.17004196345806122	0.0	2.4258902072906494	0.0	0.3100997805595398	0.11176441609859467	0.0	0.0	0.0	2.0088918209075928	0.0	0.0
0.0	0.0	0.0	0.0	2.126333713531494	0.0	0.0	0.0	1.2611973285675049	0.26613301038742065	1.3866041898727417	0.0	0.0	0.3014630079269409	0.0	3.886354923248291	0.0	0.3312384784221649	0.0	0.13368326425552368	0.0	0.0	0.0	0.0	0.0	0.0	0.0	0.15425027906894684	0.0	0.5072505474090576	0.3840203881263733	1.8037326335906982	0.0	0.0	0.0	0.0	0.6135596036911011	0.0	0.7719573378562927	0.0	0.0	0.0	0.0	0.0	0.0	0.0	1.6033077239990234	0.0	0.0	0.0	0.0	0.0	0.0	0.04841253533959389	0.0	0.0	0.0	0.0	0.5062867999076843	0.33599603176116943	0.0	0.0	0.0	0.0	0.0	0.0	0.0	0.0	0.0	1.0509134531021118	0.5743408799171448	0.0	0.0	0.21748456358909607	0.0	0.0	0.0	0.0	0.0	0.0	0.0	0.0	1.995808482170105	0.0	0.8677341341972351	0.0	0.9160631895065308	0.0	1.508815884590149	0.0	0.0	0.0	0.0	0.6808662414550781	0.0	0.0	0.6798980832099915	0.2589777708053589	0.0	0.0	0.0	2.314793586730957	0.0	0.021578842774033546	0.0	0.0	0.0	0.0	0.0	1.2823281288146973	0.0	0.0	0.0	0.0	0.4668644666671753	0.0	0.498788446187973	0.0	1.4954193830490112	0.0	0.0	1.2044775485992432	0.0	0.8229923248291016	0.22354525327682495	1.5644614696502686	0.0	0.0	0.0	1.2356592416763306	0.0	0.0	0.0	0.0	0.0	0.9668513536453247	0.8796234726905823	0.0	0.0	0.0	0.0	0.0	0.0	0.0	0.0	0.0	1.0967200994491577	0.0	0.0	0.34547024965286255	0.0	1.1807941198349	0.0	0.0	0.0	0.0	0.0	2.66672945022583	0.0	0.0	0.0	0.21230816841125488	0.0	1.2307324409484863	0.0	0.0	0.0	0.9748220443725586	0.0	0.0	0.0	0.0	0.0031567178666591644	0.0	0.0	3.2343273162841797	1.6796174049377441	0.0	0.0	0.0	1.7932665348052979	0.0	0.0	0.0	0.0	0.0	0.0	0.0	0.0	0.0	0.0	0.0	0.0	0.0	0.27511823177337646	0.0	0.9146705865859985	0.0	1.7871850728988647	0.0	0.0	2.8227827548980713	0.0	0.0	0.0	0.0	0.0	0.0	3.376267433166504	0.0	2.156209945678711	1.1673915386199951	0.0	0.0	0.00769245158880949	0.0	0.0	0.0	0.20382685959339142	0.15695708990097046	1.6847264766693115	2.76751446723938	0.0	0.0	0.0	0.6076946258544922	0.0	1.1919208765029907	0.0	0.0	0.0	0.6674773097038269	1.625197410583496	0.5504105091094971	0.0	0.0	0.0	0.0	1.161448359489441	0.0	0.0	0.0	0.7094976305961609	2.5866072177886963	0.0	0.0	2.7959952354431152	0.0	0.0	0.0	0.0	0.5454453229904175	0.0	2.866840362548828	0.0	0.0
0.0	0.0	0.0	0.50782710313797	0.0	0.0	1.019425630569458	0.0	1.2515735626220703	1.1576755046844482	0.0	0.0	1.4927253723144531	0.0	0.0	1.9792972803115845	0.0	0.966952383518219	1.0607136487960815	0.37053433060646057	0.8211221694946289	1.9694061279296875	0.0	0.9222890734672546	0.0	0.0	1.344070315361023	0.6362480521202087	1.3312671184539795	0.5771937966346741	1.4080214500427246	1.1052156686782837	0.0	1.75694739818573	0.0	1.5319947004318237	1.749997854232788	0.0	2.100419759750366	1.5052058696746826	0.0	0.0	0.0	0.0	0.0	0.0	0.0	0.0	0.0	0.0	0.0	0.0	0.0	1.1916817426681519	1.507267951965332	0.0	0.0	0.0	1.4897687435150146	1.2409642934799194	0.0	0.0	0.0	0.6047490239143372	0.0	0.0	0.0	0.0	0.0	1.5411367416381836	0.46140286326408386	0.0	0.0	0.0	0.0	0.0	0.7081390619277954	0.0	0.0	0.6984282732009888	0.0	0.0	0.2612099349498749	1.642599105834961	2.411583423614502	0.0	1.935101866722107	0.0	0.37096288800239563	0.0	0.0	1.8018122911453247	0.0	1.1274642944335938	0.0	0.2210310399532318	2.129767417907715	0.53751140832901	0.0	0.0	0.0	0.0	0.0	1.55716073513031	0.0	0.0	0.9754037857055664	0.0	0.0	0.0	0.0	0.0	0.0	0.0	0.0	0.0	0.057714078575372696	0.0	0.558573842048645	0.0	1.4740400314331055	0.0	0.0	0.3561060130596161	0.0	0.11908243596553802	0.0	0.0	0.0	0.0	0.0	0.0	0.0	0.0	0.0	0.0	0.0	0.0	0.0	1.665209412574768	0.0	0.0	0.0	0.04533422738313675	0.0	0.0	0.37934786081314087	0.0	0.0	0.0	0.0	0.05944528430700302	0.0	0.0	1.8457002639770508	0.0	0.0	1.1790412664413452	0.0	0.0	0.3206469416618347	0.9181220531463623	0.0	0.041851725429296494	1.153161883354187	0.0	0.8900188207626343	1.0788823366165161	0.0	0.0	0.0	0.0	0.9071213006973267	0.0	1.4395710229873657	0.7127698659896851	0.0	0.0	0.0	0.0	0.6300272941589355	1.775443196296692	0.0	0.19382736086845398	1.058487892150879	0.0	0.0	0.0	0.0	0.0	0.0	0.0	0.0	0.0	0.29616397619247437	0.0	2.1617431640625	0.0	0.8041577935218811	0.0	0.0	0.0	0.0	0.0	0.0	0.0	0.0	0.0	2.0154969692230225	0.0	0.0	0.0	0.0	0.0	0.0	0.0	0.0	0.0	1.9493645429611206	1.1597931385040283	0.9014148712158203	1.2341212034225464	0.0	0.0	0.0	1.699670433998108	0.18893763422966003	1.7746680974960327	1.4486018419265747	0.0	0.0	0.0	0.0	1.6652910709381104	0.0	0.0	0.0	0.0	0.0	0.0	0.0	0.0	1.2088665962219238	0.0	1.4389036893844604	0.0	0.010966354981064796	0.0	1.9096342325210571	0.4542387127876282	0.0	1.2625341415405273	0.0	0.7838414907455444	0.0	0.0
0.0	0.0	0.0	0.15703991055488586	0.23186001181602478	0.0	0.786875307559967	0.0	0.4976741671562195	0.649391770362854	0.0	0.0	1.3444280624389648	1.1515395641326904	0.09810532629489899	2.6165268421173096	0.0	0.9910450577735901	1.076006293296814	1.4249249696731567	0.401840478181839	1.2882729768753052	0.0	1.1318600177764893	0.0	0.0	1.6978464126586914	1.2193984985351562	0.5909295082092285	1.80692720413208	0.17641407251358032	1.187856912612915	0.0	0.7759944796562195	0.0	1.1854137182235718	2.400876522064209	0.0	2.484633684158325	2.243438482284546	0.0	0.0	0.0	0.0	0.0	0.0	0.0	0.0	0.0	0.0	0.0	0.0	0.0	0.459755003452301	2.0394089221954346	0.0	0.0	0.0	2.0276873111724854	0.0	0.0	0.0	0.0	1.2696561813354492	0.0	0.0	0.0	0.0	0.0	1.5953439474105835	1.6035720109939575	0.0	0.0	0.0	0.0	0.0	1.6414319276809692	0.0	0.0	1.6231688261032104	0.0	0.0	0.44676026701927185	0.5348977446556091	2.773838520050049	0.0	2.239330768585205	0.0	0.0	0.0	0.0	1.6604650020599365	0.0	1.8515413999557495	0.0	0.4007856845855713	1.6735215187072754	1.1242799758911133	0.0	0.0	0.0	0.0	0.0	1.2699612379074097	0.0	0.0	0.31536272168159485	0.0	0.0	0.0	0.0	0.0	0.0	0.0	0.0	0.0	0.7969411611557007	0.0	0.0	0.0	0.9346239566802979	0.40763068199157715	0.0	0.0	0.0	0.8140861988067627	0.0	0.0	0.0	0.0	0.0	0.0	0.5136809945106506	0.0	0.0	0.9640779495239258	1.4428468942642212	0.0	0.0	1.5444707870483398	0.0	0.0	0.0	0.06075124815106392	0.0	0.0	1.03482985496521	0.0	0.0	0.0	0.0	0.0	0.0	0.0	1.066819429397583	0.0	0.0	1.4894604682922363	0.0	0.0	0.8766252398490906	1.0488102436065674	0.0	1.632178544998169	1.5317398309707642	0.0	0.0	1.4898922443389893	0.0	0.0	0.0	0.0	1.307271122932434	0.0	1.9632959365844727	0.0	0.0	0.0	0.0	0.0	1.1285254955291748	1.5052820444107056	0.0	0.0	2.462005138397217	0.0	0.0	0.0	0.0	0.0	0.0	0.0	0.0	0.0	1.152472734451294	0.0	2.1791980266571045	0.0	0.8215250968933105	0.635780394077301	0.0	0.0	0.0	0.0	0.0	0.0	0.0	0.0	2.592906951904297	0.0	0.8917443752288818	0.1593213826417923	0.4493372440338135	0.0	0.0	0.0	0.0	0.0	2.5277326107025146	0.9280129075050354	0.0	1.0614134073257446	0.0	0.0	0.0	1.9401803016662598	0.14004744589328766	1.9152003526687622	1.8954830169677734	0.0	0.0	0.0	0.004807699006050825	1.5668315887451172	0.0	0.0	0.0	0.0	0.0	0.0	0.0	0.0	0.8154805302619934	0.0	1.4327598810195923	0.0	1.5460658073425293	0.0	0.9900994300842285	1.264530897140503	0.0	0.551053524017334	0.0	0.0	0.0	0.0
0.0	0.0	0.0	0.6665302515029907	0.0	0.0	1.1411081552505493	0.0	1.677451252937317	0.40674275159835815	0.299938440322876	0.0	1.3051185607910156	0.9829015135765076	0.0	3.3043572902679443	0.0	1.1766690015792847	1.7919018268585205	0.6555227637290955	0.0	0.9408133029937744	0.0	0.0	0.0	0.0	0.6314383149147034	0.5333305597305298	0.9762842059135437	1.1673253774642944	1.8943233489990234	0.5980138182640076	0.0	0.0	0.0	0.15399716794490814	2.578080892562866	0.0	2.286170482635498	1.194673776626587	0.0	0.0	0.0	0.0	0.0	0.0	1.1561377048492432	0.0	0.0	0.0	0.0	0.0	0.0	0.4746735095977783	1.1920853853225708	0.0	0.0	0.0	0.7313462495803833	0.8888447880744934	0.0	0.0	0.0	0.586729884147644	0.0	0.0	0.0	0.0	0.0	1.6518703699111938	1.0889791250228882	0.0	0.0	0.0	0.0	0.0	0.363523006439209	0.0	0.0	0.0	0.0	0.0	1.2876735925674438	1.108794093132019	1.9578949213027954	0.0	2.0443382263183594	0.0	1.2077463865280151	0.0	0.0	0.7220478653907776	0.0	0.7664073705673218	0.0	0.0	1.8470392227172852	0.0	0.0	0.0	0.0	0.6425399780273438	0.0	1.3558093309402466	0.0	0.0	1.2502162456512451	0.0	0.0	0.5427961349487305	0.0	0.0	0.0	0.0	0.0	0.06216172128915787	0.22035396099090576	0.0	0.09358225017786026	0.0	0.9731388688087463	0.5904421806335449	0.0	0.0	1.1783503293991089	0.6312019228935242	0.0	0.0	0.0	0.0	0.0	0.0	0.22190003097057343	0.0	0.0	0.0	0.7323405742645264	0.0	0.0	0.004431023728102446	0.0	0.0	0.0	0.0	0.0	0.0	2.158172845840454	0.0	0.0	0.0	0.0	0.1863367259502411	0.0	0.0	0.6594315767288208	0.0	0.0	1.602813959121704	0.0	0.0	0.576367199420929	0.7385827898979187	0.0	1.0620338916778564	0.0	0.0	0.16618184745311737	0.474403977394104	0.0	0.0	0.0	0.0	1.325395107269287	0.0	0.0	2.4692516326904297	0.09845822304487228	0.0	0.0	0.0	1.244969367980957	1.7593642473220825	0.0	0.0	0.7930030226707458	0.0	0.0	0.0	0.0	0.0	0.0	0.0	0.0	0.0	1.0528873205184937	0.0	2.4194140434265137	0.0	1.8978956937789917	0.0	0.0	0.9933017492294312	0.0	0.0	0.0	0.0	0.0	0.0	2.7763173580169678	0.0	0.7522328495979309	0.5320485234260559	0.0	0.0	0.19270506501197815	0.0	0.0	0.0	2.7435309886932373	0.805023729801178	1.4971474409103394	1.7226063013076782	0.0	0.0	0.0	1.7905062437057495	0.0	2.579784631729126	1.030213713645935	0.0	0.0	0.0	0.21082191169261932	2.468956708908081	0.0	0.0	0.0	0.0	0.2546425461769104	0.0	0.0	0.0	1.9757648706436157	1.7722007036209106	0.31675219535827637	0.0	1.6004637479782104	0.0	1.1264287233352661	0.0	0.0	0.10466685891151428	0.0	1.7366806268692017	0.0	0.0
0.0	0.0	0.0	0.3415606915950775	1.9405404329299927	0.0	0.0	0.0	2.1351091861724854	0.0	1.870015263557434	0.0	0.0	1.9617400169372559	0.0	4.894858360290527	0.0	0.0	0.1227923110127449	0.8937982320785522	0.0	0.0	0.0	0.0	0.0	0.0	0.0	0.03316522389650345	0.30504876375198364	1.765117883682251	0.6392654180526733	0.9933525919914246	0.0	0.0	0.0	0.0	0.6175243258476257	0.0	0.38312938809394836	0.17432449758052826	0.0	0.0	0.0	0.0	0.0	0.0	1.2031776905059814	0.0	0.0	0.46952328085899353	0.0	0.0	0.0	0.0	0.2554890513420105	0.0	0.0	0.0	0.0	0.52452152967453	0.0	0.0	0.0	0.0	0.0	0.0	0.0	0.0	0.0	0.5340703725814819	2.273855686187744	0.0	0.0	1.2762800455093384	0.0	0.0	0.0	0.0	0.0	0.0	0.0	0.0	2.8594233989715576	0.0	0.771662175655365	0.0	0.7717790007591248	0.0	0.9775831699371338	0.0	0.0	0.0	0.0	0.0	0.0	0.0	0.19859619438648224	0.6692354679107666	0.0	0.0	0.0	2.355153799057007	0.0	0.0	0.0	0.0	1.01039719581604	0.024213049560785294	0.0	1.5886974334716797	0.0	0.0	0.0	0.0	1.0588325262069702	0.0	0.7964611053466797	0.0	1.0825321674346924	0.0	0.009802310727536678	2.6857388019561768	0.0	0.0	0.0	2.9397099018096924	0.0	0.0	0.0	1.6656248569488525	0.0	0.0	1.7463570833206177	0.0	0.0	2.123913526535034	1.5581178665161133	0.0	0.0	0.0	0.0	0.0	0.0	0.0	0.0	0.0	2.1729352474212646	0.0	0.0	0.7978367805480957	0.0	1.128715991973877	0.0	0.0	0.0	0.0	0.0	3.536874771118164	0.0	0.0	0.0	0.844340443611145	0.0	1.928989291191101	0.0	0.0	0.0	1.2058976888656616	0.0	0.0	0.0	0.0	0.3525378108024597	0.0	0.0	2.9081501960754395	2.594531774520874	0.0	0.0	0.0	2.3112311363220215	0.0	0.0	0.31995654106140137	0.0	0.0	0.0	0.0	0.0	0.0	0.0	0.0	0.0	0.0	0.88125079870224	0.0	0.1823609173297882	0.0	2.7199063301086426	0.0	0.0	2.3656163215637207	0.0	0.0	0.0	0.0	0.0	0.0	3.815239906311035	0.0	2.3645780086517334	2.2910633087158203	0.0	0.0	0.04892674461007118	0.0	0.0	0.0	1.1259291172027588	0.0	1.2780946493148804	3.3099191188812256	0.0	0.0	0.0	0.0	0.011442719027400017	1.3571299314498901	0.0	0.0	0.0	1.387988805770874	1.8722758293151855	1.241077184677124	0.0	0.0	0.0	0.0	2.153996706008911	0.0	0.0	0.0	0.6490215063095093	3.5796515941619873	0.0	0.0	3.7384822368621826	0.0	0.0	0.0	0.0	0.0	0.0	2.620662212371826	0.0	0.0
0.0	0.0	0.0	0.1321871429681778	0.5517873167991638	0.0	0.2608087360858917	0.0	1.199231743812561	1.1361812353134155	0.0	0.0	0.8966377377510071	1.4284675121307373	0.0	1.9076476097106934	0.0	0.4544167220592499	0.5294259190559387	0.5922231674194336	0.7962374687194824	0.24176454544067383	0.0	1.0957579612731934	0.0	0.0	0.8537657856941223	1.1475683450698853	0.04172409325838089	0.8996878862380981	0.5638000965118408	1.0517141819000244	0.0	0.7197000980377197	0.0	1.3597285747528076	0.9692046642303467	0.0	1.0925695896148682	1.0798306465148926	0.0	0.0	0.0	0.0	0.0	0.0	0.0	0.0	0.0	0.5484245419502258	0.0	0.0	0.0	0.0	0.8349237442016602	0.0	0.0	0.4691973328590393	1.1560068130493164	0.0	0.0	0.0	0.0	1.1610690355300903	0.0	0.0	0.0	0.0	0.0	1.1409727334976196	1.1558970212936401	0.0	0.0	0.09703486412763596	0.0	0.0	1.0403516292572021	0.0	0.0	1.4201884269714355	0.0	0.0	0.646200954914093	0.15500786900520325	1.5893638134002686	0.0	1.2528905868530273	0.0	0.5063366293907166	0.0	0.0	1.3786413669586182	0.0	0.7162409424781799	0.0	0.2295064628124237	1.3983275890350342	1.331618070602417	0.0	0.3364671468734741	0.0	0.0	0.0	0.36472275853157043	0.0	0.0	0.6691746711730957	0.0	0.0	0.0	0.0	0.0	0.0	0.0	0.0	0.0	1.0214347839355469	0.0	0.7123587727546692	0.0	1.0166734457015991	1.1428896188735962	0.0	0.4299209713935852	0.0	1.4754128456115723	0.0	0.0	0.0	0.1603950709104538	0.23059791326522827	0.0	0.674220860004425	0.0	0.0	0.49353182315826416	0.9193308353424072	0.0	0.0	0.28097301721572876	0.0	0.0	0.0	1.0113413333892822	1.3297075033187866	0.0	1.0191903114318848	0.0	0.0	0.0	0.0	0.6184631586074829	0.0	0.0	1.0698407888412476	0.0	0.0	1.3438767194747925	0.0	0.0	0.24192611873149872	0.6906672716140747	0.28810247778892517	1.0215611457824707	1.1777790784835815	0.0	0.0	1.4079383611679077	0.0	0.0	0.0	0.0	0.8472369909286499	0.0	2.2499752044677734	0.5098758935928345	0.0	0.0	0.0	0.39123764634132385	1.508274793624878	1.0471611022949219	0.0	0.0	0.7312671542167664	0.0	0.0	0.0	0.0	0.0	0.0	0.0	0.0	0.0	0.6757979393005371	0.0	0.9102896451950073	0.0	0.9761464595794678	0.5469470620155334	0.0	0.4091554582118988	0.0	0.0	0.0	0.0	0.0	0.0	2.0305349826812744	0.0	1.2631601095199585	0.7605299353599548	0.6965471506118774	0.0	0.0	0.0	0.0	0.0	1.0962247848510742	1.303131103515625	0.7112931609153748	1.1197538375854492	0.0	0.0	0.0	0.686660885810852	1.0045371055603027	0.9811879992485046	1.0306298732757568	0.0	0.0	0.0	0.939580500125885	1.4335423707962036	0.0	0.0	0.0	0.0	0.4032228887081146	0.0	0.0	0.0	0.6931120157241821	0.09704834222793579	1.0776712894439697	0.0	1.3546544313430786	0.0	1.2237178087234497	0.4901107847690582	0.0	2.203341484069824	0.0	0.30551373958587646	0.0	0.0
0.0	0.0	0.0	0.0	0.6521878242492676	0.0	0.0	0.0	2.365891695022583	0.0	2.951617956161499	0.0	0.0	0.2706042528152466	0.0	4.180644512176514	1.0348762273788452	0.4503440260887146	0.0	0.0	0.0	0.0	0.0	0.0	0.0	0.0	0.0	0.0	0.0	0.5965323448181152	0.17896157503128052	1.4537897109985352	0.0	0.0	0.0	0.0	0.0	0.0	0.0	0.0	0.0	0.0	0.0	0.09408925473690033	0.0	0.0	3.092660427093506	0.0	0.0	0.1582181304693222	0.0	0.0	0.0	0.0	0.0	0.0	0.0	0.0	0.0	1.9274556636810303	0.0	0.0	0.0	0.0	0.0	0.0	0.0	0.0	0.0	0.4958026707172394	0.05808516964316368	0.0	0.0	0.2498079240322113	0.0	0.0	0.0	0.0	0.0	0.0	0.0	0.0	2.705864429473877	0.0	0.04787975922226906	0.0	1.0801331996917725	0.0	2.152712345123291	0.0	0.0	0.0	0.0	0.0	0.0	0.0	0.22013194859027863	0.0	0.0	0.0	0.0	2.0133988857269287	0.0	0.0	0.0	0.0	0.6992361545562744	0.11544656753540039	0.0	2.7175283432006836	0.0	0.0	0.0	0.0	0.0	0.0	0.10640644282102585	0.0	1.6346601247787476	0.0	0.0	0.3241749107837677	0.0	0.0	1.5085288286209106	1.345670223236084	0.0	0.0	0.0	1.7306419610977173	0.0	0.0	0.0	0.0	0.0	1.472741961479187	0.5888146758079529	0.0	0.0	0.0	0.0	0.0	0.0	0.0	0.0	0.0	2.5134339332580566	0.0	0.0	1.361168384552002	0.0	1.5525740385055542	0.0	0.0	0.0	0.0	0.0	2.569467782974243	0.0	0.0	0.0	0.0	0.0	0.48460400104522705	0.0	0.0	0.0	0.1995677649974823	0.0	0.0	0.0	0.0	0.2594120502471924	0.0	0.0	4.303371429443359	3.0006701946258545	0.0	0.0	0.0	0.9570215940475464	0.16309085488319397	0.0	0.0	0.0	0.0	0.0	0.0	0.0	0.0	0.0	0.0	0.0	0.0	0.0	0.0	0.2742433249950409	0.0	1.802633285522461	0.0	0.0	2.680579900741577	0.0	0.0	0.0	0.0	0.0	0.0	2.72363543510437	0.0	0.8758032321929932	0.9985073804855347	0.0	0.0	0.04690723121166229	0.0	0.0	0.0	0.24883653223514557	0.0	2.4898276329040527	3.1979706287384033	0.0	0.0	0.0	0.2539987564086914	0.0	1.3238942623138428	0.0	0.0	0.0	1.3023146390914917	0.7330350279808044	1.4063894748687744	0.0	0.0	0.0	0.0	1.1034178733825684	0.0	0.0	0.0	1.1538249254226685	2.7031564712524414	0.0	0.0	1.6607707738876343	0.0	0.0	0.0	0.0	0.0	0.0	3.2242181301116943	0.0	0.0
0.0	0.0	0.0	0.21419291198253632	1.0075973272323608	0.0	0.24977505207061768	0.0	1.5568928718566895	0.623858630657196	0.783033013343811	0.0	0.12738379836082458	0.4531894028186798	0.0	2.988354206085205	0.0	0.7302436828613281	0.24657222628593445	0.32437536120414734	0.0	1.2799603939056396	0.0	0.0	0.0	0.0	0.0	0.0	0.0	1.1517949104309082	0.6748644709587097	1.1833330392837524	0.0	0.0	0.0	0.0	0.5681874752044678	0.0	1.1220719814300537	0.07372738420963287	0.0	0.0	0.0	0.0	0.0	0.0	0.6054750084877014	0.0	0.0	0.24482060968875885	0.0	0.0	0.0	0.33987554907798767	0.9895493984222412	0.0	0.0	0.0	1.068488597869873	1.1934800148010254	0.0	0.0	0.0	0.0	0.0	0.0	0.0	0.0	0.0	1.2590081691741943	0.5794764161109924	0.0	0.0	0.1425083726644516	0.0	0.0	0.0	0.0	0.0	0.0	0.0	0.0	1.7323391437530518	0.14592230319976807	1.6292755603790283	0.0	1.3601802587509155	0.0	0.4633450508117676	0.0	0.0	0.17079216241836548	0.0	1.2841205596923828	0.0	0.0	1.1574143171310425	0.13555572926998138	0.0	0.0	0.0	1.4490197896957397	0.0	1.3125404119491577	0.0	0.0	0.0	0.0	0.0	0.0	0.0	0.0	0.0	0.0	0.5098821520805359	0.0	0.0	0.0	0.6749871373176575	0.0	0.0	1.1084105968475342	0.0	0.6131115555763245	0.010408601723611355	1.0098804235458374	0.0	0.0	0.0	0.6528463959693909	0.0	0.0	0.26925089955329895	0.0	0.0	0.0	0.14111600816249847	0.0	0.0	1.557263970375061	0.0	0.0	0.0	0.0	0.0	0.0	0.34770482778549194	0.0	0.0	0.0	0.0	0.6928249001502991	0.0	0.0	0.35552000999450684	0.0	0.0	2.0468664169311523	0.0	0.0	0.0	0.5200379490852356	0.0	0.42995989322662354	0.3100622594356537	0.0	0.0	0.5667078495025635	0.0	0.0	0.0	0.0	0.050216078758239746	0.0	0.0	2.483774185180664	0.9359036087989807	0.0	0.0	0.0	1.3685874938964844	0.4322583079338074	0.0	0.0	0.0	0.0	0.0	0.0	0.0	0.0	0.0	0.0	0.0	0.0	0.0	0.0	1.196820616722107	0.0	0.6660119891166687	0.023338647559285164	0.0	1.266174077987671	0.0	0.0	0.0	0.0	0.0	0.0	2.909891366958618	0.0	0.759904146194458	0.8915777802467346	0.0	0.0	0.17555740475654602	0.0	0.0	0.0	1.6345267295837402	0.2408929318189621	0.9981048107147217	2.5391547679901123	0.0	0.0	0.0	1.2435606718063354	0.0	2.1435649394989014	0.12289468199014664	0.0	0.0	0.0	0.3199164867401123	0.3668905198574066	0.0	0.0	0.0	0.0	0.4316849112510681	0.0	0.0	0.0	0.5410835146903992	1.7738654613494873	0.23046080768108368	0.0	1.2431193590164185	0.0	0.09271638095378876	0.0	0.0	0.6255090832710266	0.0	2.1673688888549805	0.0	0.0
0.0	0.0	0.0	0.30071786046028137	0.21605144441127777	0.0	0.9466167092323303	0.0	1.102121353149414	0.4690392017364502	0.0	0.0	0.9508500099182129	0.3484868109226227	0.0	1.6889734268188477	0.0	1.135368824005127	1.0144662857055664	0.9952765107154846	0.36537960171699524	1.3592842817306519	0.0	0.7395662665367126	0.0	0.0	1.4909743070602417	0.1955525130033493	0.47813743352890015	0.2149038463830948	0.07415961474180222	0.7317641973495483	0.0	0.9102596640586853	0.0	0.6384330987930298	2.3404693603515625	0.0	1.9947055578231812	1.4766688346862793	0.0	0.0	0.0	0.0	0.0	0.0	0.1111539900302887	0.0	0.0	0.0	0.0	0.0	0.0	1.6695940494537354	1.3544282913208008	0.0	0.0	0.0	1.7761613130569458	0.7508566975593567	0.0	0.0	0.0	0.5242770910263062	0.0	0.0	0.0	0.0	0.0	1.9026031494140625	0.35883089900016785	0.0	0.0	0.010231424123048782	0.0	0.0	1.3444257974624634	0.0	0.0	0.8555322885513306	0.0	0.0	0.4617983400821686	0.537015438079834	1.5065513849258423	0.0	1.549054503440857	0.0	0.0	0.0	0.0	1.4751324653625488	0.0	1.3687748908996582	0.0	0.6497645974159241	1.8276005983352661	0.47789105772972107	0.0	0.0	0.0	0.0	0.0	1.1799769401550293	0.0	0.0	0.5731956958770752	0.0	0.0	0.0	0.0	0.0	0.0	0.0	0.0	0.0	0.0	0.0	0.13210667669773102	0.0	0.0	0.23332588374614716	0.0	0.23130571842193604	0.01263206172734499	0.3443986475467682	0.0	0.0	0.0	0.0	0.0	0.0	0.17053762078285217	0.0	0.0	0.07528750598430634	0.9681186079978943	0.0	0.0	1.2656656503677368	0.0	0.0	0.0	0.015668949112296104	0.0	0.0	0.7027296423912048	0.0	0.0	0.0	0.0	0.0	0.0	0.0	1.4111661911010742	0.0	0.0	1.3403160572052002	0.0	0.0	0.32610204815864563	0.7969149947166443	0.09506230801343918	0.0	0.7589974403381348	0.0	0.3076481223106384	0.7919691801071167	0.0	0.0	0.0	0.0	0.8110222816467285	0.0	0.7130848169326782	0.5372205972671509	0.0	0.0	0.0	0.0	0.26820001006126404	1.2795755863189697	0.0	0.0	1.5508556365966797	0.0	0.0	0.0	0.0	0.0	0.0	0.0	0.0	0.0	1.2159215211868286	0.0	1.6639866828918457	0.0	0.17408232390880585	0.20104628801345825	0.0	0.2787612974643707	0.0	0.0	0.0	0.0	0.0	0.0	1.920591950416565	0.0	0.0	0.14805391430854797	0.09636370837688446	0.0	0.0	0.0	0.0	0.0	2.39616060256958	0.2953549325466156	0.5684494376182556	0.6262490749359131	0.0	0.0	0.0	2.381108045578003	0.0	1.6092067956924438	0.6495325565338135	0.0	0.0	0.0	0.28901949524879456	1.2884362936019897	0.0	0.0	0.0	0.0	0.0	0.0	0.0	0.0	0.5944437980651855	0.0	1.0394902229309082	0.0	0.0	0.0	1.1990382671356201	0.05849047377705574	0.0	0.9715167880058289	0.0	0.18937575817108154	0.0	0.0
0.0	0.0	0.0	0.030207496136426926	1.882855772972107	0.0	0.0	0.0	2.079357385635376	0.0	1.5912671089172363	0.0	0.0	1.194401502609253	0.0	4.202615261077881	0.03392532467842102	0.3459058701992035	0.0	0.0	0.0	0.0	0.0	0.0	0.0	0.0	0.0	0.0	0.0018142213812097907	1.0770014524459839	0.0	0.5484119653701782	0.0	0.0	0.0	0.0	0.5952272415161133	0.0	0.47396472096443176	0.027431396767497063	0.0	0.0	0.0	0.0	0.0	0.0	2.0949740409851074	0.0	0.0	0.001426513772457838	0.0	0.0	0.0	0.0	0.0	0.0	0.0	0.0	0.0	0.5937023162841797	0.0	0.0	0.0	0.0	0.0	0.0	0.0	0.0	0.0	0.3976776897907257	1.395701289176941	0.0	0.0	0.705801784992218	0.0	0.0	0.0	0.0	0.0	0.0	0.0	0.0	2.3542122840881348	0.0	0.39187338948249817	0.0	0.1955443024635315	0.0	1.337042212486267	0.0	0.0	0.0	0.0	0.3711087107658386	0.0	0.0	0.1525370478630066	0.0	0.0	0.0	0.0	2.8620712757110596	0.0	0.0	0.0	0.0	0.3009602129459381	0.0	0.0	1.343460202217102	0.0	0.0	0.0	0.0	0.5583978891372681	0.0	0.7798249125480652	0.0	1.2460137605667114	0.0	0.0	1.5188031196594238	0.0	0.0	0.05633324012160301	1.8918129205703735	0.0	0.0	0.0	1.6581369638442993	0.0	0.0	0.4179995059967041	0.0	0.0	1.9367380142211914	0.7791005969047546	0.0	0.0	0.0	0.0	0.0	0.0	0.0	0.0	0.0	1.523565649986267	0.0	0.0	0.2741577923297882	0.0	1.2588130235671997	0.0	0.0	0.0	0.0	0.0	2.675044059753418	0.0	0.0	0.0	0.1237119659781456	0.0	0.4742127060890198	0.0	0.0	0.0	0.9222090840339661	0.0	0.0	0.0	0.0	0.4148476719856262	0.0	0.12144676595926285	3.51244854927063	2.749068021774292	0.0	0.0	0.0	1.1383932828903198	0.0	0.0	0.0	0.0	0.0	0.0	0.0	0.0	0.0	0.0	0.0	0.0	0.0	0.0	0.0	0.09870053827762604	0.0	2.073732614517212	0.0	0.0	2.297884702682495	0.0	0.0	0.0	0.0	0.0	0.0	2.9646472930908203	0.0	2.335364818572998	1.4523075819015503	0.0	0.0	0.3341022729873657	0.0	0.0	0.0	0.6790611147880554	0.0	1.3637349605560303	2.7247068881988525	0.0	0.0	0.0	0.0	0.0	1.1665294170379639	0.0	0.0	0.0	0.7501006722450256	1.6839163303375244	0.17495906352996826	0.0	0.0	0.0	0.0	1.6904035806655884	0.0	0.0	0.0	0.3345121443271637	3.3147218227386475	0.0	0.0	2.5785207748413086	0.0	0.0	0.0	0.0	0.0	0.0	2.978532075881958	0.0	0.0
0.0	0.0	0.0	0.035962238907814026	0.4741871654987335	0.0	1.0425405502319336	0.0	0.845175564289093	0.812732458114624	0.08230002969503403	0.0	1.578751802444458	0.8991987705230713	0.0	2.657879114151001	0.0	1.3066067695617676	0.9248837232589722	1.3527559041976929	0.5790733695030212	1.3726743459701538	0.0	0.5587800145149231	0.0	0.0	1.3907694816589355	0.46581608057022095	0.5028206706047058	1.1754419803619385	0.7475894093513489	0.9401182532310486	0.0	0.4409577548503876	0.0	1.4460290670394897	1.854793906211853	0.0	2.362755537033081	1.6914528608322144	0.0	0.0	0.0	0.0	0.0	0.0	0.017519600689411163	0.0	0.0	0.0	0.0	0.0	0.0	0.4958593249320984	1.990349292755127	0.0	0.0	0.0	2.0343527793884277	0.6990167498588562	0.0	0.0	0.0	0.32199499011039734	0.0	0.0	0.0	0.0	0.0	1.8478789329528809	0.6281830072402954	0.0	0.0	0.22603324055671692	0.0	0.0	1.7715115547180176	0.0	0.0	1.2986021041870117	0.0	0.0	1.1749045848846436	0.4680987000465393	1.584527611732483	0.0	1.9761552810668945	0.0	0.0	0.0	0.0	2.083383083343506	0.0	2.492237091064453	0.0	0.5505277514457703	2.001305341720581	0.31947752833366394	0.0	0.0	0.0	0.0	0.0	1.0611014366149902	0.0	0.0	0.5086982846260071	0.0	0.0	0.0	0.0	0.0	0.0	0.0	0.0	0.0	0.0	0.0	0.13189499080181122	0.0	0.0	0.7952488660812378	0.0	0.07988657802343369	0.0	0.5440072417259216	0.0	0.0	0.0	0.0	0.0	0.0	0.0	0.0	0.0	0.5766315460205078	0.8243978023529053	0.0	0.0	1.936479091644287	0.0	0.0	0.0	0.39221876859664917	0.0	0.0	0.6944077610969543	0.0	0.0	0.0	0.0	0.0	0.0	0.0	1.538619041442871	0.0	0.0	0.8541489243507385	0.0	0.0	0.8465972542762756	0.9337541460990906	0.0	0.5704315304756165	0.5962705612182617	0.0	0.5453118681907654	0.9484260678291321	0.0	0.0	0.0	0.0	0.7974392771720886	0.0	1.7571486234664917	0.5777645111083984	0.0	0.0	0.0	0.0	1.177042841911316	0.8636391758918762	0.0	0.0	1.8748902082443237	0.0	0.0	0.0	0.0	0.0	0.0	0.0	0.0	0.0	1.1567015647888184	0.0	1.6187599897384644	0.0	0.5214048624038696	0.39999672770500183	0.0	0.570575475692749	0.0	0.0	0.0	0.0	0.0	0.0	2.7773895263671875	0.0	0.011260929517447948	0.07560315728187561	0.2950723469257355	0.0	0.0	0.0	0.0	0.0	2.272308588027954	0.21354541182518005	0.023510156199336052	1.3540277481079102	0.0	0.0	0.0	1.5167888402938843	0.0	1.8296213150024414	1.2882778644561768	0.0	0.0	0.0	0.46513620018959045	1.2043508291244507	0.0	0.0	0.0	0.0	0.21157602965831757	0.0	0.0	0.0	0.9314740896224976	0.18508100509643555	0.8426340818405151	0.0	0.7041904330253601	0.0	0.9523032903671265	0.4274786710739136	0.0	0.20316480100154877	0.0	0.6266760230064392	0.0	0.0
0.0	0.0	0.0	0.09018440544605255	0.8314763903617859	0.0	1.00403892993927	0.0	0.8004029989242554	0.7624849081039429	0.0	0.0	1.4483375549316406	0.41932860016822815	0.1837519109249115	1.6462562084197998	0.0	0.5947296619415283	1.812209963798523	0.5304207801818848	0.4528942406177521	2.291478157043457	0.0	0.7266258597373962	0.0	0.0	1.455186367034912	1.4027172327041626	0.5517621040344238	1.0158140659332275	0.12672682106494904	1.5004266500473022	0.0	1.0435115098953247	0.0	0.9017847776412964	2.4303579330444336	0.0	2.7218940258026123	1.4286003112792969	0.0	0.0	0.0	0.0	0.0	0.0	0.0	0.0	0.0	0.0	0.0	0.0	0.0	0.9321808218955994	2.004315137863159	0.0	0.0	0.0	1.8662585020065308	0.0	0.0	0.0	0.0	0.7933462262153625	0.0	0.0	0.0	0.0	0.0	1.9535247087478638	1.299998164176941	0.0	0.0	0.0	0.0	0.0	1.2550127506256104	0.6190844774246216	0.0	0.4468687176704407	0.0	0.0	0.5346283912658691	1.3446996212005615	3.1311347484588623	0.0	2.293640613555908	0.0	0.3161226809024811	0.0	0.0	1.5055034160614014	0.0	2.004319190979004	0.0	1.9021776914596558	1.1247038841247559	0.3829471468925476	0.0	0.0	0.0	0.0	0.0	2.4327003955841064	0.0	0.0	0.3303588628768921	0.0	0.0	0.0	0.0	0.0	0.0	0.0	0.0	0.7329614162445068	0.748355507850647	0.0	0.09680146723985672	0.0	0.3475046455860138	0.0	0.0	0.3763531446456909	0.7239341735839844	0.030385686084628105	0.0	0.0	0.0	0.0	0.0	0.0	1.5170457363128662	0.0	0.0	0.31087857484817505	1.9063611030578613	0.0	0.0	0.3316648006439209	0.0	0.0	0.0	0.0	0.0	0.0	0.007364778313785791	0.0	0.0	0.0	0.0	0.3517555594444275	0.0	0.0	2.168722629547119	0.0	0.0	1.1671743392944336	0.0	0.0	1.6153846979141235	1.7007330656051636	0.0	1.1900768280029297	1.3445415496826172	0.0	0.9776859879493713	1.1733790636062622	0.0	0.0	0.0	0.0	1.5358041524887085	0.0	0.09706886112689972	0.8176453709602356	0.0	0.0	0.0	0.0	0.8239514827728271	0.6309247612953186	0.0	1.3647295236587524	2.2600767612457275	0.0	0.0	0.0	0.0	0.0	0.0	0.0	0.0	0.0	1.3109139204025269	0.0	3.396404504776001	0.0	0.6099478602409363	0.3226854205131531	0.0	0.34851107001304626	0.0	0.0	0.0	0.0	0.0	0.0	1.702272891998291	0.0	0.0	0.516322910785675	0.0	0.0	0.0	0.0	0.0	0.0	3.241624116897583	1.3305463790893555	0.4218459725379944	0.3410433232784271	0.0	0.0	0.0	2.8785839080810547	0.06835032254457474	2.193498134613037	1.335252285003662	0.0	0.0	0.0	0.4827953279018402	1.7684060335159302	0.0	0.0	0.0	0.0	0.0	0.0	0.0	0.0	1.3605921268463135	0.0	2.223372220993042	0.0	1.683830976486206	0.0	2.6458659172058105	0.0	0.0	1.3448481559753418	0.0	0.29122909903526306	0.0	0.0
0.0	0.0	0.0	0.0	1.9448498487472534	0.0	0.0	0.0	2.1319570541381836	0.0	2.8437681198120117	0.0	0.0	0.0	0.18026301264762878	4.136294364929199	0.0	0.0	0.0	0.0	0.0	0.10301582515239716	0.0	0.0	0.0	0.0	0.0	0.3264128863811493	0.0	0.15762071311473846	0.0	1.9610971212387085	0.0	0.0	0.0	0.0	0.191982239484787	0.0	0.0	0.0	0.0	0.0	0.0	0.8859990239143372	0.0	0.0	0.8740108013153076	0.0	0.0	0.9338340163230896	0.0	0.0	0.0	0.0	0.0	0.0	0.0	0.0	0.0	0.712437093257904	0.0	0.0	0.0	0.0	0.0	0.0	0.0	0.0	0.0	0.0	1.7413098812103271	0.0	0.0	1.6237056255340576	0.0	0.0	0.0	0.0	0.0	0.0	0.0	0.0	1.605658769607544	0.0	0.7584055662155151	0.0	0.0	0.0	1.8576799631118774	0.0	0.0	0.0	0.0	0.0	0.0	0.0	0.0	0.0	0.0	0.0	0.0	2.174948215484619	0.0	0.0	0.0	0.0	0.22428038716316223	1.2913730144500732	0.0	1.4929598569869995	0.0	0.0	0.0	0.0	0.0	0.0	0.8495214581489563	0.0	1.2568930387496948	0.0	0.0	0.8045005798339844	0.0	1.0396963357925415	0.30286794900894165	1.8580079078674316	0.0	0.0	0.0	2.402650833129883	0.0	0.0	1.0280842781066895	0.0	0.0	2.1897122859954834	1.1623404026031494	0.0	0.0	0.0	0.0	0.0	0.0	0.0	0.0	0.0	1.2380262613296509	0.0	0.0	0.0	0.0	2.424839496612549	0.0	0.0	0.0	0.0	0.0	2.9844629764556885	0.0	0.0	0.0	0.7654166221618652	0.0	1.4328709840774536	0.3498581647872925	0.0	0.0	1.2808024883270264	0.0	0.0	0.0	0.0	0.0	0.0	0.0	3.4699862003326416	3.2616684436798096	0.0	0.0	0.0	1.4872690439224243	0.0	0.0	0.7636555433273315	0.0	0.0	0.0	0.0	0.0	0.0	0.0	0.0	0.0	0.0	0.0	0.0	0.5919321179389954	0.0	2.3790202140808105	0.0	0.0	2.717768669128418	0.0	0.0	0.0	0.0	0.0	0.0	3.2076072692871094	0.0	2.7956180572509766	1.7446826696395874	0.0	0.0	0.0	0.0	0.0	0.0	0.8294577598571777	0.0	2.2483596801757812	2.7400081157684326	0.0	0.0	0.0	0.0	0.0	1.9180843830108643	0.0	0.0	0.0	1.7079484462738037	2.7587547302246094	0.0	0.0	0.0	0.0	0.0	1.732033610343933	0.0	0.0	0.0	0.0	2.5253820419311523	0.0	0.0	3.5858020782470703	0.0	0.03490981087088585	0.0	0.0	1.993004322052002	0.0	3.709564447402954	0.0	0.0
0.0	0.0	0.0	0.06768805533647537	0.8861021995544434	0.0	0.2999483346939087	0.0	0.4246724247932434	0.09117123484611511	0.0	0.0	0.8263503313064575	0.023307189345359802	0.0	1.086366057395935	0.0	0.27299878001213074	0.5480150580406189	0.8511059284210205	0.0	1.9043725728988647	0.0	0.08028823137283325	0.0	0.0	0.7433915138244629	1.0028436183929443	0.0	0.6824403405189514	0.09627169370651245	1.6605048179626465	0.0	0.8694828748703003	0.0	1.2231066226959229	2.093149185180664	0.0	1.627256989479065	0.8445135354995728	0.0	0.0	0.0	0.0	0.0	0.0	0.0	0.0	0.0	0.0	0.0	0.0	0.0	0.32712310552597046	1.725645899772644	0.0	0.0	0.0	1.5415459871292114	0.27919313311576843	0.0	0.0	0.0	0.5756586790084839	0.0	0.0	0.0	0.0	0.0	1.6180732250213623	0.9848029613494873	0.0	0.0	0.24592819809913635	0.0	0.0	0.6787603497505188	0.0	0.0	0.9251896142959595	0.0	0.0	0.0	0.814079999923706	1.9077401161193848	0.0	1.3980741500854492	0.0	0.0	0.0	0.0	1.0131138563156128	0.0	2.071320056915283	0.0	0.9259212613105774	1.0177862644195557	0.26722627878189087	0.0	0.0	0.0	0.0	0.0	1.286677598953247	0.0	0.0	0.0	0.0	0.0	0.0	0.0	0.0	0.0	0.0	0.0	0.0	0.5164321064949036	0.0	0.2656238377094269	0.0	0.280962198972702	0.0	0.0	0.9893498420715332	0.5463860630989075	0.325356125831604	0.0	0.0	0.0	0.0	0.0	0.0	0.556147575378418	0.0	0.0	0.1249023899435997	0.6029899716377258	0.0	0.0	0.6666533946990967	0.0	0.0	0.0	0.0	0.0	0.0	0.05864296481013298	0.0	0.0	0.0	0.0	0.0	0.0	0.0	1.7593551874160767	0.0	0.0	0.6068099737167358	0.0	0.0	0.9647528529167175	0.9417610168457031	0.0	0.7791041135787964	0.9660542011260986	0.0	0.9754328727722168	0.5271267294883728	0.0	0.0	0.0	0.0	0.10063691437244415	0.0	0.0	0.8351866602897644	0.0	0.0	0.0	0.0	0.5720893144607544	1.1195473670959473	0.0	0.46664562821388245	1.5196863412857056	0.0	0.0	0.0	0.0	0.0	0.0	0.0	0.0	0.0	0.6557163000106812	0.0	2.3080921173095703	0.0	0.0	0.38581371307373047	0.0	0.0	0.0	0.0	0.0	0.0	0.0	0.0	1.7567994594573975	0.0	0.043756335973739624	0.009368945844471455	0.0	0.0	0.0	0.0	0.0	0.0	2.1166954040527344	0.6806917786598206	0.00848790816962719	0.5256558656692505	0.0	0.0	0.0	2.0377798080444336	0.024123389273881912	1.4051319360733032	1.0160373449325562	0.0	0.0	0.0	0.0	1.073211669921875	0.0	0.0	0.0	0.0	0.0	0.0	0.0	0.0	0.7738617062568665	0.0	1.6707977056503296	0.0	1.150018334388733	0.0	1.7189537286758423	0.0	0.0	0.914624810218811	0.0	0.44623953104019165	0.0	0.0
0.0	0.0	0.0	0.10730229318141937	0.6760984063148499	0.0	0.7060513496398926	0.0	1.2278345823287964	0.811790406703949	0.1680830419063568	0.0	1.3881738185882568	1.1468135118484497	0.22624468803405762	1.6441771984100342	0.0	0.19304753839969635	0.6905323266983032	0.404634952545166	0.29319122433662415	0.47614532709121704	0.0	0.650037407875061	0.0	0.0	0.9848762154579163	0.7217610478401184	0.5417391657829285	0.5819383859634399	0.44042906165122986	0.7173017859458923	0.0	0.0350169837474823	0.0	0.9475651979446411	0.9421799778938293	0.0	1.343101978302002	0.9346100091934204	0.0	0.0	0.0	0.0	0.0	0.0	0.0	0.0	0.0	0.33648020029067993	0.0	0.0	0.0	0.11438095569610596	1.073704481124878	0.0	0.0	0.26578810811042786	1.1438686847686768	0.0	0.0	0.0	0.0	0.5786000490188599	0.0	0.0	0.0	0.0	0.0	0.6570976972579956	0.6550243496894836	0.0	0.0	0.0	0.0	0.0	0.6971826553344727	0.0	0.0	0.48296383023262024	0.0	0.0	0.6744291186332703	0.0801544338464737	1.4704047441482544	0.0	1.193286418914795	0.0	0.14729814231395721	0.0	0.0	0.7098730206489563	0.0	0.8487829566001892	0.0	0.4727107584476471	0.9997019171714783	0.6257057785987854	0.0	0.0	0.0	0.005387619603425264	0.0	0.8420113921165466	0.0	0.0	0.4038044214248657	0.0	0.0	0.0	0.0	0.0	0.0	0.0	0.15742827951908112	0.0	0.6394374370574951	0.0	0.1584750860929489	0.0	0.8137561082839966	0.5612799525260925	0.0	0.013274945318698883	0.0	0.9493564367294312	0.0	0.0	0.0	0.0	0.0	0.0	0.7912071943283081	0.0	0.0	0.24792854487895966	1.0511326789855957	0.0	0.0	0.07362093776464462	0.0	0.0	0.0	0.21099108457565308	0.374220073223114	0.0	0.5854145884513855	0.0	0.0	0.0	0.0	0.4728147089481354	0.0	0.0	0.9977899789810181	0.0	0.0	1.1599037647247314	0.0	0.0	0.4837408661842346	0.4008849263191223	0.0	0.6286736130714417	0.7988256216049194	0.0	0.05070109665393829	1.0509060621261597	0.0	0.0	0.0	0.0	0.5952494740486145	0.0	1.595137596130371	0.6069583296775818	0.0	0.0	0.0	0.0	1.14667809009552	1.0516403913497925	0.0	0.0	0.784347653388977	0.0	0.0	0.0	0.0	0.0	0.0	0.0	0.0	0.0	0.6963046193122864	0.0	1.2866098880767822	0.0	0.5199765563011169	0.3245111107826233	0.0	0.022327346727252007	0.0	0.0	0.0	0.0	0.0	0.0	1.412311315536499	0.0	0.5179377198219299	0.7365233898162842	0.0	0.0	0.0	0.0	0.0	0.0	1.313728928565979	1.3252590894699097	0.25800561904907227	1.186259150505066	0.0	0.0	0.0	0.9643231630325317	0.4302043616771698	1.1850329637527466	1.372882604598999	0.0	0.0	0.0	0.5070531964302063	1.0495859384536743	0.0	0.0	0.0	0.0	0.5257145166397095	0.0	0.0	0.0	0.8157733678817749	0.0	0.8487755060195923	0.0	1.182060956954956	0.0	1.1323323249816895	0.3661642372608185	0.0	1.6123156547546387	0.0	0.5354247093200684	0.0	0.0
0.0	0.0	0.0	0.32243040204048157	0.09428802877664566	0.0	1.6333675384521484	0.0	1.3325327634811401	1.113951563835144	0.0	0.0	2.6269724369049072	0.9524563550949097	0.0	2.6028597354888916	0.0	1.0507307052612305	2.1586883068084717	1.494858980178833	0.6712750196456909	2.637765645980835	0.0	1.020898461341858	0.0	0.0	2.1336894035339355	0.7207841277122498	1.7493423223495483	1.5738246440887451	0.6047887206077576	0.5076318979263306	0.0	1.202407717704773	0.0	1.1054956912994385	3.825390100479126	0.0	3.403326988220215	2.569934606552124	0.0	0.0	0.0	0.0	0.0	0.0	0.0	0.0	0.0	0.0	0.0	0.0	0.0	0.9284667372703552	3.544926166534424	0.0	0.0	0.0	2.0502374172210693	0.0	0.0	0.0	0.0	1.3060559034347534	0.0	0.0	0.0	0.0	0.0	3.0841777324676514	1.156680703163147	0.0	0.0	0.0	0.0	0.0	1.8093372583389282	0.0	0.0	0.9970372319221497	0.0	0.0	0.5679736137390137	1.5515801906585693	3.208770513534546	0.0	3.177312135696411	0.0	0.0	0.0	0.0	3.0902199745178223	0.0	2.9322493076324463	0.0	2.2995805740356445	2.5698678493499756	0.0003858471754938364	0.0	0.0	0.0	0.0	0.0	2.280587911605835	0.0	0.0	0.8888802528381348	0.0	0.0	0.0	0.0	0.0	0.0	0.0	0.0	0.5933607816696167	0.0	0.0	0.0	0.0	1.9663645029067993	0.2804301381111145	0.0	0.532274067401886	0.6296948790550232	0.1231917217373848	0.0	0.0	0.0	0.0	0.0	0.0	0.504902720451355	0.0	0.0	0.0	1.4810431003570557	0.0	0.0	2.0509896278381348	0.0	0.0	0.0	0.0	0.0	0.0	1.2506343126296997	0.0	0.0	0.0	0.0	0.0	0.0	0.0	2.8715429306030273	0.0	0.0	1.4630998373031616	0.0	0.0	1.9623366594314575	1.2935727834701538	0.0	1.1837844848632812	1.1587865352630615	0.0	0.9789470434188843	1.2258374691009521	0.0	0.0	0.0	0.0	1.627417802810669	0.0	1.1108126640319824	0.12202345579862595	0.0	0.0	0.0	0.0	1.0619874000549316	2.1847071647644043	0.0	0.130540132522583	3.101785182952881	0.0	0.0	0.0	0.0	0.0	0.0	0.0	0.0	0.0	2.4087741374969482	0.0	3.9071035385131836	0.0	0.6744009852409363	0.003106991294771433	0.0	0.0	0.0	0.0	0.0	0.0	0.0	0.0	1.8040496110916138	0.0	0.0	0.017164571210741997	0.0	0.0	0.0	0.0	0.0	0.0	3.5963313579559326	1.6114176511764526	0.24387270212173462	0.8463818430900574	0.0	0.0	0.0	3.6672723293304443	0.0	2.578263521194458	2.906306266784668	0.0	0.0	0.0	0.0	2.0777528285980225	0.0	0.0	0.0	0.0	0.0	0.0	0.0	0.0	1.3503425121307373	0.0	2.157982587814331	0.0	1.3102302551269531	0.0	1.6022288799285889	0.5229769349098206	0.0	0.8295586109161377	0.0	0.0	0.0	0.0
0.0	0.0	0.0	0.0	1.8144216537475586	0.0	0.0	0.0	1.8264789581298828	0.0	1.875677227973938	0.0	0.0	0.0	0.7640008926391602	2.8611814975738525	0.0	0.0	0.0	0.0	0.0	0.0	0.0	0.0	0.0	0.0	0.0	0.19525711238384247	0.0	0.6280370354652405	0.0	1.2388663291931152	0.0	0.0	0.0	0.431559294462204	0.08225511014461517	0.0	0.0	0.0	0.0	0.0	0.0	0.521396815776825	0.0	0.0	0.9480409026145935	0.0	0.0	1.5381838083267212	0.0	0.0	0.0	0.0	0.0	0.0	0.0	0.0	0.10404666513204575	0.0	0.0	0.0	0.0	0.0	0.0	0.0	0.0	0.0	0.0	0.0	0.4820907711982727	0.0	0.0	0.4570784568786621	0.0	0.0	0.3367595970630646	0.0	0.0	0.0	0.0	0.0	1.00675630569458	0.0	0.2921684682369232	0.0	0.33765947818756104	0.0	0.9932288527488708	0.0	0.0	0.0	0.0	0.6923261284828186	0.0	0.0	0.4052371382713318	0.0	0.0	0.0	0.0	1.309585690498352	0.0	0.0017831288278102875	0.0	0.0	0.0	0.7512639164924622	0.0	0.5872014164924622	0.0	0.0	0.0	0.0	1.2638988494873047	0.0	0.21085330843925476	0.0	1.785889983177185	0.0	0.19451427459716797	0.9287279844284058	0.0	0.6697384715080261	0.15652744472026825	1.3318045139312744	0.0	0.0	0.0	1.417468547821045	0.0	0.0	0.4436349868774414	0.0	0.0	2.137606143951416	1.0543041229248047	0.0	0.0	0.0	0.0	0.0	0.0	0.0	0.0	0.0	1.127305030822754	0.0	0.0	0.0	0.0	1.520753264427185	0.0	0.0	0.0	0.0	0.0	1.998746395111084	0.0	0.0	0.0	0.07307588309049606	0.0	0.5059127807617188	0.2838906943798065	0.0	0.0	1.0972939729690552	0.0	0.0	0.0	0.0	0.0	0.0	1.611393928527832	2.1928374767303467	1.2907921075820923	0.0	0.0	0.0	1.430368423461914	0.0	0.0	0.0	0.0	0.0	0.0	0.0	0.0	0.0	0.0	0.0	0.0	0.0	0.0	0.0	0.19484606385231018	0.0	1.3768335580825806	0.0	0.0	1.1058988571166992	0.0	0.0	0.0	0.0	0.0	0.0	3.0554230213165283	0.0	2.4997549057006836	1.1182031631469727	0.5546919703483582	0.0	0.0	0.0	0.0	0.0	0.0	0.0	0.8771230578422546	2.7911336421966553	0.0	0.0	0.0	0.188912495970726	0.61927330493927	0.4816080331802368	0.0	0.0	0.0	1.068207025527954	1.5982811450958252	0.15131036937236786	0.0	0.0	0.0	0.0	1.2363390922546387	0.0	0.0	0.0	0.0	1.3433542251586914	0.0	0.0	1.6652146577835083	0.0	0.0	0.0	0.0	0.9177617430686951	0.0	2.345052719116211	0.0	0.0
0.0	0.0	0.0	0.7829409241676331	1.3984242677688599	0.0	0.7561991810798645	0.0	1.5939083099365234	1.0312509536743164	0.24442608654499054	0.0	1.090087890625	0.5305370688438416	0.0	2.3626179695129395	0.0	0.6897711157798767	0.6043419241905212	0.6942816972732544	0.17804403603076935	1.826340913772583	0.0	0.9766621589660645	0.0	0.0	0.7153198719024658	0.3912438154220581	0.682776689529419	1.1522347927093506	0.4030240774154663	1.2133867740631104	0.0	0.4505607485771179	0.0	0.888308048248291	1.104776382446289	0.0	1.602592945098877	1.073830246925354	0.0	0.0	0.0	0.0	0.0	0.0	0.0	0.0	0.0	0.5411574840545654	0.0	0.0	0.0	0.1751461774110794	1.4934474229812622	0.0	0.0	0.04936283454298973	1.392398715019226	0.29924923181533813	0.0	0.0	0.0	0.14399515092372894	0.0	0.0	0.0	0.0	0.0	1.4591039419174194	1.0376977920532227	0.0	0.0	0.5360028147697449	0.0	0.0	0.6217483878135681	0.09585597366094589	0.0	0.6940606236457825	0.0	0.0	0.3815319240093231	0.22504593431949615	1.7502472400665283	0.0	1.6292304992675781	0.0	0.0	0.0	0.0	1.2581652402877808	0.0	1.2727575302124023	0.0	0.0209055058658123	1.643484354019165	0.5987522006034851	0.0	0.0	0.0	0.15290836989879608	0.0	0.9645907282829285	0.0	0.0	0.5534743070602417	0.0	0.0	0.0	0.0	0.0	0.0	0.0	0.0	0.0	0.0	0.0	0.4655930995941162	0.0	0.33893531560897827	0.7498859763145447	0.0	0.27151811122894287	0.07073874771595001	1.0488051176071167	0.0	0.0	0.0	0.0	0.0	0.0	0.06929697096347809	0.0	0.0	0.11458121985197067	0.5665950179100037	0.0	0.0	1.2730729579925537	0.0	0.0	0.0	0.26099151372909546	0.0	0.0	0.6367697715759277	0.0	0.0	0.0	0.0	0.5455995798110962	0.0	0.0	1.3103039264678955	0.0	0.0	1.1986956596374512	0.0	0.0	0.5489140152931213	0.5466434359550476	0.0	0.762396514415741	1.2041208744049072	0.0	0.49644291400909424	1.3167331218719482	0.0	0.0	0.0	0.0	0.22900386154651642	0.0	2.1548917293548584	1.0780315399169922	0.06365085393190384	0.0	0.0	0.0	0.9343377947807312	1.4699103832244873	0.0	0.0	1.3624335527420044	0.0	0.0	0.0	0.0	0.0	0.0	0.0	0.0	0.0	0.7000294923782349	0.0	1.6219459772109985	0.0	0.6653100252151489	0.5697460174560547	0.0	0.0	0.0	0.0	0.0	0.0	0.0	0.0	2.024838924407959	0.0	0.4794718325138092	0.6721185445785522	0.7514941692352295	0.0	0.0	0.0	0.0	0.0	1.7658501863479614	0.7149612903594971	0.36036455631256104	1.375728726387024	0.0	0.0	0.0	1.4708174467086792	0.5331073999404907	1.7108442783355713	1.2703016996383667	0.0	0.0	0.0	0.38631194829940796	0.9031621217727661	0.0	0.0	0.0	0.0	0.300573468208313	0.0	0.0	0.0	0.8856838345527649	0.19153624773025513	0.9867203235626221	0.0	0.8578720092773438	0.0	1.0953227281570435	0.2538914680480957	0.0	2.220221996307373	0.0	0.5887900590896606	0.0	0.0
0.0	0.0	0.0	0.6437816619873047	0.384096622467041	0.0	0.01818150468170643	0.0	1.7879219055175781	0.028416315093636513	1.1883963346481323	0.0	1.0312385559082031	1.6075103282928467	0.0	3.191704511642456	0.0	0.8661351203918457	1.1963424682617188	0.5429122447967529	0.0	0.0	0.0	0.9950810670852661	0.0	0.0	1.0684067010879517	0.612858772277832	0.5505087971687317	1.8314430713653564	0.5069643259048462	0.0	0.0	0.0	0.0	0.4646623432636261	1.725266695022583	0.0	1.080222487449646	1.032708764076233	0.0	0.0	0.0	0.0	0.0	0.0	0.6098156571388245	0.0	0.0	0.0	0.0	0.0	0.0	0.5704420208930969	0.7452483177185059	0.0	0.0	0.0	1.029572606086731	0.253897100687027	0.0	0.0	0.0	0.48615458607673645	0.0	0.0	0.0	0.0	0.0	0.5743080973625183	1.2485986948013306	0.0	0.0	0.4532947540283203	0.0	0.0	1.170706868171692	0.0	0.0	0.930305004119873	0.0	0.0	1.64630126953125	0.0	1.5565156936645508	0.0	1.11370050907135	0.0	0.5927505493164062	0.0	0.0	0.3463004529476166	0.0	0.6436078548431396	0.0	0.2324361950159073	1.2395001649856567	0.4809287488460541	0.0	0.0	0.0	0.4576548933982849	0.0	0.594526469707489	0.0	0.0	1.0519403219223022	0.0	0.0	0.37067660689353943	0.0	0.0	0.0	0.0	0.7331087589263916	0.0	0.49431514739990234	0.0	0.3201805055141449	0.0	1.543416142463684	1.0796409845352173	0.0	0.0	0.23644419014453888	1.2887377738952637	0.0	0.0	0.0	0.07069133222103119	0.0	0.0	0.5236916542053223	0.0	0.0	1.0996845960617065	1.461179494857788	0.0	0.0	0.0	0.0	0.0	0.0	0.0	0.0	0.0	1.463195562362671	0.0	0.0	0.0	0.0	0.23526345193386078	0.0	0.0	0.13992418348789215	0.0	0.0	2.207771062850952	0.0	0.0	0.5899224877357483	0.9530253410339355	0.0	1.1445658206939697	0.6752438545227051	0.0	0.0	1.0792802572250366	0.0	0.0	0.0	0.0	1.420393943786621	0.0	1.9658557176589966	1.1749566793441772	0.23494704067707062	0.0	0.0	0.0	1.4054709672927856	1.055074691772461	0.0	0.2456848919391632	0.837637186050415	0.0	0.0	0.0	0.0	0.0	0.0	0.0	0.0	0.0	0.8420440554618835	0.0	0.8131012916564941	0.0	0.9781070947647095	0.0	0.0	0.9556185007095337	0.0	0.0	0.0	0.0	0.0	0.0	2.7049975395202637	0.0	0.8346450328826904	0.6304435729980469	0.0	0.0	0.0	0.0	0.0	0.0	1.5790095329284668	0.5629698038101196	1.0390762090682983	1.700037956237793	0.0	0.0	0.0	0.7654507160186768	0.0	1.5219897031784058	1.0076900720596313	0.0	0.0	0.0	0.48823580145835876	1.468810796737671	0.0	0.0	0.0	0.0	0.97843337059021	0.0	0.0	0.0	1.1153440475463867	1.0541919469833374	0.0	0.0	1.825039267539978	0.0	0.5325130224227905	0.29519519209861755	0.0	0.2998102307319641	0.0	0.9993413686752319	0.0	0.0
0.0	0.0	0.0	0.0	1.2629075050354004	0.0	0.22640696167945862	0.0	1.9110424518585205	0.8454648852348328	0.0071075549349188805	0.0	1.1964339017868042	0.9041299223899841	0.0	3.559981107711792	0.0	0.26763036847114563	0.8542841076850891	0.3514825403690338	0.0	1.4315701723098755	0.0	0.06557588279247284	0.0	0.0	0.6008566617965698	0.09316249191761017	0.8863756060600281	1.1465471982955933	0.6682250499725342	1.8079668283462524	0.0	0.3192157745361328	0.0	0.7480370998382568	1.670493245124817	0.0	1.9711602926254272	1.2602713108062744	0.0	0.0	0.0	0.0	0.0	0.0	0.0	0.0	0.0	0.3941774070262909	0.0	0.0	0.0	0.2769175171852112	1.3849949836730957	0.0	0.0	0.0	0.9435999989509583	1.013275384902954	0.0	0.0	0.0	0.08698927611112595	0.0	0.0	0.0	0.0	0.0	1.9189817905426025	0.5015372633934021	0.0	0.0	0.0	0.0	0.0	0.4139816462993622	0.0	0.0	0.0	0.0	0.0	0.7744885087013245	1.088553786277771	2.0145184993743896	0.0	1.9626520872116089	0.0	0.06838738918304443	0.0	0.0	0.6411777138710022	0.0	2.4632973670959473	0.0	0.6852529048919678	2.4678986072540283	0.0	0.0	0.0	0.0	0.5226699113845825	0.0	2.094228506088257	0.0	0.0	0.3138205111026764	0.0	0.0	0.0	0.0	0.0	0.0	0.0	0.0	0.0	0.0	0.0	0.1637318879365921	0.0	0.18163584172725677	0.8221291899681091	0.0	0.6229537129402161	0.7599599957466125	0.6795430183410645	0.0	0.0	0.0	0.0	0.0	0.0	0.0	0.0	0.0	0.37375661730766296	0.5321583151817322	0.0	0.0	1.849115014076233	0.0	0.0	0.0	0.0	0.0	0.0	0.6116840243339539	0.0	0.0	0.0	0.0	0.15235114097595215	0.0	0.0	1.4838694334030151	0.0	0.0	1.8513587713241577	0.0	0.0	0.6160492897033691	0.6638972759246826	0.0	0.8897757530212402	0.8357512354850769	0.0	1.1289054155349731	1.103492259979248	0.0	0.0	0.0	0.0	0.26633891463279724	0.0	1.0062265396118164	1.701051950454712	0.025859413668513298	0.0	0.0	0.0	2.000849962234497	1.250401496887207	0.0	0.0	0.45753979682922363	0.0	0.0	0.0	0.0	0.0	0.0	0.0	0.0	0.0	0.4938928484916687	0.0	2.0256876945495605	0.0	1.2042657136917114	0.0	0.0	0.26080623269081116	0.0	0.0	0.0	0.0	0.0	0.0	4.056607246398926	0.0	0.979494571685791	0.6653674244880676	0.0	0.0	0.0	0.0	0.0	0.0	2.597568988800049	0.8414437174797058	0.863237202167511	2.40277099609375	0.0	0.0	0.0	2.0001509189605713	0.0	2.4107859134674072	1.0736572742462158	0.0	0.0	0.0	0.6642219424247742	1.3921818733215332	0.0	0.0	0.0	0.0	0.055664122104644775	0.0	0.0	0.0	1.0178240537643433	0.5847833156585693	0.4878948926925659	0.0	1.6186745166778564	0.0	0.9247943758964539	0.0	0.0	1.4731072187423706	0.0	2.1556692123413086	0.0	0.0
0.0	0.0	0.0	0.5610890984535217	0.0	0.0	2.095224618911743	0.0	2.1098902225494385	0.7501763701438904	0.0	0.0	1.4439963102340698	1.538277268409729	0.0	3.0513081550598145	0.0	1.8910324573516846	1.6318235397338867	0.8523291945457458	0.9412293434143066	1.7494027614593506	0.0	0.3069135546684265	0.0	0.0	1.9116663932800293	0.0	0.9913163781166077	1.717085838317871	1.3309026956558228	0.5485255122184753	0.0	0.9204548597335815	0.0	1.5638659000396729	2.095607042312622	0.0	2.69225811958313	2.0869452953338623	0.0	0.0	0.0	0.0	0.0	0.0	0.0	0.0	0.0	0.0	0.0	0.0	0.0	1.7911359071731567	2.212721824645996	0.0	0.0	0.0	1.6731051206588745	0.9200694561004639	0.0	0.0	0.0	0.0	0.0	0.0	0.0	0.0	0.0	2.1968419551849365	0.5384503602981567	0.0	0.0	0.0	0.0	0.0	1.0793728828430176	0.0	0.0	0.9264618158340454	0.0	0.0	1.6789284944534302	1.6003299951553345	2.268700122833252	0.0	2.659426689147949	0.0	0.30828243494033813	0.0	0.0	1.409591794013977	0.0	2.070523262023926	0.0	0.0	2.2226297855377197	0.11647588014602661	0.0	0.0	0.0	0.0	0.0	1.5028108358383179	0.0	0.0	0.5730744004249573	0.0	0.0	0.0	0.0	0.0	0.0	0.0	0.0	0.0	0.01956072263419628	0.0	0.37081754207611084	0.0	0.5345245599746704	1.039020299911499	0.0	0.0	0.46624213457107544	0.4599597156047821	0.0	0.0	0.0	0.0	0.0	0.0	0.0	0.0	0.0	0.0	0.42944756150245667	0.0	0.0	2.3641810417175293	0.0	0.0	0.0	0.09518364816904068	0.0480528250336647	0.0	0.5989095568656921	0.0	0.0	0.0	0.0	0.0	0.0	0.0	1.432161808013916	0.0	0.0	1.2586374282836914	0.0	0.0	0.0	0.36102622747421265	0.0	0.0	0.5006194710731506	0.0	0.24360385537147522	0.7522295117378235	0.0	0.0	0.0	0.0	1.5308575630187988	0.0	1.5908987522125244	1.2840958833694458	0.0	0.0	0.0	0.0	1.1642162799835205	2.257190465927124	0.0	0.0	1.5266799926757812	0.0	0.0	0.0	0.0	0.0	0.0	0.0	0.0	0.0	1.2001211643218994	0.0	2.2734298706054688	0.0	0.9471511244773865	0.13315092027187347	0.0	0.0	0.0	0.0	0.0	0.0	0.0	0.0	2.4191606044769287	0.0	0.0	0.0	0.5715427994728088	0.0	0.0	0.0	0.0	0.0	2.4191205501556396	1.2445552349090576	0.3069452941417694	1.9850844144821167	0.0	0.0	0.0	1.9414771795272827	0.0	3.083829402923584	1.2816030979156494	0.0	0.0	0.0	0.0	2.4862091541290283	0.0	0.0	0.0	0.0	0.0	0.0	0.0	0.0	2.0150833129882812	0.0	1.1504573822021484	0.0	0.1335476189851761	0.0	1.1549862623214722	1.0692830085754395	0.0	0.5192320942878723	0.0	1.07306706905365	0.0	0.0
0.0	0.0	0.0	0.7248784303665161	0.9262731075286865	0.0	0.8120937347412109	0.0	1.4114596843719482	0.9446515440940857	0.5944162607192993	0.0	0.7573752999305725	1.3088939189910889	0.0	3.5249218940734863	0.0	0.33857399225234985	0.8159894943237305	0.15622955560684204	0.10053922981023788	0.9801360964775085	0.0	0.25806936621665955	0.0	0.0	0.9368634223937988	0.0	0.5845969915390015	0.6694486141204834	1.1647264957427979	0.6090145111083984	0.0	0.0	0.0	0.47509801387786865	0.6768285632133484	0.0	1.7022844552993774	1.1238764524459839	0.0	0.0	0.0	0.0	0.0	0.0	0.497435063123703	0.0	0.0	0.0	0.0	0.0	0.0	0.3222733438014984	1.3779053688049316	0.0	0.0	0.0	1.3019003868103027	0.2229078859090805	0.0	0.0	0.0	0.0	0.0	0.0	0.0	0.0	0.0	0.6880807876586914	1.1400781869888306	0.0	0.0	0.07406149059534073	0.0	0.0	0.9346267580986023	0.0	0.0	1.0618364810943604	0.0	0.0	1.6910576820373535	0.6254650354385376	1.188208818435669	0.0	0.8440342545509338	0.0	0.5749086141586304	0.0	0.0	0.39326727390289307	0.0	0.9317612051963806	0.0	0.0	1.453478217124939	0.20862962305545807	0.0	0.0	0.0	0.9659302234649658	0.0	0.34374329447746277	0.0	0.0	1.085633635520935	0.0	0.0	0.022608285769820213	0.0	0.0	0.0	0.0	0.0	0.0	0.5213854312896729	0.0	0.0	0.0	0.0	1.1302646398544312	0.0	0.0	0.16839297115802765	0.7288588881492615	0.0	0.0	0.0	0.0	0.0	0.0	0.0	0.0	0.0	0.8091281056404114	0.8399190306663513	0.0	0.0	0.9525485634803772	0.0	0.0	0.0	0.0	0.0	0.0	0.8211715221405029	0.0	0.0	0.0	0.0	0.48709115386009216	0.0	0.0	0.41966843605041504	0.0	0.0	1.898627519607544	0.0	0.0	0.0	0.5264498591423035	0.0	0.6535805463790894	0.0	0.0	0.0	0.8155191540718079	0.0	0.0	0.0	0.0	0.4644525349140167	0.0	1.9969159364700317	1.4015960693359375	0.5195293426513672	0.0	0.0	0.0	2.071674346923828	0.9026361703872681	0.0	0.0	0.9013884663581848	0.0	0.0	0.0	0.0	0.0	0.0	0.0	0.0	0.0	1.361248254776001	0.0	1.6610039472579956	0.0	1.9648785591125488	0.0	0.0	0.9443586468696594	0.0	0.0	0.0	0.0	0.0	0.0	2.4577927589416504	0.0	1.0208029747009277	0.5716633796691895	0.7523524165153503	0.0	0.9029972553253174	0.0	0.0	0.0	1.2862095832824707	0.692582905292511	1.239390254020691	1.718146800994873	0.0	0.0	0.0	0.9292963743209839	0.0	2.4224300384521484	0.8319092988967896	0.0	0.0	0.30527976155281067	1.2540488243103027	1.6645095348358154	0.0	0.0	0.0	0.0	1.0747424364089966	0.0	0.0	0.0	1.2973896265029907	0.7996575832366943	0.0	0.0	1.5579122304916382	0.0	0.40531864762306213	0.2670573592185974	0.0	1.2093535661697388	0.0	1.4939382076263428	0.0	0.0
0.0	0.0	0.0	0.3760840594768524	0.4380587935447693	0.0	0.5474443435668945	0.0	0.8096568584442139	0.8294227719306946	0.011347664520144463	0.0	0.87089604139328	1.0735971927642822	0.453825443983078	1.3497753143310547	0.0	0.2990584373474121	0.39899715781211853	0.28379541635513306	0.29045307636260986	0.4354984760284424	0.0	0.6636663675308228	0.0	0.0	0.663872480392456	0.5665587782859802	0.3038918972015381	0.7693024277687073	0.5884507894515991	0.301984965801239	0.0	0.0	0.0	0.4076176881790161	0.5251668095588684	0.0	0.5732332468032837	0.37873193621635437	0.0	0.0	0.0	0.0	0.0	0.0	0.0	0.0	0.0	0.3032548129558563	0.0	0.0	0.0	0.0	0.535671055316925	0.0	0.0	0.4918752610683441	1.2004889249801636	0.0	0.0	0.0	0.0	0.4503639340400696	0.0	0.0	0.0	0.0	0.0	0.5028401017189026	1.1527795791625977	0.0	0.0	0.0	0.0	0.0	0.5994094610214233	0.4826756417751312	0.0	0.835670530796051	0.0	0.0	0.44430068135261536	0.2931364178657532	1.026328206062317	0.0	0.6931837201118469	0.0	0.30812638998031616	0.0	0.0	0.5649630427360535	0.0	0.5604502558708191	0.0	0.21616944670677185	1.0849840641021729	0.4841592013835907	0.0	0.37091705203056335	0.0	0.02605585940182209	0.0	0.3302096724510193	0.0	0.0	0.4646207094192505	0.0	0.0	0.0	0.0	0.0929364487528801	0.0	0.0	0.02005012147128582	0.0	0.35758811235427856	0.0	0.0	0.0	0.15675890445709229	0.8221367001533508	0.0	0.0	0.0	0.8004648685455322	0.047219403088092804	0.0	0.0	0.0	0.0	0.0	0.6792381405830383	0.0	0.0	0.39594367146492004	0.491841197013855	0.0	0.0	0.166292205452919	0.0	0.0	0.0	0.915011465549469	0.5438287854194641	0.0	0.42830726504325867	0.0	0.0	0.0	0.0	0.4397759735584259	0.0	0.0	0.5484937429428101	0.0	0.0	1.2138006687164307	0.0	0.0	0.3489561975002289	0.7384504079818726	0.3812572956085205	0.5345938205718994	0.4489317536354065	0.0	0.0	0.6775752902030945	0.0	0.0	0.0	0.0	0.2478533685207367	0.0	1.215265154838562	0.21163560450077057	0.0	0.0	0.0	0.4048934578895569	0.7613081932067871	0.7411734461784363	0.0	0.0	0.42866504192352295	0.0	0.0	0.0	0.0	0.0	0.0	0.0	0.0	0.0	0.6696234941482544	0.0	0.8135110139846802	0.0	0.6578032970428467	0.5087014436721802	0.0	0.0	0.0	0.0	0.0	0.0	0.0	0.0	1.3912785053253174	0.0	0.5313132405281067	0.8696670532226562	0.4702567160129547	0.0	0.39706701040267944	0.0	0.0	0.0	0.7811212539672852	0.9316349625587463	0.1538604199886322	0.7701548337936401	0.0	0.0	0.0	0.4700676500797272	0.42720240354537964	0.8008432984352112	0.7254350781440735	0.0	0.0	0.0	0.5121964812278748	0.8971792459487915	0.0	0.0	0.0	0.0	0.47662588953971863	0.0	0.0	0.0	0.5555554628372192	0.19533465802669525	0.7046025991439819	0.0	0.658629834651947	0.0	0.7904680371284485	0.4304557144641876	0.0	1.537833333015442	0.0	0.09264732152223587	0.0	0.0
0.0	0.0	0.0	1.1948533058166504	0.07300395518541336	0.0	0.5474887490272522	0.0	0.6421197056770325	0.45317596197128296	0.5913708209991455	0.0	0.565728485584259	0.0	0.0	1.391757845878601	0.0	0.7630332112312317	1.0042754411697388	0.2030179798603058	0.0	1.0472381114959717	0.0	0.1854991614818573	0.0	0.0	0.5358798503875732	0.5169472694396973	0.47004592418670654	0.3175564408302307	0.939294159412384	0.5421869158744812	0.0	0.48669174313545227	0.0	0.43146178126335144	0.9596032500267029	0.0	1.1263707876205444	0.1504601389169693	0.0	0.0	0.0	0.0	0.0	0.0	0.26600518822669983	0.0	0.0	0.0	0.0	0.0	0.0	0.6732027530670166	0.6348709464073181	0.0	0.0	0.0	1.2263449430465698	0.9153251051902771	0.0	0.0	0.0	0.34877631068229675	0.0	0.0	0.0	0.0	0.0	1.0135014057159424	0.5252262949943542	0.0	0.0	0.0	0.0	0.0	0.30599069595336914	0.0	0.0	0.15163835883140564	0.0	0.0	0.8865873217582703	0.49956855177879333	1.1785316467285156	0.0	1.0103858709335327	0.0	0.18353357911109924	0.0	0.0	0.934594452381134	0.0	0.7100315690040588	0.0	0.21795816719532013	0.7996677756309509	0.022186867892742157	0.0	0.0	0.0	1.031414270401001	0.0	0.845264196395874	0.0	0.0	0.5237972736358643	0.0	0.0	0.0	0.0	0.0	0.0	0.0	0.030106833204627037	0.0	0.0	0.0	0.0	0.0	0.0	0.0	0.0	0.0	0.9137048125267029	0.09149081259965897	0.0	0.0	0.0	0.30967599153518677	0.0	0.0	0.5159692764282227	0.0	0.0	0.0	0.2209596484899521	0.0	0.0	0.0	0.0	0.0	0.0	0.0	0.0	0.0	0.1446344405412674	0.0	0.0	0.8028482794761658	0.0	0.002846196061000228	0.0	0.0	0.7534317970275879	0.0	0.0	0.7928277850151062	0.0	0.0	0.32202059030532837	0.7107463479042053	0.0	0.17795921862125397	0.6828129887580872	0.0	0.27585476636886597	0.5446476936340332	0.0	0.0	0.0	0.0	0.9177433848381042	0.0	0.0	0.9499320387840271	0.44614630937576294	0.0	0.0	0.0	0.2640319764614105	0.6855806708335876	0.0	0.2268325686454773	0.9598777294158936	0.0	0.0	0.0	0.0	0.0	0.0	0.0	0.0	0.0	0.44768139719963074	0.0	1.4484997987747192	0.0	0.47085434198379517	0.28791680932044983	0.0	1.2241708040237427	0.0	0.0	0.0	0.0	0.0	0.0	1.0652943849563599	0.0	0.24524733424186707	0.2871451675891876	0.0	0.0	0.9402087926864624	0.0	0.0	0.0	1.463918685913086	0.31459924578666687	0.49812644720077515	0.322846382856369	0.0	0.0	0.0	1.3038067817687988	0.07842346280813217	1.1766895055770874	0.9225992560386658	0.0	0.0	0.0	0.20796383917331696	0.46352991461753845	0.0	0.0	0.0	0.0	0.11866774410009384	0.0	0.0	0.0	1.2381408214569092	0.8463352918624878	0.8153269290924072	0.0	0.09213126450777054	0.0	0.941268801689148	0.22552484273910522	0.0	0.9229488372802734	0.0	0.37728723883628845	0.0	0.0
0.0	0.0	0.0	0.6991463899612427	0.5833225846290588	0.0	1.0897583961486816	0.0	0.7570563554763794	0.8469165563583374	0.0	0.0	1.5817722082138062	0.43285632133483887	0.0	1.6710619926452637	0.0	1.7318910360336304	2.45013689994812	1.1046522855758667	0.5640274286270142	2.6383564472198486	0.0	0.9098889827728271	0.0	0.0	2.2453205585479736	1.2137892246246338	0.9206942319869995	0.5455320477485657	1.1387660503387451	1.5724278688430786	0.0	2.421316623687744	0.0	0.7328991889953613	3.5509531497955322	0.0	3.4848835468292236	1.4291470050811768	0.0	0.0	0.0	0.0	0.0	0.0	0.19148114323616028	0.0	0.0	0.0	0.0	0.0	0.0	1.9542820453643799	3.304346799850464	0.0	0.0	0.0	2.1591176986694336	0.3729674816131592	0.0	0.0	0.0	1.8809175491333008	0.0	0.0	0.0	0.0	0.0	3.4376797676086426	1.1076714992523193	0.0	0.0	0.0	0.0	0.0	1.375018835067749	0.0	0.0	0.8081408739089966	0.0	0.0	0.32899704575538635	1.1085776090621948	3.279667615890503	0.0	2.9127674102783203	0.0	0.0	0.0	0.0	3.244485378265381	0.0	2.888298988342285	0.0	1.8975400924682617	1.8032546043395996	0.4795437455177307	0.0	0.0	0.0	0.0	0.0	2.469315767288208	0.0	0.0	0.7216843366622925	0.0	0.0	0.0	0.0	0.0	0.0	0.0	0.49440062046051025	0.32624468207359314	0.1690584421157837	0.0	0.0	0.0	1.0531460046768188	0.0	0.0	0.0	1.8652334213256836	0.0	0.0	0.0	0.0	0.0	0.0	0.0	1.1864731311798096	0.0	0.0	0.0	1.5959856510162354	0.0	0.0	0.2880799472332001	0.0	0.0	0.0	0.0	0.0	0.0	0.7873774170875549	0.0	0.0	0.0	0.0	0.0	0.0	0.0	2.9391260147094727	0.0	0.0	1.1138551235198975	0.0	0.0	2.300147533416748	1.1189128160476685	0.0	0.7066221237182617	0.9240509271621704	0.0	1.8743953704833984	0.7271676063537598	0.0	0.0	0.0	0.0	1.7202614545822144	0.0	0.6657901406288147	0.275638222694397	0.0	0.0	0.0	0.0	0.5049232244491577	1.9577714204788208	0.0	3.184321880340576	3.1913774013519287	0.0	0.0	0.0	0.0	0.0	0.0	0.0	0.0	0.0	1.5189539194107056	0.0	4.613370895385742	0.0	0.640356183052063	0.2664020359516144	0.0	0.5567469596862793	0.0	0.0	0.0	0.0	0.0	0.0	1.1756335496902466	0.0	0.0	0.2028135061264038	0.0	0.0	0.0	0.0	0.0	0.0	4.084506988525391	1.821219801902771	0.18382981419563293	0.21007272601127625	0.0	0.0	0.0	3.988520622253418	0.0	1.4699243307113647	2.3338799476623535	0.0	0.0	0.0	0.0	2.377086639404297	0.0	0.0	0.0	0.0	0.0	0.0	0.0	0.0	1.9767224788665771	0.0	2.5967674255371094	0.0	0.9231542348861694	0.0	2.4034979343414307	0.3714667558670044	0.0	1.3138823509216309	0.0	0.0	0.0	0.0
0.0	0.0	0.0	0.0	1.1528699398040771	0.0	0.02291601151227951	0.0	1.944008231163025	0.0	1.0019937753677368	0.0	0.2917017936706543	1.5026171207427979	0.42660099267959595	3.4111809730529785	0.0	0.1410493552684784	0.3706713020801544	0.3604620695114136	0.0	0.2912188768386841	0.0	0.2129625678062439	0.0	0.0	0.4591327905654907	0.0	0.29184862971305847	1.2262662649154663	0.0	1.7874162197113037	0.0	0.0	0.0	1.0372159481048584	0.404280424118042	0.0	0.9567703008651733	0.7746659517288208	0.0	0.0	0.0	0.0	0.0	0.0	0.5124698281288147	0.0	0.0	1.0261396169662476	0.0	0.0	0.0	0.4183497130870819	0.8605238199234009	0.0	0.0	0.0	0.015458604320883751	0.23901468515396118	0.0	0.0	0.0	0.0	0.0	0.0	0.0	0.0	0.0	1.2681102752685547	0.6209493279457092	0.0	0.0	0.11106311529874802	0.0	0.0	0.301768034696579	0.0	0.0	0.33452627062797546	0.0	0.0	1.8609569072723389	0.1452654004096985	1.0544120073318481	0.0	1.2281019687652588	0.0	0.9927549958229065	0.0	0.0	0.0	0.0	1.085986852645874	0.0	0.0	1.4030060768127441	0.0	0.0	0.0	0.0	1.0128591060638428	0.0	0.6830419898033142	0.0	0.0	0.0	0.0	0.0	0.42945900559425354	0.0	0.0	0.0	0.0	0.05968347191810608	0.0	0.21035656332969666	0.0	2.321594715118408	0.0	0.35177481174468994	1.3980967998504639	0.0	0.5141600966453552	0.6294547319412231	1.229081392288208	0.0	0.0	0.0	0.6811774969100952	0.0	0.0	0.0	0.0	0.0	1.5439918041229248	1.112046480178833	0.0	0.0	0.8636869192123413	0.0	0.0	0.0	0.0	0.0	0.0	0.8885548114776611	0.0	0.0	0.0	0.0	0.3635214865207672	0.0	0.0	0.10162423551082611	0.0	0.0	1.528181791305542	0.0	0.0	0.0	0.0	0.0	1.1342483758926392	0.9242221117019653	0.0	0.06269809603691101	0.8857300877571106	0.0	0.0	0.0	0.0	0.523344874382019	0.0	2.120237350463867	1.919983148574829	0.9182212352752686	0.0	0.0	0.0	2.246798276901245	0.38839611411094666	0.0	0.0	0.04775014519691467	0.0	0.0	0.0	0.0	0.0	0.0	0.0	0.0	0.0	0.26586949825286865	0.0	0.6801015138626099	0.0	1.036367416381836	0.0	0.0	1.303731083869934	0.0	0.0	0.0	0.0	0.0	0.0	3.506307363510132	0.0	1.6818658113479614	0.4969167411327362	0.5462635159492493	0.0	0.0	0.0	0.0	0.0	1.4147953987121582	0.016645459458231926	0.24240270256996155	2.8766353130340576	0.0	0.0	0.0	0.5678672790527344	0.0	1.0614928007125854	0.5211103558540344	0.0	0.0	0.022422166541218758	0.5736224055290222	0.7305189371109009	0.0	0.0	0.0	0.0	0.3715865910053253	0.0	0.0	0.0	0.26409417390823364	1.1329972743988037	0.0	0.0	2.1727356910705566	0.0	0.0	0.0	0.0	0.48078134655952454	0.0	2.885143518447876	0.0	0.0
0.0	0.0	0.0	0.0	2.782104015350342	0.0	0.0	0.0	2.6923184394836426	0.0788038820028305	3.910569667816162	0.0	0.0	0.2363836020231247	0.0	4.505664825439453	1.4448606967926025	0.0	0.0	0.0	0.0	0.0	0.0	0.0	0.0	0.0	0.0	0.0	0.0	0.0	0.0	2.6521174907684326	0.0	0.0	0.0	0.0	0.0	0.0	0.0	0.0	0.0	0.0	0.0	1.240096092224121	0.0	0.0	1.9681217670440674	0.0	0.0	1.8324816226959229	0.0	0.0	0.0	0.0	0.0	0.0	0.0	0.0	0.0	0.33868536353111267	0.0	0.0	0.0	0.0	0.0	0.0	0.0	0.0	0.0	0.0	1.2206754684448242	0.0	0.0	1.8508238792419434	0.0	0.0	0.0	0.0	0.0	0.0	0.0	0.0	1.701759934425354	0.0	0.2675293982028961	0.0	0.0	0.0	2.507396697998047	0.0	0.0	0.0	0.0	0.0	0.0	0.0	0.0	0.0	0.0	0.0	0.0	3.134913682937622	0.0	0.0	0.0	0.0	0.0	1.5176126956939697	0.0	2.839813709259033	0.0	0.0	0.0	0.0	0.19084692001342773	0.0	0.9707967638969421	0.0	2.057258367538452	0.0	0.0	1.366916298866272	0.0	1.536967158317566	0.2747090458869934	2.833202600479126	0.0	0.0	0.0	3.647670030593872	0.0	0.0	1.2407118082046509	0.0	0.0	2.53155779838562	1.5095772743225098	0.0	0.0	0.0	0.0	0.0	0.0	0.0	0.0	0.0	1.095621943473816	0.0	0.0	2.3795759677886963	0.0	3.2538535594940186	0.0	0.0	0.0	0.0	0.0	3.3114538192749023	0.0	0.0	0.0	0.5626702308654785	0.0	1.1546201705932617	0.0	0.0	0.0	1.5375388860702515	0.0	0.0	0.0	0.0	0.0	0.0	0.0	3.9606356620788574	3.7309887409210205	0.0	0.0	0.0	1.9452863931655884	0.0	0.0	0.0	0.0	0.0	0.0	0.0	0.0	0.0	0.0	0.0	0.0	0.0	0.0	0.0	0.0	0.0	2.3177638053894043	0.0	0.0	3.389559030532837	0.0	0.0	0.0	0.0	0.0	0.0	4.245013236999512	0.0	3.8085129261016846	2.188352346420288	0.0	0.0	0.8491997122764587	0.0	0.0	0.0	0.0	0.0	2.531620740890503	3.5125980377197266	0.0	0.0	0.0	0.0	2.054535388946533	0.877596378326416	0.0	0.0	0.0	3.1602938175201416	3.1943633556365967	0.0	0.0	0.0	0.0	0.0	2.3119935989379883	0.0	0.0	0.0	0.0	3.583610773086548	0.0	0.0	3.3042283058166504	0.0	0.0	0.0	0.0	1.702979326248169	0.0	3.9654080867767334	0.0	0.0
0.0	0.0	0.0	1.085782766342163	0.07722306996583939	0.0	1.2592651844024658	0.0	2.3875374794006348	0.5348448753356934	1.2334493398666382	0.0	0.5321672558784485	1.1503018140792847	0.0	3.749376058578491	0.0	0.6772012114524841	0.6999371647834778	0.0	0.0	1.0281740427017212	0.0	0.0	0.0	0.0	0.1362854540348053	0.0	0.8446637988090515	0.7074152231216431	0.2490076869726181	0.539516806602478	0.0	0.0	0.0	0.0	0.9010936617851257	0.0	0.8057088255882263	1.173297643661499	0.0	0.0	0.0	0.0	0.0	0.0	1.3576797246932983	0.0	0.0	0.0	0.0	0.0	0.0	0.41745004057884216	0.5116842985153198	0.0	0.0	0.0	0.14755557477474213	1.1741257905960083	0.0	0.0	0.0	0.0	0.0	0.0	0.0	0.0	0.0	1.5845048427581787	0.899976909160614	0.0	0.0	0.0	0.0	0.0	0.06813856959342957	0.0	0.0	0.0	0.0	0.0	2.297429323196411	1.8869538307189941	2.106877326965332	0.0	1.5856378078460693	0.0	1.9268715381622314	0.0	0.0	0.0	0.0	0.10988540202379227	0.0	0.0	1.419661283493042	0.0	0.0	0.0	0.0	1.94475257396698	0.0	0.45574474334716797	0.0	0.0	1.5476406812667847	0.0	0.0	0.4314478039741516	0.0	0.0	0.0	0.0	0.0	0.0	0.0	0.0	0.0	0.0	0.7570016980171204	0.2535478174686432	0.0	0.48656564950942993	0.5295432209968567	1.2210307121276855	0.0	0.0	0.0	0.7963658571243286	0.0	0.0	0.0	0.0	0.0	0.03067675605416298	0.7238557934761047	0.0	0.0	0.6003995537757874	0.0	0.0	0.0	0.0	0.0	0.0	0.5254732966423035	0.0	0.0	0.8806919455528259	0.0	1.2936885356903076	0.0	0.0	0.197776660323143	0.0	0.0	2.4867074489593506	0.0	0.0	0.0	0.7221040725708008	0.0	0.9290403723716736	0.11549431085586548	0.0	0.0	0.876547634601593	0.0	0.0	0.0	0.0	1.1473767757415771	0.0	0.0	2.9421756267547607	1.545289397239685	0.0	0.0	0.0	0.9243263602256775	0.30254384875297546	0.0	0.0	0.0	0.0	0.0	0.0	0.0	0.0	0.0	0.0	0.0	0.0	0.9021474123001099	0.0	1.0792292356491089	0.0	1.2405927181243896	0.0	0.0	1.2304131984710693	0.0	0.0	0.0	0.0	0.0	0.0	2.3827624320983887	0.0	0.7380989193916321	0.5253950357437134	0.0	0.0	0.47747084498405457	0.0	0.0	0.0	1.9029462337493896	0.0	2.6583995819091797	1.666857361793518	0.0	0.0	0.0	1.117570400238037	0.0	2.795742988586426	0.3139266073703766	0.0	0.0	0.016013367101550102	0.5570062398910522	1.1057024002075195	0.0	0.0	0.0	0.0	0.3649190664291382	0.0	0.0	0.0	1.3497071266174316	1.9224939346313477	0.5747860074043274	0.0	1.3202592134475708	0.0	0.0	0.0	0.0	0.14517326653003693	0.0	3.1576478481292725	0.0	0.0
0.0	0.0	0.0	0.4527817368507385	0.10600483417510986	0.0	0.37794703245162964	0.0	2.3009896278381348	0.057726744562387466	0.6349700093269348	0.0	1.213687777519226	0.8554234504699707	0.0	3.3791887760162354	0.3286929726600647	1.335486888885498	1.0546146631240845	0.9349764585494995	0.0	0.43660420179367065	0.0	0.4174655079841614	0.0	0.0	0.5037209391593933	0.0	1.488824486732483	1.0032249689102173	1.2332587242126465	1.0883066654205322	0.0	0.0959165021777153	0.0	0.637079656124115	1.7904090881347656	0.0	1.9152661561965942	1.785046935081482	0.0	0.0	0.0	0.0	0.0	0.0	0.7780538201332092	0.0	0.0	0.0	0.0	0.0	0.0	0.7729402184486389	1.465349555015564	0.0	0.0	0.0	0.0	1.2272732257843018	0.0	0.0	0.0	0.00426103500649333	0.0	0.0	0.0	0.0	0.0	0.741111159324646	0.5804868936538696	0.0	0.0	0.0	0.0	0.0	0.9025352001190186	0.0	0.0	0.5604127645492554	0.0	0.0	1.436739444732666	0.016588184982538223	1.5243358612060547	0.0	1.3155097961425781	0.0	0.9575815796852112	0.0	0.0	0.9989296197891235	0.0	0.9089792370796204	0.0	0.05150678753852844	1.4460513591766357	0.5565521121025085	0.0	0.0	0.0	0.0	0.0	0.6559062600135803	0.0	0.0	0.6552037000656128	0.0	0.0	0.4359486401081085	0.0	0.0	0.0	0.0	0.0	0.0	0.0	0.0	0.8059512972831726	0.0	1.1857781410217285	0.2797817289829254	0.0	0.0	0.6680475473403931	0.8986138105392456	0.0	0.0	0.0	0.0	0.0	0.0	0.0	0.0	0.0	0.40605995059013367	0.9453533887863159	0.0	0.0	0.6145972609519958	0.0	0.0	0.0	0.0	0.0	0.0	1.6445118188858032	0.0	0.0	0.0	0.0	0.08513224869966507	0.0	0.0	1.053726315498352	0.0	0.0	1.1579338312149048	0.0	0.0	0.0	0.0	0.0	0.15963155031204224	0.0	0.0	0.0	1.1598780155181885	0.0	0.0	0.0	0.0	1.2444881200790405	0.0	1.521694540977478	2.1322944164276123	0.0	0.0	0.0	0.0	1.018519639968872	1.395226001739502	0.0	0.0	0.997116208076477	0.0	0.0	0.0	0.0	0.0	0.0	0.0	0.0	0.0	0.48920392990112305	0.0	1.19870126247406	0.0	1.2720832824707031	0.0	0.0	1.3679240942001343	0.0	0.0	0.0	0.0	0.0	0.0	2.0621469020843506	0.0	0.2920999526977539	0.0	0.1856916844844818	0.0	0.0	0.0	0.0	0.0	1.456133484840393	0.46805766224861145	1.4083760976791382	1.8133679628372192	0.0	0.0	0.0	1.371952772140503	0.0	2.407902717590332	1.23403799533844	0.0	0.0	0.0	0.5082550644874573	1.4748529195785522	0.0	0.0	0.0	0.0	0.5850078463554382	0.0	0.0	0.0	1.8330119848251343	0.844032347202301	0.0	0.0	1.2984312772750854	0.0	0.14885513484477997	0.2615594267845154	0.0	0.0	0.0	0.7143921256065369	0.0	0.0
0.0	0.0	0.0	0.2843681275844574	2.101435422897339	0.0	0.0	0.0	1.742297649383545	0.0	2.5920510292053223	0.0	0.0	0.36029377579689026	0.0	3.161203145980835	0.3288329839706421	0.0	0.000316310120979324	0.0020563562866300344	0.0	0.0	0.0	0.0	0.0	0.0	0.0	0.7083356976509094	0.0	0.30139604210853577	0.0	1.6329591274261475	0.0	0.0	0.0	0.5731372237205505	0.0	0.0	0.014033532701432705	0.0	0.0	0.0	0.0	0.6361167430877686	0.0	0.0	1.024099349975586	0.0	0.0	1.195755958557129	0.0	0.0	0.0	0.0	0.0	0.0	0.0	0.0	0.0	0.14712737500667572	0.0	0.0	0.0	0.0	0.0	0.0	0.0	0.0	0.0	0.0	1.1394493579864502	0.0	0.0	1.2781985998153687	0.0	0.0	0.0	0.0	0.0	0.03423573449254036	0.0	0.0	1.9486874341964722	0.0	0.36692795157432556	0.0	0.0	0.0	1.2439324855804443	0.0	0.0	0.0	0.0	0.3522244691848755	0.0	0.008357340469956398	0.0	0.0	0.0	0.0	0.0	2.625613212585449	0.0	0.0	0.0	0.0	0.0875740721821785	0.677950382232666	0.0	1.7636793851852417	0.0	0.0	0.0	0.0	0.8760747313499451	0.0	0.7736628651618958	0.0	1.2297443151474	0.0	0.0	1.2116376161575317	0.0	1.078102946281433	0.2364499270915985	1.6986253261566162	0.0	0.0	0.0	2.967264175415039	0.0	0.0	1.1882044076919556	0.0	0.0	1.8518887758255005	1.6103166341781616	0.0	0.0	0.0	0.0	0.0	0.0	0.0	0.0	0.0	0.7516706585884094	0.0	0.0	1.4138416051864624	0.0	1.9976240396499634	0.0	0.0	0.0	0.0	0.0	2.2821075916290283	0.0	0.0	0.0	0.9085920453071594	0.0	1.3676570653915405	0.12485329061746597	0.0	0.0	1.1790156364440918	0.0	0.0	0.0	0.0	0.022660031914711	0.0	0.0	2.6385061740875244	2.450497627258301	0.0	0.0	0.0	1.4076951742172241	0.0	0.0	0.3905765414237976	0.0	0.0	0.0	0.0	0.0	0.0	0.0	0.0	0.0	0.0	0.17813001573085785	0.0	0.13022556900978088	0.0	1.5162720680236816	0.0	0.0	2.7232463359832764	0.0	0.0	0.0	0.0	0.0	0.0	2.5505683422088623	0.0	2.3185782432556152	1.7526675462722778	0.0	0.0	0.0	0.0	0.0	0.0	0.0	0.0	1.3411436080932617	1.8360925912857056	0.0	0.0	0.0	0.0	0.857182502746582	0.5791242122650146	0.0	0.0	0.0	1.468448281288147	2.379387855529785	0.3001919090747833	0.0	0.0	0.0	0.0	1.585258960723877	0.0	0.0	0.0	0.0	2.5943732261657715	0.0	0.0	2.8925721645355225	0.0	0.0668872743844986	0.0	0.0	1.4483420848846436	0.0	2.759206771850586	0.0	0.0
0.0	0.0	0.0	0.20621095597743988	0.22192779183387756	0.0	0.4562515616416931	0.0	0.46853137016296387	0.5405512452125549	0.20420624315738678	0.0	0.6384769082069397	0.42248642444610596	0.03980739042162895	0.8766546249389648	0.0	0.45158037543296814	0.30547526478767395	0.23863373696804047	0.19094987213611603	0.1522151529788971	0.0	0.377610445022583	0.0	0.0	0.495226114988327	0.2688252627849579	0.2523389160633087	0.5936567783355713	0.6095005869865417	0.29032599925994873	0.0	0.10670702159404755	0.0	0.11231774091720581	0.3472706973552704	0.0	0.49015870690345764	0.4608290195465088	0.0	0.0	0.0	0.0	0.0	0.0	0.0	0.0	0.0	0.2164769023656845	0.0	0.0	0.0	0.0	0.33820945024490356	0.0	0.0	0.24691523611545563	0.7647310495376587	0.14035283029079437	0.0	0.0	0.0	0.27540063858032227	0.0	0.0	0.0	0.0	0.0	0.36672794818878174	0.5447200536727905	0.0	0.0	0.10591191798448563	0.0	0.0	0.3485549986362457	0.03777453675866127	0.0	0.4622025191783905	0.0	0.0	0.3442571461200714	0.35531240701675415	0.7775018811225891	0.0	0.5668808221817017	0.0	0.12340336292982101	0.0	0.0	0.6464705467224121	0.0	0.34123656153678894	0.0	0.20992328226566315	0.8484993577003479	0.3739883601665497	0.0	0.10002561658620834	0.0	0.17688734829425812	0.0	0.24806258082389832	0.0	0.0	0.4032799005508423	0.0	0.0	0.0	0.0	0.06875253468751907	0.0	0.0	0.0	0.0	0.14843487739562988	0.0	0.0	0.0	0.21006080508232117	0.30303463339805603	0.0	0.0	0.0	0.33094099164009094	0.0	0.0	0.0	0.14946380257606506	0.14869576692581177	0.0	0.1876605749130249	0.0	0.0	0.0	0.3265480399131775	0.0	0.0	0.032029394060373306	0.0	0.0	0.0	0.5800864100456238	0.4366682767868042	0.0	0.1439148634672165	0.0	0.0	0.10493267327547073	0.0	0.22527751326560974	0.0	0.0	0.41661536693573	0.0	0.0	0.6221758127212524	0.0	0.0	0.07775840163230896	0.24067281186580658	0.15185309946537018	0.3311610221862793	0.3078296184539795	0.0	0.04860805720090866	0.5851815938949585	0.0	0.0	0.0	0.0	0.11628979444503784	0.0	0.8011983036994934	0.15439464151859283	0.11302518844604492	0.0	0.0	0.423263818025589	0.36818480491638184	0.5837334990501404	0.0	0.0	0.3591359853744507	0.0	0.0	0.0	0.0	0.0	0.0	0.0	0.0	0.0	0.3936585783958435	0.0	0.43319031596183777	0.0	0.3576279282569885	0.26783376932144165	0.0	0.032454341650009155	0.0	0.0	0.0	0.0	0.0	0.0	0.7129116654396057	0.0	0.19920045137405396	0.403160959482193	0.1081896722316742	0.0	0.34227636456489563	0.0	0.0	0.0	0.6283960342407227	0.3753920793533325	0.22745473682880402	0.44020503759384155	0.0	0.0	0.0	0.4221271574497223	0.2037516087293625	0.6296131014823914	0.6016366481781006	0.0	0.0	0.0	0.32697972655296326	0.7102959156036377	0.0	0.0	0.0	0.0	0.17659737169742584	0.0	0.0	0.0	0.5593911409378052	0.12675991654396057	0.5167819261550903	0.0	0.3149467706680298	0.0	0.5443359017372131	0.3596309721469879	0.0	0.782247006893158	0.0	0.1464429646730423	0.0	0.0
0.0	0.0	0.0	0.518604576587677	0.9738911390304565	0.0	0.9874420762062073	0.0	0.9050673246383667	0.4461146295070648	0.0	0.0	0.7899245023727417	0.7022305727005005	0.0	1.7803853750228882	0.0	1.5922943353652954	1.9064338207244873	0.5368797779083252	0.33885401487350464	2.047355890274048	0.0	0.16099467873573303	0.0	0.0	1.3437098264694214	0.9494382739067078	0.38316208124160767	0.4590551257133484	1.3016421794891357	1.9588760137557983	0.0	1.6511858701705933	0.0	1.2770698070526123	3.355743885040283	0.0	2.9711930751800537	1.4433423280715942	0.0	0.0	0.0	0.0	0.0	0.0	0.864018440246582	0.0	0.0	0.0	0.0	0.0	0.0	1.4495840072631836	2.9022281169891357	0.0	0.0	0.0	1.8975032567977905	0.4229908585548401	0.0	0.0	0.0	1.8316057920455933	0.0	0.0	0.0	0.0	0.0	3.0946567058563232	0.5111531019210815	0.0	0.0	0.0	0.0	0.0	0.8944169878959656	0.0	0.0	0.4817340075969696	0.0	0.0	0.7068253755569458	0.9181434512138367	2.2593300342559814	0.0	2.691162109375	0.0	0.8134288191795349	0.0	0.0	2.345548391342163	0.0	2.7624073028564453	0.0	0.9796529412269592	2.216012716293335	0.8082457780838013	0.0	0.0	0.0	0.0	0.0	2.360968828201294	0.0	0.0	0.30232569575309753	0.0	0.0	0.0	0.0	0.0	0.0	0.0	0.0	0.15758280456066132	0.12101497501134872	0.0	0.0	0.0	0.9382725358009338	0.0	0.0	0.2810603082180023	2.06947922706604	0.0	0.0	0.0	0.0	0.0	0.0	0.0	0.5816769003868103	0.0	0.0	0.0	0.8813284635543823	0.0	0.0	0.6737861037254333	0.0	0.0	0.0	0.0	0.0	0.0	0.7188093066215515	0.0	0.0	0.4505988359451294	0.0	0.0	0.0	0.0	2.1482694149017334	0.0	0.0	0.6677937507629395	0.0	0.0	1.6307717561721802	0.47726234793663025	0.0	0.9943402409553528	0.7124375700950623	0.0	1.8263050317764282	0.6133342981338501	0.0	0.0	0.0	0.0	1.1556555032730103	0.0	0.24918071925640106	0.518022358417511	0.0	0.0	0.0	0.0	0.37545040249824524	1.9371100664138794	0.0	1.8945025205612183	1.8764197826385498	0.0	0.0	0.0	0.0	0.0	0.0	0.0	0.0	0.0	1.1773371696472168	0.0	3.6602959632873535	0.0	0.27471980452537537	0.34258347749710083	0.0	0.879194438457489	0.0	0.0	0.0	0.0	0.0	0.0	1.4208699464797974	0.0	0.0	0.0	0.0	0.0	0.0	0.0	0.0	0.0	3.595773696899414	1.4262484312057495	0.6216644048690796	0.2013198435306549	0.0	0.0	0.0	2.8624069690704346	0.0	1.9097394943237305	2.1404900550842285	0.0	0.0	0.0	0.0	1.927302598953247	0.0	0.0	0.0	0.0	0.0	0.0	0.0	0.0	1.8751691579818726	0.0	2.2064404487609863	0.0	0.7791926264762878	0.0	2.328498363494873	0.38876116275787354	0.0	0.665941596031189	0.0	0.0	0.0	0.0
0.0	0.0	0.0	1.0440330505371094	0.0	0.0	0.5472739338874817	0.0	2.472555637359619	0.35397306084632874	0.3350313603878021	0.0	1.0395103693008423	1.9280065298080444	0.0	4.500521183013916	0.0	1.6706643104553223	1.5855077505111694	0.4103109538555145	0.0	0.2824709415435791	0.0	0.30962684750556946	0.0	0.0	0.9626048803329468	0.051520418375730515	1.0421746969223022	1.6928292512893677	1.4899173974990845	0.45657113194465637	0.0	0.007939738221466541	0.0	0.0	1.9188071489334106	0.0	1.5522748231887817	1.0588929653167725	0.0	0.0	0.0	0.0	0.0	0.0	1.5872042179107666	0.0	0.0	0.0	0.0	0.0	0.0	0.8973424434661865	1.1808133125305176	0.0	0.0	0.0	0.7333172559738159	1.0340701341629028	0.0	0.0	0.0	0.2876113951206207	0.0	0.0	0.0	0.0	0.0	1.4774326086044312	1.8103437423706055	0.0	0.0	0.0	0.0	0.0	0.588513195514679	0.0	0.0	0.15757650136947632	0.0	0.0	2.4262702465057373	0.768828272819519	2.2199501991271973	0.0	2.1199307441711426	0.0	1.501036524772644	0.0	0.0	0.14492423832416534	0.0	0.7925537824630737	0.0	0.11270706355571747	1.7477084398269653	0.0	0.0	0.0	0.0	0.3020649552345276	0.0	1.0304466485977173	0.0	0.0	0.9983064532279968	0.0	0.0	0.0	0.0	0.0	0.0	0.0	0.5399306416511536	0.0	0.0	0.0	0.2414410263299942	0.0	1.0674420595169067	1.3596709966659546	0.0	0.0	0.5874088406562805	1.5074962377548218	0.0	0.0	0.0	0.0	0.0	0.0	0.09960383176803589	0.0	0.0	0.6578800678253174	0.563014030456543	0.0	0.0	0.29651299118995667	0.0	0.0	0.0	0.0	0.0	0.0	1.9466619491577148	0.0	0.0	0.0	0.0	0.07430215924978256	0.0	0.0	0.19917435944080353	0.0	0.0	2.8741650581359863	0.0	0.0	0.23182551562786102	0.7878490090370178	0.0	1.3114116191864014	0.0	0.0	0.0	1.2611242532730103	0.0	0.0	0.0	0.0	1.1089849472045898	0.0	0.7588462829589844	1.4340616464614868	0.0	0.0	0.0	0.0	1.5936405658721924	1.8171180486679077	0.0	0.0	0.8114086985588074	0.0	0.0	0.0	0.0	0.0	0.0	0.0	0.0	0.0	0.9517567753791809	0.0	1.743513584136963	0.0	1.7607215642929077	0.0	0.0	1.156663417816162	0.0	0.0	0.0	0.0	0.0	0.0	3.212398052215576	0.0	1.3845884799957275	0.4214837849140167	0.0	0.0	0.6596058011054993	0.0	0.0	0.0	2.4264638423919678	0.7114225029945374	1.148698091506958	2.5819694995880127	0.0	0.0	0.0	1.698925256729126	0.0	2.8600313663482666	1.5092917680740356	0.0	0.0	0.0	0.1934041976928711	1.7349567413330078	0.0	0.0	0.0	0.0	0.885098397731781	0.0	0.0	0.0	1.0200681686401367	1.4627115726470947	0.4621802866458893	0.0	2.3198740482330322	0.0	0.6949256658554077	0.4691467583179474	0.0	0.09709254652261734	0.0	1.7039824724197388	0.0	0.0
0.0	0.0	0.0	0.1915452629327774	0.47312140464782715	0.0	0.9726407527923584	0.0	1.9153977632522583	0.0	1.1182292699813843	0.0	0.6567355394363403	0.09262961894273758	0.0	3.551614284515381	0.0	0.0	0.9766004085540771	0.10894755274057388	0.0	1.797467589378357	0.0	0.0	0.0	0.0	0.2717736065387726	0.1719413697719574	0.5455886721611023	0.9741397500038147	0.09488067775964737	1.1396658420562744	0.0	0.0	0.0	1.0268515348434448	2.097055196762085	0.0	1.7656134366989136	0.8002169728279114	0.0	0.0	0.0	0.0	0.0	0.0	0.1376899927854538	0.0	0.0	0.0	0.0	0.0	0.0	0.40684613585472107	1.4631253480911255	0.0	0.0	0.0	0.5988581776618958	0.6530793905258179	0.0	0.0	0.0	0.0	0.0	0.0	0.0	0.0	0.0	1.6725594997406006	0.8930591940879822	0.0	0.0	0.04728245362639427	0.0	0.0	0.7394373416900635	0.0	0.0	0.0	0.0	0.0	1.5167139768600464	0.6855360269546509	1.7995812892913818	0.0	1.3970540761947632	0.0	0.4294900596141815	0.0	0.0	0.0	0.0	1.493080496788025	0.0	0.0	1.2193448543548584	0.0	0.0	0.0	0.0	0.7270650267601013	0.0	0.9501983523368835	0.0	0.0	0.3851209282875061	0.0	0.0	0.0	0.0	0.0	0.0	0.0	0.0	0.0	0.6405194401741028	0.0	0.8556780219078064	0.0	0.9592868089675903	0.3436470329761505	0.0	0.2174440622329712	0.0	1.3871880769729614	0.0	0.0	0.0	0.500347375869751	0.0	0.0	0.9643648266792297	0.0	0.0	0.6657132506370544	1.1063729524612427	0.0	0.0	0.378494530916214	0.0	0.0	0.0	0.0	0.0	0.0	0.8315210342407227	0.0	0.0	0.0	0.0	1.9227715730667114	0.0	0.0	1.4121899604797363	0.0	0.0	2.374499797821045	0.0	0.0	0.0	0.9698337316513062	0.0	0.7428098917007446	0.6515084505081177	0.0	0.0	1.9807960987091064	0.0	0.0	0.0	0.0	1.3302783966064453	0.0	0.0	2.6320571899414062	0.892654299736023	0.0	0.0	0.0	0.7936261892318726	0.6337003111839294	0.0	0.0	0.2033272236585617	0.0	0.0	0.0	0.0	0.0	0.0	0.0	0.0	0.0	0.3696395456790924	0.0	2.4572675228118896	0.0	1.925905466079712	0.0	0.0	0.8230929970741272	0.0	0.0	0.0	0.0	0.0	0.0	3.6568615436553955	0.0	1.405317783355713	0.6584561467170715	0.0	0.0	0.0	0.0	0.0	0.0	2.191507339477539	0.7520354986190796	2.041855812072754	1.9178897142410278	0.0	0.0	0.0	2.26973819732666	0.5119768381118774	2.619279146194458	1.2180088758468628	0.0	0.0	0.23016053438186646	1.8189228773117065	0.9947155117988586	0.0	0.0	0.0	0.0	0.6568820476531982	0.0	0.0	0.0	1.275028109550476	0.9679740071296692	1.233496904373169	0.0	2.0939018726348877	0.0	1.426317572593689	0.0	0.0	1.4765961170196533	0.0	3.2665293216705322	0.0	0.0
0.0	0.0	0.0	0.43019816279411316	1.7670164108276367	0.0	1.0507526397705078	0.0	1.2392982244491577	0.2930402159690857	0.14116738736629486	0.0	0.6312419176101685	2.172106981277466	0.0	3.331632614135742	0.0	0.0	0.8370119333267212	1.0283782482147217	0.0	0.529817521572113	0.0	0.6844290494918823	0.0	0.0	0.6450106501579285	0.6587245464324951	0.5645989179611206	1.7742894887924194	0.0	0.25826898217201233	0.0	0.0	0.0	0.0	1.8912532329559326	0.0	2.000196933746338	1.1378121376037598	0.0	0.0	0.0	0.0	0.0	0.0	0.0	0.0	0.0	0.0	0.0	0.0	0.0	0.0	0.6804746985435486	0.0	0.0	0.0	0.6980739831924438	0.10675438493490219	0.0	0.0	0.0	0.0	0.0	0.0	0.0	0.0	0.0	1.1080530881881714	1.660779595375061	0.0	0.0	0.2687743306159973	0.0	0.0	0.47193092107772827	0.0	0.0	0.08444125950336456	0.0	0.0	1.1964619159698486	0.2566845118999481	1.626488208770752	0.0	1.5144295692443848	0.0	0.0	0.0	0.0	0.0	0.0	0.9096505641937256	0.0	0.027127286419272423	1.0773755311965942	0.0	0.0	0.0	0.0	0.3739069700241089	0.0	0.4760975241661072	0.0	0.0	0.6995441317558289	0.0	0.0	0.0	0.0	0.0	0.0	0.0	0.0	0.0	1.1197679042816162	0.0	0.21110348403453827	0.0	1.0326930284500122	1.901798129081726	0.0	0.0	0.0	1.991064190864563	0.0	0.0	0.0	0.14522945880889893	0.0	0.0	0.5422865748405457	0.0	0.0	1.9559543132781982	1.8711591958999634	0.0	0.0	0.0	0.0	0.0	0.0	0.0	0.0	0.0	1.347804069519043	0.0	0.0	0.0	0.0	0.04069868475198746	0.0	0.0	0.09288638085126877	0.0	0.0	2.151416778564453	0.0	0.0	0.6184643507003784	1.052659273147583	0.0	1.2019039392471313	0.30311962962150574	0.0	0.0	1.0254417657852173	0.0	0.0	0.0	0.0	1.2851697206497192	0.0	0.97757488489151	1.64523446559906	0.32444190979003906	0.0	0.0	0.0	1.4527857303619385	0.14616939425468445	0.0	0.0	1.1858656406402588	0.0	0.0	0.0	0.0	0.0	0.0	0.0	0.0	0.0	1.306617021560669	0.0	1.398231029510498	0.0	1.7533260583877563	0.0	0.0	0.17975935339927673	0.0	0.0	0.0	0.0	0.0	0.0	3.2419421672821045	0.0	1.3769277334213257	1.3039206266403198	0.0	0.0	0.0	0.0	0.0	0.0	2.073786735534668	0.3804532587528229	0.16934163868427277	2.509518623352051	0.0	0.0	0.0	1.0690144300460815	0.0	1.6848100423812866	0.36244726181030273	0.0	0.0	0.0	0.6043650507926941	0.6058575510978699	0.0	0.0	0.0	0.0	1.159873604774475	0.0	0.0	0.0	0.0	0.5595313906669617	0.13530176877975464	0.0	2.698962688446045	0.0	0.0	0.0	0.0	0.0	0.0	0.2367851883172989	0.0	0.0
0.0	0.0	0.0	0.10812492668628693	0.3473057150840759	0.0	0.31276023387908936	0.0	1.2137959003448486	0.01371303852647543	1.6269453763961792	0.0	0.7870697379112244	1.3114856481552124	0.0	2.7599599361419678	0.0	0.0	0.979559600353241	0.8966253399848938	0.0	0.5263685584068298	0.0	0.9828276634216309	0.0	0.0	1.0855765342712402	0.8687794804573059	0.4568662941455841	1.0274853706359863	0.4735192060470581	0.8295300006866455	0.0	0.0	0.0	0.4045232832431793	1.5490343570709229	0.0	0.9214015603065491	0.654052197933197	0.0	0.0	0.0	0.0	0.0	0.0	1.1240955591201782	0.0	0.0	0.03591632843017578	0.0	0.0	0.0	0.6252153515815735	0.4541165232658386	0.0	0.0	0.0	0.5621952414512634	0.6238950490951538	0.0	0.0	0.0	0.46348801255226135	0.0	0.0	0.0	0.0	0.0	0.8862581849098206	0.5111442804336548	0.0	0.0	0.29697471857070923	0.0	0.0	0.8447205424308777	0.0	0.0	0.7679828405380249	0.0	0.0	1.111831784248352	0.0	1.7175445556640625	0.0	1.2320154905319214	0.0	0.5522909164428711	0.0	0.0	0.4996325373649597	0.0	0.5605440735816956	0.0	0.9339403510093689	0.9191848635673523	0.3198641538619995	0.0	0.0	0.0	0.8976468443870544	0.0	0.6971009373664856	0.0	0.0	0.8642635941505432	0.0	0.0	0.8219758868217468	0.0	0.0	0.0	0.0	0.0	0.0	0.17711296677589417	0.0	0.0	0.0	1.3379766941070557	0.46173733472824097	0.0	0.6112023591995239	0.8423139452934265	0.4571235179901123	0.0	0.0	0.0	0.346172034740448	0.0	0.0	0.5734378099441528	0.0	0.0	0.4515616297721863	1.8055490255355835	0.0	0.0	0.0	0.0	0.0	0.0	0.0	0.0	0.0	0.984523594379425	0.0	0.0	0.8904905915260315	0.0	0.46266695857048035	0.0	0.0	0.45818454027175903	0.0	0.0	1.8449113368988037	0.0	0.0	0.6092429757118225	1.2217156887054443	0.0	0.8168778419494629	0.4524480998516083	0.0	0.01688876934349537	1.0715745687484741	0.0	0.0	0.0	0.0	1.0277080535888672	0.0	0.35293611884117126	1.3675620555877686	0.46416303515434265	0.0	0.0	0.0	0.9732792377471924	0.6339702606201172	0.0	1.055919885635376	0.2949299216270447	0.0	0.0	0.0	0.0	0.0	0.0	0.0	0.0	0.0	1.051568627357483	0.0	1.0352553129196167	0.0	1.0594395399093628	0.0	0.0	1.4026689529418945	0.0	0.0	0.0	0.0	0.0	0.0	2.5580976009368896	0.0	0.0	0.3716052174568176	0.0	0.0	0.0	0.0	0.0	0.0	1.400862693786621	0.5802699327468872	1.3428950309753418	1.5376815795898438	0.0	0.0	0.0	0.9784237742424011	0.0	1.2496654987335205	0.4546144902706146	0.0	0.0	0.0	0.329903244972229	1.339699625968933	0.0	0.0	0.0	0.0	0.41542115807533264	0.0	0.0	0.0	0.8480234146118164	1.3595432043075562	0.11791183054447174	0.0	1.7523612976074219	0.0	1.2172521352767944	0.0	0.0	0.026489147916436195	0.0	1.0725877285003662	0.0	0.0
0.0	0.0	0.0	0.38338348269462585	0.10367608070373535	0.0	1.0649017095565796	0.0	1.9402674436569214	0.5296557545661926	1.404259443283081	0.0	0.9919141530990601	1.0465657711029053	0.0	3.610516309738159	0.11030846834182739	0.5050404071807861	0.5943297743797302	0.0645698606967926	0.0	0.9653717875480652	0.0	0.2261093556880951	0.0	0.0	0.5161588788032532	0.0	0.727033257484436	1.0264244079589844	0.834543764591217	0.0	0.0	0.0	0.0	0.559026300907135	1.340234637260437	0.0	1.0940930843353271	0.9445212483406067	0.0	0.0	0.0	0.0	0.0	0.0	0.23273888230323792	0.0	0.0	0.3573136627674103	0.0	0.0	0.0	0.3675929605960846	1.227975606918335	0.0	0.0	0.0	0.19356653094291687	0.5944893956184387	0.0	0.0	0.0	0.0	0.0	0.0	0.0	0.0	0.0	1.0791949033737183	0.6340668797492981	0.0	0.0	0.1756550818681717	0.0	0.0	0.7653380632400513	0.0	0.0	0.1414889097213745	0.0	0.0	1.9014767408370972	0.5190327763557434	1.1066316366195679	0.0	1.2290903329849243	0.0	1.0334582328796387	0.0	0.0	0.5467684864997864	0.0	0.8525362014770508	0.0	0.41821908950805664	1.6882562637329102	0.0	0.0	0.0	0.0	0.6339979767799377	0.0	0.5008144378662109	0.0	0.0	1.3749969005584717	0.06217584386467934	0.0	0.20145562291145325	0.0	0.0	0.0	0.0	0.0	0.0	0.17062905430793762	0.0	0.3377783000469208	0.0	0.8535460829734802	0.8140999674797058	0.0	0.13005027174949646	0.5637129545211792	0.9310701489448547	0.0	0.0	0.0	0.07483670115470886	0.0	0.0	0.0	0.0	0.0	0.7789702415466309	0.46044135093688965	0.0	0.0	0.7663463950157166	0.0	0.0	0.0	0.2522384226322174	0.0	0.0	1.4169257879257202	0.0	0.0	0.0	0.0	0.9858960509300232	0.0	0.0	1.0508712530136108	0.0	0.0	1.7703825235366821	0.0	0.0	0.0	0.5311893224716187	0.0	0.5429040193557739	0.8283112645149231	0.0	0.0	0.6730058789253235	0.0	0.0	0.0	0.0	0.7109266519546509	0.0	0.7844946384429932	1.7633062601089478	1.0057425498962402	0.0	0.0	0.0	1.0507550239562988	1.176504135131836	0.0	0.0	0.31561949849128723	0.0	0.0	0.0	0.0	0.0	0.0	0.0	0.0	0.0	0.6118543744087219	0.0	1.6797740459442139	0.0	1.2041511535644531	0.0	0.0	0.5674619674682617	0.0	0.0	0.0	0.0	0.0	0.0	1.5925503969192505	0.0	0.21939682960510254	0.36462658643722534	0.0	0.0	0.17210650444030762	0.0	0.0	0.0	1.6907588243484497	0.17504821717739105	1.723456621170044	1.9815518856048584	0.0	0.0	0.0	1.3221967220306396	0.27816882729530334	1.8670252561569214	0.8091744184494019	0.0	0.0	0.15275412797927856	0.5751718878746033	1.497541904449463	0.0	0.0	0.0	0.0	1.0035513639450073	0.0	0.0	0.0	1.3078504800796509	0.8055895566940308	0.523956835269928	0.0	1.006503939628601	0.0	0.4186003506183624	0.0	0.0	1.032225489616394	0.0	2.189296007156372	0.0	0.0
0.0	0.0	0.0	0.287802129983902	0.6997339129447937	0.0	0.8099616169929504	0.0	2.051564931869507	0.0	1.0290789604187012	0.0	0.8982530236244202	1.5101289749145508	0.0	4.07952880859375	0.46426618099212646	0.6596267819404602	0.5452711582183838	0.9547846913337708	0.0	0.0	0.0	0.22836139798164368	0.0	0.0	0.0	0.4791945219039917	1.0408759117126465	1.0644270181655884	1.3376365900039673	1.13981294631958	0.0	0.0	0.0	0.43667134642601013	1.3571491241455078	0.0	1.500066876411438	0.5000156164169312	0.0	0.0	0.0	0.0	0.0	0.0	2.208415985107422	0.0	0.0	0.0	0.0	0.0	0.0	0.3883485198020935	0.8547411561012268	0.0	0.0	0.0	0.12232913821935654	1.4536446332931519	0.0	0.0	0.0	0.0	0.0	0.0	0.0	0.0	0.0	0.05636151134967804	1.12621009349823	0.0	0.0	0.0	0.0	0.0	0.18609736859798431	0.0	0.0	0.0	0.0	0.0	2.0809106826782227	0.0	1.5119162797927856	0.0	1.5715107917785645	0.0	1.8086336851119995	0.0	0.0	0.0	0.0	0.3879711329936981	0.0	0.0	1.438398838043213	0.730808436870575	0.0	0.0	0.0	0.745651125907898	0.0	0.0	0.0	0.0	1.0061395168304443	0.0	0.0	1.2897508144378662	0.0	0.0	0.0	0.0	0.0	0.0	0.9023382663726807	0.0	1.1095926761627197	0.0	0.33808058500289917	0.8722330331802368	0.0	0.0	0.31230810284614563	1.3119381666183472	0.0	0.0	0.0	0.37917476892471313	0.0	0.0	0.0	0.0	0.0	0.9422605633735657	0.593936562538147	0.0	0.0	0.0	0.0	0.0	0.0	0.0	0.0	0.0	1.951838493347168	0.0	0.0	0.0	0.0	0.7957816123962402	0.0	0.0	0.0	0.0	0.0	2.2043509483337402	0.0	0.0	0.0	0.3731611371040344	0.0	1.2517917156219482	0.0	0.0	0.0	0.9590210914611816	0.0	0.0	0.0	0.0	1.1904287338256836	0.0	0.45979043841362	3.18343186378479	1.035116195678711	0.0	0.0	0.0	1.7426693439483643	1.2807581424713135	0.0	0.0	0.44284629821777344	0.0	0.0	0.0	0.0	0.0	0.0	0.0	0.0	0.0	0.5996649861335754	0.0	1.3530088663101196	0.0	1.8011423349380493	0.0	0.0	2.1966466903686523	0.0	0.0	0.0	0.0	0.0	0.0	2.983633041381836	0.0	0.9107785820960999	1.282657504081726	0.0	0.0	0.0	0.0	0.0	0.0	1.5437575578689575	0.38611480593681335	1.819791555404663	2.9152939319610596	0.0	0.0	0.0	0.7214526534080505	0.0	2.268857479095459	0.34026050567626953	0.0	0.0	0.3200589120388031	0.9377427101135254	1.8570098876953125	0.0	0.0	0.0	0.0	0.540364146232605	0.0	0.0	0.0	1.15087890625	1.647000789642334	0.0	0.0	2.19474720954895	0.0	0.2953532040119171	0.0	0.0	0.0	0.0	2.334705114364624	0.0	0.0
0.0	0.0	0.0	0.3943036198616028	1.194625735282898	0.0	0.0	0.0	1.8020546436309814	0.0	1.9051344394683838	0.0	0.0	0.10620882362127304	0.0	3.481436252593994	0.005590120796114206	0.0	0.0	0.0	0.0	0.530078113079071	0.0	0.0	0.0	0.0	0.01693299226462841	0.0	0.0	0.871756911277771	0.0	0.9483262896537781	0.0	0.0	0.0	0.0	0.4408511221408844	0.0	0.4128863215446472	0.0	0.0	0.0	0.0	0.22714918851852417	0.0	0.0	1.4076097011566162	0.0	0.0	0.630225658416748	0.0	0.0	0.0	0.0	0.228023499250412	0.0	0.0	0.0	0.0	0.7183184623718262	0.0	0.0	0.0	0.0	0.0	0.0	0.0	0.0	0.0	0.8248553276062012	1.389690637588501	0.0	0.0	0.6305218935012817	0.0	0.0	0.0	0.035299863666296005	0.0	0.0	0.0	0.0	2.167288303375244	0.5568224787712097	1.1815886497497559	0.0	0.3875614404678345	0.0	1.2840012311935425	0.0	0.0	0.0	0.0	0.0	0.0	0.0	0.0	0.0	0.0	0.0	0.0	1.7264946699142456	0.0	0.0	0.0	0.0	0.1646784543991089	0.2916656732559204	0.0	1.2787069082260132	0.0	0.0	0.0	0.0	0.0	0.0	0.24433794617652893	0.0	0.9424849152565002	0.0	0.0	0.3856792449951172	0.0	0.7202802896499634	0.0	2.1206235885620117	0.0	0.0	0.0	2.3954918384552	0.0	0.0	0.7889055609703064	0.0	0.0	1.4168933629989624	0.8141285181045532	0.0	0.0	0.0	0.0	0.0	0.0	0.0	0.0	0.0	0.5325130224227905	0.0	0.0	0.0	0.0	1.9706867933273315	0.0	0.0	0.0	0.0	0.0	2.5752804279327393	0.0	0.0	0.0	0.9248988032341003	0.0	0.8712358474731445	0.0	0.0	0.0	1.3455991744995117	0.0	0.0	0.0	0.0	0.13695256412029266	0.0	0.0	3.087263822555542	2.2649166584014893	0.0	0.0	0.0	0.8251177668571472	0.0	0.0	0.0	0.0	0.0	0.0	0.0	0.0	0.0	0.0	0.0	0.0	0.0	0.11734111607074738	0.0	0.5604179501533508	0.0	1.9600025415420532	0.0	0.0	1.996447205543518	0.0	0.0	0.0	0.0	0.0	0.0	2.6377832889556885	0.0	1.8660995960235596	0.9388561844825745	0.0	0.0	0.32648149132728577	0.0	0.0	0.0	0.8271191716194153	0.0	1.8485180139541626	2.1292848587036133	0.0	0.0	0.0	0.688406765460968	0.4563346803188324	1.3801771402359009	0.0	0.0	0.0	1.3674449920654297	2.129213571548462	0.5124704241752625	0.0	0.0	0.0	0.0	1.5264090299606323	0.0	0.0	0.0	0.015395705588161945	2.2715470790863037	0.0	0.0	2.175428867340088	0.0	0.23411354422569275	0.0	0.0	1.3099850416183472	0.0	3.4033548831939697	0.0	0.0
0.0	0.0	0.0	0.0	1.054944634437561	0.0	0.38449981808662415	0.0	1.0294170379638672	0.6646260619163513	0.05304272845387459	0.0	1.228217363357544	1.2092403173446655	0.0	2.1820032596588135	0.0	0.8735681772232056	0.7519463300704956	1.0465627908706665	0.13484740257263184	1.109967589378357	0.0	0.5141066908836365	0.0	0.0	1.2656055688858032	0.25810450315475464	0.0	1.2439830303192139	0.6684451103210449	0.86714106798172	0.0	0.05751585587859154	0.0	1.1500850915908813	1.4625486135482788	0.0	1.3281421661376953	1.4704574346542358	0.0	0.0	0.0	0.0	0.0	0.0	0.0	0.0	0.0	0.0	0.0	0.0	0.0	0.5910100936889648	1.493944764137268	0.0	0.0	0.0	1.2520588636398315	0.2922305762767792	0.0	0.0	0.0	0.6848266124725342	0.0	0.0	0.0	0.0	0.0	1.5463277101516724	0.6461150646209717	0.0	0.0	0.050006646662950516	0.0	0.0	1.3720664978027344	0.0	0.0	0.5639685392379761	0.0	0.0	0.9504906535148621	0.2616497278213501	1.1914417743682861	0.0	1.8066105842590332	0.0	0.0	0.0	0.0	1.372930884361267	0.0	1.929671049118042	0.0	0.6630149483680725	1.647279977798462	0.19382449984550476	0.0	0.0	0.0	0.07421798259019852	0.0	1.098768949508667	0.0	0.0	0.009288124740123749	0.0	0.0	0.030220651999115944	0.0	0.0	0.0	0.0	0.0	0.0	0.0	0.0	0.07482758164405823	0.0	0.08014940470457077	0.906834065914154	0.0	0.3348221480846405	0.23658588528633118	0.39547279477119446	0.0	0.0	0.0	0.0	0.0	0.0	0.08003885298967361	0.0	0.0	0.7662016153335571	0.9335207343101501	0.0	0.0	1.1067970991134644	0.0	0.0	0.0	0.0	0.0	0.0	0.40518566966056824	0.0	0.0	0.0	0.0	0.0	0.0	0.0	0.8232274055480957	0.0	0.0	1.0026066303253174	0.0	0.0	0.29986879229545593	0.889365553855896	0.0	0.4869321286678314	1.1237249374389648	0.0	0.2029782235622406	1.0096795558929443	0.0	0.0	0.0	0.0	0.5949921011924744	0.0	1.9161913394927979	0.2860739827156067	0.0	0.0	0.0	0.0	1.2323694229125977	1.4907138347625732	0.0	0.0050764428451657295	0.7042590379714966	0.0	0.0	0.0	0.0	0.0	0.0	0.0	0.0	0.0	0.6635701656341553	0.0	1.5434975624084473	0.0	0.736420750617981	0.0	0.0	0.41960009932518005	0.0	0.0	0.0	0.0	0.0	0.0	2.400097370147705	0.0	0.36782106757164	0.08923091739416122	0.007202641572803259	0.0	0.0	0.0	0.0	0.0	1.920211672782898	1.0550122261047363	0.5980900526046753	1.2648208141326904	0.0	0.0	0.0	1.6978522539138794	0.13266149163246155	1.208280324935913	1.1127893924713135	0.0	0.0	0.0	0.25169864296913147	1.8076497316360474	0.0	0.0	0.0	0.0	0.006127765402197838	0.0	0.0	0.0	0.9949274063110352	0.4436987042427063	1.082046627998352	0.0	0.9670268893241882	0.0	0.963977575302124	0.6458840370178223	0.0	1.1091663837432861	0.0	1.161072015762329	0.0	0.0
0.0	0.0	0.0	0.0	1.2389570474624634	0.0	0.13861998915672302	0.0	0.9894067049026489	1.5090066194534302	0.10917210578918457	0.0	1.0202032327651978	0.2577992379665375	0.0	2.1325721740722656	0.0	0.12070145457983017	0.5750336050987244	1.2538801431655884	0.0	1.2690682411193848	0.0	0.5749273300170898	0.0	0.0	0.8417412042617798	1.0722349882125854	0.5358485579490662	0.9478938579559326	0.5565264225006104	0.6656933426856995	0.0	0.0	0.0	1.2249969244003296	1.7480125427246094	0.0	1.2625268697738647	1.15579354763031	0.0	0.0	0.0	0.0	0.0	0.0	0.0	0.0	0.0	0.09924064576625824	0.0	0.0	0.0	0.0	1.4347240924835205	0.0	0.0	0.0	1.343278408050537	0.0	0.0	0.0	0.0	0.45631515979766846	0.0	0.0	0.0	0.0	0.0	1.3427354097366333	0.9127915501594543	0.0	0.0	0.43121567368507385	0.0	0.0	1.0625076293945312	0.0	0.0	0.6960938572883606	0.0	0.0	1.143661618232727	0.30354052782058716	1.5455868244171143	0.0	1.329953908920288	0.0	0.0	0.0	0.0	1.3171086311340332	0.0	2.0951786041259766	0.0	0.6911265850067139	1.5635658502578735	0.5252519845962524	0.0	0.0	0.0	0.37204158306121826	0.0	0.9545238614082336	0.0	0.0	0.23641535639762878	0.0	0.0	0.0	0.0	0.0	0.0	0.0	0.0	0.0	0.10057558119297028	0.0	0.06305994093418121	0.0	0.2767157554626465	0.8733441233634949	0.0	0.6330816745758057	0.0	0.8535967469215393	0.0	0.0	0.0	0.0	0.0	0.0	0.48213493824005127	0.0	0.0	0.5563649535179138	1.0313990116119385	0.0	0.0	0.9803718328475952	0.0	0.0	0.0	0.4040096700191498	0.0	0.0	0.28700223565101624	0.0	0.0	0.0	0.0	0.8184454441070557	0.0	0.0	1.5442980527877808	0.0	0.0	1.4495691061019897	0.0	0.0	0.0	1.3111302852630615	0.0	0.735638439655304	1.1044704914093018	0.0	0.23316973447799683	1.063372015953064	0.0	0.0	0.0	0.0	0.24312616884708405	0.0	1.2651667594909668	0.9310902953147888	0.09876151382923126	0.0	0.0	0.0	1.571123719215393	0.7828542590141296	0.0	0.0	0.9519243836402893	0.0	0.0	0.0	0.0	0.0	0.0	0.0	0.0	0.0	0.8847289085388184	0.0	1.6793270111083984	0.0	0.9638766646385193	0.18495850265026093	0.0	0.0	0.0	0.0	0.0	0.0	0.0	0.0	2.2124581336975098	0.0	0.859212338924408	0.6997260451316833	0.04188045114278793	0.0	0.0	0.0	0.0	0.0	1.4870874881744385	0.8536874651908875	0.42062902450561523	1.3890423774719238	0.0	0.0	0.0	1.5332121849060059	0.46353843808174133	1.6009083986282349	1.0406677722930908	0.0	0.0	0.0	0.6379376649856567	0.9764096140861511	0.0	0.0	0.0	0.0	0.2989221513271332	0.0	0.0	0.0	0.919699490070343	1.0041154623031616	1.099731683731079	0.0	1.3512827157974243	0.0	1.5550198554992676	0.5568476319313049	0.0	1.1311792135238647	0.0	1.3016326427459717	0.0	0.0
0.0	0.0	0.0	0.0	1.487980842590332	0.0	0.0	0.0	1.9051270484924316	0.0	0.9310983419418335	0.0	0.23761813342571259	0.9251468777656555	0.44781583547592163	4.234475612640381	0.0	0.5403075814247131	0.0	0.0	0.0	0.010535748675465584	0.0	0.0	0.0	0.0	0.0	0.0	0.0	1.8463826179504395	0.9395282864570618	0.12460874021053314	0.0	0.0	0.0	0.0	0.7936989068984985	0.0	0.49550506472587585	0.0631774514913559	0.0	0.0	0.0	0.0	0.0	0.0	0.6360465288162231	0.0	0.0	0.36197882890701294	0.0	0.0	0.0	0.0	0.3248506784439087	0.0	0.0	0.0	0.3009679913520813	0.6088385581970215	0.0	0.0	0.0	0.0	0.0	0.0	0.0	0.0	0.0	0.034135837107896805	1.6527409553527832	0.0	0.0	0.12884733080863953	0.0	0.0	0.1630561500787735	0.0	0.0	0.0	0.0	0.0	2.099647045135498	0.0	0.7602894902229309	0.0	1.263064980506897	0.0	0.9274662137031555	0.0	0.0	0.0	0.0	0.1085401251912117	0.0	0.0	0.9124549627304077	0.0	0.0	0.0	0.0	0.9365652203559875	0.0	0.0	0.0	0.0	0.40236708521842957	0.0	0.0	0.7662314176559448	0.0	0.0	0.0	0.0	0.7042937278747559	0.0	0.0	0.0	0.7245535850524902	0.0	0.0	2.0216994285583496	0.0	0.0	0.03775918856263161	1.724901795387268	0.0	0.0	0.0	0.3007023334503174	0.0	0.0	0.14590340852737427	0.0	0.0	2.1540513038635254	0.7314853072166443	0.0	0.0	0.9543192982673645	0.0	0.0	0.0	0.0	0.0	0.0	1.741164207458496	0.0	0.0	0.0	0.0	0.34054991602897644	0.0	0.0	0.0	0.0	0.0	2.576054334640503	0.0	0.0	0.0	0.0	0.0	1.0546414852142334	0.44362446665763855	0.0	0.0	0.9900134205818176	0.0	0.0	0.0	0.0	0.045606859028339386	0.0	1.4829754829406738	2.547011375427246	1.1395347118377686	0.0	0.0	0.0	1.5930415391921997	0.015172298066318035	0.0	0.0	0.0	0.0	0.0	0.0	0.0	0.0	0.0	0.0	0.0	0.0	0.0	0.0	0.0	0.0	1.634177565574646	0.01847044751048088	0.0	1.7727100849151611	0.0	0.0	0.0	0.0	0.0	0.0	2.755873680114746	0.0	1.5803555250167847	0.6915822625160217	0.3826623857021332	0.0	0.28678953647613525	0.0	0.0	0.0	0.4949996769428253	0.0	1.1406584978103638	3.110562562942505	0.0	0.0	0.0	0.4532199800014496	0.0	1.5445706844329834	0.46223923563957214	0.0	0.0	0.296473890542984	1.1813000440597534	0.5368945598602295	0.0	0.0	0.0	0.0	1.6163008213043213	0.0	0.0	0.0	0.457130491733551	2.0763261318206787	0.0	0.0	2.3851735591888428	0.0	0.0	0.0	0.0	0.09006258845329285	0.0	2.2208478450775146	0.0	0.0
0.0	0.0	0.0	0.0	1.352290391921997	0.0	0.0	0.0	2.877952814102173	0.0	2.47062349319458	0.0	0.0	0.16873139142990112	0.0	5.1264519691467285	0.054645832628011703	0.33499789237976074	0.0	0.0	0.0	0.014806610532104969	0.0	0.0	0.0	0.0	0.0	0.0	0.0	0.019734783098101616	0.8189387321472168	2.3528971672058105	0.0	0.0	0.0	0.0	1.1292911767959595	0.0	0.25209760665893555	0.7111849188804626	0.0	0.0	0.0	0.07977685332298279	0.0	0.0	2.771286964416504	0.0	0.0	0.1912747472524643	0.0	0.0	0.0	1.2942686080932617	0.3271510899066925	0.0	0.0	0.0	0.3181445002555847	1.5123584270477295	0.0	0.0	0.0	0.0	0.0	0.0	0.0	0.0	0.0	0.9490089416503906	0.6636933088302612	0.0	0.0	0.7734060287475586	0.0	0.0	0.3792267441749573	0.0	0.0	0.0	0.0	0.0	1.8661518096923828	0.0	0.722784698009491	0.0	0.3750688433647156	0.0	2.8167669773101807	0.0	0.0	0.0	0.0	0.0	0.0	0.0	1.260203242301941	0.0	0.0	0.0	0.0	1.9292333126068115	0.0	0.5184903740882874	0.0	0.0	0.5523966550827026	0.0	0.0	2.1959049701690674	0.0	0.0	0.0	0.0	0.629888653755188	0.0	0.15964087843894958	0.0	2.1646628379821777	0.0	0.0	0.7828408479690552	0.0	0.1465492844581604	0.9981611967086792	0.8876022100448608	0.0	0.0	0.0	1.6845183372497559	0.0	0.0	0.0	0.0	0.0	1.4760963916778564	0.7328954339027405	0.0	0.0	0.0	0.0	0.0	0.0	0.0	0.0	0.0	2.5160999298095703	0.0	0.0	0.0	0.0	1.7154544591903687	0.0	0.0	0.0	0.0	0.0	2.613163948059082	0.0	0.0	0.0	0.0	0.0	0.905849277973175	0.0	0.0	0.0	1.1326898336410522	0.0	0.0	0.0	0.0	0.1887657642364502	0.0	0.8491560816764832	3.5917348861694336	2.031064033508301	0.0	0.0	0.0	1.0795141458511353	0.21648558974266052	0.0	0.0	0.0	0.0	0.0	0.0	0.0	0.0	0.0	0.0	0.0	0.0	0.0	0.0	0.6107678413391113	0.0	1.954140543937683	0.0	0.0	3.4151344299316406	0.0	0.0	0.0	0.0	0.0	0.0	3.7752411365509033	0.0	2.0395095348358154	0.7691998481750488	0.0	0.0	0.0	0.0	0.0	0.0	0.7289334535598755	0.23846010863780975	3.1386380195617676	3.168320894241333	0.0	0.0	0.0	0.6029435992240906	0.0	1.8046178817749023	0.6219920516014099	0.0	0.0	1.030301570892334	1.5901907682418823	1.6901310682296753	0.0	0.0	0.0	0.0	1.1376365423202515	0.0	0.0	0.0	1.4026927947998047	3.302290916442871	0.0	0.0	2.4322891235351562	0.0	0.0	0.0	0.0	0.0	0.0	3.7359910011291504	0.0	0.0
0.0	0.0	0.0	0.0	1.7643629312515259	0.0	0.0	0.0	1.371698260307312	0.0	1.2395347356796265	0.0	0.0	1.8956230878829956	0.0	3.571711301803589	0.0	0.0	0.0	0.6337311267852783	0.0	0.0	0.0	0.7253413200378418	0.0	0.0	0.0	0.0	0.0	1.1079596281051636	0.11371849477291107	1.1347166299819946	0.0	0.0	0.0	0.4425821602344513	0.6933860182762146	0.0	0.647146463394165	0.7763224840164185	0.0	0.0	0.0	0.0	0.0	0.0	0.2912699580192566	0.0	0.0	0.4237140715122223	0.0	0.0	0.0	0.0	0.7945660948753357	0.0	0.0	0.0	0.6723092794418335	0.0	0.0	0.0	0.0	0.0	0.0	0.0	0.0	0.0	0.0	0.0	1.8091599941253662	0.0	0.0	0.39487284421920776	0.0	0.0	0.9969606995582581	0.0	0.0	0.580417811870575	0.0	0.0	1.785697102546692	0.0	0.8262128233909607	0.0	1.294393539428711	0.0	0.9585407376289368	0.0	0.0	0.11870888620615005	0.0	1.0097684860229492	0.0	0.0	0.9692731499671936	0.7848106026649475	0.0	0.0	0.0	0.7733871936798096	0.0	0.0	0.0	0.0	0.328152596950531	0.1119823008775711	0.0	0.7407528162002563	0.0	0.0	0.0	0.0	0.0	0.0	1.3864741325378418	0.0	1.2414534091949463	0.0	0.09003177285194397	2.5598433017730713	0.0	0.05136935040354729	0.0	2.0944409370422363	0.0	0.0	0.0	0.2197781801223755	0.0	0.0	0.46615323424339294	0.0	0.0	2.35749888420105	1.6434388160705566	0.0	0.0	0.23728971183300018	0.0	0.0	0.0	0.0	0.0	0.0	1.5135645866394043	0.0	0.0	0.0	0.0	0.6807482242584229	0.0	0.0	0.0	0.0	0.0	1.89313805103302	0.0	0.0	0.0	0.5988280177116394	0.0	2.1190125942230225	0.7920316457748413	0.0	0.0	1.2402920722961426	0.0	0.0	0.0	0.0	0.6462324857711792	0.0	2.157742738723755	1.7109304666519165	1.4352880716323853	0.0	0.0	0.0	2.4187045097351074	0.48128536343574524	0.0	0.0	0.3702637851238251	0.0	0.0	0.0	0.0	0.0	0.0	0.0	0.0	0.0	0.5679386854171753	0.0	0.26932480931282043	0.0	1.3865119218826294	0.11227129399776459	0.0	1.3194001913070679	0.0	0.0	0.0	0.0	0.0	0.0	4.035650253295898	0.0	2.2324376106262207	1.1564613580703735	0.6384903192520142	0.0	0.0	0.0	0.0	0.0	0.5482384562492371	0.16342027485370636	0.6230006814002991	3.0831682682037354	0.0	0.0	0.0	0.0	0.5703558325767517	0.9933191537857056	0.4738873839378357	0.0	0.0	0.9478545784950256	1.317933201789856	1.091507911682129	0.0	0.0	0.0	0.0	1.2556605339050293	0.0	0.0	0.0	0.0	1.1954572200775146	0.0	0.0	3.7384860515594482	0.0	0.0	0.02210996113717556	0.0	0.27421748638153076	0.0	1.53769850730896	0.0	0.0
0.0	0.0	0.0	0.23400896787643433	1.4436538219451904	0.0	0.9333508610725403	0.0	2.3072848320007324	0.614115297794342	1.0326110124588013	0.0	0.24618233740329742	1.6741788387298584	0.0	4.239088535308838	0.0	0.0	0.7687435150146484	0.3177433907985687	0.0	1.2011866569519043	0.0	0.19840557873249054	0.0	0.0	0.5363335013389587	0.0	1.097072958946228	1.1430611610412598	0.9234573245048523	2.034837484359741	0.0	0.0	0.0	0.2202533781528473	0.33685365319252014	0.0	1.729688048362732	0.7731289267539978	0.0	0.0	0.0	0.0	0.0	0.0	0.19537794589996338	0.0	0.0	0.6439316868782043	0.0	0.0	0.0	0.0	0.8737859129905701	0.0	0.0	0.0	1.3639546632766724	0.6504603624343872	0.0	0.0	0.0	0.0	0.0	0.0	0.0	0.0	0.0	1.0925979614257812	1.226149559020996	0.0	0.0	0.47399356961250305	0.0	0.0	0.12968416512012482	0.0	0.0	0.9387291073799133	0.0	0.0	1.7373486757278442	0.5642980337142944	1.9505423307418823	0.0	1.2087030410766602	0.0	0.42920929193496704	0.0	0.0	0.0	0.0	1.2607142925262451	0.0	0.0	1.3040434122085571	0.0	0.0	0.0	0.0	1.4847735166549683	0.0	0.7961168885231018	0.0	0.0	0.784542977809906	0.0	0.0	0.0	0.0	0.0	0.0	0.0	0.0	0.0	0.0	0.0	0.4342588782310486	0.0	0.3224867582321167	1.516087293624878	0.0	0.6953425407409668	0.0	1.470977783203125	0.0	0.0	0.0	0.4614935517311096	0.0	0.0	0.0315726101398468	0.0	0.0	1.1198548078536987	1.0091049671173096	0.0	0.0	0.4946177005767822	0.0	0.0	0.0	0.0	0.0	0.0	0.9312613010406494	0.0	0.0	0.0	0.0	1.6777461767196655	0.0	0.0	0.0785657986998558	0.0	0.0	2.076115131378174	0.0	0.0	0.0	0.4068039357662201	0.0	0.37287092208862305	0.15897591412067413	0.0	0.09053374081850052	1.1116863489151	0.0	0.0	0.0	0.0	0.67854905128479	0.0	1.5394880771636963	2.9706192016601562	1.1029285192489624	0.0	0.0	0.0	2.273419141769409	0.8329692482948303	0.0	0.0	0.17034614086151123	0.0	0.0	0.0	0.0	0.0	0.0	0.0	0.0	0.0	0.8165751695632935	0.0	1.923086404800415	0.0	2.400632381439209	0.0	0.0	0.6292158365249634	0.0	0.0	0.0	0.0	0.0	0.0	3.3882949352264404	0.0	1.7558807134628296	1.0099996328353882	0.7293229699134827	0.0	0.39329585433006287	0.0	0.0	0.0	1.3350669145584106	0.1042153388261795	1.0555768013000488	2.8828530311584473	0.0	0.0	0.0	0.6781142354011536	0.0	2.4875895977020264	0.6943179965019226	0.0	0.0	0.22711187601089478	1.1252717971801758	0.8035407066345215	0.0	0.0	0.0	0.0	1.3761450052261353	0.0	0.0	0.0	0.6824973225593567	1.0151726007461548	0.0	0.0	2.3879992961883545	0.0	0.5179076194763184	0.1578245311975479	0.0	0.2737962007522583	0.0	1.9193058013916016	0.0	0.0
0.0	0.0	0.0	0.0	1.6514993906021118	0.0	0.0	0.0	2.2055764198303223	0.0	1.0107777118682861	0.0	0.0	2.0958735942840576	0.0	3.7460451126098633	0.0	0.021508708596229553	0.0	0.959051787853241	0.0	0.0	0.0	0.32097259163856506	0.0	0.0	0.12289527803659439	0.33275625109672546	0.05225033313035965	1.2515618801116943	0.4899021089076996	1.1447386741638184	0.0	0.0	0.0	0.1298566311597824	0.7634084224700928	0.0	0.2574128210544586	0.4500197470188141	0.0	0.0	0.0	0.0	0.0	0.0	0.8271995782852173	0.0	0.0	0.514094352722168	0.0	0.0	0.0	0.0	0.0	0.0	0.0	0.0	0.19652444124221802	0.0	0.0	0.0	0.0	0.0	0.0	0.0	0.0	0.0	0.0	0.724418580532074	0.9661771655082703	0.0	0.0	0.7442405223846436	0.0	0.0	0.43376174569129944	0.0	0.0	0.4686400890350342	0.0	0.0	1.398047685623169	0.0	1.011596918106079	0.0	1.0560132265090942	0.0	1.2646515369415283	0.0	0.0	0.0	0.0	0.7939222455024719	0.0	0.0	1.0569572448730469	1.4032143354415894	0.0	0.0	0.0	0.6884961128234863	0.0	0.0	0.0	0.0	0.03631817176938057	0.7217071056365967	0.0	1.0227842330932617	0.0	0.0	0.0	0.0	0.0	0.0	1.1645228862762451	0.0	1.3708972930908203	0.0	1.1577258110046387	1.6066652536392212	0.0	0.0	0.0	2.0501792430877686	0.0	0.0	0.0	1.1812686920166016	0.0	0.0	0.694450318813324	0.0	0.0	1.9614624977111816	1.3861773014068604	0.0	0.0	0.0	0.0	0.0	0.0	0.0	0.0	0.0	2.135549306869507	0.0	0.0	0.0	0.0	1.0951581001281738	0.0	0.0	0.0	0.0	0.0	2.5887324810028076	0.0	0.0	0.0	0.5890856981277466	0.0	1.6153209209442139	0.0	0.0	0.0	1.3792369365692139	0.0	0.0	0.0	0.0	0.0	0.0	0.47086164355278015	2.0171852111816406	0.8356865644454956	0.0	0.0	0.0	2.1336796283721924	0.39994749426841736	0.0	0.0	0.0	0.0	0.0	0.0	0.0	0.0	0.0	0.0	0.0	0.0	0.7605345249176025	0.0	0.4573359787464142	0.0	2.209749221801758	0.0	0.0	0.671905517578125	0.0	0.0	0.0	0.0	0.0	0.0	3.848066806793213	0.0	2.505340576171875	1.2749933004379272	0.14725711941719055	0.0	0.0	0.0	0.0	0.0	0.2403355985879898	0.0	0.985980749130249	3.6744227409362793	0.0	0.0	0.0	0.0	0.1638593077659607	0.8864482641220093	0.48870372772216797	0.0	0.0	1.2538390159606934	1.6632299423217773	1.3093708753585815	0.0	0.0	0.0	0.0	1.6560348272323608	0.0	0.0	0.0	0.4912976026535034	1.7685279846191406	0.0	0.0	2.814455032348633	0.0	0.044830046594142914	0.0	0.0	0.0	0.0	2.6400110721588135	0.0	0.0
0.0	0.0	0.0	0.0	2.2533323764801025	0.0	0.0	0.0	2.1640729904174805	0.0	2.5016634464263916	0.0	0.0	0.04403497651219368	0.0	3.2215991020202637	0.1781720519065857	0.0	0.0	0.0	0.0	0.5622910261154175	0.0	0.0	0.0	0.0	0.0	0.5888448357582092	0.0	0.0	0.0	1.8752390146255493	0.0	0.0	0.0	0.5544794201850891	0.32651934027671814	0.0	0.0945369303226471	0.0	0.0	0.0	0.0	0.794272780418396	0.0	0.0	1.8500083684921265	0.0	0.0	0.8519486784934998	0.0	0.0	0.0	0.15094387531280518	0.0	0.0	0.0	0.0	0.7432632446289062	0.719889760017395	0.0	0.0	0.0	0.0	0.0	0.0	0.0	0.0	0.0	0.3042018413543701	1.0616211891174316	0.0	0.0	1.1405507326126099	0.0	0.0	0.0	0.0	0.0	0.04214129224419594	0.0	0.0	0.8686367869377136	0.28399187326431274	0.5607548952102661	0.0	0.0	0.0	1.587687611579895	0.0	0.0	0.0	0.0	0.3139827251434326	0.0	0.0	0.3797752261161804	0.0	0.0	0.0	0.0	2.061131238937378	0.0	0.01200652401894331	0.0	0.0	0.1428506076335907	0.6283418536186218	0.0	1.9678597450256348	0.0	0.0	0.0	0.0	0.0	0.0	0.23158802092075348	0.0	1.328904390335083	0.0	0.0	0.13081620633602142	0.0	1.2820971012115479	0.9663810729980469	1.2833789587020874	0.0	0.0	0.0	1.9255284070968628	0.0	0.0	0.9574018716812134	0.0	0.0	1.2829731702804565	1.0591883659362793	0.0	0.0	0.0	0.0	0.0	0.0	0.0	0.0	0.0	0.6227898001670837	0.0	0.0	0.8458206057548523	0.0	1.7392487525939941	0.0	0.0	0.23941351473331451	0.0	0.0	2.277573823928833	0.0	0.0	0.0	0.23052240908145905	0.0	1.65372896194458	0.3520321249961853	0.0	0.0	0.5845831632614136	0.0	0.0	0.0	0.0	0.0	0.0	0.0	2.618744134902954	1.9861434698104858	0.0	0.0	0.0	0.8940650224685669	0.01584303379058838	0.0	0.0	0.0	0.0	0.0	0.0	0.0	0.0	0.0	0.0	0.0	0.0	0.025817884132266045	0.0	0.3762933313846588	0.0	1.0911595821380615	0.0	0.0	1.6259156465530396	0.0	0.0	0.0	0.0	0.0	0.0	2.8361868858337402	0.0	1.5585638284683228	1.319981336593628	0.0	0.0	0.0	0.0	0.0	0.0	0.2955158054828644	0.0	2.0869481563568115	2.0852816104888916	0.0	0.0	0.0	0.5903199315071106	0.7182210683822632	1.4122408628463745	0.0	0.0	0.0	1.3207165002822876	1.1522406339645386	0.794608473777771	0.0	0.0	0.0	0.0	0.8114367127418518	0.0	0.0	0.0	0.24606217443943024	1.7483786344528198	0.0	0.0	2.8679966926574707	0.0	0.49027422070503235	0.0	0.0	1.6649401187896729	0.0	3.173717975616455	0.0	0.0
0.0	0.0	0.0	0.0	1.3327804803848267	0.0	0.9861031174659729	0.0	1.641603708267212	0.6529776453971863	0.0	0.0	1.0128196477890015	1.376507043838501	0.0	2.7837729454040527	0.0	0.7518419027328491	1.6163221597671509	1.0711010694503784	0.0	1.9092026948928833	0.0	0.44707801938056946	0.0	0.0	0.5650753378868103	0.0	0.49159514904022217	1.2867350578308105	0.4727378785610199	0.8876059651374817	0.0	0.09459555149078369	0.0	0.3568516969680786	1.9538311958312988	0.0	1.8371325731277466	1.646804928779602	0.0	0.0	0.0	0.0	0.0	0.0	0.35205596685409546	0.0	0.0	0.0	0.0	0.0	0.0	0.20016255974769592	1.953086495399475	0.0	0.0	0.0	0.9888805747032166	0.338920533657074	0.0	0.0	0.0	0.04707401245832443	0.0	0.0	0.0	0.0	0.0	2.2502880096435547	1.0656497478485107	0.0	0.0	0.0	0.0	0.0	0.8771301507949829	0.0	0.0	0.047987740486860275	0.0	0.0	1.3530064821243286	0.3006891906261444	1.570926308631897	0.0	2.1992852687835693	0.0	0.0	0.0	0.0	1.071959137916565	0.0	2.6624999046325684	0.0	0.7256906032562256	1.5784125328063965	0.0	0.0	0.0	0.0	0.0	0.0	0.9274322390556335	0.0	0.0	0.02127092517912388	0.0	0.0	0.02728229947388172	0.0	0.0	0.0	0.0	0.0	0.0	0.16026437282562256	0.0	0.0	0.0	0.1180918738245964	1.2894803285598755	0.0	0.4985033869743347	0.30724310874938965	0.8560281991958618	0.0	0.0	0.0	0.0	0.0	0.0	0.2254694402217865	0.0	0.0	1.088465690612793	1.1635578870773315	0.0	0.0	0.5916265249252319	0.0	0.0	0.0	0.0	0.0	0.0	0.5631669759750366	0.0	0.0	0.0	0.0	0.0	0.0	0.0	1.2207765579223633	0.0	0.0	1.3244589567184448	0.0	0.0	0.6535270810127258	1.0023727416992188	0.0	0.5868458151817322	0.4819331467151642	0.0	0.3278609812259674	0.3162333071231842	0.0	0.0	0.0	0.0	0.9122872948646545	0.0	1.5527422428131104	1.5545090436935425	0.0	0.0	0.0	0.0	1.725591778755188	1.180891752243042	0.0	0.0	1.2945239543914795	0.0	0.0	0.0	0.0	0.0	0.0	0.0	0.0	0.0	1.6666419506072998	0.0	1.782295823097229	0.0	0.9398179650306702	0.041125793009996414	0.0	0.34797433018684387	0.0	0.0	0.0	0.0	0.0	0.0	2.4357097148895264	0.0	0.14523330330848694	0.1821518987417221	0.0	0.0	0.0	0.0	0.0	0.0	2.497171640396118	0.7597795724868774	0.2958136796951294	1.9860574007034302	0.0	0.0	0.0	1.801269292831421	0.0	2.2892305850982666	1.7907850742340088	0.0	0.0	0.0	0.0	1.4124385118484497	0.0	0.0	0.0	0.0	0.23812374472618103	0.0	0.0	0.0	0.9009606242179871	0.6111205220222473	1.2571353912353516	0.0	1.8531147241592407	0.0	0.409414678812027	0.587846577167511	0.0	0.0	0.0	0.6823519468307495	0.0	0.0
0.0	0.0	0.0	0.0	1.4906153678894043	0.0	0.0	0.0	2.2203550338745117	0.0	1.7959579229354858	0.0	0.16717761754989624	0.5833435654640198	0.016750620678067207	3.744917154312134	0.5427371859550476	0.5049477815628052	0.0	0.0	0.0	0.0	0.0	0.0	0.0	0.0	0.17359225451946259	0.0	0.0	0.6230393052101135	0.5009437799453735	0.8604092597961426	0.0	0.0	0.0	0.08823946118354797	0.14760369062423706	0.0	0.46380457282066345	0.7566050887107849	0.0	0.0	0.0	0.0	0.0	0.0	1.6440149545669556	0.0	0.0	1.063097596168518	0.0	0.0	0.0	0.3553851246833801	0.29502302408218384	0.0	0.0	0.0	0.25146937370300293	0.4325048625469208	0.0	0.0	0.0	0.0	0.0	0.0	0.0	0.0	0.0	0.22171378135681152	0.6582326292991638	0.0	0.0	0.21116475760936737	0.0	0.0	0.4862815737724304	0.0	0.0	0.0	0.0	0.0	1.5991181135177612	0.0	0.7124812602996826	0.0	0.2599616050720215	0.0	1.84724760055542	0.0	0.0	0.0	0.0	0.0	0.0	0.0	0.4794057607650757	0.052597079426050186	0.0	0.0	0.0	1.9023233652114868	0.0	0.0	0.0	0.0	0.4815014600753784	0.0	0.0	1.7431330680847168	0.0	0.0	0.0	0.0	1.6883922815322876	0.0	0.2843632996082306	0.0	1.5926344394683838	0.0	0.0	0.485124796628952	0.0	0.02934935688972473	0.4112250804901123	1.310123085975647	0.0	0.0	0.0	1.6896369457244873	0.0	0.0	0.3911999762058258	0.0	0.0	1.462511658668518	1.3581591844558716	0.0	0.0	0.0	0.0	0.0	0.0	0.0	0.0	0.0	1.8122034072875977	0.0	0.0	0.0	0.0	1.2949596643447876	0.0	0.0	0.0	0.0	0.0	2.706742763519287	0.0	0.0	0.0	0.07441064715385437	0.0	0.7543644905090332	0.0	0.0	0.0	1.1036256551742554	0.0	0.0	0.0	0.0	0.030839327722787857	0.0	0.7731426954269409	2.2499616146087646	1.4700323343276978	0.0	0.0	0.0	1.3476837873458862	0.0	0.0	0.0	0.0	0.0	0.0	0.0	0.0	0.0	0.0	0.0	0.0	0.0	0.13340649008750916	0.0	0.11981990933418274	0.0	1.2625855207443237	0.0	0.0	2.3360543251037598	0.0	0.0	0.0	0.0	0.0	0.0	2.2790911197662354	0.0	1.7731717824935913	0.8663920164108276	0.0	0.0	0.0	0.0	0.0	0.0	0.6713551878929138	0.0	1.8746742010116577	2.594337224960327	0.0	0.0	0.0	0.6360021829605103	0.0	1.1302788257598877	0.06944742053747177	0.0	0.0	0.38113170862197876	1.2848031520843506	0.7825198173522949	0.0	0.0	0.0	0.0	0.8038021326065063	0.0	0.0	0.0	0.7666909098625183	2.7281529903411865	0.0	0.0	1.482768177986145	0.0	0.0	0.0	0.0	0.5546184778213501	0.0	2.8028252124786377	0.0	0.0
0.0	0.0	0.0	0.0	0.08101505041122437	0.0	0.26098763942718506	0.0	1.3492766618728638	0.0	0.8321437239646912	0.0	0.9624374508857727	0.0	0.0	2.4294731616973877	0.0	0.16319969296455383	0.6289800405502319	0.0	0.0	2.1178784370422363	0.0	0.0	0.0	0.0	0.0896400734782219	0.5471833348274231	0.0	0.44434285163879395	0.0	0.7165653109550476	0.0	0.0	0.0	0.35243722796440125	1.9216324090957642	0.0	1.2579976320266724	0.6610196232795715	0.0	0.0	0.0	0.0	0.0	0.0	0.8434724807739258	0.0	0.0	0.0	0.0	0.0	0.0	0.8527030944824219	1.7421592473983765	0.0	0.0	0.0	1.2929335832595825	0.7587217688560486	0.0	0.0	0.0	0.02044014073908329	0.0	0.0	0.0	0.0	0.0	1.8918018341064453	0.0	0.0	0.0	0.09737370908260345	0.0	0.0	0.19795334339141846	0.0	0.0	0.0	0.0	0.0	1.4219549894332886	1.141890048980713	1.3114246129989624	0.0	1.3516862392425537	0.0	0.15979313850402832	0.0	0.0	0.7880862951278687	0.0	1.6059563159942627	0.0	0.3964056968688965	1.4165300130844116	0.0	0.0	0.0	0.0	0.9953888058662415	0.0	2.092352867126465	0.0	0.0	0.33999159932136536	0.0	0.0	0.7295970916748047	0.0	0.0	0.0	0.0	0.0	0.0	0.0	0.0	0.4668235182762146	0.0	0.0	0.0	0.0	1.1827548742294312	0.7902171015739441	0.07635540515184402	0.0	0.0	0.0	0.0	0.0	0.0	0.0	0.0	0.0	0.2934102714061737	0.5426242351531982	0.0	0.0	1.6593005657196045	0.0	0.0	0.0	0.0	0.0	0.0	0.056712277233600616	0.0	0.0	0.0	0.0	0.38859400153160095	0.0	0.0	1.7309010028839111	0.0	0.0	1.097859263420105	0.0	0.0	0.31203216314315796	0.7868747711181641	0.0	0.0	0.9589383006095886	0.0	0.7993009686470032	0.025753159075975418	0.0	0.0	0.0	0.0	0.7199901342391968	0.0	0.0	1.7533973455429077	0.5771608352661133	0.0	0.0	0.0	0.0	0.6489229798316956	0.0	0.0	0.0	0.0	0.0	0.0	0.0	0.0	0.0	0.0	0.0	0.0	0.09659527987241745	0.0	2.0038492679595947	0.0	0.965802788734436	0.0	0.0	0.42591845989227295	0.0	0.0	0.0	0.0	0.0	0.0	1.0693053007125854	0.0	0.0	0.0	0.0	0.0	0.0	0.0	0.0	0.0	2.0204148292541504	0.12700386345386505	1.510567545890808	0.9519198536872864	0.0	0.0	0.0	1.8945547342300415	0.0	1.650438666343689	0.563914954662323	0.0	0.0	0.0	0.4182630777359009	1.3267548084259033	0.0	0.0	0.0	0.0	0.0	0.0	0.0	0.0	1.2640520334243774	0.5323143005371094	1.217593789100647	0.0	0.04941420629620552	0.0	1.4969472885131836	0.0	0.0	0.3800699710845947	0.0	1.6466211080551147	0.0	0.0
0.0	0.0	0.0	0.0	2.355210542678833	0.0	0.0	0.0	2.3255739212036133	0.0	2.1343588829040527	0.0	0.0	0.8733181357383728	0.0	4.011651515960693	0.0	0.0	0.0	0.07086487859487534	0.0	0.4006316661834717	0.0	0.042871784418821335	0.0	0.0	0.0	0.617220938205719	0.0	0.7851107120513916	0.0	1.0013209581375122	0.0	0.0	0.0	0.17086975276470184	0.44604742527008057	0.0	0.515320897102356	0.0	0.0	0.0	0.0	0.059971265494823456	0.0	0.0	0.18901237845420837	0.0	0.0	1.0611096620559692	0.0	0.0	0.0	0.0	0.0	0.0	0.0	0.0702534019947052	0.0	0.0	0.0	0.0	0.0	0.0	0.0	0.0	0.0	0.0	0.0	0.0	1.9131847620010376	0.0	0.0	1.4595049619674683	0.0	0.0	0.2892979085445404	0.5534399151802063	0.0	0.0	0.0	0.0	1.8446975946426392	0.02349766343832016	1.1798584461212158	0.0	0.4427073299884796	0.0	1.1368778944015503	0.0	0.0	0.0	0.0	0.5836735367774963	0.0	0.19030705094337463	0.0	0.0	0.0	0.0	0.0	1.710178017616272	0.0	0.0	0.0	0.0	0.24799485504627228	1.3951996564865112	0.0	0.7719799876213074	0.0	0.0	0.0	0.0	0.0	0.0	1.6255440711975098	0.0	1.009907603263855	0.0	0.5401163697242737	1.8405256271362305	0.0	0.7165097594261169	0.0	2.8373758792877197	0.0	0.0	0.0	2.1861536502838135	0.0	0.0	0.8794788122177124	0.0	0.0	3.1394569873809814	1.588863730430603	0.0	0.0	0.0	0.0	0.0	0.0	0.0	0.0	0.0	1.5679407119750977	0.0	0.0	0.0	0.0	3.045226812362671	0.0	0.0	0.0	0.0	0.0	3.062715768814087	0.0	0.0	0.0	1.4571715593338013	0.0	1.8616856336593628	0.5969439744949341	0.0	0.0	1.5816739797592163	0.0	0.0	0.0	0.0	0.0	0.0	0.0	2.9913418292999268	2.635885238647461	0.0	0.0	0.0	2.3861095905303955	0.0	0.0	0.0	0.0	0.0	0.0	0.0	0.0	0.0	0.0	0.0	0.0	0.0	0.5362668037414551	0.0	0.7126298546791077	0.0	2.500884771347046	0.0	0.0	1.6091474294662476	0.0	0.0	0.0	0.0	0.0	0.0	3.9844400882720947	0.0	3.1330151557922363	2.193439483642578	0.0	0.0	0.0	0.0	0.0	0.0	0.600728452205658	0.0	1.687082290649414	2.985281467437744	0.0	0.0	0.0	0.06774197518825531	1.1297361850738525	2.0240464210510254	0.0	0.0	0.0	2.7590136528015137	3.514270305633545	0.989464521408081	0.0	0.0	0.0	0.0	1.8727034330368042	0.0	0.0	0.0	0.0	1.9976146221160889	0.0	0.0	4.018662452697754	0.0	0.6350488066673279	0.0	0.0	2.496666669845581	0.0	3.2456672191619873	0.0	0.0
0.0	0.0	0.0	0.0	0.33120518922805786	0.0	0.5088022351264954	0.0	0.8726893663406372	0.7702236771583557	0.0	0.0	0.3899794816970825	0.8821624517440796	0.0	1.4770081043243408	0.0	0.3771340847015381	0.3931368887424469	0.42556723952293396	1.0280572175979614	0.3099600374698639	0.0	0.8003544211387634	0.0	0.0	0.398580402135849	0.7519832849502563	0.0	0.4917587637901306	0.2138051688671112	1.2225450277328491	0.0	0.9979952573776245	0.0	1.3144723176956177	0.4527176320552826	0.0	0.9981169700622559	0.7959297299385071	0.0	0.0	0.0	0.0	0.0	0.0	0.0	0.0	0.0	0.2025112360715866	0.0	0.0	0.0	0.0	0.40002700686454773	0.0	0.0	0.24117931723594666	1.0088075399398804	0.21386609971523285	0.0	0.0	0.0	0.957955539226532	0.0	0.0	0.0	0.0	0.0	0.9193827509880066	0.6994682550430298	0.0	0.0	0.0	0.0	0.0	0.8558660745620728	0.0	0.0	1.178841471672058	0.0	0.0	0.19980914890766144	0.07131866365671158	1.538421630859375	0.0	1.1668999195098877	0.0	0.8312414884567261	0.0	0.0	1.5431886911392212	0.0	0.7811352610588074	0.0	0.0	1.3248965740203857	1.2514334917068481	0.0	0.4390154480934143	0.0	0.0	0.0	0.301652193069458	0.0	0.0	0.7445343732833862	0.0	0.0	0.20358629524707794	0.0	0.0	0.0	0.0	0.0	0.0	0.9375945329666138	0.0	0.6438989043235779	0.0	0.934897243976593	0.5268763303756714	0.0	0.310678631067276	0.0	0.9067803621292114	0.0	0.0	0.0	0.0	0.18341436982154846	0.0	0.0	0.0	0.0	0.045380208641290665	0.6125256419181824	0.0	0.0	0.5920900106430054	0.0	0.0	0.0	0.36639970541000366	1.178613305091858	0.0	0.8545295596122742	0.0	0.0	0.0	0.0	0.1935977339744568	0.0	0.0	0.9280745387077332	0.0	0.0	0.8484053611755371	0.0	0.0	0.12695489823818207	0.3068695068359375	0.0	1.1168328523635864	0.9606241583824158	0.0	0.473092257976532	1.0596064329147339	0.0	0.0	0.0	0.0	0.4774850308895111	0.0	1.3491085767745972	0.09813064336776733	0.0	0.0	0.0	0.2338097095489502	1.0312166213989258	0.9426389336585999	0.0	0.0	0.5046148896217346	0.0	0.0	0.0	0.0	0.0	0.0	0.0	0.0	0.0	0.7306420207023621	0.0	0.7655035257339478	0.0	0.6333361268043518	0.7059445977210999	0.0	0.3185361921787262	0.0	0.0	0.0	0.0	0.0	0.0	1.9671437740325928	0.0	1.085031270980835	0.474232941865921	0.8957919478416443	0.0	0.0	0.0	0.0	0.0	1.1418941020965576	0.8742921948432922	0.6119301319122314	0.873389720916748	0.0	0.0	0.0	0.5598891973495483	0.7114430665969849	0.6677647829055786	1.0354350805282593	0.0	0.0	0.0	0.5487225651741028	1.2536247968673706	0.0	0.0	0.0	0.0	0.0773671418428421	0.0	0.0	0.0	0.7028826475143433	0.0	0.6280942559242249	0.0	1.2872793674468994	0.0	1.2865263223648071	0.3831889033317566	0.0	1.7881335020065308	0.0	0.2258087694644928	0.0	0.0
0.0	0.0	0.0	0.3341809809207916	0.8930420875549316	0.0	0.0	0.0	1.8018630743026733	0.00974386464804411	1.5031189918518066	0.0	0.35495495796203613	0.6104954481124878	0.0	2.657916784286499	0.0	0.0	0.6637974977493286	0.6448981761932373	0.0	1.0092363357543945	0.0	0.0	0.0	0.0	0.5142980813980103	1.2469794750213623	0.22820472717285156	0.7568856477737427	0.0	1.2310703992843628	0.0	0.0	0.0	0.7910219430923462	1.581452488899231	0.0	0.561005175113678	0.8755267262458801	0.0	0.0	0.0	0.0	0.0	0.0	0.0	0.0	0.0	0.22304746508598328	0.0	0.0	0.0	0.0	0.48079240322113037	0.0	0.0	0.0	0.7629929780960083	0.08637189120054245	0.0	0.0	0.0	0.30957990884780884	0.0	0.0	0.0	0.0	0.0	1.1454108953475952	1.3197264671325684	0.0	0.0	0.35122522711753845	0.0	0.0	0.6865643262863159	0.0	0.0	0.5768040418624878	0.0	0.0	1.1122628450393677	0.91032874584198	1.4726731777191162	0.0	0.8763402104377747	0.0	0.8069833517074585	0.0	0.0	0.0	0.0	1.2746270895004272	0.0	0.0071496739983558655	0.9747294783592224	0.0	0.0	0.0	0.0	1.0984724760055542	0.0	0.777967631816864	0.0	0.0	0.501957893371582	0.0	0.0	0.8374510407447815	0.0	0.0	0.0	0.0	0.0	0.0	0.5655834078788757	0.0	0.7220433354377747	0.0	0.5332350134849548	0.9826989769935608	0.0	0.9259976148605347	0.21994265913963318	1.6792911291122437	0.0	0.0	0.0	0.29281678795814514	0.0	0.0	0.15361639857292175	0.0	0.0	1.5411946773529053	0.9884935617446899	0.0	0.0	0.0	0.0	0.0	0.0	0.0	0.0	0.0	0.6667421460151672	0.0	0.0	0.0	0.0	1.328619122505188	0.0	0.0	0.738184928894043	0.0	0.0	2.3501734733581543	0.0	0.0	0.0	1.058887004852295	0.0	1.78779935836792	0.5840339064598083	0.0	0.0	1.2076270580291748	0.0	0.0	0.0	0.0	0.3942700922489166	0.0	1.3586063385009766	1.7529100179672241	0.9535521268844604	0.0	0.0	0.0	2.0992026329040527	0.469446063041687	0.0	0.0	0.0	0.0	0.0	0.0	0.0	0.0	0.0	0.0	0.0	0.0	0.6403948664665222	0.0	1.3876720666885376	0.0	1.8422859907150269	0.0	0.0	0.5728263258934021	0.0	0.0	0.0	0.0	0.0	0.0	3.2723140716552734	0.0	1.5010478496551514	0.4486614167690277	0.0	0.0	0.0	0.0	0.0	0.0	1.9644062519073486	0.21039481461048126	1.1582306623458862	1.9483109712600708	0.0	0.0	0.0	0.9459226131439209	0.0	2.0444118976593018	0.37953051924705505	0.0	0.0	0.9538829922676086	1.0193589925765991	0.8590087294578552	0.0	0.0	0.0	0.0	0.48323723673820496	0.0	0.0	0.0	0.3411913216114044	1.0145574808120728	0.6066451668739319	0.0	2.5821869373321533	0.0	1.1955829858779907	0.0	0.0	1.0608617067337036	0.0	2.2686941623687744	0.0	0.0
0.0	0.0	0.0	0.0	1.0766828060150146	0.0	0.0	0.0	1.1267037391662598	0.8005462884902954	0.36318331956863403	0.0	0.8147989511489868	0.42824622988700867	0.0	2.1826012134552	0.0	0.31453195214271545	0.14011536538600922	1.1516309976577759	0.0	1.210636019706726	0.0	0.0014834700850769877	0.0	0.0	0.6026400327682495	1.1514689922332764	0.0	0.6354376077651978	0.0	0.8486773371696472	0.0	0.35676008462905884	0.0	0.8344358801841736	1.9294394254684448	0.0	0.9472576379776001	0.5583027601242065	0.0	0.0	0.0	0.0	0.0	0.0	0.0	0.0	0.0	0.18596328794956207	0.0	0.0	0.0	0.0	2.0103304386138916	0.0	0.0	0.0	1.240994930267334	0.032859742641448975	0.0	0.0	0.0	0.3802250623703003	0.0	0.0	0.0	0.0	0.0	1.472499132156372	1.7053337097167969	0.0	0.0	0.1746186763048172	0.0	0.0	1.0967397689819336	0.2935695946216583	0.0	0.4571988880634308	0.0	0.0	0.8651024699211121	0.5211244225502014	1.9765516519546509	0.0	1.5960360765457153	0.0	0.0	0.0	0.0	0.49527984857559204	0.0	2.1005947589874268	0.0	0.6583105325698853	1.1192127466201782	0.18767820298671722	0.0	0.0	0.0	0.7341539859771729	0.0	0.32551923394203186	0.0	0.0	0.0	0.0	0.0	0.0	0.0	0.0	0.0	0.0	0.0	0.0	0.5158255696296692	0.0	0.1978488713502884	0.0	0.0	0.9925869107246399	0.0	0.962007999420166	0.0	1.2428826093673706	0.0	0.0	0.0	0.0	0.0	0.0	0.0	0.0	0.0	0.42594972252845764	0.770034909248352	0.0	0.0	1.2588841915130615	0.0	0.0	0.0	0.0	0.0	0.0	0.0	0.0	0.0	0.0	0.0	0.26554614305496216	0.0	0.0	1.5093978643417358	0.0	0.0	1.4049458503723145	0.0	0.0	0.3647354543209076	1.6702202558517456	0.0	1.3068196773529053	1.452358603477478	0.0	0.19415917992591858	0.7179626822471619	0.0	0.0	0.0	0.0	0.0	0.0	0.5764861702919006	1.3672934770584106	0.7802150845527649	0.0	0.0	0.0	0.8127842545509338	0.7352813482284546	0.0	0.0	0.26632487773895264	0.0	0.0	0.0	0.0	0.0	0.0	0.0	0.0	0.0	0.7796962261199951	0.0	1.9257769584655762	0.0	0.7803659439086914	0.7185333967208862	0.0	0.19617243111133575	0.0	0.0	0.0	0.0	0.0	0.0	2.424044609069824	0.0	1.0029966831207275	0.4829246699810028	0.3209783434867859	0.0	0.0	0.0	0.0	0.0	1.2332016229629517	0.665733814239502	0.9872286319732666	1.134000539779663	0.0	0.0	0.0	1.4889578819274902	0.3104025721549988	1.971805453300476	0.7050452828407288	0.0	0.0	0.22952283918857574	0.1692475974559784	0.7068716883659363	0.0	0.0	0.0	0.0	0.0	0.0	0.0	0.0	0.27875012159347534	0.7146602272987366	1.4410568475723267	0.0	1.6732648611068726	0.0	1.5258151292800903	0.0	0.0	2.3941900730133057	0.0	1.8267568349838257	0.0	0.0
0.0	0.0	0.0	0.6158972382545471	0.345984548330307	0.0	1.31828773021698	0.0	2.0808310508728027	1.5679078102111816	0.26681938767433167	0.0	1.7045892477035522	1.4732811450958252	0.0	3.6863133907318115	0.0	0.1731940358877182	0.955955982208252	0.767342209815979	0.0	1.9863637685775757	0.0	1.0569593906402588	0.0	0.0	1.9025033712387085	0.5743867754936218	1.407323956489563	1.874249815940857	0.8180752396583557	0.3134502172470093	0.0	0.0	0.0	0.6557849645614624	1.801612138748169	0.0	1.6840180158615112	1.7695437669754028	0.0	0.0	0.0	0.0	0.0	0.0	0.0	0.0	0.0	0.1057271808385849	0.0	0.0	0.0	0.0	2.1376283168792725	0.0	0.0	0.6015880703926086	1.4665179252624512	0.0	0.0	0.0	0.0	0.19526058435440063	0.0	0.0	0.0	0.0	0.0	1.707319736480713	1.7339569330215454	0.0	0.0	0.20201246440410614	0.0	0.0	1.1949574947357178	0.0	0.0	1.1386069059371948	0.0	0.0	2.1997766494750977	1.450788140296936	2.852963924407959	0.0	1.844004511833191	0.0	0.438458651304245	0.0	0.0	0.3116893470287323	0.0	1.468385100364685	0.0	0.8672797679901123	1.6687510013580322	0.1353539377450943	0.0	0.0	0.0	0.558928906917572	0.0	0.6463567018508911	0.0	0.0	1.103082299232483	0.0	0.0	0.0	0.0	0.0	0.0	0.0	0.0	0.0	0.7819706201553345	0.0	0.0	0.0	0.5580382943153381	1.1275856494903564	0.0	0.03283517807722092	0.0	1.4078558683395386	0.0	0.0	0.0	0.0	0.0	0.0	0.8740738034248352	0.0	0.0	1.3048906326293945	1.678253173828125	0.0	0.0	0.3120603561401367	0.0	0.0	0.0	0.0	0.0	0.0	1.3035414218902588	0.0	0.0	0.0	0.0	1.4307427406311035	0.0	0.0	0.7647773623466492	0.0	0.0	2.8605122566223145	0.0	0.0	0.7771724462509155	1.9817591905593872	0.0	0.915785551071167	0.6487721800804138	0.0	0.0	1.593611478805542	0.0	0.0	0.0	0.0	1.1222323179244995	0.0	1.3760417699813843	2.087947130203247	0.46929389238357544	0.0	0.0	0.0	2.509103536605835	1.1638747453689575	0.0	0.020122656598687172	0.7784788012504578	0.0	0.0	0.0	0.0	0.0	0.0	0.0	0.0	0.0	1.7418590784072876	0.0	2.9981210231781006	0.0	1.9398844242095947	0.0	0.0	0.0	0.0	0.0	0.0	0.0	0.0	0.0	2.9405553340911865	0.0	1.194455862045288	1.3146981000900269	0.0	0.0	0.28830721974372864	0.0	0.0	0.0	2.7932188510894775	1.0492169857025146	1.3519796133041382	1.857735276222229	0.0	0.0	0.0	1.8126405477523804	0.0	3.188239336013794	1.6045101881027222	0.0	0.0	0.0	1.4690370559692383	1.630289077758789	0.0	0.0	0.0	0.0	0.590414822101593	0.0	0.0	0.0	1.1666276454925537	1.2307209968566895	0.9631345868110657	0.0	2.169898748397827	0.0	1.1632750034332275	0.40628939867019653	0.0	1.5536049604415894	0.0	1.6886110305786133	0.0	0.0
0.0	0.0	0.0	0.7124311327934265	0.7292932868003845	0.0	0.23287427425384521	0.0	1.678483247756958	0.07685378938913345	1.4355639219284058	0.0	0.30424436926841736	0.5425588488578796	0.013532208278775215	3.011280059814453	0.0	0.8633818626403809	0.9584628939628601	0.42909833788871765	0.0	0.360156387090683	0.0	0.26091688871383667	0.0	0.0	0.5510412454605103	0.18211796879768372	0.44142118096351624	0.9573138952255249	0.9677190184593201	0.5081800222396851	0.0	0.0	0.0	0.7986512184143066	0.6737626791000366	0.0	0.5910685658454895	0.5390698313713074	0.0	0.0	0.0	0.0	0.0	0.0	0.8579426407814026	0.0	0.0	0.43324416875839233	0.0	0.0	0.0	0.7131187319755554	0.38482099771499634	0.0	0.0	0.0	0.5965110659599304	0.5390932559967041	0.0	0.0	0.0	0.10086984932422638	0.0	0.0	0.0	0.0	0.0	0.7099035382270813	1.1421089172363281	0.0	0.0	0.29672300815582275	0.0	0.0	0.4658755660057068	0.0	0.0	0.11135091632604599	0.0	0.0	1.7459540367126465	0.0114445760846138	1.3361897468566895	0.0	0.4285537302494049	0.0	1.382127046585083	0.0	0.0	0.35251280665397644	0.0	0.03380456939339638	0.0	0.0	0.6073884963989258	0.30703526735305786	0.0	0.0	0.0	1.3975600004196167	0.0	0.24666553735733032	0.0	0.0	0.5986583232879639	0.0	0.0	0.9536129832267761	0.0	0.0	0.0	0.0	1.2798978090286255	0.0	0.32677480578422546	0.0	0.46874096989631653	0.0	0.09755959361791611	0.6472657918930054	0.0	0.0	0.9242848753929138	1.497109293937683	0.0	0.0	0.0	1.4448214769363403	0.0	0.0	1.0938911437988281	0.0	0.0	0.451585054397583	0.9973160624504089	0.0	0.0	0.0	0.0	0.0	0.0	0.0	0.0	0.0	0.9233458638191223	0.0	0.0	1.5130815505981445	0.0	0.7316501140594482	0.0	0.0	0.0	0.0	0.0	2.1228034496307373	0.0	0.0	0.08213210850954056	0.4257996082305908	0.0	0.7607080340385437	0.04213344305753708	0.0	0.0	0.9756684899330139	0.0	0.0	0.0	0.0	1.1960214376449585	0.0	0.5852327346801758	1.447785496711731	0.7912876605987549	0.0	0.0	0.0	1.176147222518921	0.6453403234481812	0.0	0.22177672386169434	0.6226152181625366	0.0	0.0	0.0	0.0	0.0	0.0	0.0	0.0	0.0	0.3880835473537445	0.0	0.983507513999939	0.0	1.6291406154632568	0.0	0.0	1.8655316829681396	0.0	0.0	0.0	0.0	0.0	0.0	2.080890655517578	0.0	1.4329185485839844	0.8206257224082947	0.04161454364657402	0.0	0.8291738033294678	0.0	0.0	0.0	1.2580888271331787	0.43763136863708496	1.154616117477417	1.7114559412002563	0.0	0.0	0.0	0.6882495284080505	0.05886520445346832	1.2842626571655273	1.0473480224609375	0.0	0.0	0.5440996885299683	0.960469663143158	1.024558186531067	0.0	0.0	0.0	0.0	0.8745676875114441	0.0	0.0	0.0	1.1233881711959839	1.9019272327423096	0.16415894031524658	0.0	1.9498687982559204	0.0	0.4612419903278351	0.0	0.0	1.238704800605774	0.0	1.885054111480713	0.0	0.0
0.0	0.0	0.0	0.0	1.5300441980361938	0.0	0.070390984416008	0.0	2.170710325241089	0.0	2.3233602046966553	0.0	0.0	0.5322157740592957	0.0	3.4906253814697266	0.21026884019374847	0.0	0.0	0.0	0.0	1.1141821146011353	0.0	0.0	0.0	0.0	0.0	0.1990799605846405	0.0	0.5339524149894714	0.21872685849666595	1.0486847162246704	0.0	0.0	0.0	0.0	0.48944392800331116	0.0	0.2658286392688751	0.0	0.0	0.0	0.0	0.041521310806274414	0.0	0.0	1.323629379272461	0.0	0.0	0.6333221197128296	0.0	0.0	0.0	0.0	0.0	0.0	0.0	0.0	0.0	1.1250033378601074	0.0	0.0	0.0	0.0	0.0	0.0	0.0	0.0	0.0	0.359270304441452	1.5095736980438232	0.0	0.0	0.928141713142395	0.0	0.0	0.11086180806159973	0.0	0.0	0.0	0.0	0.0	2.202948570251465	0.9365009665489197	1.0937331914901733	0.0	0.7027482986450195	0.0	1.923866629600525	0.0	0.0	0.0	0.0	0.2193164974451065	0.0	0.0	0.029609091579914093	0.0	0.0	0.0	0.0	2.9512836933135986	0.0	0.0	0.0	0.0	0.7711830735206604	0.07443700730800629	0.0	1.561518907546997	0.0	0.0	0.0	0.0	0.36952540278434753	0.0	0.0	0.0	0.65910404920578	0.0	0.0	0.5328212976455688	0.0	0.47034507989883423	0.607403576374054	1.6143252849578857	0.0	0.0	0.0	2.3292267322540283	0.0	0.0	0.0	0.0	0.0	1.1345897912979126	1.1689850091934204	0.0	0.0	0.0	0.0	0.0	0.0	0.0	0.0	0.0	1.2386195659637451	0.0	0.0	2.5312681198120117	0.0	1.742660403251648	0.0	0.0	0.2051757276058197	0.0	0.0	2.8129374980926514	0.0	0.0	0.0	0.9602895975112915	0.0	1.153427243232727	0.0901736170053482	0.0	0.0	1.193773865699768	0.0	0.0	0.0	0.0	0.7175052165985107	0.0	0.0	3.478844165802002	3.1258435249328613	0.0	0.0	0.0	1.2785552740097046	0.0	0.0	0.0	0.0	0.0	0.0	0.0	0.0	0.0	0.0	0.0	0.0	0.0	0.0	0.0	0.8397599458694458	0.0	2.0794732570648193	0.0	0.0	2.6067564487457275	0.0	0.0	0.0	0.0	0.0	0.0	3.2206358909606934	0.0	1.767773151397705	1.3220707178115845	0.0	0.0	0.7304822206497192	0.0	0.0	0.0	0.8733155727386475	0.0	2.1638638973236084	2.357785940170288	0.0	0.0	0.0	0.2693724036216736	0.13487032055854797	2.309603452682495	0.0	0.0	0.0	1.2111411094665527	2.1609995365142822	1.069533348083496	0.0	0.0	0.0	0.0	1.3820468187332153	0.0	0.0	0.0	0.3669954836368561	2.87343168258667	0.04051290079951286	0.0	2.500122547149658	0.0	0.4951542317867279	0.0	0.0	0.6817981600761414	0.0	3.801462411880493	0.0	0.0
0.0	0.0	0.0	0.0	0.4415051341056824	0.0	0.7130749821662903	0.0	1.703301191329956	0.3695714771747589	1.3542157411575317	0.0	0.6621269583702087	0.09148562699556351	0.0	2.4831383228302	0.11670447885990143	0.6297293901443481	0.6050446033477783	0.8678680658340454	0.0	1.787156343460083	0.0	0.0	0.0	0.0	0.3109280467033386	0.0	0.7678222060203552	0.608034074306488	0.20773348212242126	1.4150530099868774	0.0	0.13140247762203217	0.0	0.0	1.9331450462341309	0.0	1.2426751852035522	0.8594361543655396	0.0	0.0	0.0	0.0	0.0	0.0	1.6712100505828857	0.0	0.0	0.0	0.0	0.0	0.0	0.5212305784225464	1.9242589473724365	0.0	0.0	0.0	0.4960200786590576	1.47308349609375	0.0	0.0	0.0	0.0	0.0	0.0	0.0	0.0	0.0	2.209940195083618	0.479042112827301	0.0	0.0	0.1431039422750473	0.0	0.0	0.3292325437068939	0.0	0.0	0.0	0.0	0.0	2.0969884395599365	1.2469748258590698	1.7474194765090942	0.0	1.9345439672470093	0.0	0.2609630227088928	0.0	0.0	0.7471603751182556	0.0	1.9022103548049927	0.0	0.3487396240234375	1.4426342248916626	0.0	0.0	0.0	0.0	1.8217273950576782	0.0	1.44162917137146	0.0	0.0	0.7381119728088379	0.0	0.0	0.8221957683563232	0.0	0.0	0.0	0.0	0.0	0.0	0.0	0.0	0.5379133820533752	0.0	0.0	0.7139734029769897	0.0	1.0375150442123413	1.338996171951294	0.5602152943611145	0.0	0.0	0.0	0.1909331977367401	0.0	0.0	0.0	0.0	0.0	0.0	0.5683733820915222	0.0	0.0	0.49158406257629395	0.0	0.0	0.0	0.0	0.0	0.0	0.5989709496498108	0.0	0.0	1.144413948059082	0.0	0.5900465250015259	0.0	0.0	1.2191643714904785	0.0	0.0	1.5609720945358276	0.0	0.0	0.06054602190852165	0.9192096590995789	0.0	0.23111754655838013	0.050941102206707	0.0	0.155500128865242	0.0	0.0	0.0	0.0	0.0	0.7143551707267761	0.0	0.0	2.0761945247650146	1.4697943925857544	0.0	0.0	0.0	0.4759341776371002	0.8547515273094177	0.0	0.0	0.4427728056907654	0.0	0.0	0.0	0.0	0.0	0.0	0.0	0.0	0.0	0.5269967913627625	0.0	1.7724164724349976	0.0	0.5019123554229736	0.0	0.0	1.7126867771148682	0.0	0.0	0.0	0.0	0.0	0.0	1.8242661952972412	0.0	0.0	0.08740893751382828	0.0	0.0	0.0	0.0	0.0	0.0	1.9352866411209106	0.0	1.5658135414123535	1.6673433780670166	0.0	0.0	0.0	1.6287726163864136	0.0	1.6282631158828735	0.7179906964302063	0.0	0.0	0.0	0.11282916367053986	1.844688892364502	0.0	0.0	0.0	0.0	0.0	0.0	0.0	0.0	1.1865170001983643	1.4361014366149902	1.1377907991409302	0.0	1.4499300718307495	0.0	0.37696918845176697	0.0	0.0	0.5561397075653076	0.0	2.1562912464141846	0.0	0.0
0.0	0.0	0.0	0.4961434304714203	0.0	0.0	1.3264731168746948	0.0	0.8423425555229187	1.1993355751037598	0.0	0.0	1.408352255821228	1.4592715501785278	0.0	1.6060236692428589	0.0	0.905864417552948	1.1713733673095703	0.5503453612327576	0.9274789094924927	0.7220873236656189	0.0	1.043434977531433	0.0	0.0	1.050586462020874	0.7770103216171265	0.726775586605072	1.0257443189620972	1.1180784702301025	0.08248230069875717	0.0	0.6928115487098694	0.0	1.270111083984375	1.1061934232711792	0.0	1.2772343158721924	1.3683671951293945	0.0	0.0	0.0	0.0	0.0	0.0	0.0	0.0	0.0	0.0	0.0	0.0	0.0	0.36707744002342224	1.2155697345733643	0.0	0.0	0.5503601431846619	1.5230624675750732	0.07963859289884567	0.0	0.0	0.0	0.6621233820915222	0.0	0.0	0.0	0.0	0.0	1.3664382696151733	1.1728557348251343	0.0	0.0	0.0	0.0	0.0	1.0117076635360718	0.4032316505908966	0.0	1.0354554653167725	0.0	0.0	0.8405647873878479	0.7318167090415955	1.9353216886520386	0.0	1.831318736076355	0.0	0.09342893213033676	0.0	0.0	1.69253671169281	0.0	0.8882498145103455	0.0	0.665814995765686	1.6862906217575073	0.9489911794662476	0.0	0.34746113419532776	0.0	0.0	0.0	0.5758263468742371	0.0	0.0	1.1094481945037842	0.0	0.0	0.0	0.0	0.0	0.0	0.0	0.0	0.0	0.8088206052780151	0.0	0.0	0.0	0.9546077847480774	1.0713008642196655	0.0	0.0	0.0	0.9211915731430054	0.13907115161418915	0.0	0.0	0.0	0.15290220081806183	0.0	0.20517827570438385	0.0	0.0	0.0	0.463011234998703	0.0	0.0	0.8110988736152649	0.0	0.0	0.0	1.3167144060134888	1.31392240524292	0.0	1.068276286125183	0.0	0.0	0.0	0.0	0.0	0.0	0.0	1.3408805131912231	0.0	0.0	1.1099032163619995	0.0	0.0	0.5093162059783936	0.8552981019020081	0.4929276704788208	0.7183640599250793	0.8252576589584351	0.0	0.0	0.8877756595611572	0.0	0.0	0.0	0.0	0.9263800382614136	0.0	1.85582435131073	0.0	0.0	0.0	0.0	0.36846208572387695	0.8857622742652893	1.436805248260498	0.0	0.0	0.9332639575004578	0.0	0.0	0.0	0.0	0.0	0.0	0.0	0.0	0.0	1.0890510082244873	0.0	1.557965874671936	0.0	0.4406748414039612	0.8297691345214844	0.0	0.0	0.0	0.0	0.0	0.0	0.0	0.0	1.4659756422042847	0.0	0.11979740858078003	0.33996179699897766	0.649012565612793	0.0	0.2893313467502594	0.0	0.0	0.0	1.6158910989761353	1.562988519668579	0.38605740666389465	0.7226629853248596	0.0	0.0	0.0	1.438422679901123	0.5206943154335022	1.3458439111709595	1.4967570304870605	0.0	0.0	0.0	0.32402363419532776	1.803699016571045	0.0	0.0	0.0	0.0	0.0716831386089325	0.0	0.0	0.0	1.310610055923462	0.0	1.226129174232483	0.0	0.43489858508110046	0.0	0.9145613312721252	0.8967639207839966	0.0	2.3552675247192383	0.0	0.0	0.0	0.0
0.0	0.0	0.0	0.6749276518821716	0.0	0.0	1.6736434698104858	0.0	1.8800973892211914	0.4134730100631714	0.0	0.0	1.609355092048645	0.46549952030181885	0.0	3.3505849838256836	0.0	1.4135708808898926	0.4391907751560211	0.5704888105392456	0.06077868863940239	2.286405324935913	0.0	0.0	0.0	0.0	0.8771724700927734	0.0	1.5121428966522217	1.465600609779358	0.900046169757843	0.8886274099349976	0.0	0.8592352271080017	0.0	0.7393656373023987	2.632068634033203	0.0	2.0859014987945557	1.4118576049804688	0.0	0.0	0.0	0.0	0.0	0.0	0.0	0.0	0.0	0.0	0.0	0.0	0.0	2.015341281890869	2.8323168754577637	0.0	0.0	0.0	1.968058705329895	0.9139026403427124	0.0	0.0	0.0	0.0	0.0	0.0	0.0	0.0	0.0	2.9131200313568115	0.31115707755088806	0.0	0.0	0.0	0.0	0.0	0.5228736996650696	0.0	0.0	0.0	0.0	0.0	1.1107896566390991	1.4693835973739624	2.6468191146850586	0.0	3.0271894931793213	0.0	0.0	0.0	0.0	1.161102294921875	0.0	1.706742525100708	0.0	0.08291619271039963	2.6336352825164795	0.10696645826101303	0.0	0.0	0.0	0.1905754804611206	0.0	2.7287492752075195	0.0	0.0	0.6808052062988281	0.0	0.0	0.0	0.0	0.0	0.0	0.0	0.0	0.0	0.0	0.0	0.9481378793716431	0.0	0.1868288218975067	0.5487730503082275	0.0	0.0	0.0	0.8214429020881653	0.0	0.0	0.0	0.0	0.0	0.0	0.0	0.0	0.0	0.0	0.1247219517827034	0.0	0.0	3.202714681625366	0.0	0.0	0.0	0.0	0.0	0.0	1.1845980882644653	0.0	0.0	0.0	0.0	0.0	0.0	0.0	1.7374484539031982	0.0	0.0	1.1433664560317993	0.0	0.0	0.0	0.0	0.0	0.0	0.5035006403923035	0.0	0.0	0.8153252601623535	0.0	0.0	0.0	0.0	0.9263128042221069	0.0	1.439028263092041	1.7783582210540771	0.0	0.0	0.0	0.0	0.6555690765380859	1.553623914718628	0.0	0.0	0.9323397278785706	0.0	0.0	0.0	0.0	0.0	0.0	0.0	0.0	0.0	0.2469603419303894	0.0	2.7067699432373047	0.0	0.9621667861938477	0.0	0.0	0.0	0.0	0.0	0.0	0.0	0.0	0.0	2.5059404373168945	0.0	0.0	0.0	0.0	0.0	0.0	0.0	0.0	0.0	2.984252452850342	0.35617294907569885	0.8219143748283386	1.3803790807724	0.0	0.0	0.0	2.1432149410247803	0.0	2.4105114936828613	1.9696165323257446	0.0	0.0	0.0	0.0	1.337903380393982	0.0	0.0	0.0	0.0	0.0	0.0	0.0	0.0	1.7817656993865967	0.248844712972641	0.8404535055160522	0.0	0.5455024242401123	0.0	0.5778728127479553	0.15169657766819	0.0	0.2730540633201599	0.0	1.6641063690185547	0.0	0.0
0.0	0.0	0.0	0.3848942518234253	1.0128237009048462	0.0	1.3912888765335083	0.0	1.1287347078323364	0.6135358214378357	0.0	0.0	1.6423523426055908	1.423683762550354	0.0	1.9942307472229004	0.0	0.41974958777427673	1.5522825717926025	1.1442433595657349	0.6691924929618835	3.2958433628082275	0.0	0.5153202414512634	0.0	0.0	2.2328591346740723	0.5412107110023499	0.969732940196991	1.797393560409546	0.8127648830413818	1.01516592502594	0.0	0.46327948570251465	0.0	1.525041937828064	2.659480571746826	0.0	2.564601421356201	2.004564046859741	0.0	0.0	0.0	0.0	0.0	0.0	0.0	0.0	0.0	0.0	0.0	0.0	0.0	0.9801360964775085	2.914944648742676	0.0	0.0	0.0	2.5203983783721924	0.5911957025527954	0.0	0.0	0.0	0.33994612097740173	0.0	0.0	0.0	0.0	0.0	3.523118019104004	0.5583747625350952	0.0	0.0	0.0	0.0	0.0	1.2486189603805542	0.0	0.0	1.3022640943527222	0.0	0.0	0.5010833144187927	1.1936758756637573	2.17891526222229	0.0	2.823436975479126	0.0	0.0	0.0	0.0	1.7238831520080566	0.0	2.404440402984619	0.0	0.5296318531036377	2.4891324043273926	0.3224863111972809	0.0	0.0	0.0	0.0	0.0	2.289677619934082	0.0	0.0	1.1476818323135376	0.0	0.0	0.0	0.0	0.0	0.0	0.0	0.0	0.0	0.0	0.0	0.0	0.0	0.46225014328956604	0.9962968826293945	0.0	0.6940717697143555	0.12360630929470062	0.3172321617603302	0.0	0.0	0.0	0.0	0.0	0.0	0.19541871547698975	0.0	0.0	0.4167824685573578	0.842291533946991	0.0	0.0	2.3846020698547363	0.0	0.0	0.0	0.0	0.0	0.0	0.39227235317230225	0.0	0.0	0.0	0.0	0.0	0.0	0.0	2.1657211780548096	0.0	0.0	1.1255511045455933	0.0	0.0	1.1074788570404053	1.259260892868042	0.0	1.1158145666122437	1.3259466886520386	0.0	0.4636814296245575	0.4787936210632324	0.0	0.0	0.0	0.0	1.1941169500350952	0.0	1.6466851234436035	0.0	0.0	0.0	0.0	0.0	0.8617935180664062	1.7663179636001587	0.0	0.0	1.3799601793289185	0.0	0.0	0.0	0.0	0.0	0.0	0.0	0.0	0.0	1.84169340133667	0.0	3.008742570877075	0.0	0.3345922827720642	0.13669784367084503	0.0	0.0	0.0	0.0	0.0	0.0	0.0	0.0	1.9193705320358276	0.0	0.0	0.0	0.0	0.0	0.0	0.0	0.0	0.0	3.2881486415863037	1.0569121837615967	0.06278455257415771	0.4970429837703705	0.0	0.0	0.0	2.140885829925537	0.0	1.7700669765472412	2.299240827560425	0.0	0.0	0.0	0.0	1.7194600105285645	0.0	0.0	0.0	0.0	0.0	0.0	0.0	0.0	1.200994849205017	0.0	1.73709237575531	0.0	0.9526146054267883	0.0	1.2168880701065063	1.0640994310379028	0.0	0.3761056363582611	0.0	0.0	0.0	0.0
0.0	0.0	0.0	0.016060087829828262	0.6847113370895386	0.0	0.12092205137014389	0.0	2.386942148208618	0.0	1.6105858087539673	0.0	0.21780523657798767	1.415612816810608	0.0	3.8593719005584717	0.0	1.05305016040802	0.0	0.5182686448097229	0.0	0.0	0.0	0.0	0.0	0.0	0.21800550818443298	0.0	0.7731374502182007	1.4769177436828613	0.9388869404792786	0.5494195818901062	0.0	0.0	0.0	0.0	0.6878482699394226	0.0	0.7959674000740051	0.7078472375869751	0.0	0.0	0.0	0.0	0.0	0.0	1.4333516359329224	0.0	0.0	0.0	0.0	0.0	0.0	0.1782127469778061	0.41272419691085815	0.0	0.0	0.0	0.0	0.466174453496933	0.0	0.0	0.0	0.0	0.0	0.0	0.0	0.0	0.0	0.561606764793396	0.5929050445556641	0.0	0.0	0.08223532885313034	0.0	0.0	0.3970130383968353	0.0	0.0	0.12337217479944229	0.0	0.0	2.499732494354248	0.0	0.40964475274086	0.0	0.5391888618469238	0.0	1.0132519006729126	0.0	0.0	0.0	0.0	0.2662048041820526	0.0	0.0	0.6907901167869568	0.0	0.0	0.0	0.0	1.1647504568099976	0.0	0.0	0.0	0.0	0.2288702130317688	0.0	0.0	0.6512345671653748	0.0	0.0	0.0	0.0	0.9032338857650757	0.0	0.894366443157196	0.0	1.7202364206314087	0.0	1.0497169494628906	1.9626853466033936	0.0	0.0	0.5607488751411438	1.5631252527236938	0.0	0.0	0.0	0.5456137657165527	0.0	0.0	0.3321927785873413	0.0	0.0	1.9257878065109253	1.1064788103103638	0.0	0.0	0.0	0.0	0.0	0.0	0.0	0.0	0.0	2.135650634765625	0.0	0.0	0.0	0.0	0.7807830572128296	0.0	0.0	0.0	0.0	0.0	2.220397710800171	0.0	0.0	0.0	0.0	0.0	0.5219847559928894	0.0	0.0	0.0	1.0483490228652954	0.0	0.0	0.0	0.0	0.7581942677497864	0.0	1.1893254518508911	2.6714468002319336	1.2937884330749512	0.0	0.0	0.0	2.157757520675659	0.7642016410827637	0.0	0.0	0.23099535703659058	0.0	0.0	0.0	0.0	0.0	0.0	0.0	0.0	0.0	0.7255364656448364	0.0	0.7946107983589172	0.0	2.500561237335205	0.0	0.0	1.819806456565857	0.0	0.0	0.0	0.0	0.0	0.0	2.9631950855255127	0.0	2.6032440662384033	1.0252548456192017	0.07933086901903152	0.0	0.46169722080230713	0.0	0.0	0.0	0.33493733406066895	0.0	1.0190356969833374	2.6554222106933594	0.0	0.0	0.0	0.0	0.0	2.192497968673706	0.11172550916671753	0.0	0.0	0.5247682332992554	1.266236662864685	1.0732700824737549	0.0	0.0	0.0	0.0	1.9160230159759521	0.0	0.0	0.0	0.7695106267929077	2.592468738555908	0.0	0.0	2.1303234100341797	0.0	0.0	0.0	0.0	0.0	0.0	2.996196985244751	0.0	0.0
0.0	0.0	0.0	0.3364545702934265	0.5234899520874023	0.0	0.5428175330162048	0.0	0.6157963871955872	0.7104659080505371	0.09088313579559326	0.0	0.4560577869415283	0.4903270900249481	0.0	1.1446634531021118	0.0	0.6700827479362488	0.7234773635864258	0.27170664072036743	0.33916333317756653	0.4575220048427582	0.0	0.5848568081855774	0.0	0.0	0.376269668340683	0.33416590094566345	0.4632858335971832	0.3374774754047394	0.6621128916740417	0.36781248450279236	0.0	0.39554154872894287	0.0	0.8427790999412537	0.5008586049079895	0.0	0.9657931327819824	0.6051448583602905	0.0	0.0	0.0	0.0	0.0	0.0	0.16620223224163055	0.0	0.0	0.08401600271463394	0.0	0.0	0.0	0.12250212579965591	0.8621836304664612	0.0	0.0	0.0	0.9822288751602173	0.34699833393096924	0.0	0.0	0.0	0.13497264683246613	0.0	0.0	0.0	0.0	0.0	0.7589905858039856	0.49777713418006897	0.0	0.0	0.0	0.0	0.0	0.5321558117866516	0.0	0.0	0.38305696845054626	0.0	0.0	0.394675076007843	0.23711997270584106	1.2897166013717651	0.0	1.076552391052246	0.0	0.04071252793073654	0.0	0.0	0.7312524914741516	0.0	0.9235812425613403	0.0	0.04599203169345856	0.9951032400131226	0.37792330980300903	0.0	0.5161334276199341	0.0	0.20081201195716858	0.0	0.4519765377044678	0.0	0.0	0.37352317571640015	0.0	0.0	0.0	0.0	0.0	0.0	0.0	0.0	0.0	0.3104720115661621	0.0	0.23137138783931732	0.0	0.0	0.3194369077682495	0.0	0.0	0.2303646206855774	0.3872280418872833	0.0	0.0	0.0	0.02993147075176239	0.0	0.0	0.360731840133667	0.0	0.0	0.03407666087150574	0.16786731779575348	0.0	0.0	0.0	0.0	0.0	0.0	0.3910338878631592	0.5370592474937439	0.0	0.39648130536079407	0.0	0.0	0.0	0.0	0.11667744070291519	0.0	0.0	0.613830029964447	0.0	0.0	0.9093508720397949	0.0	0.0	0.2745787501335144	0.6961237192153931	0.1519376039505005	0.5033811926841736	0.45694950222969055	0.0	0.12369956076145172	0.6541285514831543	0.0	0.0	0.0	0.0	0.5004555583000183	0.0	1.2191065549850464	0.3464149236679077	0.0	0.0	0.0	0.0012477845884859562	0.7207346558570862	0.8310199975967407	0.0	0.0	0.8068419694900513	0.0	0.0	0.0	0.0	0.0	0.0	0.0	0.0	0.0	0.5071647763252258	0.0	1.0999417304992676	0.0	0.48777157068252563	0.2622883915901184	0.0	0.0	0.0	0.0	0.0	0.0	0.0	0.0	1.5883721113204956	0.0	0.7615110874176025	0.40716585516929626	0.23142018914222717	0.0	0.3704993724822998	0.0	0.0	0.0	1.0791633129119873	0.4918022155761719	0.34953320026397705	0.839655876159668	0.0	0.0	0.0	0.4475518465042114	0.41787055134773254	1.047996997833252	0.8284390568733215	0.0	0.0	0.0	0.40043455362319946	0.5949907302856445	0.0	0.0	0.0	0.0	0.11175461858510971	0.0	0.0	0.0	0.5341328978538513	0.49240028858184814	0.7299733757972717	0.0	0.5123928785324097	0.0	0.46412694454193115	0.38091835379600525	0.0	1.1269333362579346	0.0	0.6010681390762329	0.0	0.0
0.0	0.0	0.0	0.07794178277254105	1.134332299232483	0.0	0.7134335041046143	0.0	1.4035084247589111	0.5855404138565063	0.49210333824157715	0.0	1.2204819917678833	1.2453254461288452	0.0	3.3132810592651367	0.0	0.9840204119682312	0.36553728580474854	0.6026257276535034	0.0	0.8848720788955688	0.0	0.0	0.0	0.0	0.8825079798698425	0.0	0.5821052193641663	2.228304624557495	0.7283593416213989	0.1881086528301239	0.0	0.0	0.0	0.3727242350578308	1.245638132095337	0.0	1.6081111431121826	1.3594706058502197	0.0	0.0	0.0	0.0	0.0	0.0	0.0	0.0	0.0	0.0	0.0	0.0	0.0	0.07595112919807434	1.3747639656066895	0.0	0.0	0.0	0.9631598591804504	0.5932424068450928	0.0	0.0	0.0	0.0	0.0	0.0	0.0	0.0	0.0	1.537316918373108	0.7116923332214355	0.0	0.0	0.1529960334300995	0.0	0.0	1.0162086486816406	0.0	0.0	0.4427531659603119	0.0	0.0	1.856683373451233	0.22110751271247864	1.1116187572479248	0.0	1.5747038125991821	0.0	0.017517050728201866	0.0	0.0	1.1375303268432617	0.0	2.0249180793762207	0.0	0.12431418895721436	1.4494949579238892	0.0	0.0	0.0	0.0	0.27763840556144714	0.0	0.8497666120529175	0.0	0.0	0.3574819266796112	0.0	0.0	0.0	0.0	0.0	0.0	0.0	0.6589350700378418	0.0	0.0	0.0	0.0	0.0	0.0	1.417547583580017	0.0	0.0	0.0	1.178217887878418	0.0	0.0	0.0	0.0	0.0	0.0	0.0	0.0	0.0	1.5574994087219238	1.1829768419265747	0.0	0.0	1.292898178100586	0.0	0.0	0.0	0.3596811890602112	0.0	0.0	0.5560082197189331	0.0	0.0	0.0	0.0	0.0	0.0	0.0	0.6637154221534729	0.0	0.0	1.680489420890808	0.0	0.0	0.0	0.4469798803329468	0.0	0.5143291354179382	1.0176594257354736	0.0	0.0	0.8004467487335205	0.0	0.0	0.0	0.0	0.6820074319839478	0.0	2.241722345352173	1.4756914377212524	0.14886419475078583	0.0	0.0	0.0	1.4138492345809937	1.0758947134017944	0.0	0.0	1.400224208831787	0.0	0.0	0.0	0.0	0.0	0.0	0.0	0.0	0.0	0.5636177659034729	0.0	1.376935601234436	0.0	1.2141988277435303	0.0	0.0	0.3809424340724945	0.0	0.0	0.0	0.0	0.0	0.0	2.6178550720214844	0.0	0.7798672914505005	0.3643482029438019	0.35986390709877014	0.0	0.25698330998420715	0.0	0.0	0.0	1.2778968811035156	0.0	0.09583095461130142	1.7180520296096802	0.0	0.0	0.0	1.3502634763717651	0.0	2.089134931564331	1.2432094812393188	0.0	0.0	0.0	0.5016236901283264	0.9839564561843872	0.0	0.0	0.0	0.0	1.0347405672073364	0.0	0.0	0.0	0.8744031190872192	1.0470399856567383	0.17968948185443878	0.0	1.401236653327942	0.0	0.5108413100242615	1.0076043605804443	0.0	0.07704222947359085	0.0	0.9046602845191956	0.0	0.0
0.0	0.0	0.0	0.0	0.0	0.0	0.49998342990875244	0.0	1.5061419010162354	0.5627698302268982	0.4482205808162689	0.0	0.9021492600440979	0.0	0.0	3.5252397060394287	0.18914663791656494	0.2564152479171753	0.6037120819091797	0.0726606547832489	0.0	1.2312456369400024	0.0	0.0	0.0	0.0	0.09469138830900192	0.6129348874092102	0.0	0.5852875709533691	0.035740893334150314	0.890125572681427	0.0	0.23173336684703827	0.0	0.746458888053894	1.4634088277816772	0.0	1.194141149520874	1.2972347736358643	0.0	0.0	0.0	0.0	0.0	0.0	0.9148702621459961	0.0	0.0	0.0	0.0	0.0	0.0	0.0	1.6444767713546753	0.0	0.0	0.0	1.1867921352386475	0.7949704527854919	0.0	0.0	0.0	0.0	0.0	0.0	0.0	0.0	0.0	1.7159948348999023	0.7647472620010376	0.0	0.0	0.0	0.0	0.0	0.6772724986076355	0.0	0.0	0.5928469896316528	0.0	0.0	1.0921658277511597	0.9993916749954224	1.913084626197815	0.0	1.8525117635726929	0.0	1.4468023777008057	0.0	0.0	0.3558051288127899	0.0	0.8074246048927307	0.0	0.0	1.7331444025039673	0.0	0.0	0.0	0.0	0.7930675745010376	0.0	0.8139982223510742	0.0	0.0	0.6052388548851013	0.0	0.0	0.29220566153526306	0.0	0.0	0.0	0.0	0.0	0.0	0.2715292274951935	0.0	1.0790610313415527	0.0	0.2761506736278534	0.4979638457298279	0.0	0.6140113472938538	0.30601057410240173	0.7935882210731506	0.0	0.0	0.0	0.13933363556861877	0.0	0.0	0.0	0.0	0.0	0.8935480117797852	0.6518765687942505	0.0	0.0	1.3650318384170532	0.0	0.0	0.0	0.3663713335990906	0.10096850991249084	0.0	1.6058906316757202	0.0	0.0	0.0	0.0	0.5528947710990906	0.0	0.0	1.9176154136657715	0.0	0.0	1.7717257738113403	0.0	0.0	0.0	0.26620718836784363	0.0	1.2001062631607056	1.1609241962432861	0.0	0.0	0.6935185194015503	0.0	0.0	0.0	0.0	0.7413904666900635	0.0	0.1725611388683319	2.5221810340881348	0.835945188999176	0.0	0.0	0.0	1.0919663906097412	1.05964195728302	0.0	0.0	0.0	0.0	0.0	0.0	0.0	0.0	0.0	0.0	0.0	0.0	0.3687863051891327	0.0	0.9614294171333313	0.0	0.9418302774429321	0.0	0.0	0.9264103174209595	0.0	0.0	0.0	0.0	0.0	0.0	2.5670366287231445	0.0	0.772869884967804	0.09640707075595856	0.0	0.0	0.0	0.0	0.0	0.0	1.5837568044662476	0.10088561475276947	1.7702986001968384	1.7929322719573975	0.0	0.0	0.0	1.359782099723816	0.46660780906677246	2.093291997909546	0.624751091003418	0.0	0.0	0.7040672302246094	1.222301721572876	1.510826826095581	0.0	0.0	0.0	0.0	0.1418362557888031	0.0	0.0	0.0	1.3310136795043945	1.0415961742401123	1.1367888450622559	0.0	1.2611382007598877	0.0	2.0620837211608887	0.016341349110007286	0.0	0.6716479659080505	0.0	2.0728468894958496	0.0	0.0
0.0	0.0	0.0	0.5715020298957825	1.326850175857544	0.0	0.15955094993114471	0.0	2.328713893890381	0.0	1.474565863609314	0.0	0.40065380930900574	2.382730484008789	0.0	4.195781230926514	0.0	0.13689270615577698	1.0014606714248657	0.9176662564277649	0.0	0.3208705484867096	0.0	0.9076738357543945	0.0	0.0	0.5758916139602661	0.16204990446567535	0.5019010901451111	1.7465107440948486	0.3444706201553345	0.7209831476211548	0.0	0.0	0.0	0.0	1.0234609842300415	0.0	0.5295494198799133	0.3528292775154114	0.0	0.0	0.0	0.0	0.0	0.0	1.4401353597640991	0.0	0.0	0.11636665463447571	0.0	0.0	0.0	0.0	0.5285248160362244	0.0	0.0	0.0	0.7865481972694397	0.7681710720062256	0.0	0.0	0.0	0.0	0.0	0.0	0.0	0.0	0.0	0.7470590472221375	2.233217477798462	0.0	0.0	0.265480101108551	0.0	0.0	0.4328922629356384	0.0	0.0	0.23585884273052216	0.0	0.0	2.311408042907715	0.0	1.6897979974746704	0.0	0.9521329402923584	0.0	0.7742574214935303	0.0	0.0	0.0	0.0	0.41352933645248413	0.0	0.0	0.9737135171890259	0.5680659413337708	0.0	0.0	0.0	1.569807529449463	0.0	0.13651864230632782	0.0	0.0	1.2108641862869263	0.0	0.0	0.7507500648498535	0.0	0.0	0.0	0.0	0.24793800711631775	0.0	0.42332932353019714	0.0	0.4406017065048218	0.0	0.7694681286811829	1.9642201662063599	0.0	0.0	0.0	2.030066967010498	0.0	0.0	0.0	0.9988303780555725	0.0	0.0	0.7567565441131592	0.0	0.0	1.4505679607391357	1.4654314517974854	0.0	0.0	0.0	0.0	0.0	0.0	0.0	0.0	0.0	1.9564225673675537	0.0	0.0	0.01712116412818432	0.0	0.6588404178619385	0.0	0.0	0.0	0.0	0.0	2.996943473815918	0.0	0.0	0.13067425787448883	1.0491880178451538	0.0	1.436493158340454	0.0027645002119243145	0.0	0.0	1.2726680040359497	0.0	0.0	0.0	0.0	0.8540807962417603	0.0	1.384886384010315	1.7785555124282837	1.4029648303985596	0.0	0.0	0.0	2.065169334411621	0.7149820327758789	0.0	0.0	0.21176031231880188	0.0	0.0	0.0	0.0	0.0	0.0	0.0	0.0	0.0	1.5228990316390991	0.0	0.6085484623908997	0.0	1.4932034015655518	0.0	0.0	1.4557353258132935	0.0	0.0	0.0	0.0	0.0	0.0	3.427184581756592	0.0	1.6299834251403809	1.6390312910079956	0.0	0.0	0.0	0.0	0.0	0.0	1.4278234243392944	0.2459188997745514	0.9528090953826904	2.633403778076172	0.0	0.0	0.0	0.5741115808486938	0.0	1.417207956314087	0.48917457461357117	0.0	0.0	0.0	0.9880073070526123	1.36271071434021	0.0	0.0	0.0	0.0	0.9218297004699707	0.0	0.0	0.0	0.4054827094078064	2.086987257003784	0.0	0.0	3.0400147438049316	0.0	0.0	0.15202133357524872	0.0	0.0	0.0	1.5987563133239746	0.0	0.0
0.0	0.0	0.0	0.2626287639141083	0.8248809576034546	0.0	0.304660826921463	0.0	2.4146203994750977	0.22538690268993378	0.7756831049919128	0.0	0.9213460683822632	1.992508053779602	0.0	4.098865985870361	0.0	0.7041415572166443	1.0990279912948608	0.922538697719574	0.0	0.0	0.0	1.2531059980392456	0.0	0.0	0.37805742025375366	0.0	0.38473421335220337	1.8058134317398071	1.1235722303390503	0.9088405966758728	0.0	0.0	0.0	0.0	1.5537567138671875	0.0	1.744878888130188	0.8309661746025085	0.0	0.0	0.0	0.0	0.0	0.0	1.5740649700164795	0.0	0.0	0.003498193807899952	0.0	0.0	0.0	0.278653621673584	0.7466938495635986	0.0	0.0	0.0	0.4740915298461914	0.38301411271095276	0.0	0.0	0.0	0.4061904549598694	0.0	0.0	0.0	0.0	0.0	0.6553397178649902	1.1543927192687988	0.0	0.0	0.2539592981338501	0.0	0.0	0.8361448645591736	0.0	0.0	0.30690956115722656	0.0	0.0	1.5580633878707886	0.0	1.9280966520309448	0.0	1.6387907266616821	0.0	0.6158663630485535	0.0	0.0	0.0	0.0	0.7081945538520813	0.0	0.5119970440864563	0.9210415482521057	0.4516526758670807	0.0	0.0	0.0	0.5289937257766724	0.0	0.3911234438419342	0.0	0.0	0.8522160053253174	0.0	0.0	0.23287896811962128	0.0	0.0	0.0	0.0	0.0	0.05839454382658005	0.6092511415481567	0.0	0.0	0.0	0.3945087194442749	1.7530394792556763	0.0	0.0	0.20558235049247742	1.8397544622421265	0.0	0.0	0.0	0.0	0.0	0.0	1.0839072465896606	0.0	0.0	0.9300461411476135	1.443809986114502	0.0	0.0	0.0	0.0	0.0	0.0	0.0	0.0	0.0	1.84373140335083	0.0	0.0	0.0	0.0	0.24299754202365875	0.0	0.0	0.0	0.0	0.0	2.412283420562744	0.0	0.0	0.6402495503425598	0.4278049170970917	0.0	1.0495269298553467	0.040757618844509125	0.0	0.0	1.3857057094573975	0.0	0.0	0.0	0.0	1.2008097171783447	0.0	0.60486900806427	1.7172189950942993	0.4184800386428833	0.0	0.0	0.0	1.647318720817566	1.0521676540374756	0.0	0.0015433937078341842	1.0555449724197388	0.0	0.0	0.0	0.0	0.0	0.0	0.0	0.0	0.0	0.9582616090774536	0.0	0.7937195897102356	0.0	1.8214935064315796	0.0	0.0	1.5162169933319092	0.0	0.0	0.0	0.0	0.0	0.0	3.0044894218444824	0.0	1.0271196365356445	1.3639085292816162	0.0	0.0	0.0	0.0	0.0	0.0	1.1404563188552856	0.7802883982658386	1.2903687953948975	2.935013771057129	0.0	0.0	0.0	0.6269261837005615	0.0	1.5260955095291138	1.2096282243728638	0.0	0.0	0.0	1.0204389095306396	1.316498875617981	0.0	0.0	0.0	0.0	1.4032601118087769	0.0	0.0	0.0	0.8025343418121338	1.4309693574905396	0.0	0.0	2.6300861835479736	0.0	0.0553181916475296	0.27477046847343445	0.0	0.0	0.0	0.597898006439209	0.0	0.0
0.0	0.0	0.0	0.096554234623909	0.43744003772735596	0.0	0.7832438945770264	0.0	1.088578224182129	0.989061713218689	0.07324085384607315	0.0	1.1983895301818848	0.5215508341789246	0.0	2.6977899074554443	0.0	0.6662435531616211	1.1087759733200073	0.34603700041770935	0.8779647350311279	1.8653777837753296	0.0	0.27373650670051575	0.0	0.0	0.7285534143447876	0.22591955959796906	0.18312911689281464	0.6073604822158813	0.23900000751018524	1.9501149654388428	0.0	0.42968133091926575	0.0	1.2245628833770752	1.6355308294296265	0.0	1.6384694576263428	1.2499879598617554	0.0	0.0	0.0	0.0	0.0	0.0	0.7344567775726318	0.0	0.0	0.0	0.0	0.0	0.0	1.5185179710388184	1.5409488677978516	0.0	0.0	0.0	2.2948434352874756	1.162641167640686	0.0	0.0	0.0	0.30101436376571655	0.0	0.0	0.0	0.0	0.0	2.6012895107269287	0.3197345733642578	0.0	0.0	0.0	0.0	0.0	0.7621685862541199	0.0	0.0	0.5453585386276245	0.0	0.0	0.5749232769012451	0.5319542288780212	1.5640721321105957	0.0	2.036566972732544	0.0	0.07800357788801193	0.0	0.0	1.363646149635315	0.0	2.0170481204986572	0.0	0.10681379586458206	2.416705369949341	0.16148263216018677	0.0	0.0	0.0	0.24135233461856842	0.0	2.2379205226898193	0.0	0.0	0.6564502120018005	0.0	0.0	0.0	0.0	0.0	0.0	0.0	0.0	0.0	0.0	0.0	0.5234835147857666	0.0	0.049706872552633286	0.023812340572476387	0.0	0.31159910559654236	0.6198667883872986	0.0	0.0	0.0	0.0	0.0	0.0	0.0	0.0	0.0	0.0	0.0	0.37457117438316345	0.0	0.0	2.405898094177246	0.0	0.0	0.0	0.6183624267578125	0.0	0.0	0.4166371524333954	0.0	0.0	0.0	0.0	0.16405420005321503	0.0	0.0	1.782866358757019	0.0	0.0	0.7530671954154968	0.0	0.0	0.278522253036499	0.17434729635715485	0.0	0.4238920509815216	1.40973961353302	0.0	0.9804878234863281	0.739290177822113	0.0	0.0	0.0	0.0	0.6659180521965027	0.0	2.0686445236206055	0.5633748769760132	0.0	0.0	0.0	0.0	0.2936732769012451	1.3540796041488647	0.0	0.0	0.5388688445091248	0.0	0.0	0.0	0.0	0.0	0.0	0.0	0.0	0.0	0.6536524891853333	0.0	1.5231292247772217	0.0	0.16063150763511658	0.3825882375240326	0.0	0.7817280292510986	0.0	0.0	0.0	0.0	0.0	0.0	2.0779449939727783	0.0	0.1795012205839157	0.0	0.062238480895757675	0.0	0.0	0.0	0.0	0.0	2.665703296661377	0.5852180123329163	0.8737282156944275	0.5873314738273621	0.0	0.0	0.0	2.009589433670044	0.0	1.3540594577789307	1.380684733390808	0.0	0.0	0.0	0.0	1.2154878377914429	0.0	0.0	0.0	0.0	0.0	0.0	0.0	0.0	1.5197514295578003	0.0	1.5464184284210205	0.0	0.48596909642219543	0.0	1.5614218711853027	0.5057651996612549	0.0	1.6029566526412964	0.0	1.0423692464828491	0.0	0.0
0.0	0.0	0.0	0.537458062171936	1.3325142860412598	0.0	0.7983332276344299	0.0	0.7922154664993286	1.1925722360610962	0.0	0.0	1.2681541442871094	1.0771777629852295	0.0	1.715256690979004	0.0	1.1572372913360596	1.9573063850402832	1.0037875175476074	0.7942439913749695	2.1695475578308105	0.0	1.1271679401397705	0.0	0.0	1.8376808166503906	1.428260326385498	0.6826049089431763	0.7924562692642212	0.6431567072868347	1.7630754709243774	0.0	1.5203924179077148	0.0	1.090990424156189	2.4451074600219727	0.0	2.8425698280334473	0.9866217970848083	0.0	0.0	0.0	0.0	0.0	0.0	0.1356518715620041	0.0	0.0	0.0	0.0	0.0	0.0	1.2867138385772705	2.2264249324798584	0.0	0.0	0.0	1.7939162254333496	0.0106720682233572	0.0	0.0	0.0	1.7803730964660645	0.0	0.0	0.0	0.0	0.0	2.600597381591797	0.7311110496520996	0.0	0.0	0.0	0.0	0.0	1.2245817184448242	0.1077040508389473	0.0	0.5437484383583069	0.0	0.0	0.07261332124471664	0.54612797498703	2.5060884952545166	0.0	2.0047738552093506	0.0	0.3150111138820648	0.0	0.0	2.413587808609009	0.0	2.626276969909668	0.0	1.8890084028244019	1.247258186340332	0.8146032094955444	0.0	0.0	0.0	0.0	0.0	1.7279964685440063	0.0	0.0	0.6669520139694214	0.0	0.0	0.0	0.0	0.0	0.0	0.0	0.8323333263397217	0.06503832340240479	0.6615622639656067	0.0	0.0	0.0	1.0658572912216187	0.0	0.0	0.38902926445007324	1.28203284740448	0.47418737411499023	0.0	0.0	0.0	0.0	0.0	0.0	1.538487195968628	0.0	0.0	0.0	1.8917263746261597	0.0	0.0	0.0	0.0	0.0	0.0	0.0	0.2069864571094513	0.0	0.4279349446296692	0.0	0.0	0.5535925030708313	0.0	0.26121655106544495	0.0	0.0	2.362360954284668	0.0	0.0	1.4546868801116943	0.0	0.0	1.9665908813476562	1.2703499794006348	0.14263704419136047	0.691210150718689	0.7136276960372925	0.0	1.4667153358459473	1.0853604078292847	0.0	0.0	0.0	0.0	1.3673131465911865	0.0	0.0930543914437294	0.0	0.0	0.0	0.0	0.0	0.8727585673332214	1.1473270654678345	0.0	2.329495906829834	2.3969156742095947	0.0	0.0	0.0	0.0	0.0	0.0	0.0	0.0	0.0	1.4823039770126343	0.0	3.5637106895446777	0.0	0.28478574752807617	0.663320779800415	0.0	0.13033834099769592	0.0	0.0	0.0	0.0	0.0	0.0	1.7071208953857422	0.0	0.0	1.1928908824920654	0.0	0.0	0.0	0.0	0.0	0.0	3.205124616622925	1.3157382011413574	0.0	0.5283132195472717	0.0	0.0	0.0	2.3883261680603027	0.4016881585121155	1.398477554321289	1.85344398021698	0.0	0.0	0.0	0.0	1.7878684997558594	0.0	0.0	0.0	0.0	0.0	0.0	0.0	0.0	1.6350327730178833	0.1388714760541916	2.0066752433776855	0.0	1.2399351596832275	0.0	2.328728675842285	0.3244115114212036	0.0	1.0344401597976685	0.0	0.0	0.0	0.0
0.0	0.0	0.0	0.24853931367397308	0.0	0.0	0.8689581155776978	0.0	1.0275062322616577	0.8955118656158447	0.07224179059267044	0.0	1.4696788787841797	0.21600045263767242	0.0	1.7684907913208008	0.0	0.9830725789070129	0.9705442786216736	0.20067016780376434	0.0	1.1745843887329102	0.0	0.10652749985456467	0.0	0.0	0.726199746131897	0.4655267000198364	0.734322726726532	0.5306862592697144	0.9218409061431885	0.36346039175987244	0.0	0.0	0.0	1.0151220560073853	1.2263545989990234	0.0	1.1500738859176636	1.0470271110534668	0.0	0.0	0.0	0.0	0.0	0.0	0.22303692996501923	0.0	0.0	0.0	0.0	0.0	0.0	0.4464239180088043	1.2729196548461914	0.0	0.0	0.14997997879981995	1.0235340595245361	0.5197693109512329	0.0	0.0	0.0	0.31351184844970703	0.0	0.0	0.0	0.0	0.0	1.5409847497940063	0.7925666570663452	0.0	0.0	0.0	0.0	0.0	0.6425290703773499	0.0	0.0	0.23398663103580475	0.0	0.0	1.1610478162765503	0.8060805797576904	1.5617353916168213	0.0	1.3716130256652832	0.0	0.5448548793792725	0.0	0.0	0.9059571027755737	0.0	0.6511932015419006	0.0	0.6758169531822205	1.5274602174758911	0.11400146037340164	0.0	0.0	0.0	0.42859935760498047	0.0	0.9010311961174011	0.0	0.0	1.0812703371047974	0.0	0.0	0.0	0.0	0.0	0.0	0.0	0.0	0.0	0.0	0.0	0.10628817230463028	0.0	1.0825555324554443	0.28054869174957275	0.0	0.0	0.10775674879550934	0.481637179851532	0.0	0.0	0.0	0.0	0.0	0.0	0.0	0.0	0.0	0.0	0.2561641335487366	0.0	0.0	1.0932756662368774	0.0	0.0	0.0	0.3256798982620239	0.1614006757736206	0.0	0.4418024718761444	0.0	0.0	0.0	0.0	0.31795209646224976	0.0	0.0	0.9422143697738647	0.0	0.0	1.1476553678512573	0.0	0.0	0.0	0.9190358519554138	0.0	0.4102610945701599	0.6994834542274475	0.0	0.0	0.6876492500305176	0.0	0.0	0.0	0.0	0.8991658687591553	0.0	0.9390196800231934	0.4609502851963043	0.2297765612602234	0.0	0.0	0.0	0.5349346399307251	1.3733584880828857	0.0	0.0	0.39266136288642883	0.0	0.0	0.0	0.0	0.0	0.0	0.0	0.0	0.0	0.8397274017333984	0.0	1.644000768661499	0.0	0.6149693131446838	0.0	0.0	0.41112416982650757	0.0	0.0	0.0	0.0	0.0	0.0	1.0411509275436401	0.0	0.3244810402393341	0.21834608912467957	0.0	0.0	0.09616962820291519	0.0	0.0	0.0	1.5426422357559204	0.6261374354362488	0.7144794464111328	0.6968156695365906	0.0	0.0	0.0	1.0445200204849243	0.09256274998188019	1.6404143571853638	1.1864702701568604	0.0	0.0	0.0	0.07780560106039047	1.2768981456756592	0.0	0.0	0.0	0.0	0.0	0.0	0.0	0.0	1.1455490589141846	0.647369921207428	0.9779672622680664	0.0	0.5439176559448242	0.0	1.031995415687561	0.460857093334198	0.0	0.6426661610603333	0.0	1.0123229026794434	0.0	0.0
0.0	0.0	0.0	0.0	1.3237744569778442	0.0	0.0	0.0	2.6037840843200684	1.5337985754013062	0.47005346417427063	0.0	0.9698452949523926	1.2210838794708252	0.9565920233726501	4.601164817810059	0.0	0.5427402257919312	0.37139734625816345	0.6267321705818176	0.0	0.7732118964195251	0.0	0.1350305825471878	0.0	0.0	0.4344799518585205	0.1548391431570053	0.48409372568130493	2.2134623527526855	0.16570578515529633	0.8409529328346252	0.0	0.0	0.0	0.5735382437705994	1.8296085596084595	0.0	1.6899733543395996	1.1938819885253906	0.0	0.0	0.0	0.0	0.0	0.0	0.0	0.0	0.0	0.28630101680755615	0.0	0.0	0.0	0.0	1.522341251373291	0.0	0.0	0.0	1.2037897109985352	0.0	0.0	0.0	0.0	0.0	0.0	0.0	0.0	0.0	0.0	1.3364070653915405	1.5076024532318115	0.0	0.0	0.5941681861877441	0.0	0.0	1.9415534734725952	0.0	0.0	0.906062662601471	0.0	0.0	1.5391669273376465	0.305675208568573	1.2772560119628906	0.0	1.287522554397583	0.0	0.11672960221767426	0.0	0.0	0.7302159070968628	0.0	1.7904672622680664	0.0	0.9408721923828125	1.5571277141571045	0.2497948408126831	0.0	0.0	0.0	0.3770070970058441	0.0	0.985737144947052	0.0	0.0	0.7241846919059753	0.0	0.0	0.0	0.0	0.0	0.0	0.0	0.5801483988761902	0.0	0.15335918962955475	0.0	0.8858115077018738	0.0	0.0	2.1325490474700928	0.0	0.0	0.0	1.8744524717330933	0.0	0.0	0.0	0.0	0.0	0.0	1.4114553928375244	0.0	0.0	2.0271897315979004	1.2723102569580078	0.0	0.0	1.6750859022140503	0.0	0.0	0.0	0.0	0.0	0.0	2.010507106781006	0.0	0.0	0.0	0.0	1.4499341249465942	0.0	0.0	0.9349082708358765	0.0	0.0	3.3067939281463623	0.0	0.0	0.0	0.6467854976654053	0.4211859405040741	0.6895380616188049	1.3035430908203125	0.0	0.0	1.837882161140442	0.0	0.0	0.0	0.0	1.425700068473816	0.0	1.408818244934082	2.35627818107605	1.168578028678894	0.0	0.0	0.0	2.5586376190185547	0.29843559861183167	0.0	0.0	0.4268077313899994	0.0	0.0	0.0	0.0	0.0	0.0	0.0	0.0	0.0	0.9594364762306213	0.0	1.60239577293396	0.0	2.1273961067199707	0.0	0.0	0.664795994758606	0.0	0.0	0.0	0.0	0.0	0.0	3.7201523780822754	0.0	2.4603703022003174	1.3343853950500488	0.1381572037935257	0.0	0.0	0.0	0.0	0.0	1.5444179773330688	0.251433789730072	0.8872011303901672	3.0647120475769043	0.0	0.0	0.0	1.5038540363311768	0.5435726046562195	2.11258864402771	0.9990513920783997	0.0	0.0	0.0	2.0892016887664795	1.3038136959075928	0.0	0.0	0.0	0.0	1.5279908180236816	0.0	0.0	0.0	0.6600848436355591	1.8360979557037354	0.5784384608268738	0.0	2.2568907737731934	0.0	0.2540450394153595	0.14163365960121155	0.0	0.0	0.0	1.6361684799194336	0.0	0.0
0.0	0.0	0.0	0.0	0.48580223321914673	0.0	0.3797692656517029	0.0	1.9315497875213623	0.0	0.5781159996986389	0.0	0.41542279720306396	0.6531174778938293	0.0	3.2269184589385986	0.0	1.0351899862289429	0.281003475189209	0.46630731225013733	0.0	0.10174617916345596	0.0	0.0	0.0	0.0	0.23202849924564362	0.0	0.30178770422935486	1.3454560041427612	1.0162229537963867	1.0259599685668945	0.0	0.0	0.0	0.0	1.0577056407928467	0.0	1.4508531093597412	1.030311107635498	0.0	0.0	0.0	0.0	0.0	0.0	0.31466150283813477	0.0	0.0	0.0	0.0	0.0	0.0	0.0	0.703084409236908	0.0	0.0	0.0	0.3990781307220459	1.1810530424118042	0.0	0.0	0.0	0.0	0.0	0.0	0.0	0.0	0.0	1.1115840673446655	0.6862873435020447	0.0	0.0	0.0	0.0	0.0	0.7289689779281616	0.0	0.0	0.48283228278160095	0.0	0.0	1.7249191999435425	0.19023016095161438	1.181143879890442	0.0	1.2046496868133545	0.0	1.2768253087997437	0.0	0.0	0.13522979617118835	0.0	1.019516944885254	0.0	0.0	1.6731135845184326	0.0	0.0	0.0	0.0	1.5091650485992432	0.0	0.5886436700820923	0.0	0.0	0.17638607323169708	0.0	0.0	0.20246855914592743	0.0	0.0	0.0	0.0	0.0	0.0	0.0	0.0	1.2516810894012451	0.0	0.2543528079986572	1.2725695371627808	0.0	0.06399380415678024	0.0718412920832634	0.9536324739456177	0.0	0.0	0.0	0.0	0.0	0.0	0.0	0.0	0.0	1.1440175771713257	0.54417484998703	0.0	0.0	0.7279105186462402	0.0	0.0	0.0	0.0	0.0	0.0	1.146924376487732	0.0	0.0	0.0	0.0	0.30256715416908264	0.0	0.0	0.0	0.0	0.0	1.855144739151001	0.0	0.0	0.0	0.0	0.0	0.40245673060417175	0.0	0.0	0.0	1.1638983488082886	0.0	0.0	0.0	0.0	0.677865743637085	0.0	1.54341459274292	2.5891499519348145	0.564849853515625	0.0	0.0	0.0	1.9538432359695435	0.39531415700912476	0.0	0.0	0.0	0.0	0.0	0.0	0.0	0.0	0.0	0.0	0.0	0.0	0.0	0.0	0.7682151794433594	0.0	1.868791937828064	0.0	0.0	1.0291368961334229	0.0	0.0	0.0	0.0	0.0	0.0	3.9199130535125732	0.0	1.8942618370056152	0.5408000946044922	0.2986929714679718	0.0	0.0	0.0	0.0	0.0	1.3067231178283691	0.11366003006696701	0.9526905417442322	2.41391921043396	0.0	0.0	0.0	0.31332698464393616	0.0	2.0926802158355713	0.8453907370567322	0.0	0.0	0.0	0.9157341122627258	1.0295662879943848	0.0	0.0	0.0	0.0	0.7562350630760193	0.0	0.0	0.0	1.0988664627075195	1.598256230354309	0.0	0.0	1.5180925130844116	0.0	0.34130334854125977	0.3819751739501953	0.0	0.0	0.0	2.5011775493621826	0.0	0.0
0.0	0.0	0.0	0.6673218011856079	0.0	0.0	1.4898793697357178	0.0	1.5734927654266357	0.4342583119869232	0.2787884771823883	0.0	2.099670886993408	1.11513090133667	0.0	3.1371302604675293	0.0	1.1572060585021973	1.4052914381027222	0.05978110060095787	0.0	0.8398027420043945	0.0	0.2188834249973297	0.0	0.0	0.49957066774368286	0.0	1.302680253982544	1.3750959634780884	1.0549105405807495	0.19913893938064575	0.0	0.0	0.0	0.0	1.8659502267837524	0.0	1.9038879871368408	1.6722393035888672	0.0	0.0	0.0	0.0	0.0	0.0	1.458648681640625	0.0	0.0	0.0	0.0	0.0	0.0	1.415279746055603	1.30263352394104	0.0	0.0	0.0	1.247257947921753	0.8244566321372986	0.0	0.0	0.0	0.0	0.0	0.0	0.0	0.0	0.0	1.7783085107803345	0.7734277248382568	0.0	0.0	0.0	0.0	0.0	0.26972144842147827	0.0	0.0	0.0	0.0	0.0	1.9575297832489014	0.7291964888572693	2.382065534591675	0.0	2.300548553466797	0.0	0.1433408111333847	0.0	0.0	0.8371034264564514	0.0	1.2441493272781372	0.0	0.08617179840803146	1.8749982118606567	0.0	0.0	0.0	0.0	0.8748357892036438	0.0	1.3565542697906494	0.0	0.0	1.5100889205932617	0.0	0.0	0.37284231185913086	0.0	0.0	0.0	0.0	0.0	0.0	0.0	0.0	0.0	0.0	1.1804696321487427	0.0551653727889061	0.0	0.0	1.0274144411087036	0.8965885043144226	0.0	0.0	0.0	0.0	0.0	0.0	0.0	0.0	0.0	0.0	0.5406239032745361	0.0	0.0	0.34365421533584595	0.0	0.0	0.0	0.0	0.0	0.0	1.2910815477371216	0.0	0.0	0.0	0.0	0.0	0.0	0.0	0.43016934394836426	0.0	0.0	1.6285932064056396	0.0	0.0	0.3754151165485382	0.6502865552902222	0.0	0.9926167726516724	0.1899900734424591	0.0	0.24866902828216553	0.49912136793136597	0.0	0.0	0.0	0.0	1.9135762453079224	0.0	0.533420741558075	1.149214267730713	0.0	0.0	0.0	0.0	0.688838005065918	1.8221601247787476	0.0	0.0	0.6454623937606812	0.0	0.0	0.0	0.0	0.0	0.0	0.0	0.0	0.0	1.4014430046081543	0.0	2.4495692253112793	0.0	1.2071983814239502	0.0	0.0	1.1049686670303345	0.0	0.0	0.0	0.0	0.0	0.0	2.212256669998169	0.0	0.3875436782836914	0.0	0.0	0.0	0.3645036816596985	0.0	0.0	0.0	2.882768392562866	0.509669303894043	1.2853540182113647	0.9883376955986023	0.0	0.0	0.0	1.6567655801773071	0.0	2.076761245727539	1.1754788160324097	0.0	0.0	0.0	0.013544565066695213	2.0666072368621826	0.0	0.0	0.0	0.0	0.34985461831092834	0.0	0.0	0.0	1.9418689012527466	0.859140157699585	0.2567839026451111	0.0	0.8840410113334656	0.0	0.3666606843471527	0.44265443086624146	0.0	0.13506197929382324	0.0	1.556169033050537	0.0	0.0
0.0	0.0	0.0	0.0	0.6486046314239502	0.0	0.5996058583259583	0.0	0.9114204049110413	0.9770830273628235	0.0	0.0	1.0465292930603027	1.4952189922332764	0.0	2.71354341506958	0.0	0.46235334873199463	1.389566421508789	2.1236133575439453	0.3365156650543213	1.2707642316818237	0.0	0.24133612215518951	0.0	0.0	0.9068358540534973	1.4073017835617065	0.45865094661712646	1.3691272735595703	0.5168800950050354	1.5372881889343262	0.0	0.040842205286026	0.0	0.5970880389213562	2.0648794174194336	0.0	2.264974594116211	1.7597177028656006	0.0	0.0	0.0	0.0	0.0	0.0	0.4631887674331665	0.0	0.0	0.0	0.0	0.0	0.0	0.17200659215450287	1.6611640453338623	0.0	0.0	0.0	2.0473763942718506	0.12473643571138382	0.0	0.0	0.0	0.9353808164596558	0.0	0.0	0.0	0.0	0.0	2.2600760459899902	1.3840590715408325	0.0	0.0	0.12793169915676117	0.0	0.0	1.0301326513290405	0.0	0.0	1.2200815677642822	0.0	0.0	0.6115469932556152	0.8688140511512756	2.8565661907196045	0.0	2.578146457672119	0.0	0.0	0.0	0.0	0.7849457263946533	0.0	1.4990390539169312	0.0	0.6577598452568054	1.3023426532745361	1.0759356021881104	0.0	0.0	0.0	0.0	0.0	1.1187524795532227	0.0	0.0	0.6585613489151001	0.0	0.0	0.0	0.0	0.0	0.0	0.0	0.0	0.0	0.22824148833751678	0.0	0.0	0.0	1.0572346448898315	1.1813584566116333	0.0	0.13841378688812256	0.0	1.331931233406067	0.0	0.0	0.0	0.0	0.0	0.0	0.19671644270420074	0.0	0.0	0.41597098112106323	1.2924177646636963	0.0	0.0	0.6655044555664062	0.0	0.0	0.0	0.0	0.0	0.0	0.5655815601348877	0.0	0.0	0.0	0.0	0.0	0.0	0.0	1.2478467226028442	0.0	0.0	1.9877629280090332	0.0	0.0	0.5215218663215637	1.5759543180465698	0.0	2.008984088897705	1.3287287950515747	0.0	0.36040493845939636	1.458341121673584	0.0	0.0	0.0	0.0	1.0853602886199951	0.0	0.0	0.9578530192375183	0.0	0.0	0.0	0.0	1.859792709350586	0.8427056074142456	0.0	0.0	1.4379116296768188	0.0	0.0	0.0	0.0	0.0	0.0	0.0	0.0	0.0	1.8905376195907593	0.0	2.484844446182251	0.0	1.4575681686401367	0.7791544198989868	0.0	0.7046682834625244	0.0	0.0	0.0	0.0	0.0	0.0	2.3486971855163574	0.0	0.6739116311073303	0.9828919768333435	0.0	0.0	0.0	0.0	0.0	0.0	2.373455047607422	1.3633639812469482	0.1498943418264389	1.7424860000610352	0.0	0.0	0.0	1.59276282787323	0.0	1.7833313941955566	1.535683512687683	0.0	0.0	0.0	0.715643048286438	1.4117965698242188	0.0	0.0	0.0	0.0	0.1889224797487259	0.0	0.0	0.0	1.021179437637329	0.7056667804718018	0.6337577700614929	0.0	2.2411367893218994	0.0	1.1937888860702515	0.3735818862915039	0.0	0.7845250368118286	0.0	0.4254154562950134	0.0	0.0
0.0	0.0	0.0	0.10620058327913284	1.9917466640472412	0.0	0.0	0.0	1.414183497428894	0.37080833315849304	2.2734944820404053	0.0	0.0	0.7142566442489624	0.15713828802108765	2.5182268619537354	1.0734103918075562	0.0	0.0	0.13548114895820618	0.0	0.0	0.0	0.0	0.0	0.0	0.0	0.480452299118042	0.0	0.1744782030582428	0.0	1.7347099781036377	0.0	0.0	0.0	0.00874341744929552	0.0	0.0	0.0	0.0	0.0	0.0	0.0	0.6058408617973328	0.0	0.0	0.5804785490036011	0.0	0.0	1.5601462125778198	0.0	0.0	0.0	0.0	0.0	0.0	0.0	0.47528815269470215	0.0	0.0	0.0	0.0	0.0	0.0	0.0	0.0	0.0	0.0	0.0	0.08476512879133224	1.2088634967803955	0.0	0.0	1.6647552251815796	0.0	0.0	0.08419850468635559	0.11582404375076294	0.0	0.0	0.0	0.0	1.310247540473938	0.0	0.24055853486061096	0.0	0.0	0.0	0.9808593392372131	0.0	0.0	0.0	0.0	0.012520109303295612	0.0	0.04988786578178406	0.0	0.22678059339523315	0.0	0.0	0.0	1.5933021306991577	0.0	0.0	0.0	0.0	0.0	1.5064398050308228	0.0	0.9886184334754944	0.0	0.0	0.0	0.0	0.9289663434028625	0.0	0.9983513951301575	0.0	1.606951355934143	0.0	0.0	0.972048819065094	0.0	1.4222538471221924	0.0	1.6553080081939697	0.0	0.0	0.0	2.700165033340454	0.0	0.0	1.470238208770752	0.0	0.0	1.3146377801895142	1.1223764419555664	0.0	0.0	0.0	0.0	0.0	0.0	0.0	0.0	0.0	0.3696501851081848	0.0	0.0	1.0260660648345947	0.0	2.1726176738739014	0.0	0.0	0.0	0.0	0.0	2.2662134170532227	0.0	0.0	0.0	0.7654656171798706	0.0	1.1744740009307861	0.004591245204210281	0.0	0.0	0.9235352873802185	0.0	0.0	0.0	0.0	0.0	0.0	0.0	2.285149335861206	2.1478114128112793	0.0	0.0	0.0	1.5883538722991943	0.0	0.0	0.0	0.0	0.0	0.0	0.0	0.0	0.0	0.0	0.0	0.0	0.0	0.29281121492385864	0.0	0.0	0.0	1.7247999906539917	0.0	0.0	1.9777123928070068	0.0	0.0	0.0	0.0	0.0	0.0	2.7019991874694824	0.0	2.0770578384399414	1.549118161201477	0.0	0.0	0.0	0.0	0.0	0.0	0.0780276507139206	0.0	1.2329827547073364	2.2544169425964355	0.0	0.0	0.0	0.0414392352104187	1.125062108039856	0.6640042066574097	0.0	0.0	0.0	2.0533359050750732	2.2781341075897217	0.10068882256746292	0.0	0.0	0.0	0.0	1.7506320476531982	0.0	0.0	0.0	0.07303674519062042	2.0126121044158936	0.0	0.0	2.436739921569824	0.0	0.05316845327615738	0.0	0.0	1.379394292831421	0.0	2.395869731903076	0.0	0.0
0.0	0.0	0.0	0.829692542552948	0.07763530313968658	0.0	1.2880322933197021	0.0	1.4152272939682007	0.5366179347038269	0.0	0.0	1.9342706203460693	0.848210334777832	0.0	2.856221914291382	0.0	1.0921179056167603	1.3565140962600708	0.6765108108520508	0.13347400724887848	1.1222740411758423	0.0	0.0	0.0	0.0	1.3074617385864258	0.47799476981163025	1.632895588874817	1.5132405757904053	1.5447516441345215	0.16158057749271393	0.0	0.20059198141098022	0.0	0.0	2.595676898956299	0.0	2.639240264892578	1.2738728523254395	0.0	0.0	0.0	0.0	0.0	0.0	0.5660276412963867	0.0	0.0	0.0	0.0	0.0	0.0	0.9376814365386963	2.4260072708129883	0.0	0.0	0.0	1.2636406421661377	0.27935791015625	0.0	0.0	0.0	1.130712628364563	0.0	0.0	0.0	0.0	0.0	2.2297215461730957	1.3343504667282104	0.0	0.0	0.0	0.0	0.0	0.5603078007698059	0.0	0.0	0.0	0.0	0.0	1.437914252281189	0.7409508228302002	2.7538695335388184	0.0	2.327787399291992	0.0	0.25006863474845886	0.0	0.0	0.8479882478713989	0.0	1.126501202583313	0.0	1.0214898586273193	1.773829460144043	0.0	0.0	0.0	0.0	0.0	0.0	1.3417866230010986	0.0	0.0	0.7139913439750671	0.0	0.0	0.0	0.0	0.0	0.0	0.0	0.0	1.0787804126739502	0.061899296939373016	0.0	0.0	0.0	1.6555650234222412	0.2264937311410904	0.0	0.0	0.4932839870452881	0.6977713108062744	0.0	0.0	0.0	0.0	0.0	0.0	0.4510665237903595	0.0	0.0	0.0	0.6427325010299683	0.0	0.0	0.365752637386322	0.0	0.0	0.0	0.0	0.0	0.0	1.5735896825790405	0.0	0.0	0.0	0.0	0.0	0.0	0.0	1.156607985496521	0.0	0.0	1.624892234802246	0.0	0.0	0.9984583258628845	1.0393860340118408	0.0	1.2296723127365112	0.43318691849708557	0.0	0.18975359201431274	0.6473290920257568	0.0	0.0	0.0	0.0	1.5908163785934448	0.0	0.0	1.0609327554702759	0.0	0.0	0.0	0.0	0.8140375018119812	1.8966870307922363	0.0	0.39662688970565796	1.7569265365600586	0.0	0.0	0.0	0.0	0.0	0.0	0.0	0.0	0.0	1.6811124086380005	0.0	2.8327271938323975	0.0	1.4203399419784546	0.0	0.0	0.7230846285820007	0.0	0.0	0.0	0.0	0.0	0.0	1.6029233932495117	0.0	0.621649444103241	0.2875742018222809	0.0	0.0	0.49826130270957947	0.0	0.0	0.0	2.6518964767456055	0.9109848141670227	0.874555766582489	1.0689572095870972	0.0	0.0	0.0	2.1883201599121094	0.0	2.5038130283355713	1.916477918624878	0.0	0.0	0.0	0.46190783381462097	1.9208985567092896	0.0	0.0	0.0	0.0	0.5059816241264343	0.0	0.0	0.0	1.3971463441848755	0.9058846831321716	0.991145670413971	0.0	1.9206148386001587	0.0	0.6396497488021851	0.022811373695731163	0.0	0.10209106653928757	0.0	0.17978687584400177	0.0	0.0
0.0	0.0	0.0	1.6633410453796387	0.0	0.0	2.2888543605804443	0.0	1.55888032913208	1.0153255462646484	0.0	0.0	1.3200023174285889	1.3454450368881226	0.0	2.966325283050537	0.0	0.7653780579566956	1.8329039812088013	0.8260957598686218	0.2578112781047821	1.823987603187561	0.0	0.03790589049458504	0.0	0.0	1.8267933130264282	0.22284214198589325	1.6514467000961304	2.1174979209899902	1.6011186838150024	0.0	0.0	0.7810348868370056	0.0	0.0	2.8509390354156494	0.0	2.685208320617676	1.4533050060272217	0.0	0.0	0.0	0.0	0.0	0.0	0.0	0.0	0.0	0.0	0.0	0.0	0.0	1.2599194049835205	2.1487793922424316	0.0	0.0	0.0	1.7308871746063232	0.18023598194122314	0.0	0.0	0.0	0.38816651701927185	0.0	0.0	0.0	0.0	0.0	2.356163740158081	2.464238405227661	0.0	0.0	0.0	0.0	0.0	1.1240254640579224	0.0	0.0	0.269809752702713	0.0	0.0	0.9026604294776917	1.4303003549575806	2.799302339553833	0.0	2.6127655506134033	0.0	0.1602528989315033	0.0	0.0	1.0123742818832397	0.0	1.4243804216384888	0.0	1.6183967590332031	2.094416379928589	0.0	0.0	0.0	0.0	0.0	0.0	1.4482334852218628	0.0	0.0	1.5108020305633545	0.0	0.0	0.0	0.0	0.0	0.0	0.0	0.0	1.0052428245544434	0.08050154894590378	0.0	0.0	0.0	2.077169418334961	0.836126983165741	0.0	0.0	0.5663177371025085	1.2677409648895264	0.0	0.0	0.0	0.0	0.0	0.0	1.5178749561309814	0.0	0.0	0.0	1.1628507375717163	0.0	0.0	0.03441504389047623	0.0	0.0	0.0	0.0	0.0	0.0	1.3532285690307617	0.0	0.0	0.0	0.0	0.14446458220481873	0.0	0.0	1.2584338188171387	0.0	0.0	2.2390522956848145	0.0	0.0	1.1256043910980225	2.3820526599884033	0.10653895139694214	0.9246657490730286	0.7589693665504456	0.0	0.0	0.7459813356399536	0.0	0.0	0.0	0.0	1.7309608459472656	0.0	0.0	0.4565228223800659	0.0	0.0	0.0	0.0	0.5552937984466553	1.8235082626342773	0.0	0.15593530237674713	1.8616783618927002	0.0	0.0	0.0	0.0	0.0	0.0	0.0	0.0	0.0	2.4281022548675537	0.0	2.9928741455078125	0.0	1.323655366897583	0.0	0.0	0.0	0.0	0.0	0.0	0.0	0.0	0.0	2.115233898162842	0.0	0.15717363357543945	1.3365360498428345	0.0	0.0	1.1201039552688599	0.0	0.0	0.0	2.838695764541626	0.6755499839782715	0.3137434720993042	1.2527910470962524	0.0	0.0	0.0	2.2688846588134766	0.0	3.266280174255371	2.111321449279785	0.0	0.0	0.0	0.511308491230011	2.084885597229004	0.0	0.0	0.0	0.0	0.6262000799179077	0.0	0.0	0.0	1.6094926595687866	0.4549283981323242	1.4933422803878784	0.0	1.3302810192108154	0.0	1.1831531524658203	0.3628336191177368	0.0	0.5408572554588318	0.0	0.0	0.0	0.0
0.0	0.0	0.0	0.0	0.830801248550415	0.0	0.512363612651825	0.0	1.0745595693588257	0.9065906405448914	0.0	0.0	0.9423433542251587	1.3438794612884521	0.0	2.8687386512756348	0.0	0.8388641476631165	1.217086911201477	1.4704276323318481	0.5719317197799683	1.1500133275985718	0.0	0.39998626708984375	0.0	0.0	1.1307958364486694	1.0488474369049072	0.5479032397270203	1.3907607793807983	0.43259602785110474	1.714490294456482	0.0	0.03284870460629463	0.0	0.8346332311630249	2.0848262310028076	0.0	2.0629355907440186	1.692223072052002	0.0	0.0	0.0	0.0	0.0	0.0	0.0	0.0	0.0	0.0	0.0	0.0	0.0	0.0	1.6351953744888306	0.0	0.0	0.0	1.8579939603805542	0.25054100155830383	0.0	0.0	0.0	0.32024529576301575	0.0	0.0	0.0	0.0	0.0	2.1262898445129395	1.1361325979232788	0.0	0.0	0.0	0.0	0.0	1.4169858694076538	0.0	0.0	1.3043996095657349	0.0	0.0	0.7097728848457336	0.43894824385643005	2.0596885681152344	0.0	1.7162988185882568	0.0	0.0	0.0	0.0	1.3618165254592896	0.0	2.369251251220703	0.0	0.23897415399551392	1.8383592367172241	0.9527837038040161	0.0	0.0	0.0	0.0	0.0	1.300855278968811	0.0	0.0	0.18694621324539185	0.0	0.0	0.0	0.0	0.0	0.0	0.0	0.0	0.0	0.5673813223838806	0.0	0.14100134372711182	0.0	0.9812320470809937	1.4938063621520996	0.0	0.5027711391448975	0.0	0.9868978261947632	0.0	0.0	0.0	0.0	0.0	0.0	0.0	0.0	0.0	0.6912626624107361	1.173111915588379	0.0	0.0	1.5339609384536743	0.0	0.0	0.0	0.0	0.0	0.0	0.11981470137834549	0.0	0.0	0.0	0.0	0.17530088126659393	0.0	0.0	1.3985004425048828	0.0	0.0	1.1553486585617065	0.0	0.0	0.5602487921714783	0.6576110124588013	0.0	1.3983252048492432	1.090645670890808	0.0	0.02312888577580452	0.8286524415016174	0.0	0.0	0.0	0.0	0.8427568674087524	0.0	1.9056036472320557	0.6320971250534058	0.0	0.0	0.0	0.0	2.1957108974456787	1.2884219884872437	0.0	0.0	0.48277685046195984	0.0	0.0	0.0	0.0	0.0	0.0	0.0	0.0	0.0	1.3929461240768433	0.0	1.7100316286087036	0.0	1.0226638317108154	0.6877970099449158	0.0	0.0	0.0	0.0	0.0	0.0	0.0	0.0	2.850585699081421	0.0	0.9111101627349854	0.7277991771697998	0.29705339670181274	0.0	0.0	0.0	0.0	0.0	1.7973734140396118	1.208092451095581	0.24225685000419617	2.066046714782715	0.0	0.0	0.0	1.4038374423980713	0.0	2.1366050243377686	1.6543048620224	0.0	0.0	0.0	0.44687896966934204	1.348840594291687	0.0	0.0	0.0	0.0	0.0	0.0	0.0	0.0	1.0002470016479492	0.009644655510783195	1.51273775100708	0.0	1.9620832204818726	0.0	1.4242876768112183	0.9405404329299927	0.0	0.7138223052024841	0.0	0.5875020623207092	0.0	0.0
0.0	0.0	0.0	1.5201692581176758	0.14938296377658844	0.0	1.296433448791504	0.0	2.0420000553131104	0.32071059942245483	0.6506535410881042	0.0	1.443821668624878	1.388200283050537	0.0	3.4096992015838623	0.0	1.9610037803649902	1.7332370281219482	0.32753175497055054	0.0	0.9062705636024475	0.0	0.2886422872543335	0.0	0.0	1.0927886962890625	0.0	1.7891415357589722	1.4583532810211182	1.34075927734375	0.09692370146512985	0.0	0.06168295443058014	0.0	0.0	2.0882630348205566	0.0	1.9453966617584229	1.241496205329895	0.0	0.0	0.0	0.0	0.0	0.0	2.108855724334717	0.0	0.0	0.0	0.0	0.0	0.0	1.3275634050369263	1.8872978687286377	0.0	0.0	0.0	0.8341724276542664	1.260783076286316	0.0	0.0	0.0	0.4391387403011322	0.0	0.0	0.0	0.0	0.0	2.3776021003723145	0.5217913389205933	0.0	0.0	0.0	0.0	0.0	1.0620964765548706	0.0	0.0	0.17330773174762726	0.0	0.0	2.5150394439697266	1.0330681800842285	2.132633924484253	0.0	2.5928008556365967	0.0	0.808401346206665	0.0	0.0	1.2295994758605957	0.0	1.0624020099639893	0.0	0.5863261818885803	1.855739712715149	0.0	0.0	0.0	0.0	0.3786698579788208	0.0	0.9619834423065186	0.0	0.0	1.7908018827438354	0.0	0.0	0.5093997120857239	0.0	0.0	0.0	0.0	0.0	0.0	0.0	0.0	0.0	0.0	1.1678355932235718	0.5073306560516357	0.0	0.0	1.5742459297180176	0.5599989891052246	0.0	0.0	0.0	0.0	0.0	0.0	0.0	0.0	0.0	0.0	0.6431068181991577	0.0	0.0	0.0	0.0	0.0	0.0	0.0	0.0	0.0	2.186638832092285	0.0	0.0	0.0	0.0	0.0	0.0	0.0	0.8385817408561707	0.0	0.0	1.7269871234893799	0.0	0.0	0.7744742035865784	0.45832759141921997	0.0	0.9551238417625427	0.0	0.0	0.0	0.517811119556427	0.0	0.0	0.0	0.0	1.649548053741455	0.0	0.8411431908607483	1.5061999559402466	0.0	0.0	0.0	0.0	0.6902551054954529	1.9722481966018677	0.0	0.25447770953178406	1.393449068069458	0.0	0.0	0.0	0.0	0.0	0.0	0.0	0.0	0.0	1.3692429065704346	0.0	2.339954137802124	0.0	1.2688580751419067	0.0	0.0	1.3940848112106323	0.0	0.0	0.0	0.0	0.0	0.0	2.391601085662842	0.0	0.330646276473999	0.3803327977657318	0.0	0.0	1.0705814361572266	0.0	0.0	0.0	2.4569783210754395	0.4804939031600952	1.3887842893600464	1.3256796598434448	0.0	0.0	0.0	1.997967004776001	0.0	2.880655288696289	1.5280693769454956	0.0	0.0	0.0	0.06792239844799042	2.405306816101074	0.0	0.0	0.0	0.0	0.16403193771839142	0.0	0.0	0.0	1.866672158241272	1.537278413772583	0.33304083347320557	0.0	0.7304806709289551	0.0	0.0	0.19991901516914368	0.0	0.0	0.0	1.0767192840576172	0.0	0.0
0.0	0.0	0.0	0.0	2.453463315963745	0.0	0.0	0.0	1.8740123510360718	0.0	2.618100643157959	0.0	0.0	0.0	0.03000234067440033	2.2875728607177734	0.28760477900505066	0.0	0.0	0.0	0.0	0.3197898268699646	0.0	0.0	0.0	0.0	0.0	0.428937166929245	0.0	0.0	0.0	2.5456857681274414	0.0	0.0	0.0	0.7765331864356995	0.0	0.0	0.01494682114571333	0.0	0.0	0.0	0.0	0.9688152074813843	0.0	0.0	1.017465591430664	0.0	0.0	1.302049160003662	0.0	0.0	0.0	0.0	0.0	0.0	0.0	0.0	0.1978183090686798	0.3093984127044678	0.0	0.0	0.0	0.0	0.0	0.0	0.0	0.0	0.0	0.0	0.361142635345459	0.0	0.0	1.2625365257263184	0.0	0.0	0.19850535690784454	0.0	0.0	0.0	0.0	0.0	0.9003753662109375	0.0	0.12388621270656586	0.0	0.0	0.0	0.727511465549469	0.0	0.0	0.0	0.0	0.5240002870559692	0.0	0.0	0.0	0.0	0.0	0.0	0.0	2.268404722213745	0.0	0.0	0.0	0.0	0.0	0.9469090104103088	0.0	1.6203300952911377	0.0	0.0	0.0	0.0	0.0	0.0	0.4712017774581909	0.0	1.9212985038757324	0.0	0.0	0.2520829141139984	0.0	1.6628886461257935	0.0	1.1902871131896973	0.0	0.0	0.0	2.375936269760132	0.0	0.0	0.6247828602790833	0.0	0.0	1.8273793458938599	0.8043615818023682	0.0	0.0	0.0	0.0	0.0	0.0	0.0	0.0	0.0	0.0	0.0	0.0	0.0	0.0	1.7781093120574951	0.0	0.0	0.0	0.0	0.0	1.6237884759902954	0.0	0.0	0.0	0.0877213105559349	0.0	0.5301942825317383	0.1146010160446167	0.0	0.0	1.074222207069397	0.0	0.0	0.0	0.0	0.0	0.0	0.06077452376484871	2.5771358013153076	2.3414130210876465	0.0	0.0	0.0	1.0780572891235352	0.0	0.0	0.0	0.0	0.0	0.0	0.0	0.0	0.0	0.0	0.0	0.0	0.0	0.0	0.0	0.14452654123306274	0.0	1.0142593383789062	0.0	0.0	1.492734432220459	0.0	0.0	0.0	0.0	0.0	0.0	2.1837494373321533	0.0	2.1393630504608154	1.195141077041626	0.0	0.0	0.0	0.0	0.0	0.0	0.09845199435949326	0.0	0.9201992154121399	1.9981952905654907	0.0	0.0	0.0	0.0	0.8537710905075073	0.6640411019325256	0.0	0.0	0.0	1.5982089042663574	2.296135425567627	0.0	0.0	0.0	0.0	0.0	1.1252384185791016	0.0	0.0	0.0	0.0	1.9857614040374756	0.0	0.0	2.173513412475586	0.0	0.1387193650007248	0.0	0.0	1.5278643369674683	0.0	2.4570822715759277	0.0	0.0
0.0	0.0	0.0	0.0	1.2228144407272339	0.0	0.27258384227752686	0.0	2.0292162895202637	1.4900280237197876	0.843900203704834	0.0	0.3770609200000763	1.467285394668579	0.5024842619895935	4.2836689949035645	0.0	0.38146498799324036	0.7352411150932312	0.6434260606765747	0.0	0.0	0.0	0.9621334671974182	0.0	0.0	0.7039448022842407	0.9987467527389526	0.0128362737596035	0.7815396189689636	0.6330497860908508	0.5594306588172913	0.0	0.0	0.0	1.1368682384490967	0.2958705425262451	0.0	1.1561862230300903	1.036507487297058	0.0	0.0	0.0	0.0	0.0	0.0	0.3976762890815735	0.0	0.0	0.7646276950836182	0.0	0.0	0.0	0.3676114082336426	0.0	0.0	0.0	0.0	0.6355734467506409	0.06369992345571518	0.0	0.0	0.0	0.36288565397262573	0.0	0.0	0.0	0.0	0.0	0.4361048936843872	1.5023834705352783	0.0	0.0	0.4526604115962982	0.0	0.0	1.243937373161316	0.0	0.0	0.7161783576011658	0.0	0.0	1.3203619718551636	0.0	1.3060052394866943	0.0	1.700636625289917	0.0	2.0869109630584717	0.0	0.0	0.8842422366142273	0.0	0.11480420082807541	0.0	0.0	1.74217689037323	1.9641835689544678	0.0	0.0	0.0	0.4057445228099823	0.0	0.16260085999965668	0.0	0.0	1.0036592483520508	0.6596127152442932	0.0	0.5774655342102051	0.0	0.0	0.0	0.0	0.0	0.0	1.3373674154281616	0.0	0.6313394904136658	0.0	0.8680168390274048	1.4585139751434326	0.0	0.2106417715549469	0.0	2.520246982574463	0.0	0.0	0.0	1.1609200239181519	0.0	0.0	0.5532475709915161	0.0	0.0	0.861039936542511	1.846556305885315	0.0	0.0	0.0	0.0	0.0	0.0	0.0	0.7551156282424927	0.0	2.1068265438079834	0.0	0.0	0.0	0.0	1.688445806503296	0.0	0.0	0.1224396750330925	0.0	0.0	2.8217709064483643	0.0	0.0	0.0	0.7124342322349548	0.0	1.5556329488754272	0.16104093194007874	0.0	0.0	1.473490834236145	0.0	0.0	0.0	0.0	0.1816263347864151	0.0	1.5033831596374512	1.4298986196517944	0.3127458691596985	0.0	0.0	0.0	2.128593683242798	0.9071518182754517	0.0	0.0	0.49818235635757446	0.0	0.0	0.0	0.0	0.0	0.0	0.0	0.0	0.0	1.095041036605835	0.0	0.7918737530708313	0.0	1.8827096223831177	0.0	0.0	0.8600408434867859	0.0	0.0	0.0	0.0	0.0	0.0	4.49260950088501	0.0	1.8532330989837646	1.7179749011993408	0.45498719811439514	0.0	0.0	0.0	0.0	0.0	1.7107923030853271	0.697063148021698	0.9734944105148315	3.187499523162842	0.0	0.0	0.0	0.40831229090690613	0.9161425828933716	1.084248661994934	0.6696489453315735	0.0	0.0	0.9100767970085144	1.3963724374771118	2.353996753692627	0.0	0.0	0.0	0.0	1.385341763496399	0.0	0.0	0.0	0.5581491589546204	1.4576714038848877	0.39659738540649414	0.0	1.963930606842041	0.0	1.0387409925460815	0.0	0.0	1.1932317018508911	0.0	2.543769598007202	0.0	0.0
0.0	0.0	0.0	0.0	0.8932821154594421	0.0	0.8720676898956299	0.0	1.1514310836791992	1.2192480564117432	0.3397965431213379	0.0	0.8250671029090881	0.6006210446357727	0.0	2.400439739227295	0.0	0.0	0.5458260178565979	0.9556043148040771	0.10520815849304199	1.814599633216858	0.0	0.0	0.0	0.0	0.7097727656364441	0.20910902321338654	0.39444413781166077	0.4717339873313904	0.2528996169567108	1.9513881206512451	0.0	0.0	0.0	0.591145396232605	1.0509780645370483	0.0	1.9395092725753784	1.0906122922897339	0.0	0.0	0.0	0.0	0.0	0.0	0.0	0.0	0.0	0.0	0.0	0.0	0.0	0.05247437581419945	1.7657520771026611	0.0	0.0	0.0	1.4699565172195435	0.44735661149024963	0.0	0.0	0.0	0.23180972039699554	0.0	0.0	0.0	0.0	0.0	1.7847719192504883	0.7086979150772095	0.0	0.0	0.5685791969299316	0.0	0.0	0.5759228467941284	0.0	0.0	0.7014425992965698	0.0	0.0	0.41797173023223877	0.8566147685050964	1.7974717617034912	0.0	1.309810996055603	0.0	0.5887093544006348	0.0	0.0	0.6223341226577759	0.0	1.4933613538742065	0.0	0.0	1.0533957481384277	0.0	0.0	0.0	0.0	0.0	0.0	0.9534932374954224	0.0	0.0	0.11281026154756546	0.0	0.0	0.0	0.0	0.0	0.0	0.0	0.0	0.0	0.10923943668603897	0.0	0.28390568494796753	0.0	0.0	0.6982442736625671	0.0	0.9637601375579834	0.018466463312506676	0.8179183602333069	0.0	0.0	0.0	0.0	0.0	0.0	0.0	0.0	0.0	0.5594277381896973	0.5745518207550049	0.0	0.0	0.9497728943824768	0.0	0.0	0.0	0.0	0.0	0.0	0.2546633780002594	0.0	0.0	0.0	0.0	0.6802613139152527	0.0	0.0	1.4203495979309082	0.0	0.0	0.7067607641220093	0.0	0.0	0.19540050625801086	0.563033938407898	0.0	0.04558875039219856	0.8817722201347351	0.0	1.1859967708587646	1.0699468851089478	0.0	0.0	0.0	0.0	0.3390164375305176	0.0	0.0	1.3963185548782349	0.18092507123947144	0.0	0.0	0.0	1.0694137811660767	0.8590421080589294	0.0	0.0	1.3210822343826294	0.0	0.0	0.0	0.0	0.0	0.0	0.0	0.0	0.0	0.841874361038208	0.0	2.3118512630462646	0.0	1.0138604640960693	0.0	0.0	0.0	0.0	0.0	0.0	0.0	0.0	0.0	2.6095290184020996	0.0	0.6815258264541626	0.5386455655097961	0.0	0.0	0.0	0.0	0.0	0.0	1.7569797039031982	0.25332099199295044	0.1931116282939911	1.0785491466522217	0.0	0.0	0.0	1.2738630771636963	0.14460672438144684	2.129276990890503	0.7108078002929688	0.0	0.0	0.0	0.9177568554878235	0.762142539024353	0.0	0.0	0.0	0.0	0.311882883310318	0.0	0.0	0.0	0.8808522820472717	0.7212821245193481	1.1479883193969727	0.0	0.651201069355011	0.0	1.0555214881896973	0.0	0.0	0.4265943467617035	0.0	0.6003994941711426	0.0	0.0
0.0	0.0	0.0	0.11823587864637375	0.41910019516944885	0.0	0.41589316725730896	0.0	0.6135397553443909	0.7134890556335449	0.2662084400653839	0.0	0.6215409636497498	0.6952558159828186	0.28356656432151794	0.8965621590614319	0.0	0.21332016587257385	0.40976935625076294	0.4297914206981659	0.2157859355211258	0.3159046173095703	0.0	0.6624167561531067	0.0	0.0	0.6738730669021606	0.49193206429481506	0.17778491973876953	0.5753792524337769	0.5553531646728516	0.569869339466095	0.0	0.11382762342691422	0.0	0.4349372386932373	0.31277990341186523	0.0	0.6129733920097351	0.5677038431167603	0.0	0.0	0.0	0.0	0.0	0.0	0.0	0.0	0.0	0.5596053004264832	0.0	0.0	0.0	0.0	0.4364485740661621	0.0	0.0	0.5486224889755249	0.8447129726409912	0.0	0.0	0.0	0.0	0.3766346573829651	0.0	0.0	0.0	0.0	0.0	0.3607623279094696	0.608599841594696	0.0	0.0	0.24251112341880798	0.0	0.0	0.4625515043735504	0.2550881803035736	0.0	0.5991564393043518	0.0	0.0	0.41999927163124084	0.1455335021018982	0.8285801410675049	0.0	0.6251397132873535	0.0	0.015887856483459473	0.0	0.0	0.7995758056640625	0.0	0.518639087677002	0.0	0.3119036555290222	0.8271499276161194	0.4422929286956787	0.0	0.30275774002075195	0.0	0.29271790385246277	0.0	0.2562865912914276	0.0	0.0	0.348184198141098	0.03631487488746643	0.0	0.0	0.0	0.0	0.0	0.0	0.0	0.0	0.42986369132995605	0.0	0.04708504304289818	0.0	0.34626275300979614	0.6274402737617493	0.0	0.0023872817400842905	0.0	0.6667975783348083	0.0	0.0	0.0	0.07924487441778183	0.11992548406124115	0.0	0.33601367473602295	0.0	0.0	0.31303688883781433	0.3758060336112976	0.0	0.0	0.0	0.0	0.0	0.0	0.8008254766464233	0.690575897693634	0.0	0.22052478790283203	0.0	0.0	0.0	0.0	0.41421064734458923	0.0	0.0	0.5075458884239197	0.0	0.0	0.8487763404846191	0.0	0.0	0.08389496803283691	0.4840761721134186	0.28600993752479553	0.6317877769470215	0.42966553568840027	0.0	0.06078587844967842	0.7501963376998901	0.0	0.0	0.0	0.0	0.13536517322063446	0.0	1.1158217191696167	0.1995355784893036	0.0	0.0	0.0	0.4229152500629425	0.6904323697090149	0.7531947493553162	0.0	0.0	0.4624466001987457	0.0	0.0	0.0	0.0	0.0	0.0	0.0	0.0	0.0	0.4980217516422272	0.0	0.7761092185974121	0.0	0.453459233045578	0.3200362026691437	0.0	0.0	0.0	0.0	0.0	0.0	0.0	0.0	1.0823243856430054	0.0	0.4018508195877075	0.6717686653137207	0.3592289686203003	0.0	0.27342289686203003	0.0	0.0	0.0	0.6557081341743469	0.714713454246521	0.1651017963886261	0.8212646842002869	0.0	0.0	0.0	0.3268079459667206	0.6841699481010437	0.797240138053894	0.7364535927772522	0.0	0.0	0.024656489491462708	0.461447536945343	0.5915899872779846	0.0	0.0	0.0	0.0	0.3521655797958374	0.0	0.0	0.0	0.6453657746315002	0.009181848727166653	0.5101708769798279	0.0	0.5638045072555542	0.0	0.6480172872543335	0.49904564023017883	0.0	1.2105871438980103	0.0	0.14990100264549255	0.0	0.0
0.0	0.0	0.0	0.589467465877533	0.6725221276283264	0.0	0.8223199248313904	0.0	1.964797854423523	0.0	0.792975664138794	0.0	1.216339349746704	1.5793824195861816	0.0	4.20820426940918	0.0	0.7674130201339722	0.9460415840148926	0.21412095427513123	0.0	0.881309449672699	0.0	0.7950928211212158	0.0	0.0	0.32161054015159607	0.0	1.0196301937103271	1.6198772192001343	1.4807831048965454	0.48342856764793396	0.0	0.0	0.0	0.0	1.0549284219741821	0.0	1.4013766050338745	1.4082450866699219	0.0	0.0	0.0	0.0	0.0	0.0	1.031618356704712	0.0	0.0	0.0	0.0	0.0	0.0	0.7042993903160095	0.8319029808044434	0.0	0.0	0.0	0.12699256837368011	1.1112289428710938	0.0	0.0	0.0	0.13261733949184418	0.0	0.0	0.0	0.0	0.0	0.7884997725486755	1.758139729499817	0.0	0.0	0.0	0.0	0.0	0.8936859965324402	0.0	0.0	0.0	0.0	0.0	2.433701515197754	0.4451451599597931	1.7210075855255127	0.0	1.7197314500808716	0.0	1.5049670934677124	0.0	0.0	0.0	0.0	0.0	0.0	0.0	1.7919000387191772	0.07812265306711197	0.0	0.0	0.0	0.5910098552703857	0.0	0.6363309025764465	0.0	0.0	1.359510898590088	0.0	0.0	1.4522650241851807	0.0	0.0	0.0	0.0	0.0	0.0	0.08064604550600052	0.0	0.07499941438436508	0.0	1.4204670190811157	1.1813278198242188	0.0	0.0	0.8108415007591248	1.452636957168579	0.0	0.0	0.0	0.12495098263025284	0.0	0.0	0.08357429504394531	0.0	0.0	1.5283030271530151	1.172734022140503	0.0	0.0	0.0	0.0	0.0	0.0	0.0	0.0	0.0	2.5400874614715576	0.0	0.0	0.0	0.0	0.5250174403190613	0.0	0.0	0.0	0.0	0.0	2.512491226196289	0.0	0.0	0.30875134468078613	0.0	0.0	1.623327612876892	0.32848280668258667	0.0	0.0	1.4039174318313599	0.0	0.0	0.0	0.0	1.1175729036331177	0.0	1.2865772247314453	2.0475082397460938	0.2458983212709427	0.0	0.0	0.0	1.631284236907959	1.3936315774917603	0.0	0.0957527831196785	0.41004693508148193	0.0	0.0	0.0	0.0	0.0	0.0	0.0	0.0	0.0	0.9853251576423645	0.0	1.5288996696472168	0.0	1.6084882020950317	0.0	0.0	1.8496088981628418	0.0	0.0	0.0	0.0	0.0	0.0	2.777935266494751	0.0	0.9217437505722046	0.39894554018974304	0.0	0.0	0.34629079699516296	0.0	0.0	0.0	2.430386781692505	0.22989137470722198	2.1293752193450928	2.1671526432037354	0.0	0.0	0.0	1.2916523218154907	0.0	2.488654136657715	1.342885136604309	0.0	0.0	0.04776199534535408	0.9054412245750427	1.9865007400512695	0.0	0.0	0.0	0.0	1.3367127180099487	0.0	0.0	0.0	1.3221842050552368	1.4802685976028442	0.22879895567893982	0.0	2.366867780685425	0.0	0.0	0.17136099934577942	0.0	0.0	0.0	1.6766506433486938	0.0	0.0
0.0	0.0	0.0	0.15931455790996552	0.8230865001678467	0.0	0.0	0.0	3.204965114593506	0.035890400409698486	2.5334742069244385	0.0	0.6510416865348816	1.3319908380508423	0.3366847634315491	5.44584321975708	0.0	0.0	0.6306114196777344	0.0	0.0	0.0	0.0	0.4096180498600006	0.0	0.0	0.3895493149757385	0.0	0.8222630023956299	1.8772119283676147	0.0	0.9303150177001953	0.0	0.0	0.0	0.0	0.2539218068122864	0.0	0.025501234456896782	0.2830154001712799	0.0	0.0	0.0	0.0	0.0	0.0	2.055759906768799	0.0	0.0	1.414795994758606	0.0	0.0	0.0	0.44004446268081665	0.0	0.0	0.0	0.0	0.0	0.5825604200363159	0.0	0.0	0.0	0.0	0.0	0.0	0.0	0.0	0.0	0.116742342710495	1.204964280128479	0.0	0.0	0.0	0.0	0.0	0.0	0.0	0.0	0.0	0.0	0.0	2.7674694061279297	0.0	0.8915809988975525	0.0	0.5851707458496094	0.0	2.1303517818450928	0.0	0.0	0.0	0.0	0.0	0.0	0.0	0.8819353580474854	0.0	0.0	0.0	0.0	1.8134113550186157	0.0	0.18704761564731598	0.0	0.0	0.8438142538070679	0.15635986626148224	0.0	1.085381269454956	0.0	0.0	0.0	0.0	0.8521242141723633	0.0	0.33713018894195557	0.0	0.4632604122161865	0.0	1.3356773853302002	1.5076382160186768	0.0	0.0	0.0	1.9926917552947998	0.0	0.0	0.0	1.7453233003616333	0.0	0.0	0.0	0.0	0.0	2.3347928524017334	1.4886544942855835	0.0	0.0	0.0	0.0	0.0	0.0	0.0	0.0	0.0	1.6432467699050903	0.0	0.0	0.0	0.0	1.9850705862045288	0.0	0.0	0.0	0.0	0.0	3.597991466522217	0.0	0.0	0.0	0.6534097790718079	0.0	1.1679327487945557	0.0	0.0	0.0	1.6473536491394043	0.0	0.0	0.0	0.0	0.3488976061344147	0.0	1.7174216508865356	2.2927401065826416	1.1827393770217896	0.0	0.0	0.0	2.5873429775238037	0.5781976580619812	0.0	1.3304164409637451	0.0	0.0	0.0	0.0	0.0	0.0	0.0	0.0	0.0	0.0	0.6630638241767883	0.0	0.5918185114860535	0.0	2.0396828651428223	0.0	0.0	1.8319510221481323	0.0	0.0	0.0	0.0	0.0	0.0	4.111848831176758	0.0	2.251990795135498	1.2119975090026855	0.0	0.0	0.6575174927711487	0.0	0.0	0.0	0.7755791544914246	0.0	2.0543835163116455	3.3611278533935547	0.0	0.0	0.0	0.2532261908054352	0.0	2.122622013092041	0.0	0.0	0.0	0.6906644701957703	1.7188771963119507	1.3650211095809937	0.0	0.0	0.0	0.0	2.4875824451446533	0.0	0.0	0.0	0.5672386288642883	3.0600943565368652	0.0	0.0	3.305635452270508	0.0	0.0	0.0	0.0	0.5951300859451294	0.0	3.3840997219085693	0.0	0.0
0.0	0.0	0.0	0.5643114447593689	0.6607840657234192	0.0	1.4997059106826782	0.0	1.8161131143569946	1.7182618379592896	0.0	0.0	1.151357889175415	1.6563820838928223	0.0	3.225461006164551	0.0	0.8939793705940247	1.3737540245056152	0.754247784614563	0.4602958858013153	1.245940923690796	0.0	0.2763374447822571	0.0	0.0	0.6835886836051941	0.7128156423568726	1.5042204856872559	1.9583371877670288	0.7201715707778931	0.805657684803009	0.0	0.0	0.0	0.5564787983894348	1.7253425121307373	0.0	1.8512262105941772	1.5005322694778442	0.0	0.0	0.0	0.0	0.0	0.0	0.7812009453773499	0.0	0.0	0.0	0.0	0.0	0.0	1.4211817979812622	1.476142406463623	0.0	0.0	0.002782162744551897	1.399762511253357	0.8658463954925537	0.0	0.0	0.0	0.0	0.0	0.0	0.0	0.0	0.0	2.126152753829956	0.33161506056785583	0.0	0.0	0.0	0.0	0.0	1.0029371976852417	0.0	0.0	0.5054699182510376	0.0	0.0	1.314540147781372	0.6752128601074219	2.8175363540649414	0.0	2.1475284099578857	0.0	0.0	0.0	0.0	0.7385936975479126	0.0	1.7259504795074463	0.0	1.1947722434997559	2.2332420349121094	0.22763575613498688	0.0	0.0	0.0	0.24675904214382172	0.0	1.5108550786972046	0.0	0.0	1.0350216627120972	0.0	0.0	0.0	0.0	0.0	0.0	0.0	0.0	0.0	0.08612062782049179	0.0	0.0	0.0	1.345279574394226	1.003381371498108	0.0	0.0	0.1388183832168579	0.9170109629631042	0.0	0.0	0.0	0.0	0.0	0.0	0.2721662223339081	0.0	0.0	0.0	0.6720913052558899	0.0	0.0	0.4612581133842468	0.0	0.0	0.0	0.0	0.0	0.0	1.1052379608154297	0.0	0.0	0.0	0.0	0.41537296772003174	0.0	0.0	0.575197696685791	0.0	0.0	2.125001907348633	0.0	0.0	0.008313706144690514	0.8293107748031616	0.0	0.8800524473190308	0.24944204092025757	0.0	0.0	1.0919278860092163	0.0	0.0	0.0	0.0	1.8870551586151123	0.0	0.9672278761863708	1.4030245542526245	0.0	0.0	0.0	0.0	1.294569730758667	1.093140721321106	0.0	0.0	0.7872897386550903	0.0	0.0	0.0	0.0	0.0	0.0	0.0	0.0	0.0	1.0980476140975952	0.0	2.0593855381011963	0.0	1.3962284326553345	0.0	0.0	0.02062811516225338	0.0	0.0	0.0	0.0	0.0	0.0	3.3919801712036133	0.0	0.6841269731521606	1.2370504140853882	0.0	0.0	0.3010285496711731	0.0	0.0	0.0	2.2250726222991943	0.6674699783325195	1.3582926988601685	2.0294454097747803	0.0	0.0	0.0	1.6422202587127686	0.0	2.3067023754119873	1.2208806276321411	0.0	0.0	0.0	0.13977603614330292	1.5821868181228638	0.0	0.0	0.0	0.0	0.13272114098072052	0.0	0.0	0.0	1.1862261295318604	1.137381672859192	0.6276571750640869	0.0	1.011971354484558	0.0	0.6173028945922852	0.3757150173187256	0.0	0.05131947621703148	0.0	1.1014657020568848	0.0	0.0
0.0	0.0	0.0	0.07265830785036087	0.9493353962898254	0.0	0.4924194812774658	0.0	2.589782476425171	0.4355590343475342	0.781850278377533	0.0	0.2864883542060852	2.365459680557251	0.0	4.417974472045898	0.0	0.5845653414726257	0.9215753078460693	0.4259054958820343	0.0	0.6326658129692078	0.0	0.11936233937740326	0.0	0.0	0.26118361949920654	0.0	0.7072908282279968	2.4153058528900146	0.9084482789039612	0.6722169518470764	0.0	0.0	0.0	0.0	1.0006358623504639	0.0	1.1674003601074219	0.7527856230735779	0.0	0.0	0.0	0.0	0.0	0.0	0.8902249336242676	0.0	0.0	0.2431720346212387	0.0	0.0	0.0	0.564128041267395	0.7374549508094788	0.0	0.0	0.0	0.19163578748703003	0.28484705090522766	0.0	0.0	0.0	0.0	0.0	0.0	0.0	0.0	0.0	1.3072280883789062	2.53678560256958	0.0	0.0	0.0	0.0	0.0	0.41694310307502747	0.0	0.0	0.5155870914459229	0.0	0.0	2.6067278385162354	0.0	1.4955259561538696	0.0	2.1696629524230957	0.0	1.2975573539733887	0.0	0.0	0.07770899683237076	0.0	0.8916146159172058	0.0	0.0	1.161805272102356	0.0	0.0	0.0	0.0	1.0878822803497314	0.0	0.4650534391403198	0.0	0.0	1.4137157201766968	0.0	0.0	0.12494584172964096	0.0	0.0	0.0	0.0	0.0	0.0	0.06412505358457565	0.0	0.41237738728523254	0.0	0.52338045835495	1.7591161727905273	0.0	0.0	0.0407920703291893	1.9991787672042847	0.0	0.0	0.0	0.3519958555698395	0.0	0.0	0.0	0.0	0.0	1.8540135622024536	0.8713404536247253	0.0	0.0	0.8036962747573853	0.0	0.0	0.0	0.0	0.0	0.0	2.1400246620178223	0.0	0.0	0.0	0.0	1.1991477012634277	0.0	0.0	0.0	0.0	0.0	2.9487709999084473	0.0	0.0	0.0	0.0	0.0	1.2725111246109009	0.8531253337860107	0.0	0.0	1.4640283584594727	0.0	0.0	0.0	0.0	0.8491754531860352	0.0	1.4263335466384888	2.179537296295166	0.7415684461593628	0.0	0.0	0.0	2.7527990341186523	0.9623094201087952	0.0	0.0	0.43038856983184814	0.0	0.0	0.0	0.0	0.0	0.0	0.0	0.0	0.0	1.0124555826187134	0.0	1.9523301124572754	0.0	2.2578389644622803	0.0	0.0	1.59918212890625	0.0	0.0	0.0	0.0	0.0	0.0	3.630753993988037	0.0	2.50205135345459	0.9509742856025696	0.8016154766082764	0.0	0.3429962694644928	0.0	0.0	0.0	1.318292498588562	0.0	1.1246503591537476	3.505357503890991	0.0	0.0	0.0	0.9298868775367737	0.0	2.351461172103882	1.0774539709091187	0.0	0.0	0.26409703493118286	0.8033254742622375	1.1938750743865967	0.0	0.0	0.0	0.0	1.846973180770874	0.0	0.0	0.0	0.5090641975402832	2.0139353275299072	0.0	0.0	2.6113457679748535	0.0	0.0	0.16148662567138672	0.0	0.0	0.0	2.2731447219848633	0.0	0.0
0.0	0.0	0.0	0.6298441886901855	1.1798410415649414	0.0	0.2333630621433258	0.0	2.2497353553771973	0.28774553537368774	1.9466837644577026	0.0	0.3032565116882324	0.8574708700180054	0.0	3.4101696014404297	0.3869287967681885	0.0	0.4839220643043518	0.0	0.0	0.5913712978363037	0.0	0.11329974979162216	0.0	0.0	0.566480815410614	0.5103604197502136	0.19086147844791412	0.8301267027854919	0.24877479672431946	0.7247982621192932	0.0	0.0	0.0	0.0	0.5358135104179382	0.0	0.26618099212646484	0.6143813133239746	0.0	0.0	0.0	0.0	0.0	0.0	1.4619531631469727	0.0	0.0	0.846917450428009	0.0	0.0	0.0	0.0	0.0	0.0	0.0	0.028344755992293358	0.2083766907453537	0.7527205348014832	0.0	0.0	0.0	0.0	0.0	0.0	0.0	0.0	0.0	0.6530337929725647	1.7182906866073608	0.0	0.0	0.7809248566627502	0.0	0.0	0.6632241606712341	0.0	0.0	0.105791375041008	0.0	0.0	1.990412712097168	0.7384099364280701	1.0362401008605957	0.0	0.6991504430770874	0.0	1.5898478031158447	0.0	0.0	0.0	0.0	0.1440868228673935	0.0	0.30706971883773804	0.44019633531570435	0.0	0.0	0.0	0.0	1.9534493684768677	0.0	0.0	0.0	0.0	1.118896484375	0.29553988575935364	0.0	1.8123846054077148	0.0	0.0	0.0	0.0	0.0	0.0	0.28984159231185913	0.0	0.08090222626924515	0.0	0.0	0.9947214722633362	0.0	0.3930865228176117	0.3006141185760498	1.8838108777999878	0.0	0.0	0.0	1.7607707977294922	0.0	0.0	0.6528618931770325	0.0	0.0	1.3168359994888306	1.6159218549728394	0.0	0.0	0.0	0.0	0.0	0.0	0.0	0.0	0.0	1.1077475547790527	0.0	0.0	2.6267004013061523	0.0	1.6516798734664917	0.0	0.0	0.12840212881565094	0.0	0.0	2.708423376083374	0.0	0.0	0.0	1.2348883152008057	0.0	1.7228059768676758	0.1193496584892273	0.0	0.0	0.8882312178611755	0.0	0.0	0.0	0.0	0.4886917471885681	0.0	0.0	2.2871406078338623	2.0584237575531006	0.0	0.0	0.0	1.01688551902771	0.1899765133857727	0.0	0.0	0.0	0.0	0.0	0.0	0.0	0.0	0.0	0.0	0.0	0.0	0.7314797639846802	0.0	0.7953665852546692	0.0	1.7566601037979126	0.0	0.0	1.9159858226776123	0.0	0.0	0.0	0.0	0.0	0.0	2.757652759552002	0.0	1.5022538900375366	1.0956131219863892	0.0	0.0	0.978357195854187	0.0	0.0	0.0	1.1993328332901	0.0	2.077486991882324	1.7364870309829712	0.0	0.0	0.0	0.7032633423805237	0.42596912384033203	1.6585850715637207	0.1533718705177307	0.0	0.0	1.0146106481552124	1.9916988611221313	1.1671043634414673	0.0	0.0	0.0	0.0	1.4580657482147217	0.0	0.0	0.0	0.7433961629867554	2.0536863803863525	0.1683920919895172	0.0	2.0545592308044434	0.0	0.0	0.0	0.0	1.572164535522461	0.0	3.368772268295288	0.0	0.0
0.0	0.0	0.0	0.0	1.3095005750656128	0.0	0.0	0.0	1.2678112983703613	0.21237725019454956	1.171702265739441	0.0	0.0	0.0	0.10729311406612396	2.77510666847229	0.0	0.0	0.0	0.52390056848526	0.0	0.0	0.0	0.0	0.0	0.0	0.0	0.17967262864112854	0.0	0.0	0.26285016536712646	2.5694146156311035	0.0	0.0	0.0	0.4650949239730835	0.17625628411769867	0.0	0.5668298006057739	0.61208176612854	0.0	0.0	0.0	0.0	0.0	0.0	1.1310583353042603	0.0	0.0	0.6338271498680115	0.0	0.0	0.0	0.0	0.47200536727905273	0.0	0.0	0.0	0.24229545891284943	0.526566207408905	0.0	0.0	0.0	0.0756983533501625	0.0	0.0	0.0	0.0	0.0	0.681968092918396	0.40872880816459656	0.0	0.0	0.4879996180534363	0.0	0.0	0.0	0.0	0.0	0.7297139167785645	0.0	0.0	0.7105507254600525	0.03664835914969444	1.3194799423217773	0.0	0.7058138251304626	0.0	0.5805856585502625	0.0	0.0	0.0	0.0	0.5515998601913452	0.0	0.13061338663101196	0.45170310139656067	1.2006289958953857	0.0	0.0	0.0	0.6998695135116577	0.0	0.30938223004341125	0.0	0.0	0.0	0.5919350385665894	0.0	0.5077190399169922	0.0	0.0	0.0	0.0	0.0	0.0	0.08511318266391754	0.0	1.9285647869110107	0.0	0.6974277496337891	0.6940593123435974	0.0	1.370958924293518	0.0	1.1273454427719116	0.0	0.0	0.0	0.9489502310752869	0.0	0.0	0.0	0.0	0.0	0.5908480882644653	0.1509588062763214	0.0	0.0	0.6087900400161743	0.0	0.0	0.0	0.0	0.0	0.0	0.9359067678451538	0.0	0.0	0.0	0.0	1.5229992866516113	0.0	0.0	0.13318590819835663	0.0	0.0	1.0450422763824463	0.0	0.0	0.0	0.0	0.0	0.7229575514793396	0.0	0.0	0.8467785716056824	1.1925872564315796	0.0	0.0	0.0	0.0	0.0	0.0	0.0	2.3699162006378174	0.43033769726753235	0.0	0.0	0.0	1.3172845840454102	0.41271382570266724	0.0	0.0	0.011361779645085335	0.0	0.0	0.0	0.0	0.0	0.0	0.0	0.0	0.0	0.0	0.0	0.4405617117881775	0.0	1.056722640991211	0.0	0.0	0.8892695307731628	0.0	0.0	0.0	0.0	0.0	0.0	2.878765106201172	0.0	1.9509211778640747	1.2932636737823486	0.0	0.0	0.0	0.0	0.0	0.0	0.44580885767936707	0.0	1.0441629886627197	3.0095503330230713	0.0	0.0	0.0	0.0	0.3416964113712311	0.8780892491340637	0.10831452906131744	0.0	0.0	0.7511820197105408	1.1681013107299805	0.33839112520217896	0.0	0.0	0.0	0.0	0.7666277885437012	0.0	0.0	0.0	0.07463431358337402	0.8910846710205078	0.0	0.0	2.293581247329712	0.0	0.2719935476779938	0.0	0.0	0.012526949867606163	0.0	1.8876547813415527	0.0	0.0
0.0	0.0	0.0	0.08836983144283295	1.4994488954544067	0.0	0.0	0.0	1.2418863773345947	1.0511956214904785	0.2778167426586151	0.0	1.2339061498641968	1.5785224437713623	0.876002848148346	3.203028678894043	0.0	0.0	1.0397588014602661	1.0556843280792236	0.0	0.7357598543167114	0.0	1.1704967021942139	0.0	0.0	0.8216035962104797	1.1450226306915283	0.8495779633522034	1.3110862970352173	0.053458355367183685	1.6821198463439941	0.0	0.0	0.0	1.4555672407150269	1.6741044521331787	0.0	1.6419795751571655	1.3702095746994019	0.0	0.0	0.0	0.0	0.0	0.0	0.19631031155586243	0.0	0.0	0.5514655709266663	0.0	0.0	0.0	0.342366486787796	0.693545937538147	0.0	0.0	0.21644064784049988	1.5407114028930664	0.41552960872650146	0.0	0.0	0.0	0.6864473819732666	0.0	0.0	0.0	0.0	0.0	0.8984794616699219	1.1251500844955444	0.0	0.0	0.0	0.0	0.0	1.1143085956573486	0.0	0.0	0.5130541324615479	0.0	0.0	0.9327583312988281	0.0	1.7590631246566772	0.0	0.867757260799408	0.0	0.0	0.0	0.0	0.1206234022974968	0.0	1.545889973640442	0.0	0.7005185484886169	1.2871122360229492	0.8950780630111694	0.0	0.0	0.0	0.3323470652103424	0.0	1.4925951957702637	0.0	0.0	0.6721323132514954	0.0	0.0	0.0	0.0	0.0	0.0	0.0	0.32606008648872375	0.0	0.3631860315799713	0.0	0.0	0.0	1.4286502599716187	0.9862379431724548	0.0	0.246217742562294	0.0	1.0330864191055298	0.0	0.0	0.0	0.0	0.0	0.0	1.3445396423339844	0.0	0.0	1.141321063041687	1.6626969575881958	0.0	0.0	0.39857974648475647	0.0	0.0	0.0	0.0	0.0	0.0	0.9466406106948853	0.0	0.0	0.0	0.0	1.0353877544403076	0.0	0.0	0.7055851221084595	0.0	0.0	1.9829000234603882	0.0	0.0	0.7263611555099487	1.1606645584106445	0.15464287996292114	1.3472273349761963	0.9895347952842712	0.0	0.27835893630981445	1.4259135723114014	0.0	0.0	0.0	0.0	0.8672670125961304	0.0	1.5478318929672241	0.9055891633033752	0.09056214988231659	0.0	0.0	0.0	2.04022216796875	0.7054723501205444	0.0	0.18663445115089417	0.7120819091796875	0.0	0.0	0.0	0.0	0.0	0.0	0.0	0.0	0.0	0.6999219655990601	0.0	1.4690370559692383	0.0	1.6912206411361694	0.0	0.0	0.6876593232154846	0.0	0.0	0.0	0.0	0.0	0.0	3.0718514919281006	0.0	1.2506240606307983	1.1349685192108154	0.17302745580673218	0.0	0.0	0.0	0.0	0.0	1.896181583404541	0.9318457841873169	0.44829311966896057	1.972151279449463	0.0	0.0	0.0	1.019797921180725	0.11923734098672867	0.8557726740837097	0.8901453614234924	0.0	0.0	0.0	0.7900949120521545	0.9875810742378235	0.0	0.0	0.0	0.0	0.8141247034072876	0.0	0.0	0.0	0.34669142961502075	0.7508472204208374	0.6532283425331116	0.0	1.9861234426498413	0.0	0.9410774111747742	0.5433439612388611	0.0	0.9667701125144958	0.0	0.7394837141036987	0.0	0.0
0.0	0.0	0.0	0.11999071389436722	1.1611484289169312	0.0	0.8267591595649719	0.0	1.299234390258789	0.5909044742584229	0.35953661799430847	0.0	0.25805363059043884	1.3448845148086548	0.0	2.4854791164398193	0.0	0.2071664184331894	0.6157511472702026	1.0224225521087646	0.0	0.9686723947525024	0.0	0.28915369510650635	0.0	0.0	0.38843920826911926	0.07603687793016434	0.33856910467147827	0.7796253561973572	0.13045485317707062	0.8838382959365845	0.0	0.0	0.0	0.0	1.3787935972213745	0.0	1.6259398460388184	1.2255040407180786	0.0	0.0	0.0	0.0	0.0	0.0	0.17682546377182007	0.0	0.0	0.0	0.0	0.0	0.0	0.0	1.1282709836959839	0.0	0.0	0.0	0.9130312204360962	0.15957024693489075	0.0	0.0	0.0	0.5400341153144836	0.0	0.0	0.0	0.0	0.0	1.5497287511825562	1.0254952907562256	0.0	0.0	0.0	0.0	0.0	0.253808856010437	0.0	0.0	0.47160714864730835	0.0	0.0	0.7886784076690674	0.551192045211792	1.4796366691589355	0.0	1.2882977724075317	0.0	0.0	0.0	0.0	0.5364139676094055	0.0	1.701378583908081	0.0	0.6484270691871643	1.48853600025177	0.2815621793270111	0.0	0.0	0.0	0.4330432713031769	0.0	0.3289535641670227	0.0	0.0	0.6043287515640259	0.0	0.0	0.0	0.0	0.0	0.0	0.0	0.0	0.0	0.781308114528656	0.0	0.021463384851813316	0.0	0.30720365047454834	1.1234761476516724	0.0	0.42643940448760986	0.06759887933731079	1.0056910514831543	0.0	0.0	0.0	0.03809626027941704	0.0	0.0	0.2111842781305313	0.0	0.0	0.4367499053478241	0.7950477004051208	0.0	0.0	0.0	0.0	0.0	0.0	0.0	0.0	0.0	0.834747850894928	0.0	0.0	0.0	0.0	0.313834011554718	0.0	0.0	0.846049964427948	0.0	0.0	1.4224467277526855	0.0	0.0	0.39970630407333374	0.7853388786315918	0.0	1.1583720445632935	0.1395154893398285	0.0	0.0	0.5824909806251526	0.0	0.0	0.0	0.0	0.5982941389083862	0.0	0.6459335684776306	0.8523387312889099	0.002424008445814252	0.0	0.0	0.0	1.0375839471817017	0.621787965297699	0.0	0.0	0.6328895688056946	0.0	0.0	0.0	0.0	0.0	0.0	0.0	0.0	0.0	1.2498900890350342	0.0	1.3885159492492676	0.0	0.8572673201560974	0.0	0.0	0.47633662819862366	0.0	0.0	0.0	0.0	0.0	0.0	2.476384162902832	0.0	0.3800968527793884	1.0865334272384644	0.0	0.0	0.0	0.0	0.0	0.0	1.483001947402954	0.3527502715587616	0.17824582755565643	1.3046995401382446	0.0	0.0	0.0	0.6009402871131897	0.02837163582444191	1.285380482673645	0.9938085079193115	0.0	0.0	0.0	0.4844670295715332	0.535175621509552	0.0	0.0	0.0	0.0	0.4982474744319916	0.0	0.0	0.0	0.43465685844421387	0.1824701875448227	0.7439043521881104	0.0	1.7532248497009277	0.0	0.2076626569032669	0.0	0.0	0.0	0.0	1.0728474855422974	0.0	0.0
0.0	0.0	0.0	0.0	2.0970728397369385	0.0	0.6122205853462219	0.0	1.8162535429000854	1.3467415571212769	0.0	0.0	1.265984296798706	1.276213526725769	0.0	3.3243765830993652	0.0	0.23128215968608856	1.5476824045181274	0.8371087312698364	0.25331762433052063	1.652903437614441	0.0	0.23420539498329163	0.0	0.0	0.9647951126098633	0.6780385971069336	0.4125441610813141	1.233491063117981	0.0	2.048752784729004	0.0	0.0	0.0	0.43735331296920776	2.094205856323242	0.0	2.405726432800293	1.4178155660629272	0.0	0.0	0.0	0.0	0.0	0.0	0.0	0.0	0.0	0.3777926564216614	0.0	0.0	0.0	0.34543707966804504	1.6830153465270996	0.0	0.0	0.0	2.204031467437744	0.34536951780319214	0.0	0.0	0.0	0.6429003477096558	0.0	0.0	0.0	0.0	0.0	2.7602200508117676	1.0809130668640137	0.0	0.0	0.0	0.0	0.0	1.0948678255081177	0.0	0.0	0.730088472366333	0.0	0.0	1.0082228183746338	0.7450305819511414	2.7587249279022217	0.0	2.1060168743133545	0.0	0.0	0.0	0.0	0.7122554779052734	0.0	2.8651061058044434	0.0	0.8869442343711853	1.9737205505371094	0.6065686345100403	0.0	0.0	0.0	0.0	0.0	1.892507553100586	0.0	0.0	0.0	0.0	0.0	0.0	0.0	0.0	0.0	0.0	0.0	0.0	0.0	0.0	0.20643197000026703	0.0	0.7577860951423645	0.6489717364311218	0.0	1.219645619392395	0.0	0.7529817223548889	0.0	0.0	0.0	0.0	0.0	0.0	0.732907235622406	0.0	0.0	0.9318568110466003	0.861343502998352	0.0	0.0	2.569474220275879	0.0	0.0	0.0	0.0	0.0	0.0	0.39994242787361145	0.0	0.0	0.0	0.0	0.6063129901885986	0.0	0.0	1.6065722703933716	0.0	0.0	1.8444101810455322	0.0	0.0	0.5460452437400818	1.0892677307128906	0.0	1.6535958051681519	1.1453351974487305	0.0	0.8994109630584717	0.856846809387207	0.0	0.0	0.0	0.0	0.1884377896785736	0.0	0.32830432057380676	0.9002602696418762	0.0	0.0	0.0	0.0	2.530539035797119	1.4807180166244507	0.0	0.0	1.4167845249176025	0.0	0.0	0.0	0.0	0.0	0.0	0.0	0.0	0.0	0.9199769496917725	0.0	2.6072311401367188	0.0	1.2014989852905273	0.40420037508010864	0.0	0.0	0.0	0.0	0.0	0.0	0.0	0.0	3.756171941757202	0.0	1.2650306224822998	0.9240509867668152	0.16431009769439697	0.0	0.0	0.0	0.0	0.0	2.505549669265747	0.8382734060287476	0.11609967797994614	3.1603786945343018	0.0	0.0	0.0	2.2459168434143066	0.0981430634856224	2.2044198513031006	1.4710410833358765	0.0	0.0	0.0	1.000990390777588	1.7467869520187378	0.0	0.0	0.0	0.0	0.7676391005516052	0.0	0.0	0.0	0.5867818593978882	0.38660934567451477	1.253279209136963	0.0	2.3647665977478027	0.0	1.765528678894043	0.1504419595003128	0.0	1.4875158071517944	0.0	1.2572643756866455	0.0	0.0
0.0	0.0	0.0	0.3728940784931183	1.2907058000564575	0.0	1.1721893548965454	0.0	1.727571964263916	1.392737627029419	0.0	0.0	1.6482406854629517	0.8856440782546997	0.0	2.994483709335327	0.0	1.0665733814239502	1.3890585899353027	0.6449418663978577	0.6760882139205933	2.313404083251953	0.0	0.46104419231414795	0.0	0.0	1.1521917581558228	0.0032112523913383484	0.6157382130622864	0.791705846786499	0.018533935770392418	1.773010492324829	0.0	0.19023309648036957	0.0	1.1771072149276733	1.7035231590270996	0.0	1.8776576519012451	1.6547528505325317	0.0	0.0	0.0	0.0	0.0	0.0	0.011080889962613583	0.0	0.0	0.05915503948926926	0.0	0.0	0.0	1.1181434392929077	2.3775477409362793	0.0	0.0	0.0	2.193575143814087	0.4899909794330597	0.0	0.0	0.0	0.5890382528305054	0.0	0.0	0.0	0.0	0.0	2.335350275039673	0.6828764081001282	0.0	0.0	0.0	0.0	0.0	1.1282392740249634	0.0	0.0	0.6136686205863953	0.0	0.0	0.3643273115158081	1.0005377531051636	2.1761767864227295	0.0	2.3772099018096924	0.0	0.24603742361068726	0.0	0.0	1.0959603786468506	0.0	1.837214708328247	0.0	0.2550366520881653	2.4040937423706055	0.14359284937381744	0.0	0.0	0.0	0.0	0.0	1.9552185535430908	0.0	0.0	0.8447652459144592	0.0	0.0	0.0	0.0	0.0	0.0	0.0	0.0	0.0	0.0	0.0	0.0	0.0	0.48599138855934143	0.5979172587394714	0.0	0.07597198337316513	0.0	0.5971428155899048	0.0	0.0	0.0	0.0	0.0	0.0	0.0	0.0	0.0	0.05863965302705765	0.5610378384590149	0.0	0.0	2.349439859390259	0.0	0.0	0.0	0.0	0.0	0.0	0.5225418210029602	0.0	0.0	0.0	0.0	0.22970032691955566	0.0	0.0	2.1263363361358643	0.0	0.0	1.5732033252716064	0.0	0.0	0.1665555089712143	0.4038808345794678	0.0	0.30173105001449585	1.220560908317566	0.0	1.0801845788955688	1.0698624849319458	0.0	0.0	0.0	0.0	0.7011228799819946	0.0	1.9726707935333252	1.1714915037155151	0.0	0.0	0.0	0.0	0.4484628736972809	2.1114256381988525	0.0	0.0	1.3976908922195435	0.0	0.0	0.0	0.0	0.0	0.0	0.0	0.0	0.0	0.9206076264381409	0.0	2.362663507461548	0.0	0.8388274312019348	0.0	0.0	0.0	0.0	0.0	0.0	0.0	0.0	0.0	2.393446683883667	0.0	0.5319191217422485	0.30974704027175903	0.0465385839343071	0.0	0.04312724247574806	0.0	0.0	0.0	2.474238872528076	1.0905381441116333	0.6389585733413696	1.3803240060806274	0.0	0.0	0.0	2.3189756870269775	0.0	2.074955701828003	1.657792568206787	0.0	0.0	0.0	0.7820359468460083	1.8388564586639404	0.0	0.0	0.0	0.0	0.12877222895622253	0.0	0.0	0.0	1.398472785949707	0.0	1.4296116828918457	0.0	0.5536133646965027	0.0	1.3638743162155151	0.6001652479171753	0.0	2.217169761657715	0.0	0.78680819272995	0.0	0.0
0.0	0.0	0.0	0.0	1.1473383903503418	0.0	0.0	0.0	2.14481258392334	0.9648194909095764	0.6110562682151794	0.0	1.0713509321212769	1.1651790142059326	0.0	3.405025005340576	0.0	0.9607623815536499	1.2962672710418701	0.21095721423625946	0.0	0.35227251052856445	0.0	0.35525253415107727	0.0	0.0	0.47058454155921936	0.008590984158217907	0.0	1.0499894618988037	0.5589452385902405	0.6254457831382751	0.0	0.0	0.0	1.0003893375396729	1.4722487926483154	0.0	1.2403851747512817	1.2003101110458374	0.0	0.0	0.0	0.0	0.0	0.0	0.4155012369155884	0.0	0.0	0.0	0.0	0.0	0.0	0.23958386480808258	1.3385989665985107	0.0	0.0	0.0	1.2328319549560547	0.0	0.0	0.0	0.0	0.0	0.0	0.0	0.0	0.0	0.0	1.3440078496932983	0.8769345879554749	0.0	0.0	0.0	0.0	0.0	1.2376121282577515	0.0	0.0	0.7050285339355469	0.0	0.0	1.4357737302780151	0.0	0.7679654955863953	0.0	1.4781776666641235	0.0	0.4207797050476074	0.0	0.0	0.6911534667015076	0.0	1.642313003540039	0.0	0.05378669500350952	1.7176018953323364	0.0	0.0	0.0	0.0	0.2916103005409241	0.0	0.5239619612693787	0.0	0.0	0.4373074471950531	0.0	0.0	0.0	0.0	0.0	0.0	0.0	0.0	0.0	0.17267769575119019	0.0	0.7796070575714111	0.0	0.4357231557369232	1.3129746913909912	0.0	0.0	0.13560429215431213	1.2960009574890137	0.0	0.0	0.0	0.0	0.0	0.0	0.5618141889572144	0.0	0.0	1.3296642303466797	1.6811052560806274	0.0	0.0	0.8636667728424072	0.0	0.0	0.0	0.32125169038772583	0.11372748762369156	0.0	1.499147891998291	0.0	0.0	0.0	0.0	1.0070058107376099	0.0	0.0	0.6947533488273621	0.0	0.0	1.6392579078674316	0.0	0.0	0.0	0.3093573749065399	0.0	0.7811800241470337	0.7297678589820862	0.0	0.0	1.1025830507278442	0.0	0.0	0.0	0.0	1.005305290222168	0.0	2.760282278060913	1.2217775583267212	0.0	0.0	0.0	0.0	1.570527195930481	1.032088279724121	0.0	0.0	0.5965785384178162	0.0	0.0	0.0	0.0	0.0	0.0	0.0	0.0	0.0	1.2421494722366333	0.0	1.1123511791229248	0.0	1.5155212879180908	0.0	0.0	0.8119447827339172	0.0	0.0	0.0	0.0	0.0	0.0	3.425522804260254	0.0	1.7396106719970703	0.7776679992675781	0.35486868023872375	0.0	0.12187659740447998	0.0	0.0	0.0	1.5668808221817017	0.5390334129333496	0.9842516183853149	2.2241249084472656	0.0	0.0	0.0	0.7698894739151001	0.3490056097507477	1.8355202674865723	1.4327789545059204	0.0	0.0	0.0	1.2112025022506714	0.7560334205627441	0.0	0.0	0.0	0.0	1.1636061668395996	0.0	0.0	0.0	0.40777963399887085	0.9943205714225769	0.8492935299873352	0.0	1.5327883958816528	0.0	1.4088153839111328	0.3162207007408142	0.0	0.4367152750492096	0.0	1.5875047445297241	0.0	0.0
0.0	0.0	0.0	0.7937517762184143	0.671189546585083	0.0	1.2097816467285156	0.0	1.8374284505844116	0.6037708520889282	0.0	0.0	1.6262966394424438	0.8921455144882202	0.44575971364974976	2.929091453552246	0.0	0.4572522044181824	1.5465537309646606	1.015067458152771	0.7098746299743652	1.6432991027832031	0.0	0.45501112937927246	0.0	0.0	1.1784782409667969	0.8658541440963745	1.1351720094680786	1.397579550743103	0.8997095823287964	0.7195137739181519	0.0	0.0	0.0	1.1027398109436035	1.78589928150177	0.0	1.925243854522705	1.0495692491531372	0.0	0.0	0.0	0.0	0.0	0.0	0.27729156613349915	0.0	0.0	0.0	0.0	0.0	0.0	0.7813507318496704	1.6072067022323608	0.0	0.0	0.0	2.187950611114502	0.7270496487617493	0.0	0.0	0.0	0.42514288425445557	0.0	0.0	0.0	0.0	0.0	1.7576137781143188	1.1369074583053589	0.0	0.0	0.0	0.0	0.0	1.0964703559875488	0.0	0.0	0.9761790633201599	0.0	0.0	1.1566449403762817	1.3793083429336548	2.1802942752838135	0.0	2.518641948699951	0.0	0.0	0.0	0.0	0.6772693395614624	0.0	1.7397265434265137	0.0	0.16494439542293549	2.1575326919555664	0.8160801529884338	0.0	0.0	0.0	0.0	0.0	2.115354537963867	0.0	0.0	0.7739675641059875	0.0	0.0	0.0	0.0	0.0	0.0	0.0	0.0	0.0	0.0	0.0	0.0	0.0	1.4367249011993408	0.46751412749290466	0.0	0.25487446784973145	0.0	0.970546543598175	0.0	0.0	0.0	0.0	0.0	0.0	0.2775251269340515	0.0	0.0	0.43805330991744995	0.8200238943099976	0.0	0.0	1.6105090379714966	0.0	0.0	0.0	0.0	0.0	0.0	0.6410127282142639	0.0	0.0	0.0	0.0	0.17760811746120453	0.0	0.0	0.9644496440887451	0.0	0.0	1.7760759592056274	0.0	0.0	1.0708650350570679	0.8362941145896912	0.0	0.8462009429931641	0.54366534948349	0.0	0.1035989373922348	1.2006523609161377	0.0	0.0	0.0	0.0	1.1255052089691162	0.0	0.13519525527954102	1.2412214279174805	0.0	0.0	0.0	0.0	1.425201416015625	1.167853593826294	0.0	0.0	1.3407105207443237	0.0	0.0	0.0	0.0	0.0	0.0	0.0	0.0	0.0	1.2709280252456665	0.0	2.330779790878296	0.0	1.496361494064331	0.0	0.0	0.0	0.0	0.0	0.0	0.0	0.0	0.0	3.5921385288238525	0.0	1.3131449222564697	0.9837384223937988	0.0	0.0	0.0	0.0	0.0	0.0	2.8374621868133545	1.0385839939117432	0.3745124340057373	1.7654671669006348	0.0	0.0	0.0	2.008819341659546	0.0	1.5114939212799072	1.489376187324524	0.0	0.0	0.0	0.3685222864151001	1.6890696287155151	0.0	0.0	0.0	0.0	0.827735185623169	0.0	0.0	0.0	0.9181056618690491	0.8658401370048523	0.9966294765472412	0.0	1.212795376777649	0.0	1.2849180698394775	0.41926854848861694	0.0	0.0	0.0	0.837135374546051	0.0	0.0
0.0	0.0	0.0	0.4020838737487793	0.34728673100471497	0.0	0.818367063999176	0.0	0.6563137769699097	0.8723970055580139	0.027404319494962692	0.0	1.034711480140686	0.8478869795799255	0.0	1.0298839807510376	0.0	0.6315598487854004	0.6854340434074402	0.380455881357193	0.49416303634643555	0.4337605834007263	0.0	0.6751664280891418	0.0	0.0	0.6318152546882629	0.6464634537696838	0.27829936146736145	0.4480876922607422	0.7442393898963928	0.49141356348991394	0.0	0.2338854819536209	0.0	0.50887531042099	0.688997745513916	0.0	0.810138463973999	0.7806771993637085	0.0	0.0	0.0	0.0	0.0	0.0	0.0	0.0	0.0	0.0	0.0	0.0	0.0	0.13275183737277985	0.859189510345459	0.0	0.0	0.22555655241012573	1.1401803493499756	0.0909004732966423	0.0	0.0	0.0	0.5484245419502258	0.0	0.0	0.0	0.0	0.0	0.8522189259529114	0.930260419845581	0.0	0.0	0.0	0.0	0.0	0.6287829875946045	0.271658718585968	0.0	0.5478839874267578	0.0	0.0	0.5703200101852417	0.1757255643606186	1.0958764553070068	0.0	0.92148357629776	0.0	0.2256583869457245	0.0	0.0	0.7488553524017334	0.0	0.6874798536300659	0.0	0.21528474986553192	1.2223845720291138	0.7205550074577332	0.0	0.2720818817615509	0.0	0.0	0.0	0.30172616243362427	0.0	0.0	0.46739909052848816	0.0	0.0	0.0	0.0	0.24490748345851898	0.0	0.0	0.0	0.0	0.6976318359375	0.0	0.007244768552482128	0.0	0.2152603715658188	0.6337233781814575	0.0	0.0	0.0	0.8024376630783081	0.08444566279649734	0.0	0.0	0.0	0.15183663368225098	0.0	0.5681697726249695	0.0	0.0	0.0	0.6603510975837708	0.0	0.0	0.5333357453346252	0.0	0.0	0.0	0.808015763759613	0.6277557015419006	0.0	0.3293936252593994	0.0	0.0	0.0	0.0	0.059239864349365234	0.0	0.0	0.6821579933166504	0.0	0.0	0.9391475319862366	0.0	0.0	0.20211133360862732	0.79854416847229	0.17693017423152924	0.6344524025917053	0.6730284094810486	0.0	0.08099010586738586	0.5628178715705872	0.0	0.0	0.0	0.0	0.25877198576927185	0.0	1.0644503831863403	0.031141094863414764	0.0	0.0	0.0	0.5289105176925659	0.5350840091705322	0.847736656665802	0.0	0.0	0.7128925919532776	0.0	0.0	0.0	0.0	0.0	0.0	0.0	0.0	0.0	0.6822521090507507	0.0	1.047684907913208	0.0	0.4435995817184448	0.4783957898616791	0.0	0.14045526087284088	0.0	0.0	0.0	0.0	0.0	0.0	1.0474026203155518	0.0	0.3278330862522125	0.46743467450141907	0.2808971107006073	0.0	0.1776515394449234	0.0	0.0	0.0	1.0902535915374756	0.8744295239448547	0.12143965065479279	0.5384488105773926	0.0	0.0	0.0	0.5857041478157043	0.5869390964508057	0.7140742540359497	0.9335837960243225	0.0	0.0	0.0	0.4754839837551117	0.941411018371582	0.0	0.0	0.0	0.0	0.3241409659385681	0.0	0.0	0.0	0.7002519965171814	0.0	0.8437260985374451	0.0	0.5779343843460083	0.0	0.7986147403717041	0.57053142786026	0.0	1.6621007919311523	0.0	0.32806912064552307	0.0	0.0
0.0	0.0	0.0	0.5277391672134399	0.36022499203681946	0.0	0.4539608359336853	0.0	2.0766823291778564	0.36964258551597595	0.7107604146003723	0.0	1.5840187072753906	0.3122424781322479	0.0	3.3954055309295654	0.0	0.9680137634277344	0.8094463348388672	0.21084237098693848	0.0	2.2770845890045166	0.0	0.16167713701725006	0.0	0.0	0.41249826550483704	0.0	0.7791088819503784	1.4140872955322266	0.3204982578754425	0.30233219265937805	0.0	0.407059907913208	0.0	0.06178886443376541	1.7023190259933472	0.0	2.051787853240967	1.405826449394226	0.0	0.0	0.0	0.0	0.0	0.0	0.0	0.0	0.0	0.0	0.0	0.0	0.0	1.1701865196228027	2.4055330753326416	0.0	0.0	0.0	0.6643804311752319	0.94454026222229	0.0	0.0	0.0	0.0	0.0	0.0	0.0	0.0	0.0	2.2302637100219727	1.2039614915847778	0.0	0.0	0.0	0.0	0.0	0.7224805355072021	0.0	0.0	0.4510761499404907	0.0	0.0	2.013749122619629	1.2431927919387817	2.372576951980591	0.0	1.8769054412841797	0.0	0.6216818690299988	0.0	0.0	0.4260026812553406	0.0	1.3272497653961182	0.0	0.0	1.5039453506469727	0.0	0.0	0.0	0.0	1.3442813158035278	0.0	1.8978750705718994	0.0	0.0	0.9061114192008972	0.0	0.0	0.2629891037940979	0.0	0.0	0.0	0.0	0.2651050090789795	0.0	0.0	0.0	0.9224858283996582	0.0	0.0	0.5665363073348999	0.0	0.0	0.9018051028251648	0.9780824780464172	0.0	0.0	0.0	0.0	0.0	0.0	0.0	0.0	0.0	0.5210784673690796	0.17610034346580505	0.0	0.0	1.9798518419265747	0.0	0.0	0.0	0.0	0.0	0.0	1.8438071012496948	0.0	0.0	0.0	0.0	0.06105322018265724	0.0	0.0	1.078210711479187	0.0	0.0	1.4761948585510254	0.0	0.0	0.0	0.20239189267158508	0.0	0.6860170364379883	1.687311053276062	0.0	0.0	0.741998553276062	0.0	0.0	0.0	0.0	1.2675940990447998	0.0	1.5332307815551758	2.4391589164733887	0.5940340757369995	0.0	0.0	0.0	1.1412609815597534	0.6834110021591187	0.0	0.0	0.906913161277771	0.0	0.0	0.0	0.0	0.0	0.0	0.0	0.0	0.0	0.8731832504272461	0.0	1.9588003158569336	0.0	1.0824841260910034	0.0	0.0	1.2470126152038574	0.0	0.0	0.0	0.0	0.0	0.0	2.4505562782287598	0.0	0.835094153881073	0.0	0.0	0.0	0.0	0.0	0.0	0.0	2.9252638816833496	0.12888851761817932	1.3991812467575073	2.0135016441345215	0.0	0.0	0.0	2.023237466812134	0.0	2.5838961601257324	1.8647396564483643	0.0	0.0	0.0	0.0	0.775239109992981	0.0	0.0	0.0	0.0	0.41917645931243896	0.0	0.0	0.0	1.3710646629333496	1.4230480194091797	0.6424779891967773	0.0	0.9932904839515686	0.0	0.6357100605964661	0.14599917829036713	0.0	0.6719611287117004	0.0	2.4559710025787354	0.0	0.0
0.0	0.0	0.0	0.6723474860191345	2.3436532020568848	0.0	0.0	0.0	2.329155445098877	0.20139604806900024	2.088737964630127	0.0	0.0	0.8116462230682373	0.30486854910850525	3.7243804931640625	0.6708487272262573	0.16266632080078125	0.0	0.3579913079738617	0.0	0.035896968096494675	0.0	0.10629880428314209	0.0	0.0	0.34026816487312317	0.0	0.0	0.5694063901901245	0.0	0.7451280951499939	0.0	0.0	0.0	0.03536190465092659	0.0	0.0	0.0	0.028396563604474068	0.0	0.0	0.0	0.6038429737091064	0.0	0.0	0.333833247423172	0.0	0.0	2.249152421951294	0.0	0.0	0.0	0.40064769983291626	0.016321251168847084	0.0	0.0	0.0	0.3572569787502289	0.10031625628471375	0.0	0.0	0.0	0.45413491129875183	0.0	0.0	0.0	0.0	0.0	0.0	1.5458576679229736	0.0	0.0	1.1328595876693726	0.0	0.0	0.2870742678642273	0.0	0.0	0.15630897879600525	0.0	0.0	2.033273220062256	0.0	0.3260234296321869	0.0	0.0	0.0	1.3863086700439453	0.0	0.0	0.0	0.0	0.25454550981521606	0.0	0.0	0.1154329776763916	0.8464862704277039	0.0	0.0	0.0	1.9758788347244263	0.0	0.0	0.0	0.0	0.04782320186495781	1.272895336151123	0.0	1.580643892288208	0.0	0.0	0.0	0.0	1.7976980209350586	0.0	0.8273406028747559	0.0	1.9442448616027832	0.0	0.0	1.9565043449401855	0.0	0.912996768951416	0.0	1.855520486831665	0.0	0.0	0.0	2.2824223041534424	0.0	0.0	0.7961398959159851	0.0	0.0	1.4705044031143188	1.45671808719635	0.0	0.0	0.0	0.0	0.0	0.0	0.0	0.0	0.0	1.1183195114135742	0.0	0.0	0.0	0.0	1.8638827800750732	0.0	0.0	0.0	0.0	0.0	1.8830963373184204	0.0	0.0	0.0	0.7022857666015625	0.0	0.6650881767272949	0.3202046751976013	0.0	0.0	0.8426917195320129	0.0	0.0	0.0	0.0	0.0	0.0	0.6127038598060608	2.770597219467163	2.203526258468628	0.0	0.0	0.0	1.7291260957717896	0.22092604637145996	0.0	0.0	0.0	0.0	0.0	0.0	0.0	0.0	0.0	0.0	0.0	0.0	0.20075970888137817	0.0	0.11742652952671051	0.0	1.2512280941009521	0.0	0.0	1.8839054107666016	0.0	0.0	0.0	0.0	0.0	0.0	3.1261143684387207	0.0	1.9224200248718262	1.552170753479004	0.5566709041595459	0.0	0.0	0.0	0.0	0.0	0.09076876938343048	0.0	1.0171635150909424	2.9419479370117188	0.0	0.0	0.0	0.0	1.106698989868164	0.9469782710075378	0.0	0.0	0.0	1.7558060884475708	1.980234146118164	1.1660826206207275	0.0	0.0	0.0	0.0	1.0996308326721191	0.0	0.0	0.0	0.06282643973827362	2.162796974182129	0.0	0.0	2.401247978210449	0.0	0.0	0.0	0.0	2.611607074737549	0.0	2.92510724067688	0.0	0.0
0.0	0.0	0.0	0.21013633906841278	0.8750479817390442	0.0	0.17741133272647858	0.0	1.2022666931152344	1.0844213962554932	0.3292698264122009	0.0	1.1367229223251343	0.5563282370567322	0.0	2.170705795288086	0.0	0.3180891275405884	0.9954241514205933	1.1402109861373901	0.038289111107587814	0.9218987226486206	0.0	0.8495488166809082	0.0	0.0	1.0648093223571777	1.266607403755188	0.3480294644832611	0.9375753402709961	0.21115398406982422	0.7344030737876892	0.0	0.9896897077560425	0.0	1.641697883605957	1.9071377515792847	0.0	1.5758837461471558	1.3808621168136597	0.0	0.0	0.0	0.0	0.0	0.0	0.028280580416321754	0.0	0.0	0.037753112614154816	0.0	0.0	0.0	0.3660382032394409	1.132423758506775	0.0	0.0	0.0	1.4856133460998535	0.3877132534980774	0.0	0.0	0.0	0.7453523278236389	0.0	0.0	0.0	0.0	0.0	1.2193758487701416	0.840908408164978	0.0	0.0	0.16879986226558685	0.0	0.0	1.4581542015075684	0.0	0.0	1.1022300720214844	0.0	0.0	0.9693641066551208	0.5016239285469055	2.067775249481201	0.0	1.2253178358078003	0.0	0.0	0.0	0.0	1.35088312625885	0.0	1.5182682275772095	0.0	0.8601366877555847	1.2962149381637573	0.49618273973464966	0.0	0.0	0.0	0.948660135269165	0.0	1.1445441246032715	0.0	0.0	0.4255782961845398	0.0	0.0	0.0	0.0	0.0	0.0	0.0	0.0	0.0	0.40422582626342773	0.0	0.2825513780117035	0.0	0.39741766452789307	0.36671775579452515	0.0	0.07995159178972244	0.5313301086425781	0.943977415561676	0.0	0.0	0.0	0.07392745465040207	0.0	0.0	0.8384153842926025	0.0	0.0	0.10192244499921799	1.522033929824829	0.0	0.0	0.0	0.0	0.0	0.0	0.06004716828465462	0.3071255683898926	0.0	0.3915621340274811	0.0	0.0	0.5828140377998352	0.0	0.15076100826263428	0.0	0.0	1.3326306343078613	0.0	0.0	1.236653447151184	0.0	0.0	0.467321515083313	1.179411768913269	0.0	0.7229880094528198	1.203220009803772	0.0	0.7198347449302673	1.1383938789367676	0.0	0.0	0.0	0.0	0.9986633062362671	0.0	1.4292967319488525	1.2857998609542847	0.13262824714183807	0.0	0.0	0.0	0.7482825517654419	1.0265858173370361	0.0	0.0	1.0629572868347168	0.0	0.0	0.0	0.0	0.0	0.0	0.0	0.0	0.0	1.1285291910171509	0.0	1.9086395502090454	0.0	1.2080252170562744	0.0	0.0	0.668662428855896	0.0	0.0	0.0	0.0	0.0	0.0	2.322831869125366	0.0	1.064073085784912	0.6323074102401733	0.0	0.0	0.0	0.0	0.0	0.0	1.7785038948059082	1.173100471496582	0.8323647975921631	0.7583127021789551	0.0	0.0	0.0	1.464950680732727	0.46695640683174133	1.0993601083755493	1.0235259532928467	0.0	0.0	0.0	0.6683495044708252	0.7572980523109436	0.0	0.0	0.0	0.0	0.2873288094997406	0.0	0.0	0.0	1.276185154914856	0.5584686398506165	0.8635525107383728	0.0	1.2422958612442017	0.0	1.872286081314087	0.2836296558380127	0.0	1.7825924158096313	0.0	0.7434301376342773	0.0	0.0
0.0	0.0	0.0	0.4345390796661377	1.309951901435852	0.0	0.8173317313194275	0.0	1.2480740547180176	1.401545763015747	0.0	0.0	0.4698565900325775	1.0597785711288452	0.36147162318229675	2.786071538925171	0.0	0.01256862748414278	1.129166841506958	1.1788208484649658	0.0	1.4062283039093018	0.0	0.8626927733421326	0.0	0.0	1.368796467781067	1.5833886861801147	0.22676369547843933	1.4718022346496582	0.0	1.0975500345230103	0.0	0.01973097026348114	0.0	1.0533281564712524	2.397489547729492	0.0	2.474703550338745	1.1830908060073853	0.0	0.0	0.0	0.0	0.0	0.0	0.0	0.0	0.0	0.0	0.0	0.0	0.0	0.0	1.29518461227417	0.0	0.0	0.0	2.1262474060058594	0.09527815878391266	0.0	0.0	0.0	1.2755110263824463	0.0	0.0	0.0	0.0	0.0	1.6690845489501953	1.447414755821228	0.0	0.0	0.0	0.0	0.0	1.0599597692489624	0.0	0.0	0.717607855796814	0.0	0.0	0.8175889849662781	0.6650424003601074	2.1902143955230713	0.0	1.9470628499984741	0.0	0.13969352841377258	0.0	0.0	0.6954487562179565	0.0	2.180954933166504	0.0	1.258054494857788	1.4077122211456299	0.5087882280349731	0.0	0.0	0.0	0.0	0.0	1.3728638887405396	0.0	0.0	0.33666253089904785	0.0	0.0	0.0	0.0	0.0	0.0	0.0	0.19230538606643677	0.0	0.6296842098236084	0.0	0.1504870057106018	0.0	0.1344953179359436	0.8022884726524353	0.0	0.5563357472419739	0.21104273200035095	1.132763147354126	0.0	0.0	0.0	0.0	0.0	0.0	1.7817106246948242	0.0	0.0	1.062960147857666	2.032769203186035	0.0	0.0	0.0	0.0	0.0	0.0	0.0	0.0	0.0	0.33542001247406006	0.0	0.0	0.0	0.0	0.0	0.0	0.0	1.384408950805664	0.0	0.0	1.6370482444763184	0.0	0.0	1.6366510391235352	1.8243738412857056	0.20721188187599182	1.248053789138794	0.7562879323959351	0.0	0.4737383723258972	1.2328269481658936	0.0	0.0	0.0	0.0	1.1301264762878418	0.0	0.6544187664985657	0.7745189666748047	0.0	0.0	0.0	0.0	1.5044888257980347	0.2975253760814667	0.0	0.5548420548439026	1.6299504041671753	0.0	0.0	0.0	0.0	0.0	0.0	0.0	0.0	0.0	1.2950800657272339	0.0	2.253692150115967	0.0	0.7284409999847412	0.19347700476646423	0.0	0.44171053171157837	0.0	0.0	0.0	0.0	0.0	0.0	3.1818149089813232	0.0	0.6708347201347351	1.0209640264511108	0.0	0.0	0.0	0.0	0.0	0.0	2.666578769683838	0.7690841555595398	0.0	1.4855259656906128	0.0	0.0	0.0	1.8741668462753296	0.0	1.6755355596542358	0.53141850233078	0.0	0.0	0.0	0.7581720948219299	0.7011989951133728	0.0	0.0	0.0	0.0	0.23868896067142487	0.0	0.0	0.0	1.031541347503662	0.20909513533115387	0.4669936001300812	0.0	2.178252696990967	0.0	1.4121336936950684	0.0	0.0	0.5155383348464966	0.0	0.0	0.0	0.0
0.0	0.0	0.0	0.6612803936004639	0.7222588062286377	0.0	0.5909516215324402	0.0	1.4928526878356934	0.4924558401107788	0.2146911770105362	0.0	0.368893563747406	0.5962941646575928	0.0	2.061448812484741	0.0	0.11129298806190491	0.4431954026222229	0.5978870987892151	0.37051376700401306	1.7349529266357422	0.0	0.0	0.0	0.0	0.6504026055335999	0.20736286044120789	0.627957820892334	0.8726339936256409	0.4367164671421051	1.498962163925171	0.0	0.0	0.0	0.10663668066263199	0.47229379415512085	0.0	1.246748685836792	0.39555907249450684	0.0	0.0	0.0	0.0	0.0	0.0	0.0	0.0	0.0	0.0	0.0	0.0	0.0	0.1454424411058426	1.1949787139892578	0.0	0.0	0.0	1.308992862701416	1.2291150093078613	0.0	0.0	0.0	0.11385291814804077	0.0	0.0	0.0	0.0	0.0	1.3448351621627808	0.04649237170815468	0.0	0.0	0.3642991781234741	0.0	0.0	0.3804735839366913	0.0	0.0	0.20548471808433533	0.0	0.0	1.1996142864227295	1.0032315254211426	1.2688215970993042	0.0	0.779579222202301	0.0	0.10686911642551422	0.0	0.0	0.19468916952610016	0.0	1.4365383386611938	0.0	0.11804835498332977	1.1758259534835815	0.0	0.0	0.0	0.0	0.359439879655838	0.0	1.5000969171524048	0.0	0.0	0.7503880262374878	0.0	0.0	0.0	0.0	0.0	0.0	0.0	0.0	0.0	0.0	0.0	0.0	0.0	0.0	0.9427902698516846	0.0	0.7827346920967102	0.0	0.535178542137146	0.0	0.0	0.0	0.0	0.0	0.0	0.05324344336986542	0.0	0.0	0.11270799487829208	0.23868589103221893	0.0	0.0	1.4840822219848633	0.0	0.0	0.0	0.0	0.0	0.0	0.0	0.0	0.0	0.0	0.0	0.25866952538490295	0.0	0.0	1.1157357692718506	0.0	0.0	1.2153682708740234	0.0	0.0	0.4764680564403534	0.4640950560569763	0.0	0.16972963511943817	0.2447947859764099	0.0	0.08790778368711472	0.36767876148223877	0.0	0.0	0.0	0.0	0.0	0.0	0.8748049736022949	1.3404098749160767	0.016410700976848602	0.0	0.0	0.0	1.2385085821151733	0.8113470673561096	0.0	0.0	0.7699893712997437	0.0	0.0	0.0	0.0	0.0	0.0	0.0	0.0	0.0	0.5442461967468262	0.0	1.520997166633606	0.0	1.009902834892273	0.0	0.0	0.0	0.0	0.0	0.0	0.0	0.0	0.0	1.506096601486206	0.0	0.4828644394874573	0.6286846399307251	0.2202201634645462	0.0	0.14373217523097992	0.0	0.0	0.0	1.8520424365997314	0.14407607913017273	0.0017321144696325064	1.4463567733764648	0.0	0.0	0.0	1.4761035442352295	0.0	2.0519256591796875	0.6535404920578003	0.0	0.0	0.0	0.5150166749954224	0.7721566557884216	0.0	0.0	0.0	0.0	0.5315355062484741	0.0	0.0	0.0	1.2064961194992065	0.6255893707275391	0.11389519274234772	0.0	0.9574889540672302	0.0	0.9127163290977478	0.1352747529745102	0.0	0.0	0.0	0.527454137802124	0.0	0.0
0.0	0.0	0.0	0.9843697547912598	0.0	0.0	0.9990042448043823	0.0	2.625919818878174	0.0	1.6883304119110107	0.0	0.7968053221702576	1.3876808881759644	0.0	3.9025607109069824	0.16004404425621033	0.4770424962043762	0.9301406145095825	0.07584095001220703	0.0	0.5401671528816223	0.0	0.0	0.0	0.0	0.36754557490348816	0.12504185736179352	1.0463322401046753	0.9254409074783325	1.5520902872085571	0.7529321908950806	0.0	0.0	0.0	0.20602694153785706	1.8748964071273804	0.0	1.1905072927474976	1.2299305200576782	0.0	0.0	0.0	0.0	0.0	0.0	2.494182586669922	0.0	0.0	0.0	0.0	0.0	0.0	1.0908912420272827	0.6610361933708191	0.0	0.0	0.0	0.4769239127635956	1.200172781944275	0.0	0.0	0.0	0.0	0.0	0.0	0.0	0.0	0.0	0.7387536764144897	0.7266441583633423	0.0	0.0	0.0	0.0	0.0	0.024851003661751747	0.0	0.0	0.14283914864063263	0.0	0.0	1.6872279644012451	0.6091096997261047	1.3093990087509155	0.0	1.2480400800704956	0.0	2.3703298568725586	0.0	0.0	0.04511915147304535	0.0	0.0	0.0	0.0	1.157893419265747	0.0	0.0	0.0	0.0	1.5068788528442383	0.0	0.31983277201652527	0.0	0.0	2.01011061668396	0.0	0.0	1.373937726020813	0.0	0.0	0.0	0.0	0.0	0.0	0.45084908604621887	0.0	0.3265042006969452	0.0	0.8073771595954895	0.9871823787689209	0.0	0.0	1.2916646003723145	1.1813485622406006	0.0	0.0	0.0	0.2769910991191864	0.0	0.0	0.0	0.0	0.0	0.6355497241020203	0.7871811389923096	0.0	0.0	0.0	0.0	0.0	0.0	0.0	0.0	0.0	1.9913136959075928	0.0	0.0	1.5235340595245361	0.0	0.7105618119239807	0.0	0.0	0.10348429530858994	0.0	0.0	1.9108806848526	0.0	0.0	0.0	0.5098435878753662	0.0	1.2782182693481445	0.22542503476142883	0.0	0.0	0.23340877890586853	0.0	0.0	0.0	0.0	1.0939867496490479	0.0	0.21178583800792694	2.369084119796753	0.6600091457366943	0.0	0.0	0.0	1.1391782760620117	0.6645856499671936	0.0	0.0	0.0	0.0	0.0	0.0	0.0	0.0	0.0	0.0	0.0	0.0	1.1655253171920776	0.0	1.4905176162719727	0.0	0.9204058051109314	0.0	0.0	2.0239574909210205	0.0	0.0	0.0	0.0	0.0	0.0	2.436495065689087	0.0	0.006343650631606579	0.19825254380702972	0.0	0.0	0.0	0.0	0.0	0.0	2.079723358154297	0.7385339140892029	1.9859490394592285	2.019071578979492	0.0	0.0	0.0	0.4982336163520813	0.0	1.7627321481704712	0.7027075290679932	0.0	0.0	0.0	0.20106790959835052	2.153733491897583	0.0	0.0	0.0	0.0	1.1869632005691528	0.0	0.0	0.0	1.9664586782455444	2.0128307342529297	0.0	0.0	2.0491273403167725	0.0	0.45714956521987915	0.0	0.0	0.0	0.0	2.651175022125244	0.0	0.0
0.0	0.0	0.0	0.0	0.0	0.0	0.7862626314163208	0.0	1.5669320821762085	0.6635666489601135	0.37295442819595337	0.0	0.9269195199012756	0.8325203657150269	0.0	2.4777259826660156	0.0	0.4042518436908722	0.3885008692741394	0.5575692653656006	0.0	0.22615757584571838	0.0	0.9146814942359924	0.0	0.0	0.3924972116947174	0.2593155801296234	0.5509740710258484	0.5051979422569275	0.8019729256629944	0.7516966462135315	0.0	0.0	0.0	0.7516590356826782	0.4163617789745331	0.0	0.3080737888813019	0.5305199027061462	0.0	0.0	0.0	0.0	0.0	0.0	0.6505144834518433	0.0	0.0	0.3791963756084442	0.0	0.0	0.0	0.0	0.36593908071517944	0.0	0.0	0.0	0.24647387862205505	0.47077399492263794	0.0	0.0	0.0	0.0	0.0	0.0	0.0	0.0	0.0	0.14926469326019287	0.3193313777446747	0.0	0.0	0.0	0.0	0.0	0.2309836596250534	0.0	0.0	0.3535745441913605	0.0	0.0	1.415329098701477	0.3320549726486206	0.7659542560577393	0.0	1.0333073139190674	0.0	1.2928390502929688	0.0	0.0	0.2911435067653656	0.0	0.25041788816452026	0.0	0.0	1.4865775108337402	0.5452477931976318	0.0	0.0	0.0	0.30371344089508057	0.0	0.1593371480703354	0.0	0.0	0.6073538064956665	0.44879916310310364	0.0	0.10299800336360931	0.0	0.0	0.0	0.0	0.0	0.0	0.448810338973999	0.0	0.5406761765480042	0.0	0.3904021084308624	0.604871928691864	0.0	0.017257191240787506	0.30719879269599915	1.2185709476470947	0.0	0.0	0.0	0.5240240097045898	0.0	0.0	0.0	0.0	0.0	0.56465744972229	0.2842165529727936	0.0	0.0	0.28293880820274353	0.0	0.0	0.0	0.827876091003418	0.42111772298812866	0.0	0.9490812420845032	0.0	0.0	0.0	0.0	1.0970582962036133	0.0	0.0	0.5011776685714722	0.0	0.0	1.4173249006271362	0.0	0.0	0.0	0.24057310819625854	0.0	0.9251726865768433	0.4492489993572235	0.0	0.0	0.6961147785186768	0.0	0.0	0.0	0.0	0.32185035943984985	0.0	1.4126408100128174	0.9958391189575195	0.3568902015686035	0.0	0.0	0.0	1.662411093711853	0.9579677581787109	0.0	0.0	0.0	0.0	0.0	0.0	0.0	0.0	0.0	0.0	0.0	0.0	0.6600580811500549	0.0	0.536103367805481	0.0	1.3485010862350464	0.0	0.0	0.4667748510837555	0.0	0.0	0.0	0.0	0.0	0.0	2.142648696899414	0.0	0.5372174382209778	0.4801346957683563	0.5617431998252869	0.0	0.0	0.0	0.0	0.0	0.7989438772201538	0.8612067699432373	1.1410043239593506	2.3242366313934326	0.0	0.0	0.0	0.48826879262924194	0.2754364013671875	1.5407999753952026	0.8158923387527466	0.0	0.0	0.4595799148082733	0.7182237505912781	1.4089230298995972	0.0	0.0	0.0	0.0	0.3044954240322113	0.0	0.0	0.0	0.9099641442298889	0.8638664484024048	0.33022987842559814	0.0	1.1893281936645508	0.0	1.0568580627441406	0.5271730422973633	0.0	1.1446160078048706	0.0	1.8207485675811768	0.0	0.0
0.0	0.0	0.0	0.0	1.6181784868240356	0.0	0.0	0.0	1.6410152912139893	0.0	2.2671866416931152	0.0	0.0	0.0	0.0	2.454258680343628	0.24973775446414948	0.0	0.0	0.04635106772184372	0.0	0.0	0.0	0.0	0.0	0.0	0.0	0.0	0.0	0.0	0.0	1.5681097507476807	0.0	0.0	0.0	0.4307418763637543	0.0	0.0	0.0	0.0	0.0	0.0	0.0	0.5988305807113647	0.0	0.0	0.843665361404419	0.0	0.0	0.936348557472229	0.0	0.0	0.0	0.0	0.0	0.0	0.0	0.0	0.0	0.5485923290252686	0.0	0.0	0.0	0.0	0.0	0.0	0.0	0.0	0.0	0.0	0.006727862171828747	0.0	0.0	0.5995945334434509	0.0	0.0	0.0	0.0	0.0	0.0	0.0	0.0	1.1141197681427002	0.0	0.0	0.0	0.2110120952129364	0.0	0.8996957540512085	0.0	0.0	0.0	0.0	0.0	0.0	0.0	0.08679820597171783	0.15871822834014893	0.0	0.0	0.0	1.4885358810424805	0.0	0.0	0.0	0.0	0.0	0.7113645076751709	0.0	1.92502760887146	0.0	0.0	0.0	0.0	0.9956586360931396	0.0	0.0	0.0	2.0260403156280518	0.0	0.0	0.11895304173231125	0.0	0.7085095643997192	0.050881315022706985	0.4843630790710449	0.0	0.0	0.0	2.0324440002441406	0.0	0.0	0.0	0.0	0.0	1.250901222229004	0.4128207266330719	0.0	0.0	0.0	0.0	0.0	0.0	0.0	0.0	0.0	1.0897517204284668	0.0	0.0	0.0	0.0	1.3512011766433716	0.0	0.0	0.0	0.0	0.0	1.5486258268356323	0.0	0.0	0.0	0.0	0.0	0.31055065989494324	0.0	0.0	0.0	0.741765022277832	0.0	0.0	0.0	0.0	0.0	0.0	0.6791139245033264	2.543402671813965	2.058112621307373	0.0	0.0	0.0	1.4017894268035889	0.044761739671230316	0.0	0.0	0.0	0.0	0.0	0.0	0.0	0.0	0.0	0.0	0.0	0.0	0.0	0.0	0.2802352011203766	0.0	1.1544420719146729	0.0	0.0	1.8834232091903687	0.0	0.0	0.0	0.0	0.0	0.0	1.5505706071853638	0.0	2.015688180923462	0.9232718348503113	0.0	0.0	0.0	0.0	0.0	0.0	0.08167104423046112	0.0	1.253763198852539	2.346240520477295	0.0	0.0	0.0	0.0	0.0	0.21953622996807098	0.0	0.0	0.0	0.8815482258796692	1.0175893306732178	0.3281579911708832	0.0	0.0	0.0	0.0	0.8763588666915894	0.0	0.0	0.0	0.2011868953704834	1.9870920181274414	0.0	0.0	1.3909885883331299	0.0	0.0	0.0	0.0	0.3246869146823883	0.0	2.6557159423828125	0.0	0.0
0.0	0.0	0.0	0.27360764145851135	0.12206244468688965	0.0	0.3603924512863159	0.0	0.43618500232696533	0.6419754028320312	0.0	0.0	0.7185359001159668	0.5948370695114136	0.1875799000263214	0.4697093963623047	0.0	0.46565455198287964	0.46571338176727295	0.5303117036819458	0.431185245513916	0.15006695687770844	0.0	0.6179367899894714	0.0	0.0	0.6641995310783386	0.8092563152313232	0.2577992081642151	0.4389747679233551	0.4078528881072998	0.4436452388763428	0.0	0.22939524054527283	0.0	0.8396069407463074	0.4262818992137909	0.0	0.5969260334968567	0.6514111161231995	0.0	0.0	0.0	0.0	0.0	0.0	0.0	0.0	0.0	0.2892917990684509	0.0	0.0	0.0	0.0	0.5282686352729797	0.0	0.0	0.5346382856369019	0.9978756904602051	0.09027420729398727	0.0	0.0	0.0	0.44048449397087097	0.0	0.0	0.0	0.0	0.0	0.4208492338657379	0.6196568608283997	0.0	0.0	0.044133007526397705	0.0	0.0	0.47557029128074646	0.25158485770225525	0.0	0.6672465205192566	0.0	0.0	0.3535473942756653	0.12015872448682785	0.6679867506027222	0.0	0.6448827385902405	0.0	0.0	0.0	0.0	0.8071308732032776	0.0	0.6907033324241638	0.0	0.09899065643548965	0.7473890781402588	0.5005407929420471	0.0	0.367590069770813	0.0	0.07778163254261017	0.0	0.21999530494213104	0.0	0.0	0.32155078649520874	0.0	0.0	0.0	0.0	0.05517219379544258	0.0	0.0	6.505115743493661e-05	0.0	0.338573157787323	0.0	0.18586373329162598	0.0	0.4672563374042511	0.3747301399707794	0.0	0.0	0.0	0.5240862369537354	0.022273408249020576	0.0	0.0	0.0	0.272245317697525	0.0	0.3962428867816925	0.0	0.0	0.23121589422225952	0.4532366991043091	0.0	0.0	0.0	0.0	0.0	0.0	0.8478133678436279	0.593891978263855	0.0	0.18576264381408691	0.0	0.0	0.0805622935295105	0.0	0.1203143373131752	0.0	0.0	0.5034298300743103	0.0	0.0	0.592125654220581	0.0	0.0	0.24877536296844482	0.45353591442108154	0.31328460574150085	0.5646651983261108	0.36139458417892456	0.0	0.06855687499046326	0.3829385042190552	0.0	0.0	0.0	0.0	0.19741925597190857	0.0	1.0561007261276245	0.0	0.0	0.0	0.0	0.3321872651576996	0.5526033043861389	0.5863059163093567	0.0	0.0	0.4752822816371918	0.0	0.0	0.0	0.0	0.0	0.0	0.0	0.0	0.0	0.6037650108337402	0.0	0.7607788443565369	0.0	0.3311360776424408	0.46925488114356995	0.0	0.0	0.0	0.0	0.0	0.0	0.0	0.0	0.8875511884689331	0.0	0.2822360098361969	0.361092746257782	0.3379909098148346	0.0	0.04823105409741402	0.0	0.0	0.0	0.7729963064193726	0.7046849131584167	0.0	0.4396585524082184	0.0	0.0	0.0	0.1955634206533432	0.600631594657898	0.5246561169624329	0.547225832939148	0.0	0.0	0.0	0.2274913787841797	0.5211818218231201	0.0	0.0	0.0	0.0	0.15950147807598114	0.0	0.0	0.0	0.5102524161338806	0.0	0.6003472805023193	0.0	0.3216603398323059	0.0	0.6767145991325378	0.5666744112968445	0.0	1.1478664875030518	0.0	0.16640464961528778	0.0	0.0
0.0	0.0	0.0	0.5972830653190613	1.482024073600769	0.0	0.0	0.0	0.46219727396965027	0.14196500182151794	0.48033711314201355	0.0	0.0	0.0	0.0032822182402014732	0.9203840494155884	0.0	0.0	0.6178443431854248	0.9678216576576233	0.0	1.415267825126648	0.0	0.5523332953453064	0.0	0.0	0.6923570036888123	1.253024935722351	0.0	0.2877518832683563	0.0	1.5662152767181396	0.0	0.23442722856998444	0.0	1.1273096799850464	1.213707685470581	0.0	1.3280589580535889	0.11224636435508728	0.0	0.0	0.0	0.0	0.0	0.0	0.0	0.0	0.0	0.8487880825996399	0.0	0.0	0.0	0.3429112732410431	0.9963743686676025	0.0	0.0	0.0	1.4674948453903198	0.49889078736305237	0.0	0.0	0.0	0.9289323091506958	0.0	0.0	0.0	0.0	0.0	1.579500436782837	0.7899360656738281	0.0	0.0	0.7997586131095886	0.0	0.0	0.5698261260986328	0.0	0.0	0.7265524864196777	0.0	0.0	0.0	0.071909099817276	1.370998501777649	0.0	1.0214600563049316	0.0	0.0	0.0	0.0	0.33253946900367737	0.0	2.2176663875579834	0.0	1.3174850940704346	0.4055061936378479	0.3524686098098755	0.0	0.0	0.0	0.4926910698413849	0.0	1.2129724025726318	0.0	0.0	0.0	0.0	0.0	0.0	0.0	0.0	0.0	0.0	0.3791259527206421	0.0	0.0	0.0	0.3243052661418915	0.0	0.0	0.0	0.0	1.4171264171600342	0.9551153779029846	0.27511680126190186	0.0	0.0	0.0	0.34359923005104065	0.0	0.0	1.3458898067474365	0.0	0.0	0.2891383171081543	1.1811366081237793	0.0	0.0	0.04495522752404213	0.0	0.0	0.0	0.0	0.0	0.0	0.0	0.0	0.0	0.0	0.0	0.14327943325042725	0.0	0.0	1.7658638954162598	0.0	0.0	0.2750245928764343	0.0	0.0	1.2367304563522339	0.888336718082428	0.17534686625003815	0.6128482222557068	1.3161691427230835	0.0	1.2821545600891113	0.7173845767974854	0.0	0.0	0.0	0.0	0.0	0.0	0.0	0.6104344725608826	0.0	0.0	0.0	0.0	0.6132944226264954	0.0	0.0	1.563897728919983	1.036118507385254	0.0	0.0	0.0	0.0	0.0	0.0	0.0	0.0	0.0	0.6021641492843628	0.0	1.4593048095703125	0.0	0.0	0.5024908781051636	0.0	0.9986230134963989	0.0	0.0	0.0	0.0	0.0	0.0	1.3240811824798584	0.0	0.3481503129005432	0.3652265965938568	0.0	0.0	0.0	0.0	0.0	0.0	1.9152857065200806	0.3678267002105713	0.04762684181332588	0.05040431767702103	0.0	0.0	0.0	1.853716254234314	0.825971245765686	0.0	0.39180606603622437	0.0	0.0	0.0	0.3426748812198639	0.0	0.0	0.0	0.0	0.0	0.0	0.0	0.0	0.0	0.24982409179210663	0.5695781707763672	1.5810928344726562	0.0	0.9574756026268005	0.0	1.6974855661392212	0.0	0.0	1.2817462682724	0.0	0.0	0.0	0.0
0.0	0.0	0.0	0.0	1.1117055416107178	0.0	0.3974989354610443	0.0	2.559844970703125	0.0	1.3858778476715088	0.0	0.0	1.3049606084823608	0.0	4.017368793487549	0.0	0.0	0.0903189480304718	0.5677770972251892	0.0	0.0	0.0	0.0	0.0	0.0	0.0	0.0	0.18192924559116364	1.1299296617507935	0.0	2.1958119869232178	0.0	0.0	0.0	0.0	0.5349150896072388	0.0	0.5835089087486267	0.18860402703285217	0.0	0.0	0.0	0.0	0.0	0.0	0.9503015279769897	0.0	0.0	0.26421883702278137	0.0	0.0	0.0	0.0	0.08632342517375946	0.0	0.0	0.0	0.6611448526382446	1.1272063255310059	0.0	0.0	0.0	0.0	0.0	0.0	0.0	0.0	0.0	0.9900566339492798	0.8562747836112976	0.0	0.0	0.1520014852285385	0.0	0.0	0.6888343095779419	0.0	0.0	0.03960737958550453	0.0	0.0	1.570623517036438	0.20479197800159454	1.6300450563430786	0.0	0.8924013376235962	0.0	0.6128002405166626	0.0	0.0	0.0	0.0	1.3295670747756958	0.0	0.0	0.9625406861305237	0.17105771601200104	0.0	0.0	0.0	2.1398656368255615	0.0	0.6390630602836609	0.0	0.0	0.3358546495437622	0.06677549332380295	0.0	0.4681527316570282	0.0	0.0	0.0	0.0	0.0	0.0	0.043149132281541824	0.0	1.5313236713409424	0.0	1.5975686311721802	1.9142080545425415	0.0	0.3430190682411194	0.0	2.3496861457824707	0.0	0.0	0.0	1.1494090557098389	0.0	0.0	0.0	0.0	0.0	1.9448866844177246	0.9526388645172119	0.0	0.0	0.0	0.0	0.0	0.0	0.0	0.0	0.0	1.0550390481948853	0.0	0.0	0.0	0.0	1.9520851373672485	0.0	0.0	0.0	0.0	0.0	2.8828372955322266	0.0	0.0	0.0	0.6523440480232239	0.0	0.9949336051940918	0.0	0.0	0.0	1.4026660919189453	0.0	0.0	0.0	0.0	0.9957294464111328	0.0	0.27864304184913635	2.9585013389587402	1.6923569440841675	0.0	0.0	0.0	2.7124111652374268	0.2801879346370697	0.0	0.0	0.0	0.0	0.0	0.0	0.0	0.0	0.0	0.0	0.0	0.0	0.6283749938011169	0.0	0.9078214168548584	0.0	2.5568594932556152	0.0	0.0	1.1492159366607666	0.0	0.0	0.0	0.0	0.0	0.0	4.307754993438721	0.0	3.23000431060791	1.6204078197479248	0.0	0.0	0.019205188378691673	0.0	0.0	0.0	0.7531380653381348	0.0	1.4294824600219727	3.84084415435791	0.0	0.0	0.0	0.0	0.37760797142982483	1.895961880683899	0.0	0.0	0.0	0.8499916791915894	2.4051942825317383	1.4155511856079102	0.0	0.0	0.0	0.0	1.2791253328323364	0.0	0.0	0.0	0.24499483406543732	2.2332839965820312	0.0	0.0	2.9832489490509033	0.0	1.1312330961227417	0.0	0.0	0.4167740046977997	0.0	2.5527069568634033	0.0	0.0
0.0	0.0	0.0	0.7359158396720886	0.08949701488018036	0.0	1.3326172828674316	0.0	1.9655989408493042	0.9594994187355042	0.007647247985005379	0.0	1.1280461549758911	2.135089874267578	0.0	4.025376796722412	0.0	1.3153162002563477	1.2214988470077515	0.12677538394927979	0.3225790858268738	1.0658625364303589	0.0	0.6590992212295532	0.0	0.0	1.0855846405029297	0.21429064869880676	1.083642840385437	1.5345087051391602	1.3395395278930664	0.37474164366722107	0.0	0.0	0.0	0.12316234409809113	1.4106982946395874	0.0	1.6631736755371094	1.721356987953186	0.0	0.0	0.0	0.0	0.0	0.0	0.388207346200943	0.0	0.0	0.0	0.0	0.0	0.0	0.3415548801422119	1.7214328050613403	0.0	0.0	0.0	1.4561182260513306	0.19910502433776855	0.0	0.0	0.0	0.0	0.0	0.0	0.0	0.0	0.0	1.4558751583099365	1.4196103811264038	0.0	0.0	0.0	0.0	0.0	1.3044753074645996	0.0	0.0	0.9093983173370361	0.0	0.0	1.9147992134094238	1.2159477472305298	2.41168212890625	0.0	2.0906574726104736	0.0	1.3533049821853638	0.0	0.0	1.2829581499099731	0.0	0.5635509490966797	0.0	0.0	1.5925437211990356	0.4431858956813812	0.0	0.0	0.0	0.5233742594718933	0.0	0.7842596769332886	0.0	0.0	1.1680392026901245	0.0	0.0	0.0	0.0	0.0	0.0	0.0	0.0	0.0	0.8943357467651367	0.0	0.0	0.0	1.2713685035705566	1.117681860923767	0.0	0.0	0.0	1.3906084299087524	0.0	0.0	0.0	0.0	0.0	0.0	0.0	0.0	0.0	0.39046144485473633	0.37770745158195496	0.0	0.0	1.2757478952407837	0.0	0.0	0.0	0.24273128807544708	0.15061885118484497	0.0	2.334188938140869	0.0	0.0	0.0	0.0	0.6154269576072693	0.0	0.0	0.8005807399749756	0.0	0.0	2.7069919109344482	0.0	0.0	0.0	0.6515591144561768	0.0	1.2978826761245728	1.0433111190795898	0.0	0.0	1.3042241334915161	0.0	0.0	0.0	0.0	1.2763782739639282	0.0	2.0532639026641846	1.365615725517273	0.42780959606170654	0.0	0.0	0.10592883080244064	1.841792106628418	1.8805537223815918	0.0	0.0	0.694835901260376	0.0	0.0	0.0	0.0	0.0	0.0	0.0	0.0	0.0	1.2030051946640015	0.0	1.8703796863555908	0.0	1.6812191009521484	0.0033376242499798536	0.0	0.8294879198074341	0.0	0.0	0.0	0.0	0.0	0.0	2.678776502609253	0.0	1.1984384059906006	0.5881826877593994	0.3274760842323303	0.0	1.2779887914657593	0.0	0.0	0.0	1.7200871706008911	0.8337344527244568	1.4620473384857178	2.1808276176452637	0.0	0.0	0.0	1.477332353591919	0.0	3.3188581466674805	1.6839054822921753	0.0	0.0	0.0	0.4434436559677124	1.6611601114273071	0.0	0.0	0.0	0.0	0.8788459300994873	0.0	0.0	0.0	1.0777373313903809	1.1536692380905151	0.9233741760253906	0.0	1.138269305229187	0.0	0.730617880821228	1.5887715816497803	0.0	0.9213378429412842	0.0	1.5560652017593384	0.0	0.0
0.0	0.0	0.0	0.8882478475570679	0.0	0.0	1.0743623971939087	0.0	2.535975933074951	0.03067862056195736	1.2213495969772339	0.0	1.1465791463851929	2.7384510040283203	0.0	4.533294200897217	0.0	0.5026023387908936	1.2897827625274658	0.8132194876670837	0.0	0.10450378060340881	0.0	0.8986338376998901	0.0	0.0	1.2150206565856934	0.0	0.6918119788169861	2.7636020183563232	1.5704714059829712	0.0	0.0	0.0	0.0	0.0	2.0746121406555176	0.0	1.4594684839248657	1.0921269655227661	0.0	0.0	0.0	0.0	0.0	0.0	1.3547286987304688	0.0	0.0	0.0	0.0	0.0	0.0	0.5319715738296509	0.44231000542640686	0.0	0.0	0.0	0.5865694880485535	0.4954528212547302	0.0	0.0	0.0	0.259052574634552	0.0	0.0	0.0	0.0	0.0	0.4588613510131836	2.27040958404541	0.0	0.0	0.5553835034370422	0.0	0.0	0.969782292842865	0.0	0.0	0.12401332706212997	0.0	0.0	1.9301221370697021	0.6614922881126404	1.4056614637374878	0.0	2.3425521850585938	0.0	1.8141566514968872	0.0	0.0	0.0	0.0	0.0	0.0	0.003914147615432739	1.1778870820999146	0.0	0.0	0.0	0.0	1.0673296451568604	0.0	0.3701377511024475	0.0	0.0	1.9050469398498535	0.0	0.0	0.06219719350337982	0.0	0.0	0.0	0.0	0.0	1.1153409481048584	0.9098137021064758	0.0	0.0	0.0	0.49155768752098083	2.2223684787750244	0.0	0.0	0.05958523228764534	2.1690914630889893	0.0	0.0	0.0	0.0	0.0	0.0	0.7783445715904236	0.0	0.0	1.1223738193511963	1.6246310472488403	0.0	0.0	0.0	0.0	0.0	0.0	0.0	0.0	0.0	2.719484806060791	0.0	0.0	0.2873789370059967	0.0	0.26308706402778625	0.0	0.0	0.0	0.0	0.0	3.6173923015594482	0.0	0.0	0.552634596824646	0.24092720448970795	0.0	1.0360870361328125	0.0	0.0	0.0	0.9468184113502502	0.0	0.0	0.0	0.0	1.5322585105895996	0.0	1.214306116104126	2.676485776901245	0.8843596577644348	0.0	0.0	0.0	1.8651902675628662	1.7895721197128296	0.0	0.0	1.5446587800979614	0.0	0.0	0.0	0.0	0.0	0.0	0.0	0.0	0.0	1.8908382654190063	0.0	1.6261051893234253	0.0	2.184746026992798	0.0	0.0	1.1467589139938354	0.0	0.0	0.0	0.0	0.0	0.0	2.6866283416748047	0.0	0.977892279624939	1.383098840713501	0.0	0.0	1.2807302474975586	0.0	0.0	0.0	1.6597498655319214	0.36153697967529297	1.0580196380615234	2.782423496246338	0.0	0.0	0.0	0.8237677812576294	0.0	1.7736893892288208	0.934539794921875	0.0	0.0	0.0	0.36562174558639526	2.5910770893096924	0.0	0.0	0.0	0.0	1.7495768070220947	0.0	0.0	0.0	1.2711824178695679	1.729978084564209	0.0	0.0	3.278693914413452	0.0	0.0	0.1048678457736969	0.0	0.0	0.0	0.844064474105835	0.0	0.0
0.0	0.0	0.0	0.16313724219799042	1.5245988368988037	0.0	0.17123359441757202	0.0	1.451723575592041	1.2024461030960083	0.0	0.0	0.9463869333267212	1.2649673223495483	0.5062789916992188	2.5167298316955566	0.0	0.45172470808029175	0.7416278719902039	1.0994752645492554	0.0	7.780895248288289e-05	0.0	1.3093044757843018	0.0	0.0	0.8410508632659912	1.3302897214889526	0.0	1.087274432182312	0.44377601146698	0.9155005216598511	0.0	0.0	0.0	1.2786508798599243	0.650838315486908	0.0	0.836696982383728	0.37116435170173645	0.0	0.0	0.0	0.0	0.0	0.0	0.0	0.0	0.0	0.878349781036377	0.0	0.0	0.0	0.0	0.30856621265411377	0.0	0.0	0.14093147218227386	1.334486722946167	0.0	0.0	0.0	0.0	1.3045332431793213	0.0	0.0	0.0	0.0	0.0	0.6655620336532593	1.8766615390777588	0.0	0.0	0.8063849210739136	0.0	0.0	1.0456286668777466	0.06125956028699875	0.0	1.052381157875061	0.0	0.0	0.8259889483451843	0.0	1.8811333179473877	0.0	0.9153895378112793	0.0	0.4011662006378174	0.0	0.0	0.020548401400446892	0.0	0.908233642578125	0.0	0.21753789484500885	1.2037279605865479	1.887662410736084	0.0	0.0	0.0	0.017246216535568237	0.0	0.0	0.0	0.0	0.07797699421644211	0.49392834305763245	0.0	0.0	0.0	0.0	0.0	0.0	0.6945404410362244	0.0	1.1917511224746704	0.0	0.5023643970489502	0.0	1.3003716468811035	1.7232515811920166	0.0	0.21067097783088684	0.0	1.9734429121017456	0.0	0.0	0.0	0.4102279543876648	0.1344069093465805	0.0	1.1763126850128174	0.0	0.0	0.6163219213485718	1.182754635810852	0.0	0.0	0.0	0.0	0.0	0.0	0.23458726704120636	0.6917760372161865	0.0	0.7818562388420105	0.0	0.0	0.0	0.0	1.0460059642791748	0.0	0.0	0.5346313118934631	0.0	0.0	1.502729892730713	0.0	0.0	0.19189128279685974	1.270285725593567	0.0	1.6868319511413574	0.7518754005432129	0.0	0.0	1.7276830673217773	0.0	0.0	0.0	0.0	0.21400831639766693	0.0	1.1847057342529297	0.45136508345603943	0.0	0.0	0.0	0.10654166340827942	1.8339011669158936	0.856196403503418	0.0	0.0	0.5062016844749451	0.0	0.0	0.0	0.0	0.0	0.0	0.0	0.0	0.0	0.9169363975524902	0.0	0.5041334629058838	0.0	1.3680976629257202	0.520908534526825	0.0	0.0	0.0	0.0	0.0	0.0	0.0	0.0	3.0315492153167725	0.0	1.5050746202468872	1.7844692468643188	0.7798201441764832	0.0	0.0	0.0	0.0	0.0	0.40756940841674805	1.3445795774459839	0.17403928935527802	2.2944490909576416	0.0	0.0	0.0	0.35029980540275574	1.6336872577667236	0.587657630443573	1.0995699167251587	0.0	0.0	0.6906977295875549	1.6843957901000977	0.8051989078521729	0.0	0.0	0.0	0.0	0.81633061170578	0.0	0.0	0.0	0.34971779584884644	0.29655221104621887	0.8897702097892761	0.0	1.8711973428726196	0.0	1.3319191932678223	0.17823149263858795	0.0	2.5973830223083496	0.0	1.005509376525879	0.0	0.0
0.0	0.0	0.0	0.42412254214286804	0.5983150601387024	0.0	1.400126338005066	0.0	2.2623813152313232	0.8985398411750793	0.6405847668647766	0.0	0.5680257081985474	1.7955931425094604	0.0	3.7479326725006104	0.0	0.06679181754589081	1.4341578483581543	0.7435082793235779	0.0	1.428375005722046	0.0	0.9085833430290222	0.0	0.0	1.4268375635147095	1.1316829919815063	1.0310323238372803	1.850956678390503	0.5414847731590271	0.19395491480827332	0.0	0.0	0.0	0.3909272849559784	2.3959720134735107	0.0	1.69223952293396	1.7530457973480225	0.0	0.0	0.0	0.0	0.0	0.0	0.5932847857475281	0.0	0.0	0.0	0.0	0.0	0.0	0.0	1.3801308870315552	0.0	0.0	0.1732250601053238	0.3757229447364807	0.5968928933143616	0.0	0.0	0.0	0.10908208787441254	0.0	0.0	0.0	0.0	0.0	1.7748795747756958	2.0541796684265137	0.0	0.0	0.0	0.0	0.0	0.84742671251297	0.0	0.0	0.9578172564506531	0.0	0.0	2.105618953704834	1.6447303295135498	2.4545514583587646	0.0	1.7887474298477173	0.0	0.5248507261276245	0.0	0.0	0.6648341417312622	0.0	1.9776279926300049	0.0	0.7100891470909119	2.1733779907226562	0.0	0.0	0.0	0.0	0.5239035487174988	0.0	0.7407788634300232	0.0	0.0	1.5987887382507324	0.0	0.0	0.0	0.0	0.0	0.0	0.0	0.0	0.0	0.8553295731544495	0.0	0.0	0.0	1.1447545289993286	1.2287907600402832	0.0	0.7612873315811157	0.15454615652561188	1.469700574874878	0.0	0.0	0.0	0.11080580204725266	0.0	0.0	0.0	0.0	0.0	1.2346749305725098	1.3921666145324707	0.0	0.0	0.9099969267845154	0.0	0.0	0.0	0.10234490782022476	0.0	0.0	0.9249295592308044	0.0	0.0	0.19337426126003265	0.0	0.8592821359634399	0.0	0.0	1.007692813873291	0.0	0.0	2.8476390838623047	0.0	0.0	0.0	1.5102698802947998	0.0	1.9888781309127808	1.3259117603302002	0.0	0.0	0.9008256793022156	0.0	0.0	0.0	0.0	0.6968684792518616	0.0	1.0866743326187134	1.5199999809265137	0.6752496957778931	0.0	0.0	0.0	2.066373825073242	0.840671956539154	0.0	0.0	0.1504552662372589	0.0	0.0	0.0	0.0	0.0	0.0	0.0	0.0	0.0	1.607640027999878	0.0	2.179398775100708	0.0	1.8852834701538086	0.0	0.0	0.5831359624862671	0.0	0.0	0.0	0.0	0.0	0.0	3.800945281982422	0.0	0.5475515723228455	1.0978059768676758	0.0	0.0	0.0	0.0	0.0	0.0	2.715233325958252	0.8242430686950684	0.913404107093811	2.5949959754943848	0.0	0.0	0.0	1.7450720071792603	0.0	2.8098394870758057	1.226526141166687	0.0	0.0	0.10788362473249435	0.8492494821548462	1.8439884185791016	0.0	0.0	0.0	0.0	0.4168749749660492	0.0	0.0	0.0	1.2111790180206299	1.1044083833694458	1.0912961959838867	0.0	1.9941107034683228	0.0	0.7697659730911255	0.481433629989624	0.0	1.4276697635650635	0.0	1.97490656375885	0.0	0.0
0.0	0.0	0.0	0.0	2.0433967113494873	0.0	0.0	0.0	2.7109034061431885	0.0	2.5652084350585938	0.0	0.0	0.02130831405520439	0.24814847111701965	3.790910243988037	0.23435063660144806	0.0	0.0696101114153862	0.6483481526374817	0.0	0.0	0.0	0.0	0.0	0.0	0.25212618708610535	0.1427457481622696	0.0	0.514880895614624	0.0	1.1548506021499634	0.0	0.0	0.0	0.22211678326129913	0.7181327939033508	0.0	0.3161574602127075	0.49351295828819275	0.0	0.0	0.0	0.0	0.0	0.0	1.508612036705017	0.0	0.0	1.933505654335022	0.0	0.0	0.0	0.18652048707008362	0.0	0.0	0.0	0.0	0.0	0.42327356338500977	0.0	0.0	0.0	0.0	0.0	0.0	0.0	0.0	0.0	0.17365115880966187	0.811553955078125	0.0	0.0	0.6489874124526978	0.0	0.0	0.3975350856781006	0.0	0.0	0.3306623697280884	0.0	0.0	1.997910976409912	0.0	0.31937316060066223	0.0	0.0	0.0	0.6806087493896484	0.0	0.0	0.0	0.0	0.8101481199264526	0.0	0.30424728989601135	0.0	0.0	0.0	0.0	0.0	1.9023267030715942	0.0	0.0	0.0	0.0	0.4112793505191803	0.0	0.0	1.6656783819198608	0.0	0.0	0.0	0.0	1.8191982507705688	0.0	0.0	0.0	1.8764199018478394	0.0	0.0	0.9801878333091736	0.0	0.7304376363754272	0.7076496481895447	1.5530542135238647	0.0	0.0	0.0	2.3418917655944824	0.0	0.0	0.8930227160453796	0.0	0.0	1.4925105571746826	1.687259554862976	0.0	0.0	0.0	0.0	0.0	0.0	0.0	0.0	0.0	1.0017006397247314	0.0	0.0	0.0	0.0	1.2668876647949219	0.0	0.0	0.0	0.0	0.0	1.9655402898788452	0.0	0.0	0.0	0.35687127709388733	0.0	0.6510435938835144	0.3877421021461487	0.0	0.0	0.6539987325668335	0.0	0.0	0.0	0.0	0.0	0.0	0.8623176217079163	2.253333568572998	1.831816554069519	0.0	0.0	0.0	1.7985434532165527	0.0	0.0	1.1746816635131836	0.0	0.0	0.0	0.0	0.0	0.0	0.0	0.0	0.0	0.0	0.0	0.0	0.19363147020339966	0.0	1.2622274160385132	0.0	0.0	2.535240411758423	0.0	0.0	0.0	0.0	0.0	0.0	2.6144604682922363	0.0	2.05503511428833	1.3289545774459839	0.0	0.0	0.0	0.0	0.0	0.0	0.6643010377883911	0.0	1.5342122316360474	2.6450936794281006	0.0	0.0	0.0	0.289527028799057	0.060258589684963226	0.49625635147094727	0.0	0.0	0.0	0.808716356754303	1.1726274490356445	0.6077871918678284	0.0	0.0	0.0	0.0	1.0956319570541382	0.0	0.0	0.0	0.3500477373600006	2.5716044902801514	0.0	0.0	2.320244312286377	0.0	0.0	0.0	0.0	0.3819447159767151	0.0	2.656224012374878	0.0	0.0
0.0	0.0	0.0	0.6197728514671326	0.0	0.0	0.7175155878067017	0.0	1.710325002670288	0.0	0.9715118408203125	0.0	0.4045628309249878	1.1583034992218018	0.0	3.0302157402038574	0.6687321662902832	0.7121321558952332	0.7232047915458679	0.275489866733551	0.0	0.12014732509851456	0.0	0.0	0.0	0.0	0.0	0.05304870009422302	0.1567634642124176	0.5775158405303955	1.4947624206542969	0.5733106136322021	0.0	0.0	0.0	0.05859186127781868	1.2393884658813477	0.0	0.4369381070137024	0.3154889941215515	0.0	0.0	0.0	0.0	0.0	0.0	2.2973387241363525	0.0	0.0	0.0	0.0	0.0	0.0	0.38121020793914795	0.0	0.0	0.0	0.0	0.0	0.9364282488822937	0.0	0.0	0.0	0.05811253562569618	0.0	0.0	0.0	0.0	0.0	0.3076302707195282	0.728045642375946	0.0	0.0	0.0	0.0	0.0	0.0	0.0	0.0	0.09006671607494354	0.0	0.0	1.6905728578567505	0.39196810126304626	0.3249315917491913	0.0	1.3358335494995117	0.0	2.3124186992645264	0.0	0.0	0.0	0.0	0.0	0.0	0.0	0.8647839426994324	0.18752668797969818	0.0	0.0	0.0	1.4360828399658203	0.0	0.3282908499240875	0.0	0.0	1.3752665519714355	0.0	0.0	2.145094394683838	0.0	0.0	0.0	0.0	0.0	0.060286615043878555	0.40347471833229065	0.0	0.34737738966941833	0.0	0.4692375957965851	0.7084080576896667	0.0	0.0	0.8627335429191589	1.276523470878601	0.0	0.0	0.0	0.5837585926055908	0.0	0.0	0.0	0.0	0.0	0.6749945878982544	0.03669418767094612	0.0	0.0	0.0	0.0	0.0	0.0	0.0	0.0	0.0	2.316279888153076	0.0	0.0	2.869534492492676	0.0	0.5657684803009033	0.0	0.0	0.0	0.0	0.0	2.3097667694091797	0.0	0.0	0.0	0.0	0.0	0.774320662021637	0.0	0.0	0.0	0.44138774275779724	0.0	0.0	0.0	0.0	0.995302677154541	0.0	0.13608922064304352	2.3606069087982178	1.3388384580612183	0.0	0.0	0.0	1.2517168521881104	1.4626002311706543	0.0	0.0873260572552681	0.0	0.0	0.0	0.0	0.0	0.0	0.0	0.0	0.0	0.0	0.0	0.0	0.7691951394081116	0.0	2.0551178455352783	0.0	0.0	1.7088416814804077	0.0	0.0	0.0	0.0	0.0	0.0	3.4611706733703613	0.0	0.301753431558609	0.18653199076652527	0.0	0.0	0.29870712757110596	0.0	0.0	0.0	1.3794498443603516	0.14335034787654877	1.7024959325790405	1.9370440244674683	0.0	0.0	0.0	0.49414411187171936	0.0	1.646458625793457	0.5684695243835449	0.0	0.0	0.639579176902771	0.11267676949501038	2.5814008712768555	0.0	0.0	0.0	0.0	0.5738196969032288	0.0	0.0	0.0	1.6459659337997437	1.7672247886657715	0.0	0.0	1.6829770803451538	0.0	0.0	0.0	0.0	0.0	0.0	2.6837968826293945	0.0	0.0
0.0	0.0	0.0	0.10279174894094467	1.311937928199768	0.0	0.3812923729419708	0.0	1.3541302680969238	1.1435790061950684	0.39280325174331665	0.0	0.7679061889648438	1.1283518075942993	0.0	2.4473729133605957	0.0	0.0	1.2827693223953247	0.8329306244850159	0.3113763928413391	1.5126162767410278	0.0	0.5416092872619629	0.0	0.0	0.9206820130348206	1.045775294303894	0.0	0.5587626099586487	0.03112691082060337	2.119598150253296	0.0	0.0	0.0	1.0563117265701294	1.4914523363113403	0.0	2.4207470417022705	1.3355375528335571	0.0	0.0	0.0	0.0	0.0	0.0	0.6273269653320312	0.0	0.0	0.0	0.0	0.0	0.0	0.5155426859855652	0.9330049753189087	0.0	0.0	0.0	2.000153064727783	0.25180700421333313	0.0	0.0	0.0	0.5927988290786743	0.0	0.0	0.0	0.0	0.0	1.776502251625061	1.130248785018921	0.0	0.0	0.0	0.0	0.0	1.1155897378921509	0.0	0.0	0.7104295492172241	0.0	0.0	0.32802659273147583	0.18976923823356628	2.0519988536834717	0.0	1.5119343996047974	0.0	0.5223562121391296	0.0	0.0	0.9384756088256836	0.0	2.208047389984131	0.0	0.6031575798988342	1.4983314275741577	0.7967751622200012	0.0	0.0	0.0	0.6257953643798828	0.0	1.6652504205703735	0.0	0.0	0.2824302613735199	0.0	0.0	0.031899649649858475	0.0	0.0	0.0	0.0	0.0	0.0	0.19037893414497375	0.0	0.48376700282096863	0.0	0.3532697260379791	0.49733251333236694	0.0	0.8757740259170532	0.0	0.8748772740364075	0.0	0.0	0.0	0.6242170929908752	0.0	0.0	0.0	0.0	0.0	0.1705639660358429	0.5490732789039612	0.0	0.0	1.324731469154358	0.0	0.0	0.0	0.0	0.0	0.0	0.20387326180934906	0.0	0.0	0.0	0.0	0.8905199766159058	0.0	0.0	1.5248842239379883	0.0	0.0	1.7510969638824463	0.0	0.0	0.4262211322784424	0.9353601932525635	0.19182302057743073	1.0543650388717651	1.117411494255066	0.0	0.7627491354942322	1.1898547410964966	0.0	0.0	0.0	0.0	0.731552243232727	0.0	1.2215983867645264	1.1757248640060425	0.13037465512752533	0.0	0.0	0.0	1.4578150510787964	0.4458935558795929	0.0	0.0	0.8743767142295837	0.0	0.0	0.0	0.0	0.0	0.0	0.0	0.0	0.0	0.7081746459007263	0.0	1.8089081048965454	0.0	0.9157491326332092	0.0	0.0	0.6217177510261536	0.0	0.0	0.0	0.0	0.0	0.0	2.9977869987487793	0.0	1.0275665521621704	1.1670000553131104	0.0265777800232172	0.0	0.0	0.0	0.0	0.0	2.1042895317077637	0.6285676956176758	0.5618570446968079	1.9039734601974487	0.0	0.0	0.0	1.469233751296997	0.3538709580898285	1.6866861581802368	0.9741120934486389	0.0	0.0	0.0	0.714024543762207	1.1662824153900146	0.0	0.0	0.0	0.0	1.001842975616455	0.0	0.0	0.0	0.5457192063331604	0.5491548180580139	1.2039977312088013	0.0	1.6355092525482178	0.0	1.903373122215271	0.14792943000793457	0.0	1.7636460065841675	0.0	1.256178379058838	0.0	0.0
0.0	0.0	0.0	0.8759545683860779	0.3006005883216858	0.0	1.224460482597351	0.0	2.446176052093506	1.2090047597885132	0.6774521470069885	0.0	0.656058132648468	1.6747699975967407	0.0	4.001983165740967	0.0	0.7370653748512268	1.39844810962677	0.631476640701294	0.0	1.2866835594177246	0.0	0.0783807784318924	0.0	0.0	1.3861267566680908	0.315207839012146	1.0826834440231323	1.6143159866333008	1.0575740337371826	0.47775498032569885	0.0	0.0	0.0	0.0	1.1462312936782837	0.0	1.8063706159591675	0.999251127243042	0.0	0.0	0.0	0.0	0.0	0.0	1.2897217273712158	0.0	0.0	0.0	0.0	0.0	0.0	1.07413911819458	1.238387942314148	0.0	0.0	0.0	1.439342975616455	0.33884289860725403	0.0	0.0	0.0	0.0	0.0	0.0	0.0	0.0	0.0	1.524058222770691	1.252177119255066	0.0	0.0	0.0	0.0	0.0	0.7067215442657471	0.0	0.0	0.650829017162323	0.0	0.0	2.1518442630767822	0.858803927898407	1.7494531869888306	0.0	2.116669178009033	0.0	1.4225835800170898	0.0	0.0	0.639473021030426	0.0	1.3020896911621094	0.0	0.9016467332839966	1.7846119403839111	0.0	0.0	0.0	0.0	1.2351378202438354	0.0	0.9498553276062012	0.0	0.0	1.6041338443756104	0.0	0.0	0.0	0.0	0.0	0.0	0.0	0.0	0.0	0.0	0.0	0.0	0.0	0.4070631265640259	1.1199593544006348	0.0	0.0	0.2840059697628021	1.0496755838394165	0.0	0.0	0.0	0.0	0.0	0.0	0.0	0.0	0.0	0.6943545937538147	0.8525568842887878	0.0	0.0	0.8941695094108582	0.0	0.0	0.0	0.0	0.0	0.0	1.1271027326583862	0.0	0.0	0.0	0.0	0.5425571799278259	0.0	0.0	0.47444719076156616	0.0	0.0	2.249635934829712	0.0	0.0	0.47537219524383545	0.8421475887298584	0.0	1.0528361797332764	0.4897329807281494	0.0	0.0	1.0424294471740723	0.0	0.0	0.0	0.0	1.0644426345825195	0.0	1.1312330961227417	1.5206667184829712	0.16039125621318817	0.0	0.0	0.0	1.6756023168563843	0.922728955745697	0.0	0.0	0.9531342387199402	0.0	0.0	0.0	0.0	0.0	0.0	0.0	0.0	0.0	1.2680659294128418	0.0	2.15547513961792	0.0	1.6971583366394043	0.0	0.0	1.1477259397506714	0.0	0.0	0.0	0.0	0.0	0.0	3.2291579246520996	0.0	1.1017252206802368	0.4906468987464905	0.0	0.0	0.5356300473213196	0.0	0.0	0.0	2.3884732723236084	0.5379648804664612	1.1598466634750366	2.072082757949829	0.0	0.0	0.0	1.4999992847442627	0.0	2.816782236099243	1.5405548810958862	0.0	0.0	0.0	0.023550208657979965	1.6356338262557983	0.0	0.0	0.0	0.0	0.9815014004707336	0.0	0.0	0.0	1.6432933807373047	1.6857472658157349	0.35945719480514526	0.0	1.6571102142333984	0.0	0.34801778197288513	0.751635730266571	0.0	0.31531453132629395	0.0	1.7815967798233032	0.0	0.0
0.0	0.0	0.0	0.0	1.4812666177749634	0.0	0.0	0.0	1.1401746273040771	0.0	0.4735131859779358	0.0	0.4664610028266907	0.2401963174343109	0.18922661244869232	2.5483505725860596	0.0	0.20328029990196228	0.0	0.26845407485961914	0.0	0.0	0.0	0.1524237096309662	0.0	0.0	0.0	0.45628225803375244	0.0	0.9745675921440125	0.24669265747070312	1.3879897594451904	0.0	0.0	0.0	0.8075132369995117	1.4806146621704102	0.0	1.0442042350769043	0.35000142455101013	0.0	0.0	0.0	0.0	0.0	0.0	0.269156277179718	0.0	0.0	0.0	0.0	0.0	0.0	0.009502772241830826	0.31472712755203247	0.0	0.0	0.0	0.834287166595459	0.41259095072746277	0.0	0.0	0.0	0.07549811154603958	0.0	0.0	0.0	0.0	0.0	0.0	0.46553146839141846	0.0	0.0	0.0	0.0	0.0	0.19824062287807465	0.0	0.0	0.0	0.0	0.0	0.7308522462844849	0.2081514149904251	1.093034029006958	0.0	0.60277259349823	0.0	0.7585747241973877	0.0	0.0	0.0	0.0	1.560628056526184	0.0	0.0	0.6052259802818298	0.3127829134464264	0.0	0.0	0.0	0.6185836791992188	0.0	0.7371353507041931	0.0	0.0	0.0	0.0	0.0	0.0	0.0	0.0	0.0	0.0	0.15509364008903503	0.0	0.24352577328681946	0.0	0.9253203868865967	0.0	0.0	0.31471729278564453	0.0	0.31209316849708557	0.21690253913402557	0.6823543906211853	0.0	0.0	0.0	0.10476895421743393	0.0	0.0	0.4000501036643982	0.0	0.0	0.774344265460968	0.633273720741272	0.0	0.0	0.0	0.0	0.0	0.0	0.0	0.0	0.0	0.45456698536872864	0.0	0.0	0.0	0.0	0.0	0.0	0.0	0.0	0.0	0.0	0.8346890807151794	0.0	0.0	0.0	0.5007683038711548	0.0	0.6761118173599243	0.08031555265188217	0.0	0.09041214734315872	0.9762977957725525	0.0	0.0	0.0	0.0	0.1656738668680191	0.0	0.5177580714225769	1.4047436714172363	0.40668025612831116	0.0	0.0	0.0	0.7677475214004517	0.0	0.0	0.0	0.2467997521162033	0.0	0.0	0.0	0.0	0.0	0.0	0.0	0.0	0.0	0.0	0.0	1.1157938241958618	0.0	1.3327769041061401	0.0	0.0	0.4811657667160034	0.0	0.0	0.0	0.0	0.0	0.0	2.742588758468628	0.0	1.1980563402175903	0.2526065707206726	0.0	0.0	0.0	0.0	0.0	0.0	0.9328955411911011	0.2761962413787842	0.24121339619159698	1.8839356899261475	0.0	0.0	0.0	0.3590341806411743	0.0	0.7442584037780762	0.11514761298894882	0.0	0.0	0.0	0.6393812894821167	0.4480864107608795	0.0	0.0	0.0	0.0	0.23939873278141022	0.0	0.0	0.0	0.046437423676252365	1.035183310508728	0.12052392959594727	0.0	1.6662644147872925	0.0	0.22271950542926788	0.0	0.0	0.0	0.0	1.2793233394622803	0.0	0.0
0.0	0.0	0.0	0.13065659999847412	0.0100552374497056	0.0	1.1962368488311768	0.0	1.2416728734970093	1.3362585306167603	0.0	0.0	1.4354051351547241	0.460370808839798	0.0	2.269930124282837	0.0	1.1523457765579224	1.4800896644592285	0.6417275667190552	0.8259662985801697	1.4404109716415405	0.0	0.16571234166622162	0.0	0.0	0.9454540014266968	0.4589117169380188	0.9985347986221313	1.2029547691345215	1.3494187593460083	0.9842348098754883	0.0	0.7227163314819336	0.0	0.7121281027793884	2.3681395053863525	0.0	2.532521963119507	1.9760620594024658	0.0	0.0	0.0	0.0	0.0	0.0	0.0	0.0	0.0	0.0	0.0	0.0	0.0	1.0593727827072144	2.1565513610839844	0.0	0.0	0.0	1.3529773950576782	0.0	0.0	0.0	0.0	0.8281370401382446	0.0	0.0	0.0	0.0	0.0	2.1687610149383545	0.6805267333984375	0.0	0.0	0.0	0.0	0.0	1.4251482486724854	0.0	0.0	0.019579973071813583	0.0	0.0	0.8156590461730957	1.125327229499817	2.172839879989624	0.0	2.041897773742676	0.0	0.1559213101863861	0.0	0.0	1.3592443466186523	0.0	1.8718369007110596	0.0	0.9273224472999573	1.8118371963500977	0.5806233882904053	0.0	0.0	0.0	0.0	0.0	1.8727070093154907	0.0	0.0	0.2894607186317444	0.0	0.0	0.0	0.0	0.0	0.0	0.0	0.0	0.20112472772598267	0.0	0.0	0.0	0.0	1.5770045518875122	0.060255445539951324	0.0	0.0	0.0	0.2733224928379059	0.0	0.0	0.0	0.0	0.0	0.0	0.6181579828262329	0.0	0.0	0.0	1.0312529802322388	0.0	0.0	0.8433342576026917	0.0	0.0	0.0	0.0	0.0	0.0	0.5889266133308411	0.0	0.0	0.0	0.0	0.01428704708814621	0.0	0.0	1.4560303688049316	0.0	0.0	1.1664363145828247	0.0	0.0	0.7988250255584717	1.3408432006835938	0.0	0.606747567653656	0.48789340257644653	0.0	0.6189901828765869	0.8547782301902771	0.0	0.0	0.0	0.0	1.7441996335983276	0.0	0.0	0.3993948996067047	0.0	0.0	0.0	0.0	0.3103967308998108	1.6848409175872803	0.0	0.0	1.7343097925186157	0.0	0.0	0.0	0.0	0.0	0.0	0.0	0.0	0.0	1.2777328491210938	0.0	2.6781420707702637	0.0	0.6615582704544067	0.35236847400665283	0.0	0.3046945333480835	0.0	0.0	0.0	0.0	0.0	0.0	1.5627638101577759	0.0	0.22185832262039185	0.8506709933280945	0.0	0.0	0.11576593667268753	0.0	0.0	0.0	1.4984774589538574	1.438798189163208	0.29395079612731934	1.0995546579360962	0.0	0.0	0.0	1.7812886238098145	0.0	1.873487949371338	1.6225435733795166	0.0	0.0	0.0	0.18602512776851654	1.9061764478683472	0.0	0.0	0.0	0.0	0.0	0.0	0.0	0.0	1.5057711601257324	0.1960744857788086	1.3047276735305786	0.0	0.9609404802322388	0.0	0.9573472738265991	0.8199207186698914	0.0	1.0673044919967651	0.0	0.18999391794204712	0.0	0.0
0.0	0.0	0.0	0.4666840136051178	0.5172540545463562	0.0	0.5946105122566223	0.0	1.363438606262207	0.5318136215209961	0.5065273642539978	0.0	1.1243737936019897	0.0	0.0	2.477210521697998	0.0	0.0	0.8933387994766235	0.646162211894989	0.0	3.04036283493042	0.0	0.0	0.0	0.0	0.3502720594406128	0.8466320633888245	0.6735456585884094	0.9489270448684692	0.0	1.61054527759552	0.0	0.8017064929008484	0.0	1.2109490633010864	2.7466766834259033	0.0	2.2143406867980957	1.6199157238006592	0.0	0.0	0.0	0.0	0.0	0.0	0.7125222086906433	0.0	0.0	0.0	0.0	0.0	0.0	0.0	2.6936304569244385	0.0	0.0	0.0	0.9312121868133545	1.3945467472076416	0.0	0.0	0.0	0.2355644255876541	0.0	0.0	0.0	0.0	0.0	3.4128265380859375	0.0	0.0	0.0	0.0	0.0	0.0	0.8874066472053528	0.0	0.0	0.0	0.0	0.0	1.429340124130249	1.8351136445999146	3.436842441558838	0.0	2.6628708839416504	0.0	0.312014102935791	0.0	0.0	0.7864692807197571	0.0	2.434842824935913	0.0	0.8874292373657227	1.9513506889343262	0.0	0.0	0.0	0.0	0.7389298677444458	0.0	2.013784170150757	0.0	0.0	0.46125903725624084	0.0	0.0	0.40669894218444824	0.0	0.0	0.0	0.0	0.0	0.0	0.0	0.0	0.7299400568008423	0.0	1.339693546295166	0.0	0.0	1.3441236019134521	1.3820059299468994	0.35768428444862366	0.0	0.0	0.0	0.0	0.0	0.0	0.0	0.0	0.0	0.970200777053833	0.06965398043394089	0.0	0.0	2.035433769226074	0.0	0.0	0.0	0.0	0.0	0.0	0.6893129348754883	0.0	0.0	0.0	0.0	0.11889016628265381	0.0	0.0	2.5055084228515625	0.0	0.0	0.8200522661209106	0.0	0.0	0.7841023802757263	0.6987317204475403	0.0	0.8553977012634277	1.631622552871704	0.0	0.970014214515686	0.8689081072807312	0.0	0.0	0.0	0.0	0.5594207644462585	0.0	0.0	2.0210094451904297	0.4049001634120941	0.0	0.0	0.0	1.0315310955047607	1.081268548965454	0.0	0.01741606928408146	0.4627980887889862	0.0	0.0	0.0	0.0	0.0	0.0	0.0	0.0	0.0	0.6644278764724731	0.0	2.9042515754699707	0.0	0.7788058519363403	0.0	0.0	0.5131951570510864	0.0	0.0	0.0	0.0	0.0	0.0	2.6413679122924805	0.0	0.5574080944061279	0.0	0.0	0.0	0.0	0.0	0.0	0.0	3.6493170261383057	0.3174636662006378	1.2920150756835938	1.250186800956726	0.0	0.0	0.0	2.1789469718933105	0.0	2.8266348838806152	1.5483099222183228	0.0	0.0	0.0	0.0	1.3800581693649292	0.0	0.0	0.0	0.0	0.0	0.0	0.0	0.0	0.7954292893409729	0.7269605398178101	1.9609687328338623	0.0	1.4556559324264526	0.0	1.7571849822998047	0.0	0.0	1.1338999271392822	0.0	2.07511830329895	0.0	0.0
0.0	0.0	0.0	0.372509628534317	0.38267844915390015	0.0	0.43316537141799927	0.0	0.6509733200073242	0.8593978881835938	0.008622654713690281	0.0	0.906351625919342	1.0608488321304321	0.3375939130783081	1.073716163635254	0.0	0.2834376394748688	0.6946642994880676	0.7859823703765869	0.32130762934684753	0.22636710107326508	0.0	0.9493170380592346	0.0	0.0	0.8766721487045288	1.1643846035003662	0.48151689767837524	0.8628220558166504	0.6134045124053955	0.5895440578460693	0.0	0.2112012803554535	0.0	1.0742568969726562	0.80306077003479	0.0	0.7446833848953247	0.7364081740379333	0.0	0.0	0.0	0.0	0.0	0.0	0.0	0.0	0.0	0.4535132348537445	0.0	0.0	0.0	0.0	0.5210075378417969	0.0	0.0	0.6458088159561157	1.163173794746399	0.03793996945023537	0.0	0.0	0.0	0.7349497079849243	0.0	0.0	0.0	0.0	0.0	0.5240657925605774	1.0026925802230835	0.0	0.0	0.06594987213611603	0.0	0.0	0.8579912185668945	0.27944067120552063	0.0	0.8777557015419006	0.0	0.0	0.42930468916893005	0.14219816029071808	1.1966817378997803	0.0	0.9074140787124634	0.0	0.028129009529948235	0.0	0.0	0.8641396164894104	0.0	0.9001230001449585	0.0	0.40977731347084045	0.9227527379989624	0.8579897284507751	0.0	0.4161704182624817	0.0	0.0	0.0	0.1621135026216507	0.0	0.0	0.31541258096694946	0.06103311851620674	0.0	0.0	0.0	0.0	0.0	0.0	0.04240382835268974	0.0	0.792150616645813	0.0	0.0	0.0	0.7630740404129028	0.6300591230392456	0.0	0.016090018674731255	0.0	0.8827391266822815	0.0	0.0	0.0	0.10936886817216873	0.0	0.0	0.4625287353992462	0.0	0.0	0.4859154224395752	0.7639926671981812	0.0	0.0	0.039381418377161026	0.0	0.0	0.0	0.9028515219688416	0.6256709694862366	0.0	0.3708297312259674	0.0	0.0	0.0	0.0	0.4836467206478119	0.0	0.0	0.724072277545929	0.0	0.0	1.0598095655441284	0.0	0.0	0.41627809405326843	0.8483185768127441	0.3959181606769562	0.9518659114837646	0.7230122685432434	0.0	0.09961294382810593	0.8428617715835571	0.0	0.0	0.0	0.0	0.306724488735199	0.0	1.3402400016784668	0.041380517184734344	0.0	0.0	0.0	0.4200253486633301	0.9201489090919495	0.7853357195854187	0.0	0.08080486208200455	0.5442061424255371	0.0	0.0	0.0	0.0	0.0	0.0	0.0	0.0	0.0	0.8547550439834595	0.0	1.0052121877670288	0.0	0.4940999746322632	0.5674728751182556	0.0	0.0	0.0	0.0	0.0	0.0	0.0	0.0	1.4287084341049194	0.0	0.6083238124847412	0.7898717522621155	0.45078420639038086	0.0	0.12990251183509827	0.0	0.0	0.0	1.012850284576416	0.9248644709587097	0.16884641349315643	0.8974081873893738	0.0	0.0	0.0	0.4265195429325104	0.6977576613426208	0.8873077034950256	0.8197359442710876	0.0	0.0	0.0	0.6854280829429626	0.865985095500946	0.0	0.0	0.0	0.0	0.3271968364715576	0.0	0.0	0.0	0.5819217562675476	0.04338467866182327	0.8058891892433167	0.0	0.8553311228752136	0.0	1.0549522638320923	0.6749752759933472	0.0	1.5454879999160767	0.0	0.2888812720775604	0.0	0.0
0.0	0.0	0.0	0.0	1.3009737730026245	0.0	1.0427353382110596	0.0	1.148809552192688	0.3029249310493469	0.19372346997261047	0.0	1.1543490886688232	0.0	0.0	2.2602148056030273	0.0	0.19952690601348877	0.7620174884796143	0.6386299133300781	0.3622090816497803	2.9782421588897705	0.0	0.0	0.0	0.0	0.9659422039985657	0.5363500118255615	0.670124351978302	0.3876270353794098	0.3166845142841339	2.8359973430633545	0.0	1.1337021589279175	0.0	0.7828716039657593	2.069364309310913	0.0	2.3471474647521973	1.236596703529358	0.0	0.0	0.0	0.0	0.0	0.0	0.0	0.0	0.0	0.07900277525186539	0.0	0.0	0.0	1.0235297679901123	2.239475965499878	0.0	0.0	0.0	1.1827634572982788	0.950699508190155	0.0	0.0	0.0	0.03361458703875542	0.0	0.0	0.0	0.0	0.0	2.3640048503875732	0.6038411855697632	0.0	0.0	0.0	0.0	0.0	0.5282406806945801	0.0	0.0	0.0	0.0	0.0	0.7365190386772156	1.9365456104278564	2.746062755584717	0.0	1.8854169845581055	0.0	0.1421930491924286	0.0	0.0	1.3831393718719482	0.0	1.9928269386291504	0.0	0.4861644506454468	1.8519058227539062	0.10050130635499954	0.0	0.0	0.0	0.0	0.0	2.6137945652008057	0.0	0.0	0.07742335647344589	0.0	0.0	0.0	0.0	0.0	0.0	0.0	0.0	0.0	0.0	0.0	0.3063066005706787	0.0	0.7717131972312927	0.0	0.0	2.074554681777954	0.0	0.19619566202163696	0.0	0.0	0.0	0.0	0.0	0.0	0.0	0.0	0.0	0.1886741816997528	0.2674451172351837	0.0	0.0	2.952425241470337	0.0	0.0	0.0	0.0	0.0	0.0	0.0	0.0	0.0	0.0	0.0	0.8580158948898315	0.0	0.0	2.3261818885803223	0.0	0.0	1.06252121925354	0.0	0.0	0.5824301242828369	0.7423434257507324	0.0	0.40790316462516785	0.9712896347045898	0.0	1.335933804512024	0.4462856948375702	0.0	0.0	0.0	0.0	0.4744856357574463	0.0	0.0	1.1684544086456299	0.0	0.0	0.0	0.0	0.5934664607048035	1.5257694721221924	0.0	0.0	1.5781465768814087	0.0	0.0	0.0	0.0	0.0	0.0	0.0	0.0	0.0	0.5005121231079102	0.0	2.8539435863494873	0.0	0.0	0.0	0.0	0.0	0.0	0.0	0.0	0.0	0.0	0.0	2.4038310050964355	0.0	0.0	0.19127221405506134	0.0	0.0	0.0	0.0	0.0	0.0	2.911620616912842	0.44848933815956116	0.5348556041717529	1.2554117441177368	0.0	0.0	0.0	2.3779382705688477	0.0	2.153491258621216	1.5309749841690063	0.0	0.0	0.0	0.17549867928028107	1.6269551515579224	0.0	0.0	0.0	0.0	0.0	0.0	0.0	0.0	0.949626088142395	0.144279345870018	1.5494023561477661	0.0	0.7383402585983276	0.0	1.4212157726287842	0.0	0.0	1.1845660209655762	0.0	1.224587082862854	0.0	0.0
0.0	0.0	0.0	1.0319240093231201	0.8997575640678406	0.0	0.5482746958732605	0.0	2.070427417755127	0.09002004563808441	0.9758186340332031	0.0	0.9887467622756958	0.0	0.0	3.659182548522949	0.0	0.5976622104644775	0.5064170360565186	0.08645979315042496	0.0	1.7172120809555054	0.0	0.0	0.0	0.0	0.0	0.0	0.5257079005241394	0.48490050435066223	0.0	0.30640774965286255	0.0	0.0	0.0	1.1299735307693481	1.2429399490356445	0.0	1.0345584154129028	0.32772499322891235	0.0	0.0	0.0	0.0	0.0	0.0	0.2562344968318939	0.0	0.0	0.0	0.0	0.0	0.0	0.3149172067642212	1.1055262088775635	0.0	0.0	0.0	0.5566832423210144	0.7747382521629333	0.0	0.0	0.0	0.0	0.0	0.0	0.0	0.0	0.0	1.2274833917617798	0.44458919763565063	0.0	0.0	0.28152206540107727	0.0	0.0	0.312878280878067	0.0	0.0	0.0	0.0	0.0	1.7604913711547852	0.9011813402175903	0.9829055666923523	0.0	1.2364633083343506	0.0	0.3901493549346924	0.0	0.0	0.0	0.0	1.0328890085220337	0.0	0.0	1.3226943016052246	0.0	0.0	0.0	0.0	1.270676851272583	0.0	1.445884108543396	0.0	0.0	0.6294898986816406	0.0	0.0	0.0	0.0	0.0	0.0	0.0	0.0	0.0	0.0	0.0	1.1366307735443115	0.0	0.4554397761821747	0.1463555544614792	0.0	0.45225203037261963	0.15601181983947754	1.4754992723464966	0.0	0.0	0.0	0.4190828204154968	0.0	0.0	0.0	0.0	0.0	0.6125389337539673	0.181970477104187	0.0	0.0	1.3102754354476929	0.0	0.0	0.0	0.0	0.0	0.0	0.7188350558280945	0.0	0.0	0.0	0.0	0.57666015625	0.0	0.0	0.9539234042167664	0.0	0.0	1.7756340503692627	0.0	0.0	0.0	0.1283910721540451	0.0	0.43562689423561096	0.6619261503219604	0.0	0.0	0.6669650077819824	0.0	0.0	0.0	0.0	0.5811150670051575	0.0	1.6118204593658447	2.50456166267395	1.1063272953033447	0.0	0.0	0.0	0.9490317702293396	0.740131139755249	0.0	0.0	0.16178050637245178	0.0	0.0	0.0	0.0	0.0	0.0	0.0	0.0	0.0	0.033036816865205765	0.0	1.37404203414917	0.0	1.120932936668396	0.0	0.0	0.7286391854286194	0.0	0.0	0.0	0.0	0.0	0.0	2.152595281600952	0.0	0.6802582144737244	0.14418664574623108	0.0	0.0	0.0	0.0	0.0	0.0	2.173301935195923	0.34575334191322327	1.2407728433609009	1.5068711042404175	0.0	0.0	0.0	1.831120491027832	0.17515110969543457	1.8750860691070557	0.55494225025177	0.0	0.0	0.0	1.045385718345642	0.5469909906387329	0.0	0.0	0.0	0.0	0.17825046181678772	0.0	0.0	0.0	0.8531403541564941	0.7953437566757202	0.5238211750984192	0.0	0.8175762295722961	0.0	0.7705367803573608	0.27319133281707764	0.0	0.9224985837936401	0.0	2.526843547821045	0.0	0.0
0.0	0.0	0.0	0.6081663966178894	0.6480656862258911	0.0	0.03947550803422928	0.0	0.6465027332305908	0.4713360667228699	0.8906182050704956	0.0	0.39368224143981934	0.5059628486633301	0.14553432166576385	0.8805367350578308	0.23814822733402252	0.31322288513183594	0.4606207013130188	0.5147700905799866	0.0	0.19484901428222656	0.0	0.6207075715065002	0.0	0.0	0.6542540788650513	0.7493212819099426	0.0	0.5902912020683289	0.4880446791648865	0.7209431529045105	0.0	0.05517090857028961	0.0	0.6282777786254883	0.4124423563480377	0.0	0.504781186580658	0.24721907079219818	0.0	0.0	0.0	0.0	0.0	0.0	0.0	0.0	0.0	0.797194242477417	0.0	0.0	0.0	0.0	0.3050179183483124	0.0	0.0	0.524366021156311	0.6808167695999146	0.2425619661808014	0.0	0.0	0.0	0.4267100393772125	0.0	0.0	0.0	0.0	0.0	0.2395443469285965	0.5337790846824646	0.0	0.0	0.3377862572669983	0.0	0.0	0.560210645198822	0.22163477540016174	0.0	0.5404759049415588	0.0	0.0	0.7721508741378784	0.0	0.63787442445755	0.0	0.3024230897426605	0.0	0.24129904806613922	0.0	0.0	0.7842170596122742	0.0	0.25484731793403625	0.0	0.03130287304520607	0.43343251943588257	0.5067801475524902	0.0	0.5551333427429199	0.0	0.8133894205093384	0.0	0.21803610026836395	0.0	0.0	0.48061156272888184	0.11550477892160416	0.0	0.07168904691934586	0.0	0.0	0.0	0.0	0.722034215927124	0.0	0.5506224632263184	0.0	0.5016064047813416	0.0	0.5688570141792297	0.503462016582489	0.0	0.05988385155797005	0.2364427149295807	0.7155962586402893	0.0	0.0	0.0	1.000732660293579	0.24876509606838226	0.0	0.8627976179122925	0.0	0.0	0.22535395622253418	0.5736857056617737	0.0	0.0	0.0	0.0	0.0	0.0	0.5869818329811096	0.541540265083313	0.0	0.034614961594343185	0.0	0.0	0.9255775809288025	0.0	0.656807005405426	0.0	0.0	0.18604785203933716	0.0	0.0	0.9390045404434204	0.0	0.0	0.0	0.4358993470668793	0.1339513212442398	0.5498162508010864	0.2864890694618225	0.0	0.021503223106265068	1.0115265846252441	0.0	0.0	0.0	0.0	0.5256903171539307	0.0	1.0123348236083984	0.4645999073982239	0.37308305501937866	0.0	0.0	0.28826195001602173	0.7985373139381409	0.2638321816921234	0.0	0.1263837069272995	0.4932352900505066	0.0	0.0	0.0	0.0	0.0	0.0	0.0	0.0	0.0	0.42600932717323303	0.0	0.6826362609863281	0.0	0.6875594258308411	0.15808512270450592	0.0	0.7366596460342407	0.0	0.0	0.0	0.0	0.0	0.0	1.0919535160064697	0.0	0.7512904405593872	0.871975839138031	0.20133168995380402	0.0	0.32037588953971863	0.0	0.0	0.0	0.5625006556510925	0.5172964930534363	0.3467811346054077	0.679466724395752	0.0	0.0	0.0	0.3487474024295807	0.7845157384872437	0.4664691090583801	0.6811705827713013	0.0	0.0	0.25759708881378174	0.6137465238571167	0.6147986650466919	0.0	0.0	0.0	0.0	0.5165577530860901	0.0	0.0	0.0	0.6732909083366394	0.5759395360946655	0.34182193875312805	0.0	0.6092098951339722	0.0	0.7824769616127014	0.28911954164505005	0.0	1.6589888334274292	0.0	0.5987554788589478	0.0	0.0
0.0	0.0	0.0	0.43368154764175415	0.1579330414533615	0.0	0.38313034176826477	0.0	2.487246513366699	0.5370795130729675	1.2427254915237427	0.0	0.6353747844696045	1.4897857904434204	0.14649628102779388	3.45468807220459	0.0	1.1138418912887573	0.6344391107559204	0.054459184408187866	0.0	0.0	0.0	0.3983730673789978	0.0	0.0	0.3129557967185974	0.12749053537845612	0.5954126715660095	1.1044011116027832	1.0085434913635254	0.12461598217487335	0.0	0.0	0.0	0.2837555706501007	1.0328397750854492	0.0	0.7167242169380188	1.0213953256607056	0.0	0.0	0.0	0.0	0.0	0.0	0.6088013052940369	0.0	0.0	0.08602078258991241	0.0	0.0	0.0	0.7189171314239502	0.0	0.0	0.0	0.0	0.6150804758071899	0.38334202766418457	0.0	0.0	0.0	0.0	0.0	0.0	0.0	0.0	0.0	0.09526148438453674	1.6326552629470825	0.0	0.0	0.052708689123392105	0.0	0.0	0.8463507294654846	0.0	0.0	0.6685595512390137	0.0	0.0	1.504362940788269	0.08697158843278885	0.8670457005500793	0.0	0.9001073837280273	0.0	2.0420188903808594	0.0	0.0	0.24375057220458984	0.0	0.0	0.0	0.0	1.2361698150634766	0.10875192284584045	0.0	0.0	0.0	0.6924912929534912	0.0	0.0	0.0	0.0	1.1667205095291138	0.19183219969272614	0.0	0.7090005278587341	0.0	0.0	0.0	0.0	0.0	0.0	0.5678008198738098	0.0	0.36443448066711426	0.0	0.8656996488571167	1.7119357585906982	0.0	0.0	0.0	1.6570022106170654	0.0	0.0	0.0	1.0890401601791382	0.0	0.0	0.0	0.0	0.0	1.0021929740905762	1.1172453165054321	0.0	0.0	0.15642790496349335	0.0	0.0	0.0	0.0	0.0	0.0	2.1820757389068604	0.0	0.0	0.0	0.0	1.3260726928710938	0.0	0.0	0.0	0.0	0.0	2.8203747272491455	0.0	0.0	0.0	0.18967962265014648	0.0	0.9493467211723328	0.13056743144989014	0.0	0.0	1.0672316551208496	0.0	0.0	0.0	0.0	1.0330049991607666	0.0	2.127835273742676	1.7462090253829956	0.7160828709602356	0.0	0.0	0.0	2.099857807159424	0.7757198810577393	0.0	0.0	0.0	0.0	0.0	0.0	0.0	0.0	0.0	0.0	0.0	0.0	0.500206470489502	0.0	0.5157636404037476	0.0	1.9464714527130127	0.0	0.0	1.981781244277954	0.0	0.0	0.0	0.0	0.0	0.0	2.9054501056671143	0.0	1.7961742877960205	0.4591025710105896	0.3640882074832916	0.0	0.6483046412467957	0.0	0.0	0.0	0.8518693447113037	0.8060777187347412	1.6656335592269897	2.2808661460876465	0.0	0.0	0.0	1.0055758953094482	0.0	1.638179063796997	0.5103848576545715	0.0	0.0	0.5495582222938538	1.1548343896865845	1.5031020641326904	0.0	0.0	0.0	0.0	1.325595498085022	0.0	0.0	0.0	1.066062092781067	1.741834282875061	0.02506115287542343	0.0	1.694139003753662	0.0	0.181529700756073	0.01185847632586956	0.0	0.6328768730163574	0.0	2.4117720127105713	0.0	0.0
0.0	0.0	0.0	0.35699325799942017	1.3709444999694824	0.0	0.6209544539451599	0.0	1.5688633918762207	0.674877405166626	0.8729962110519409	0.0	1.055009365081787	1.7289422750473022	0.09270016849040985	3.404859781265259	0.0	0.0	0.9902791380882263	0.6202593445777893	0.0	1.5481270551681519	0.0	0.9908233284950256	0.0	0.0	0.8464139699935913	0.5997459888458252	0.33816924691200256	1.4343360662460327	0.0	1.2008821964263916	0.0	0.0	0.0	0.5086163282394409	1.6403800249099731	0.0	1.0347713232040405	0.9595694541931152	0.0	0.0	0.0	0.0	0.0	0.0	0.9137892127037048	0.0	0.0	0.5852830410003662	0.0	0.0	0.0	0.5357683300971985	1.2208819389343262	0.0	0.0	0.0	1.3251893520355225	0.7736936211585999	0.0	0.0	0.0	0.0	0.0	0.0	0.0	0.0	0.0	1.535175085067749	1.2538163661956787	0.0	0.0	0.2612859904766083	0.0	0.0	0.6581434011459351	0.0	0.0	1.0239917039871216	0.0	0.0	1.3694642782211304	0.5142879486083984	2.007554054260254	0.0	1.5494602918624878	0.0	0.18365521728992462	0.0	0.0	0.39523616433143616	0.0	1.988223910331726	0.0	0.39303722977638245	1.50153648853302	0.40666988492012024	0.0	0.0	0.0	0.49596577882766724	0.0	1.604112982749939	0.0	0.0	1.0274823904037476	0.0	0.0	0.0	0.0	0.0	0.0	0.0	0.0	0.0	0.0	0.0	0.0	0.0	0.0	0.7813447117805481	0.0	0.45838743448257446	0.20284919440746307	1.3533709049224854	0.0	0.0	0.0	0.3406015634536743	0.0	0.0	0.48676881194114685	0.0	0.0	0.6229538321495056	1.3142030239105225	0.0	0.0	0.5106162428855896	0.0	0.0	0.0	0.3121814429759979	0.0	0.0	0.9953674077987671	0.0	0.0	0.0	0.0	0.27968505024909973	0.0	0.0	0.9293114542961121	0.0	0.0	1.6888095140457153	0.0	0.0	0.35896021127700806	0.4094081223011017	0.04241730272769928	0.6174570918083191	1.444746971130371	0.0	0.20413964986801147	1.0364766120910645	0.0	0.0	0.0	0.0	0.5211451649665833	0.0	1.8776500225067139	1.7155324220657349	0.301275372505188	0.0	0.0	0.0	1.0605276823043823	0.4579169750213623	0.0	0.0	0.7531814575195312	0.0	0.0	0.0	0.0	0.0	0.0	0.0	0.0	0.0	1.0558478832244873	0.0	1.6168156862258911	0.0	0.8023573160171509	0.3127668797969818	0.0	0.42499271035194397	0.0	0.0	0.0	0.0	0.0	0.0	2.673393726348877	0.0	0.7829102277755737	0.7485215067863464	0.0	0.0	0.04698073863983154	0.0	0.0	0.0	2.402862787246704	0.873093843460083	0.5723590850830078	2.0404562950134277	0.0	0.0	0.0	1.4290179014205933	0.0	1.2122912406921387	0.9946010708808899	0.0	0.0	0.0	0.0	1.0606101751327515	0.0	0.0	0.0	0.0	0.3929727375507355	0.0	0.0	0.0	0.7406419515609741	0.4998585879802704	0.500910222530365	0.0	1.7253663539886475	0.0	1.0108168125152588	0.0	0.0	0.9963065385818481	0.0	1.382333517074585	0.0	0.0
0.0	0.0	0.0	0.21242620050907135	1.0415434837341309	0.0	0.0	0.0	1.4580780267715454	1.0000581741333008	1.0947178602218628	0.0	0.07038161903619766	0.6590837836265564	0.0	2.339426040649414	0.028682922944426537	0.29743558168411255	0.0948546901345253	0.3069849908351898	0.0	0.5770295858383179	0.0	0.09354618936777115	0.0	0.0	0.17298410832881927	0.39925527572631836	0.028047045692801476	0.6030120849609375	0.726740300655365	1.0749537944793701	0.0	0.0	0.0	0.3003026247024536	0.177174910902977	0.0	0.2737552523612976	0.3168199062347412	0.0	0.0	0.0	0.05222530663013458	0.0	0.0	0.0	0.0	0.0	0.13191424310207367	0.0	0.0	0.0	0.0	0.18820156157016754	0.0	0.0	0.0	0.4813786745071411	0.3009466826915741	0.0	0.0	0.0	0.0	0.0	0.0	0.0	0.0	0.0	0.4766083061695099	0.814241886138916	0.0	0.0	0.027628974989056587	0.0	0.0	0.29065364599227905	0.0	0.0	0.2885528802871704	0.0	0.0	1.2686002254486084	0.008690702728927135	1.0564624071121216	0.0	0.5278576612472534	0.0	0.5069475173950195	0.0	0.0	0.4007488787174225	0.0	0.9674452543258667	0.0	0.0	0.742505669593811	0.005782618187367916	0.0	0.0	0.0	0.9133903980255127	0.0	0.5937149524688721	0.0	0.0	0.13601462543010712	0.21537406742572784	0.0	0.0	0.0	0.0	0.0	0.0	0.18762825429439545	0.0	0.26331719756126404	0.0	0.8067868947982788	0.0	0.0	1.237826943397522	0.0	0.5600669384002686	0.0	1.1952698230743408	0.0	0.0	0.0	0.5902861952781677	0.0	0.0	0.09467615932226181	0.0	0.0	0.6638901829719543	0.20580540597438812	0.0	0.0	0.3729623556137085	0.0	0.0	0.0	0.15597398579120636	0.0	0.0	0.0	0.0	0.0	0.0	0.0	1.1248725652694702	0.0	0.0	0.061938486993312836	0.0	0.0	1.9500339031219482	0.0	0.0	0.0	0.5528504252433777	0.0	1.0038206577301025	0.34953171014785767	0.0	0.0	0.7937162518501282	0.0	0.0	0.0	0.0	0.04033851996064186	0.0	0.8172784447669983	1.449011206626892	0.9841070771217346	0.0	0.0	0.0	1.7998430728912354	0.19327466189861298	0.0	0.0	0.0	0.0	0.0	0.0	0.0	0.0	0.0	0.0	0.0	0.0	0.471856951713562	0.0	0.48122483491897583	0.0	1.0807852745056152	0.0	0.0	0.7081236839294434	0.0	0.0	0.0	0.0	0.0	0.0	2.3569400310516357	0.0	1.3898842334747314	1.2518938779830933	0.3628421723842621	0.0	0.17550991475582123	0.0	0.0	0.0	0.27580830454826355	0.0	0.6645680069923401	1.8806194067001343	0.0	0.0	0.0	0.3811342120170593	0.25748056173324585	1.6813520193099976	0.10203602910041809	0.0	0.0	0.6026162505149841	1.1724122762680054	0.8197998404502869	0.0	0.0	0.0	0.0	0.7318837642669678	0.0	0.0	0.0	0.5782343745231628	1.123348355293274	0.23223476111888885	0.0	1.225898265838623	0.0	0.6195610761642456	0.5805600881576538	0.0	1.4884653091430664	0.0	1.6843657493591309	0.0	0.0
0.0	0.0	0.0	0.0	2.8250489234924316	0.0	0.0	0.0	2.9291250705718994	0.0	2.704972267150879	0.0	0.0	0.517833948135376	0.0	4.061033248901367	2.176719903945923	0.0	0.0	0.0	0.0	0.0	0.0	0.0	0.0	0.0	0.0	0.14532852172851562	0.0	0.0	0.0	2.0360991954803467	0.0	0.0	0.0	0.06761099398136139	0.0	0.0	0.0	0.0	0.0	0.0	0.0	1.5889800786972046	0.0	0.0	1.2021639347076416	0.0	0.0	2.003117322921753	0.0	0.0	0.0	0.0	0.0	0.0	0.0	0.0	0.0	0.0	0.0	0.0	0.0	0.22990819811820984	0.0	0.0	0.0	0.0	0.0	0.0	1.1545674800872803	0.0	0.0	1.4304736852645874	0.0	0.0	0.0	0.0575684979557991	0.0	0.0	0.0	0.0	1.9741625785827637	0.0	0.4396515190601349	0.0	0.0	0.0	2.8722035884857178	0.0	0.0	0.0	0.0	0.0	0.0	0.0	0.0	1.233504056930542	0.0	0.0	0.0	1.7288649082183838	0.0	0.0	0.0	0.0	0.0	2.4881112575531006	0.0	1.8441959619522095	0.0	0.0	0.0	0.0	0.5993096232414246	0.0	1.749431848526001	0.0	2.1533079147338867	0.0	0.0	1.8515177965164185	0.0	1.1198399066925049	0.0	2.448031187057495	0.0	0.0	0.0	3.8015189170837402	0.0	0.0	0.9963107109069824	0.0	0.0	2.260087013244629	1.434775710105896	0.0	0.0	0.0	0.0	0.0	0.0	0.0	0.0	0.0	1.0139096975326538	0.0	0.0	0.0	0.0	2.7263481616973877	0.0	0.0	0.0	0.0	0.0	2.8811569213867188	0.0	0.0	0.0	0.4439963102340698	0.0	1.1537200212478638	0.02128572203218937	0.0	0.0	1.3439960479736328	0.0	0.0	0.0	0.0	0.0	0.0	0.0	3.1389427185058594	2.7457587718963623	0.0	0.0	0.0	1.5891977548599243	0.0	0.0	0.0	0.0	0.0	0.0	0.0	0.0	0.0	0.0	0.0	0.0	0.0	0.0	0.0	0.0	0.0	2.107738971710205	0.0	0.0	2.4803664684295654	0.0	0.0	0.0	0.0	0.0	0.0	3.8940205574035645	0.0	3.094153881072998	1.9782252311706543	0.41818544268608093	0.0	0.0	0.0	0.0	0.0	0.0	0.0	2.289217233657837	3.734774351119995	0.0	0.0	0.0	0.0	2.463836908340454	0.737403392791748	0.0	0.0	0.0	3.7624573707580566	3.1361918449401855	0.49038615822792053	0.0	0.0	0.0	0.0	1.5563828945159912	0.0	0.0	0.0	0.0	2.5597338676452637	0.0	0.0	3.5803141593933105	0.0	0.17728012800216675	0.0	0.0	2.664386034011841	0.0	4.578948497772217	0.0	0.0
0.0	0.0	0.0	0.39830243587493896	0.0	0.0	1.3870995044708252	0.0	1.5427944660186768	0.0	0.13642007112503052	0.0	1.8584620952606201	0.28919604420661926	0.0	2.702105760574341	0.0	0.5406774878501892	1.4139978885650635	0.5456964373588562	0.2017362117767334	2.3541202545166016	0.0	0.03271669149398804	0.0	0.0	1.5781790018081665	0.0	1.6530578136444092	0.695235013961792	0.7993979454040527	0.956109344959259	0.0	0.5545503497123718	0.0	0.8806840181350708	2.4861819744110107	0.0	1.9243056774139404	1.5564513206481934	0.0	0.0	0.0	0.0	0.0	0.0	1.2841806411743164	0.0	0.0	0.0	0.0	0.0	0.0	1.1797120571136475	2.310194730758667	0.0	0.0	0.0	1.0946803092956543	1.3364946842193604	0.0	0.0	0.0	0.5302754044532776	0.0	0.0	0.0	0.0	0.0	2.6220815181732178	0.9711883068084717	0.0	0.0	0.40017345547676086	0.0	0.0	0.4232823848724365	0.0	0.0	1.11770761013031	0.0	0.0	1.0831376314163208	0.9898627400398254	1.9053035974502563	0.0	2.686758041381836	0.0	0.0	0.0	0.0	1.1541093587875366	0.0	1.9562686681747437	0.0	0.6285341382026672	2.343780517578125	0.0	0.0	0.0	0.0	0.09120681136846542	0.0	1.9885507822036743	0.0	0.0	1.4298633337020874	0.0	0.0	0.0	0.0	0.0	0.0	0.0	0.0	0.0	0.0	0.0	0.0	0.0	0.2119598686695099	0.0833892896771431	0.0	0.5425148010253906	1.2629656791687012	0.0	0.0	0.0	0.0	0.0	0.0	0.0	0.0	0.0	0.0	0.0	0.5736534595489502	0.0	0.0	1.1438267230987549	0.0	0.0	0.0	0.0	0.0	0.0	1.0048434734344482	0.0	0.0	0.0	0.0	0.0	0.0	0.0	1.627325177192688	0.0	0.0	1.325350046157837	0.0	0.0	1.3841302394866943	0.6639871001243591	0.0	0.24581952393054962	0.7213402390480042	0.0	1.3652681112289429	0.2873677611351013	0.0	0.0	0.0	0.0	1.337803840637207	0.0	0.36470136046409607	1.8285613059997559	0.0	0.0	0.0	0.0	0.6092349290847778	1.6675349473953247	0.0	0.06624695658683777	1.0723764896392822	0.0	0.0	0.0	0.0	0.0	0.0	0.0	0.0	0.0	1.4311467409133911	0.0	2.616532802581787	0.0	1.108967900276184	0.0	0.0	0.9445754885673523	0.0	0.0	0.0	0.0	0.0	0.0	1.5341637134552002	0.0	0.0	0.0	0.0	0.0	0.0	0.0	0.0	0.0	3.2566874027252197	0.9540640711784363	1.3997113704681396	0.7544955015182495	0.0	0.0	0.0	2.634357452392578	0.0	1.944994330406189	1.9074147939682007	0.0	0.0	0.0	0.0	1.357316017150879	0.0	0.0	0.0	0.0	0.2823053002357483	0.0	0.0	0.0	1.7719053030014038	0.794628381729126	1.1434383392333984	0.0	0.5280557870864868	0.0	1.0265321731567383	0.06937427073717117	0.0	0.18674935400485992	0.0	0.6600325107574463	0.0	0.0
0.0	0.0	0.0	0.0	0.04468492045998573	0.0	0.340617835521698	0.0	1.4600496292114258	0.6349518895149231	0.8625381588935852	0.0	0.9582405686378479	0.0	0.0	3.044743299484253	0.0	0.5283386707305908	0.9533963203430176	0.31898951530456543	0.0	1.2356746196746826	0.0	0.0	0.0	0.0	0.8627063632011414	0.7963354587554932	0.3187655508518219	0.49463844299316406	0.5730118751525879	1.321073293685913	0.0	0.23264747858047485	0.0	0.37451252341270447	2.0224177837371826	0.0	1.7388368844985962	0.8554798364639282	0.0	0.0	0.0	0.0	0.0	0.0	0.46681341528892517	0.0	0.0	0.0	0.0	0.0	0.0	0.8171869516372681	0.9466279149055481	0.0	0.0	0.0	1.070726752281189	0.33376839756965637	0.0	0.0	0.0	0.841999351978302	0.0	0.0	0.0	0.0	0.0	1.7231976985931396	0.9697713851928711	0.0	0.0	0.48808810114860535	0.0	0.0	0.515575110912323	0.0	0.0	0.0060877809301018715	0.0	0.0	1.193142056465149	0.8844210505485535	2.1209428310394287	0.0	1.1219112873077393	0.0	1.4923312664031982	0.0	0.0	0.6834220290184021	0.0	1.2210359573364258	0.0	1.0501434803009033	0.9040575623512268	0.4028370976448059	0.0	0.0	0.0	1.133007526397705	0.0	1.5932345390319824	0.0	0.0	0.34075435996055603	0.0	0.0	0.59071284532547	0.0	0.0	0.0	0.0	0.2530437111854553	0.0	0.09434211254119873	0.0	0.47551053762435913	0.0	0.6343356966972351	0.0	0.0	0.143785297870636	0.6888450384140015	1.084499478340149	0.0	0.0	0.0	1.0509660243988037	0.0	0.0	0.9844585657119751	0.0	0.0	0.0	0.6754568815231323	0.0	0.0	0.0	0.0	0.0	0.0	0.0	0.0	0.0	1.4651994705200195	0.0	0.0	0.3582986891269684	0.0	0.9973305463790894	0.0	0.0	1.3149645328521729	0.0	0.0	1.8855012655258179	0.0	0.0	0.5892373323440552	0.9195080399513245	0.0	0.27736544609069824	0.8391073942184448	0.0	0.22988350689411163	0.9909828305244446	0.0	0.0	0.0	0.0	0.9454848170280457	0.0	0.0	1.9634768962860107	0.08261490613222122	0.0	0.0	0.0	0.8016799688339233	0.6916024684906006	0.0	0.48391756415367126	0.9821632504463196	0.0	0.0	0.0	0.0	0.0	0.0	0.0	0.0	0.0	0.7644537687301636	0.0	2.178135633468628	0.0	1.8059656620025635	0.0	0.0	1.9761343002319336	0.0	0.0	0.0	0.0	0.0	0.0	1.2938075065612793	0.0	1.0240260362625122	0.6208873987197876	0.0	0.0	0.6417402029037476	0.0	0.0	0.0	2.372187852859497	1.2348109483718872	1.3102473020553589	1.5470222234725952	0.0	0.0	0.0	1.771097183227539	0.2622513771057129	1.3175722360610962	1.279492974281311	0.0	0.0	0.0	0.8188152313232422	1.23185133934021	0.0	0.0	0.0	0.0	0.4969947636127472	0.0	0.0	0.0	1.0042563676834106	1.320134162902832	1.0084668397903442	0.0	1.8008753061294556	0.0	1.4629840850830078	0.0	0.0	1.8663122653961182	0.0	1.5564491748809814	0.0	0.0
0.0	0.0	0.0	0.5176573991775513	0.511829137802124	0.0	1.085435152053833	0.0	1.941763997077942	0.7008277177810669	0.0	0.0	1.618607759475708	2.793795585632324	0.0	3.3200933933258057	0.0	0.5018537640571594	1.5233330726623535	1.3530912399291992	0.06203039363026619	1.0495790243148804	0.0	0.8895488977432251	0.0	0.0	1.401371955871582	1.2041698694229126	0.771794319152832	2.1276042461395264	1.387518286705017	1.345428466796875	0.0	0.0	0.0	0.3033253252506256	2.631345510482788	0.0	2.318549633026123	1.7472188472747803	0.0	0.0	0.0	0.0	0.0	0.0	0.46186453104019165	0.0	0.0	0.0	0.0	0.0	0.0	0.6770262718200684	1.8759900331497192	0.0	0.0	0.0	1.36954927444458	0.0	0.0	0.0	0.0	1.1377720832824707	0.0	0.0	0.0	0.0	0.0	1.2859575748443604	1.2261598110198975	0.0	0.0	0.2686198651790619	0.0	0.0	1.3797695636749268	0.0	0.0	0.7754935622215271	0.0	0.0	1.158787727355957	0.7817287445068359	1.8481462001800537	0.0	2.131795883178711	0.0	0.5355488061904907	0.0	0.0	0.7827189564704895	0.0	1.1617578268051147	0.0	0.6176223158836365	1.0531152486801147	0.7152332663536072	0.0	0.0	0.0	0.21850796043872833	0.0	1.1070891618728638	0.0	0.0	0.9329562187194824	0.0	0.0	0.0	0.0	0.0	0.0	0.0	0.0	0.8079860210418701	0.9671695828437805	0.0	0.0	0.0	1.6413897275924683	0.7913060784339905	0.0	0.0	0.0	0.8366646766662598	0.0	0.0	0.0	0.0	0.0	0.0	0.7164848446846008	0.0	0.0	1.068354845046997	1.8463081121444702	0.0	0.0	0.0	0.0	0.0	0.0	0.0	0.0	0.0	2.5316200256347656	0.0	0.0	0.0	0.0	0.17040376365184784	0.0	0.0	1.1870719194412231	0.0	0.0	2.1632578372955322	0.0	0.0	0.8233369588851929	0.4458621144294739	0.0	1.1853539943695068	0.5100090503692627	0.0	0.2544855773448944	1.0574477910995483	0.0	0.0	0.0	0.0	1.8299671411514282	0.0	0.636259913444519	1.8020501136779785	0.25768300890922546	0.0	0.0	0.0	2.222005605697632	1.4069640636444092	0.0	0.0	1.683899164199829	0.0	0.0	0.0	0.0	0.0	0.0	0.0	0.0	0.0	1.9979639053344727	0.0	2.7974343299865723	0.0	1.6994105577468872	0.0	0.0	1.0353509187698364	0.0	0.0	0.0	0.0	0.0	0.0	2.5569469928741455	0.0	0.37429797649383545	0.9309943914413452	0.0	0.0	0.0	0.0	0.0	0.0	2.239030122756958	1.0302082300186157	0.8418390154838562	2.109682321548462	0.0	0.0	0.0	1.5450435876846313	0.0	1.76043701171875	1.3639658689498901	0.0	0.0	0.0	0.3818407356739044	2.201927423477173	0.0	0.0	0.0	0.0	0.7374270558357239	0.0	0.0	0.0	1.221195101737976	0.5377457737922668	0.5482651591300964	0.0	2.8981900215148926	0.0	0.8981289267539978	0.0	0.0	0.0	0.0	0.0	0.0	0.0
0.0	0.0	0.0	0.03851903975009918	0.5666117072105408	0.0	0.9533894658088684	0.0	2.241028308868408	0.41236209869384766	1.0567752122879028	0.0	1.1943418979644775	1.6288245916366577	0.1918097287416458	3.5037083625793457	0.0	0.34795621037483215	1.1630100011825562	0.672792375087738	0.0	0.6975703239440918	0.0	0.7858784198760986	0.0	0.0	1.2551484107971191	0.0	0.7426030039787292	1.44944429397583	0.6908543705940247	1.0801044702529907	0.0	0.0	0.0	0.07281513512134552	1.2207728624343872	0.0	1.3515130281448364	1.2735704183578491	0.0	0.0	0.0	0.0	0.0	0.0	1.2292572259902954	0.0	0.0	0.33469244837760925	0.0	0.0	0.0	0.25842157006263733	0.6935270428657532	0.0	0.0	0.0	1.0016056299209595	0.6271728873252869	0.0	0.0	0.0	0.10806560516357422	0.0	0.0	0.0	0.0	0.0	0.9619409441947937	1.6634340286254883	0.0	0.0	0.865119993686676	0.0	0.0	1.4777542352676392	0.0	0.0	0.5963741540908813	0.0	0.0	1.8525605201721191	0.6175153255462646	1.2949432134628296	0.0	1.3840440511703491	0.0	0.9217748641967773	0.0	0.0	0.41243723034858704	0.0	1.1485835313796997	0.0	0.10285104066133499	1.688467264175415	0.21615485846996307	0.0	0.0	0.0	0.4683903157711029	0.0	0.6957643032073975	0.0	0.0	1.9328770637512207	0.0	0.0	0.6592463254928589	0.0	0.0	0.0	0.0	0.0	0.0	0.28369277715682983	0.0	0.0	0.0	0.17589633166790009	1.4857317209243774	0.0	0.0	0.0	1.45779550075531	0.0	0.0	0.0	0.821906566619873	0.0	0.0	0.26129162311553955	0.0	0.0	1.0441724061965942	1.1712185144424438	0.0	0.0	0.6514533162117004	0.0	0.0	0.0	0.0	0.0	0.0	1.2072997093200684	0.0	0.0	0.0	0.0	1.1154695749282837	0.0	0.0	0.5961194634437561	0.0	0.0	2.2911927700042725	0.0	0.0	0.0	0.9411698579788208	0.0	1.085729956626892	0.25043800473213196	0.0	0.0	1.181942105293274	0.0	0.0	0.0	0.0	0.7200512290000916	0.0	1.6600046157836914	1.7376235723495483	0.7730295658111572	0.0	0.0	0.0	1.2442803382873535	1.330229640007019	0.0	0.0	0.7078966498374939	0.0	0.0	0.0	0.0	0.0	0.0	0.0	0.0	0.0	0.980017900466919	0.0	1.3828860521316528	0.0	1.8298293352127075	0.0	0.0	0.5148448348045349	0.0	0.0	0.0	0.0	0.0	0.0	3.2651543617248535	0.0	0.4123499095439911	1.2951689958572388	0.0	0.0	0.0	0.0	0.0	0.0	1.7362346649169922	0.4309229254722595	1.3012847900390625	2.4911422729492188	0.0	0.0	0.0	0.5045419931411743	0.0	2.1675643920898438	0.7148594260215759	0.0	0.0	0.07397707551717758	1.0392814874649048	2.2911620140075684	0.0	0.0	0.0	0.0	0.9120507836341858	0.0	0.0	0.0	1.0579537153244019	0.9517141580581665	0.7980261445045471	0.0	1.6591196060180664	0.0	0.1187463104724884	0.08635987341403961	0.0	0.6186003088951111	0.0	1.6867862939834595	0.0	0.0
0.0	0.0	0.0	0.8420159816741943	0.5017807483673096	0.0	0.8557697534561157	0.0	1.246476173400879	1.257338523864746	0.0	0.0	1.5198876857757568	0.8214589953422546	0.0	2.015314817428589	0.0	0.4018144905567169	1.1223547458648682	0.4294544756412506	0.7218995094299316	1.5591508150100708	0.0	0.43098241090774536	0.0	0.0	1.1249058246612549	0.8395501375198364	0.9935550093650818	0.8080426454544067	0.35344192385673523	0.1704370081424713	0.0	0.0	0.0	0.8181291818618774	1.073651909828186	0.0	1.3796018362045288	0.8667057156562805	0.0	0.0	0.0	0.0	0.0	0.0	0.0	0.0	0.0	0.0	0.0	0.0	0.0	0.6755973100662231	1.591160774230957	0.0	0.0	0.4836336374282837	2.023738384246826	0.38177451491355896	0.0	0.0	0.0	0.3165949583053589	0.0	0.0	0.0	0.0	0.0	1.6072742938995361	0.6310082674026489	0.0	0.0	0.0	0.0	0.0	0.7641797661781311	0.0	0.0	0.8690567016601562	0.0	0.0	0.8669413924217224	1.2374871969223022	1.7343615293502808	0.0	1.0102468729019165	0.0	0.0	0.0	0.0	0.9547669887542725	0.0	1.0643709897994995	0.0	0.5036506056785583	1.5362993478775024	0.24814824759960175	0.0	0.0	0.0	0.0	0.0	1.7909693717956543	0.0	0.0	0.835543692111969	0.0	0.0	0.0	0.0	0.0	0.0	0.0	0.0	0.0	0.0	0.0	0.0	0.0	0.923588752746582	0.8696674704551697	0.0	0.0	0.0	1.0106273889541626	0.0	0.0	0.0	0.0	0.0	0.0	0.7055182456970215	0.0	0.0	0.0	0.6113045811653137	0.0	0.0	1.3509353399276733	0.0	0.0	0.0	0.8640162944793701	0.28444230556488037	0.0	0.35879093408584595	0.0	0.0	0.0	0.0	0.2002926468849182	0.0	0.0	1.3429292440414429	0.0	0.0	1.2347732782363892	0.0	0.0	0.1716860830783844	0.8821349143981934	0.0	0.5716500878334045	0.9064770936965942	0.0	0.03306601941585541	0.6510699391365051	0.0	0.0	0.0	0.0	0.668306291103363	0.0	1.7657231092453003	0.03571965545415878	0.0	0.0	0.0	0.0	0.5936659574508667	1.5228257179260254	0.0	0.0	0.8137251734733582	0.0	0.0	0.0	0.0	0.0	0.0	0.0	0.0	0.0	0.7082034349441528	0.0	1.6051313877105713	0.0	0.582954466342926	0.23616954684257507	0.0	0.0	0.0	0.0	0.0	0.0	0.0	0.0	0.9848293662071228	0.0	0.027746496722102165	0.619509220123291	0.2138594537973404	0.0	0.0	0.0	0.0	0.0	1.7402279376983643	0.8843130469322205	0.5196239948272705	0.8760871291160583	0.0	0.0	0.0	1.4478925466537476	0.3362661898136139	1.540636658668518	1.1598520278930664	0.0	0.0	0.0	0.4476289451122284	1.6357184648513794	0.0	0.0	0.0	0.0	0.020436720922589302	0.0	0.0	0.0	0.8503247499465942	0.11610586941242218	1.0282928943634033	0.0	0.2971061170101166	0.0	1.007095217704773	0.8990874290466309	0.0	1.3807573318481445	0.0	0.0	0.0	0.0
0.0	0.0	0.0	0.19165882468223572	2.013871192932129	0.0	0.0	0.0	1.8602896928787231	0.0	2.0334599018096924	0.0	0.0	0.14894235134124756	0.0	2.7803430557250977	0.0	0.0	0.0	0.0	0.0	1.0099127292633057	0.0	0.0011500295950099826	0.0	0.0	0.0	0.4167936444282532	0.0	0.25379255414009094	0.0	1.559351921081543	0.0	0.0	0.0	0.0	0.23315732181072235	0.0	0.34532594680786133	0.0	0.0	0.0	0.0	0.519946277141571	0.0	0.0	0.17168301343917847	0.0	0.0	0.8942829966545105	0.0	0.0	0.0	0.0	0.0796586200594902	0.0	0.0	0.0	0.3023395836353302	0.18464301526546478	0.0	0.0	0.0	0.0	0.0	0.0	0.0	0.0	0.0	0.07976296544075012	1.5088164806365967	0.0	0.0	0.6136696934700012	0.0	0.0	0.0	0.0	0.0	0.0	0.0	0.0	1.6819854974746704	0.13649778068065643	0.825348973274231	0.0	0.0	0.0	1.1660302877426147	0.0	0.0	0.0	0.0	0.4110117256641388	0.0	0.0	0.21702294051647186	0.0	0.0	0.0	0.0	2.1282107830047607	0.0	0.0	0.0	0.0	0.23394343256950378	0.6259942054748535	0.0	1.3690528869628906	0.0	0.0	0.0	0.0	0.03032294474542141	0.0	0.4290177524089813	0.0	1.3131924867630005	0.0	0.0539884939789772	1.6155295372009277	0.0	1.1180155277252197	0.0	1.6859856843948364	0.0	0.0	0.0	1.9222567081451416	0.0	0.0	0.5515618324279785	0.0	0.0	1.983904242515564	1.1371796131134033	0.0	0.0	0.0	0.0	0.0	0.0	0.0	0.0	0.0	0.43596407771110535	0.0	0.0	0.0	0.0	1.3247363567352295	0.0	0.0	0.0	0.0	0.0	2.487349510192871	0.0	0.0	0.0	0.6416345238685608	0.0	1.292101263999939	0.0	0.0	0.0	1.0500658750534058	0.0	0.0	0.0	0.0	0.05954166129231453	0.0	0.4719352424144745	2.2938239574432373	2.1702990531921387	0.0	0.0	0.0	2.118063449859619	0.0	0.0	0.27489757537841797	0.0	0.0	0.0	0.0	0.0	0.0	0.0	0.0	0.0	0.0	0.0	0.0	0.7369521260261536	0.0	1.1498277187347412	0.0	0.0	1.4716084003448486	0.0	0.0	0.0	0.0	0.0	0.0	2.465243101119995	0.0	2.0113587379455566	1.292549729347229	0.0	0.0	0.0	0.0	0.0	0.0	1.0653421878814697	0.0	1.212028980255127	1.9126523733139038	0.0	0.0	0.0	0.08490360528230667	0.28669610619544983	1.6352425813674927	0.0	0.0	0.0	1.707814335823059	2.0633151531219482	0.5962921977043152	0.0	0.0	0.0	0.0	1.2234116792678833	0.0	0.0	0.0	0.015505191870033741	1.808717131614685	0.02764379046857357	0.0	2.8153507709503174	0.0	0.4020034372806549	0.0	0.0	2.0001840591430664	0.0	2.517400026321411	0.0	0.0
0.0	0.0	0.0	0.13024894893169403	0.0	0.0	0.9320643544197083	0.0	2.2910807132720947	0.0	0.9563993215560913	0.0	1.0315343141555786	0.9772875905036926	0.0	3.469327688217163	0.0	1.6271073818206787	1.3693643808364868	0.7282793521881104	0.0	0.6849626898765564	0.0	0.0	0.0	0.0	0.8108550310134888	0.15571460127830505	1.4641307592391968	1.190687894821167	2.280224084854126	1.081151008605957	0.0	0.0	0.0	0.0	1.6298584938049316	0.0	0.9917051792144775	1.281092643737793	0.0	0.0	0.0	0.0	0.0	0.0	2.953664541244507	0.0	0.0	0.0	0.0	0.0	0.0	1.2426940202713013	0.7326932549476624	0.0	0.0	0.0	0.0	1.4951475858688354	0.0	0.0	0.0	0.0	0.0	0.0	0.0	0.0	0.0	1.4686131477355957	0.6200503706932068	0.0	0.0	0.0	0.0	0.0	0.1111261248588562	0.0	0.0	0.2277786284685135	0.0	0.0	2.4389545917510986	0.12528768181800842	1.4877849817276	0.0	2.2634007930755615	0.0	1.8580906391143799	0.0	0.0	0.6895110607147217	0.0	0.4068754017353058	0.0	0.0	1.2737350463867188	0.0	0.0	0.0	0.0	1.9030365943908691	0.0	0.4449279010295868	0.0	0.0	1.572124719619751	0.0	0.0	1.2937148809432983	0.0	0.0	0.0	0.0	0.0	0.0	0.0	0.0	0.11247538775205612	0.0	1.1179695129394531	0.4731227457523346	0.0	0.0	1.8256218433380127	1.1054699420928955	0.0	0.0	0.0	0.2912119925022125	0.0	0.0	0.0	0.0	0.0	0.2236386388540268	0.3481895327568054	0.0	0.0	0.0	0.0	0.0	0.0	0.0	0.0	0.0	2.764949083328247	0.0	0.0	1.2667738199234009	0.0	0.0	0.0	0.0	0.0029756277799606323	0.0	0.0	2.5018529891967773	0.0	0.0	0.0	0.0933803915977478	0.0	1.0577069520950317	0.0	0.0	0.0	0.19650007784366608	0.0	0.0	0.0	0.0	1.5380079746246338	0.0	0.3341701328754425	2.0033950805664062	1.0269160270690918	0.0	0.0	0.0	1.3836820125579834	1.64694344997406	0.0	1.1100608110427856	0.21677176654338837	0.0	0.0	0.0	0.0	0.0	0.0	0.0	0.0	0.0	0.8490902781486511	0.0	1.9192267656326294	0.0	1.3299951553344727	0.0	0.0	2.0989975929260254	0.0	0.0	0.0	0.0	0.0	0.0	2.5694916248321533	0.0	0.4802773892879486	0.08888246864080429	0.0	0.0	0.18452665209770203	0.0	0.0	0.0	1.8697783946990967	0.6192073225975037	1.9893871545791626	2.5496394634246826	0.0	0.0	0.0	1.2036553621292114	0.0	1.9352561235427856	0.9546425342559814	0.0	0.0	0.0	0.0	2.6532745361328125	0.0	0.0	0.0	0.0	0.0	0.0	0.0	0.0	1.6500377655029297	1.9691665172576904	0.0	0.0	1.6043869256973267	0.0	0.2973862290382385	0.4240754544734955	0.0	0.0	0.0	2.382483720779419	0.0	0.0
0.0	0.0	0.0	0.27239033579826355	0.9480814933776855	0.0	1.1517760753631592	0.0	0.9922905564308167	1.015968918800354	0.0	0.0	1.4449083805084229	0.6924803853034973	0.0	1.6414737701416016	0.0	0.7619458436965942	0.9589336514472961	1.0484864711761475	0.6323453187942505	1.8735300302505493	0.0	0.9635003805160522	0.0	0.0	1.2701513767242432	0.5476276874542236	0.48650243878364563	0.82905113697052	0.7031236290931702	0.8780365586280823	0.0	0.3491058647632599	0.0	1.6154147386550903	1.4521422386169434	0.0	1.463568925857544	1.3279545307159424	0.0	0.0	0.0	0.0	0.0	0.0	0.0	0.0	0.0	0.0	0.0	0.0	0.0	0.5204834938049316	1.8276147842407227	0.0	0.0	0.38695427775382996	1.8338303565979004	0.5722415447235107	0.0	0.0	0.0	0.15291589498519897	0.0	0.0	0.0	0.0	0.0	2.0271921157836914	0.5515013337135315	0.0	0.0	0.0	0.0	0.0	0.908136785030365	0.0	0.0	0.8106187582015991	0.0	0.0	0.7814918160438538	0.6519973874092102	1.6025810241699219	0.0	1.8909213542938232	0.0	0.0	0.0	0.0	1.6358753442764282	0.0	2.0237302780151367	0.0	0.5773336887359619	2.0809690952301025	0.5882411003112793	0.0	0.0	0.0	0.0	0.0	1.5386983156204224	0.0	0.0	0.7879855036735535	0.0	0.0	0.0	0.0	0.0	0.0	0.0	0.0	0.0	0.0	0.0	0.0027586650103330612	0.0	0.21986548602581024	0.9355563521385193	0.0	0.5515311360359192	0.0	0.3926658630371094	0.0	0.0	0.0	0.0	0.0	0.0	0.006692042574286461	0.0	0.0	0.0	0.49701178073883057	0.0	0.0	1.9958319664001465	0.0	0.0	0.0	0.8660342693328857	0.5034498572349548	0.0	0.0	0.0	0.0	0.0	0.0	0.0	0.0	0.0	1.860248327255249	0.0	0.0	0.3745148479938507	0.0	0.0	0.5399357676506042	0.7015268802642822	0.3403511345386505	0.5110118985176086	0.9902387857437134	0.0	0.2989543676376343	0.4936777353286743	0.0	0.0	0.0	0.0	0.6764311790466309	0.0	2.220771312713623	0.0	0.0	0.0	0.0	0.0	1.0474417209625244	1.2704709768295288	0.0	0.0	1.4336837530136108	0.0	0.0	0.0	0.0	0.0	0.0	0.0	0.0	0.0	1.2456035614013672	0.0	1.6903117895126343	0.0	0.4099293649196625	0.7194037437438965	0.0	0.0	0.0	0.0	0.0	0.0	0.0	0.0	1.7846778631210327	0.0	0.0	0.06326203048229218	0.2699120342731476	0.0	0.0	0.0	0.0	0.0	2.1139354705810547	0.9243907332420349	0.0	1.158270239830017	0.0	0.0	0.0	1.3062551021575928	0.24213670194149017	1.7508349418640137	1.6563425064086914	0.0	0.0	0.0	0.08412017673254013	1.456791639328003	0.0	0.0	0.0	0.0	0.0	0.0	0.0	0.0	0.9465159177780151	0.0	1.7740907669067383	0.0	0.4765499234199524	0.0	1.2606327533721924	0.8159250020980835	0.0	1.235893964767456	0.0	0.33559173345565796	0.0	0.0
0.0	0.0	0.0	0.0	0.6048564314842224	0.0	0.7275051474571228	0.0	1.7745226621627808	0.928830087184906	0.0	0.0	1.4292933940887451	1.474586844444275	0.0	3.109872817993164	0.0	0.8314191699028015	1.005886435508728	0.9358969330787659	0.486310750246048	0.6364802718162537	0.0	0.3597598373889923	0.0	0.0	0.7760685086250305	1.0184835195541382	0.7270903587341309	1.014064073562622	0.4617552161216736	1.0119149684906006	0.0	0.0	0.0	1.2111455202102661	1.2709016799926758	0.0	1.8043911457061768	1.230573296546936	0.0	0.0	0.0	0.0	0.0	0.0	0.023442981764674187	0.0	0.0	0.0	0.0	0.0	0.0	0.7847409844398499	0.887704074382782	0.0	0.0	0.0	1.4626704454421997	0.1795356273651123	0.0	0.0	0.0	0.2521071135997772	0.0	0.0	0.0	0.0	0.0	1.0553375482559204	1.3499200344085693	0.0	0.0	0.0	0.0	0.0	1.1421393156051636	0.0	0.0	0.5506018400192261	0.0	0.0	0.7247483134269714	0.6418312191963196	2.035033702850342	0.0	1.7478410005569458	0.0	0.8533763885498047	0.0	0.0	0.5731764435768127	0.0	1.4741106033325195	0.0	0.0	1.7891931533813477	1.140808343887329	0.0	0.0	0.0	0.1897529810667038	0.0	1.0647586584091187	0.0	0.0	0.2332105189561844	0.0	0.0	0.0	0.0	0.0	0.0	0.0	0.0	0.0	1.0684928894042969	0.0	0.7280511260032654	0.0	1.754794716835022	1.0880025625228882	0.0	0.027054790407419205	0.0	2.1368985176086426	0.0	0.0	0.0	0.0	0.0	0.0	0.0	0.0	0.0	0.6652513146400452	1.1221590042114258	0.0	0.0	0.9722367525100708	0.0	0.0	0.0	0.10794863104820251	0.8813512921333313	0.0	1.137697696685791	0.0	0.0	0.0	0.0	0.7820144891738892	0.0	0.0	1.034956693649292	0.0	0.0	2.0353004932403564	0.0	0.0	0.0	0.5850133299827576	0.0	0.7872376441955566	0.41371625661849976	0.0	0.0	1.5686591863632202	0.0	0.0	0.0	0.0	0.5225300788879395	0.0	2.3254754543304443	0.8828575611114502	0.0	0.0	0.0	0.0	1.9510924816131592	1.5961945056915283	0.0	0.0	0.5129126906394958	0.0	0.0	0.0	0.0	0.0	0.0	0.0	0.0	0.0	0.4216037690639496	0.0	1.859147310256958	0.0	2.1707544326782227	0.0	0.0	0.038301337510347366	0.0	0.0	0.0	0.0	0.0	0.0	3.286548137664795	0.0	1.6128430366516113	0.7880704998970032	0.0	0.0	0.0	0.0	0.0	0.0	1.5431134700775146	1.2425068616867065	1.081041932106018	2.6752052307128906	0.0	0.0	0.0	1.216374158859253	0.7899988293647766	2.1537115573883057	1.0405665636062622	0.0	0.0	0.1550212949514389	1.261421799659729	1.6620467901229858	0.0	0.0	0.0	0.0	0.534968912601471	0.0	0.0	0.0	0.8703760504722595	0.09021410346031189	1.1758339405059814	0.0	0.9130007028579712	0.0	1.9517444372177124	1.1814632415771484	0.0	1.428130030632019	0.0	1.6368677616119385	0.0	0.0
0.0	0.0	0.0	0.5107784867286682	1.8939353227615356	0.0	0.0	0.0	1.900126338005066	0.0	2.749250888824463	0.0	0.0	0.38897672295570374	0.0	3.7689456939697266	0.0	0.0	0.0	0.0	0.0	0.0	0.0	0.0	0.0	0.0	0.0	0.0	0.0	0.8480654358863831	0.0	0.8554641008377075	0.0	0.0	0.0	0.0	0.30808767676353455	0.0	0.14468501508235931	0.0	0.0	0.0	0.0	0.0	0.0	0.0	1.7330727577209473	0.0	0.0	0.701235830783844	0.0	0.0	0.0	0.0	0.0	0.0	0.0	0.0	0.08245895057916641	1.3530763387680054	0.0	0.0	0.0	0.0	0.0	0.0	0.0	0.0	0.0	0.15927131474018097	1.313890814781189	0.0	0.0	1.3941618204116821	0.0	0.0	0.0	0.0	0.0	0.0	0.0	0.0	2.274508237838745	0.0	0.695881187915802	0.0	0.21328377723693848	0.0	0.7013346552848816	0.0	0.0	0.0	0.0	0.0	0.0	0.0	0.0	0.0	0.0	0.0	0.0	2.107609748840332	0.0	0.0	0.0	0.0	0.2926918864250183	0.11710909754037857	0.0	1.1443289518356323	0.0	0.0	0.0	0.0	1.231803059577942	0.0	0.6277875304222107	0.0	1.3166353702545166	0.0	0.0	1.5105267763137817	0.0	0.6450391411781311	0.11980240792036057	1.287208080291748	0.0	0.0	0.0	2.027108669281006	0.0	0.0	1.284334421157837	0.0	0.0	1.0254700183868408	0.9357081651687622	0.0	0.0	0.0	0.0	0.0	0.0	0.0	0.0	0.0	1.0659462213516235	0.0	0.0	0.0	0.0	1.6178944110870361	0.0	0.0	0.0	0.0	0.0	2.434705972671509	0.0	0.0	0.3020327687263489	0.4308312237262726	0.0	0.8257899880409241	0.0	0.0	0.0	0.6427121162414551	0.0	0.0	0.0	0.0	0.0	0.0	0.0	3.101435422897339	2.154346227645874	0.0	0.0	0.0	1.296364188194275	0.0	0.0	0.6079564690589905	0.0	0.0	0.0	0.0	0.0	0.0	0.0	0.0	0.0	0.0	0.0	0.0	0.24367736279964447	0.0	1.8561164140701294	0.0	0.0	2.907127618789673	0.0	0.0	0.0	0.0	0.0	0.0	2.9992082118988037	0.0	2.4170048236846924	1.8771761655807495	0.0	0.0	0.6522871255874634	0.0	0.0	0.0	0.8552089333534241	0.0	1.3262841701507568	1.9185059070587158	0.0	0.0	0.0	0.5157961845397949	0.0	0.8931058645248413	0.0	0.0	0.0	1.1837705373764038	1.917954921722412	0.38142040371894836	0.0	0.0	0.0	0.0	1.4283230304718018	0.0	0.0	0.0	0.20401903986930847	3.1675400733947754	0.0	0.0	2.704946756362915	0.0	0.0	0.0	0.0	0.6314550042152405	0.0	2.6171553134918213	0.0	0.0
0.0	0.0	0.0	0.0	1.3479557037353516	0.0	0.5655310153961182	0.0	0.8544090986251831	0.7505201101303101	0.0	0.0	0.6456612944602966	0.6145283579826355	0.34409409761428833	1.9855083227157593	0.0	0.0	1.1707777976989746	1.065022349357605	0.0	2.0922577381134033	0.0	0.45660361647605896	0.0	0.0	1.1330124139785767	0.7560900449752808	0.30430248379707336	0.6011098623275757	0.0	1.5692524909973145	0.0	0.0	0.0	1.117997169494629	1.9185847043991089	0.0	1.5358891487121582	1.3911367654800415	0.0	0.0	0.0	0.0	0.0	0.0	0.258349746465683	0.0	0.0	0.0	0.0	0.0	0.0	0.6869495511054993	1.4526859521865845	0.0	0.0	0.0	2.0712199211120605	0.4570077955722809	0.0	0.0	0.0	0.4321790039539337	0.0	0.0	0.0	0.0	0.0	1.7979518175125122	1.0880894660949707	0.0	0.0	0.9607487916946411	0.0	0.0	0.9088800549507141	0.0	0.0	1.5970994234085083	0.0	0.0	0.6621827483177185	0.8029193878173828	1.8871225118637085	0.0	2.1218583583831787	0.0	0.0	0.0	0.0	1.1022642850875854	0.0	1.6204900741577148	0.0	0.8791725635528564	1.4052363634109497	0.29134589433670044	0.0	0.0	0.0	0.12211503833532333	0.0	1.2766607999801636	0.0	0.0	0.43944698572158813	0.0	0.0	0.15042658150196075	0.0	0.0	0.0	0.0	0.0	0.0	0.0	0.0	0.0	0.0	0.0	0.3206753730773926	0.0	1.444804072380066	0.23466849327087402	0.3942684531211853	0.0	0.0	0.0	0.0	0.0	0.0	0.22987575829029083	0.0	0.0	0.0	1.1562066078186035	0.0	0.0	0.9804109334945679	0.0	0.0	0.0	0.0	0.0	0.0	0.12110617756843567	0.0	0.0	0.4900817573070526	0.0	0.7620342969894409	0.0	0.0	1.2064720392227173	0.0	0.0	1.3446494340896606	0.0	0.0	1.4120268821716309	0.9584017395973206	0.0	0.6821876764297485	0.6594740152359009	0.0	0.8916938900947571	0.3792213499546051	0.0	0.0	0.0	0.0	0.6902931928634644	0.0	0.7219951152801514	1.5494242906570435	0.20340748131275177	0.0	0.0	0.0	0.8131825923919678	0.7898977994918823	0.0	0.0	1.1222748756408691	0.0	0.0	0.0	0.0	0.0	0.0	0.0	0.0	0.0	1.61210036277771	0.0	2.137125253677368	0.0	0.6557775735855103	0.07519850134849548	0.0	0.5716397166252136	0.0	0.0	0.0	0.0	0.0	0.0	2.5547373294830322	0.0	0.21969740092754364	0.6533780694007874	0.0	0.0	0.0	0.0	0.0	0.0	2.6689417362213135	0.8125484585762024	0.7337422370910645	1.1487315893173218	0.0	0.0	0.0	2.2430803775787354	0.0	1.2299376726150513	1.243545651435852	0.0	0.0	0.0	0.1363421529531479	0.9058757424354553	0.0	0.0	0.0	0.0	0.21589231491088867	0.0	0.0	0.0	0.19962365925312042	0.0	1.0784015655517578	0.0	1.2990204095840454	0.0	1.655779242515564	0.0	0.0	0.4420742690563202	0.0	0.47860783338546753	0.0	0.0
0.0	0.0	0.0	0.7163114547729492	0.0	0.0	1.511125087738037	0.0	1.632797360420227	0.9579516649246216	0.0	0.0	2.02282452583313	1.2695714235305786	0.0	2.665738105773926	0.0	1.5689197778701782	2.473238468170166	0.9650834202766418	0.6436322927474976	2.042478322982788	0.0	0.7294918894767761	0.0	0.0	1.8773306608200073	0.9870725870132446	1.7883034944534302	2.1657350063323975	1.5302419662475586	0.0	0.0	1.4376999139785767	0.0	0.8605535626411438	3.7626750469207764	0.0	3.202608823776245	1.741106629371643	0.0	0.0	0.0	0.0	0.0	0.0	0.23695379495620728	0.0	0.0	0.0	0.0	0.0	0.0	1.2686731815338135	2.6902761459350586	0.0	0.0	0.0	1.814549446105957	0.035172853618860245	0.0	0.0	0.0	1.2310336828231812	0.0	0.0	0.0	0.0	0.0	3.128119945526123	1.4475080966949463	0.0	0.0	0.0	0.0	0.0	1.541072964668274	0.0	0.0	0.38041871786117554	0.0	0.0	1.0080584287643433	1.7561239004135132	3.18591046333313	0.0	3.35915470123291	0.0	0.0	0.0	0.0	1.9720286130905151	0.0	2.5625152587890625	0.0	1.7717307806015015	2.453382730484009	0.0	0.0	0.0	0.0	0.0	0.0	2.1737189292907715	0.0	0.0	0.8006688356399536	0.0	0.0	0.0	0.0	0.0	0.0	0.0	0.0	0.5006458759307861	0.18343985080718994	0.0	0.0	0.0	1.5712239742279053	0.0	0.0	0.0	0.6186031103134155	0.4766448736190796	0.0	0.0	0.0	0.0	0.0	0.0	0.6835647225379944	0.0	0.0	0.0	1.266688585281372	0.0	0.0	0.9468809366226196	0.0	0.0	0.0	0.0	0.07723589241504669	0.0	1.5329011678695679	0.0	0.0	0.0	0.0	0.0	0.0	0.0	2.081289052963257	0.0	0.0	1.5097929239273071	0.0	0.0	1.819521427154541	1.4373732805252075	0.0	0.992504894733429	1.3279099464416504	0.0	0.4131582975387573	1.124880313873291	0.0	0.0	0.0	0.0	1.825201153755188	0.0	1.0228288173675537	0.6690055131912231	0.0	0.0	0.0	0.0	1.1791502237319946	2.276460647583008	0.0	0.1695297658443451	2.607424259185791	0.0	0.0	0.0	0.0	0.0	0.0	0.0	0.0	0.0	2.065721035003662	0.0	3.633725881576538	0.0	1.1206731796264648	0.0	0.0	0.13072913885116577	0.0	0.0	0.0	0.0	0.0	0.0	1.861702561378479	0.0	0.0	0.0	0.0	0.0	0.0470474548637867	0.0	0.0	0.0	3.648540496826172	1.4971396923065186	0.3049238622188568	0.7633436322212219	0.0	0.0	0.0	3.0396568775177	0.0	3.3241307735443115	2.613133430480957	0.0	0.0	0.0	0.0	2.923341751098633	0.0	0.0	0.0	0.0	0.0	0.0	0.0	0.0	1.9842818975448608	0.11300771683454514	1.8783386945724487	0.0	1.2162525653839111	0.0	1.7146543264389038	0.7757720351219177	0.0	1.2970008850097656	0.0	0.1716071516275406	0.0	0.0
0.0	0.0	0.0	0.6692617535591125	0.7417141795158386	0.0	0.5481034517288208	0.0	2.2911217212677	0.3474602699279785	0.8221230506896973	0.0	0.5421660542488098	1.2222574949264526	0.0	3.5824923515319824	0.0	0.8931474089622498	0.43534961342811584	0.556993842124939	0.0	0.9198455810546875	0.0	0.0	0.0	0.0	0.4690529406070709	0.09041696786880493	0.5317413210868835	1.9463636875152588	0.7059517502784729	0.19388093054294586	0.0	0.0	0.0	0.0	1.3457406759262085	0.0	1.7499867677688599	1.015135407447815	0.0	0.0	0.0	0.0	0.0	0.0	0.4827083945274353	0.0	0.0	0.12394581735134125	0.0	0.0	0.0	0.8441209197044373	1.2674434185028076	0.0	0.0	0.0	0.678651750087738	0.9537554383277893	0.0	0.0	0.0	0.0	0.0	0.0	0.0	0.0	0.0	1.7058625221252441	1.2463526725769043	0.0	0.0	0.26761335134506226	0.0	0.0	0.868898868560791	0.0	0.0	0.14549720287322998	0.0	0.0	2.0660157203674316	0.21105904877185822	1.8501808643341064	0.0	1.6031737327575684	0.0	0.22835737466812134	0.0	0.0	0.38811302185058594	0.0	0.9208295941352844	0.0	0.1728523075580597	1.4101037979125977	0.0	0.0	0.0	0.0	1.952183485031128	0.0	0.44663554430007935	0.0	0.0	0.6581581830978394	0.0	0.0	0.1401863843202591	0.0	0.0	0.0	0.0	1.5238001346588135	0.0	0.0	0.0	0.42822933197021484	0.0	0.0	1.2893877029418945	0.0	0.0	0.0	1.33053457736969	0.0	0.0	0.0	0.6943644285202026	0.0	0.0	0.16935858130455017	0.0	0.0	0.6898670792579651	0.9528008103370667	0.0	0.0	0.5817139148712158	0.0	0.0	0.0	0.0	0.0	0.0	1.2322145700454712	0.0	0.0	0.0	0.0	0.6226029396057129	0.0	0.0	0.0	0.0	0.0	2.351823091506958	0.0	0.0	0.0	1.0771673917770386	0.0	0.6773581504821777	0.48326706886291504	0.0	0.0	1.3425859212875366	0.0	0.0	0.0	0.0	0.914216160774231	0.0	0.5062856674194336	2.0909574031829834	0.8005883693695068	0.0	0.0	0.0	1.3247126340866089	0.3671426773071289	0.0	0.0	0.6244872212409973	0.0	0.0	0.0	0.0	0.0	0.0	0.0	0.0	0.0	0.8665677309036255	0.0	1.3387924432754517	0.0	1.752324104309082	0.0	0.0	1.1069778203964233	0.0	0.0	0.0	0.0	0.0	0.0	3.2784717082977295	0.0	1.670021653175354	0.9098513722419739	0.04380900785326958	0.0	0.08310698717832565	0.0	0.0	0.0	1.7876746654510498	0.0	1.4812719821929932	2.0985140800476074	0.0	0.0	0.0	1.0985087156295776	0.0	2.5086750984191895	0.9345576167106628	0.0	0.0	0.0	0.8680351376533508	0.8290574550628662	0.0	0.0	0.0	0.0	0.806391716003418	0.0	0.0	0.0	1.1939747333526611	2.536856174468994	0.0038405172526836395	0.0	2.0096776485443115	0.0	0.0	0.0	0.0	0.5479084253311157	0.0	2.5648770332336426	0.0	0.0
0.0	0.0	0.0	0.13595987856388092	1.2661529779434204	0.0	1.1281414031982422	0.0	0.0	0.7710464000701904	0.0	0.0	0.606046736240387	0.0	0.0	0.981489360332489	0.0	0.7956990599632263	1.513850212097168	0.9519745111465454	0.47420287132263184	2.914915084838867	0.0	0.20861391723155975	0.0	0.0	1.555582046508789	1.0662959814071655	0.1025850772857666	0.3210963010787964	0.3507518172264099	2.153374195098877	0.0	2.305642604827881	0.0	1.0832443237304688	2.6428637504577637	0.0	3.1626031398773193	1.040470838546753	0.0	0.0	0.0	0.0	0.0	0.0	0.0	0.0	0.0	0.0	0.0	0.0	0.0	1.2699261903762817	2.4811723232269287	0.0	0.0	0.0	2.363790273666382	0.8074296712875366	0.0	0.0	0.0	1.129860520362854	0.0	0.0	0.0	0.0	0.0	2.8181350231170654	0.34804287552833557	0.0	0.0	0.0	0.0	0.0	0.9303043484687805	0.0	0.0	0.0	0.0	0.0	0.0	1.4890239238739014	2.6748664379119873	0.0	2.3831474781036377	0.0	0.0	0.0	0.0	2.079648494720459	0.0	3.1744046211242676	0.0	1.2799512147903442	1.589038610458374	0.05839073657989502	0.0	0.0	0.0	0.0	0.0	2.836489200592041	0.0	0.0	0.0	0.0	0.0	0.0	0.0	0.0	0.0	0.0	0.21094736456871033	0.0	0.0	0.0	0.0	0.0	0.0	0.0	0.0	0.972008466720581	1.3799755573272705	0.0	0.0	0.0	0.0	0.0	0.0	0.0	1.176090121269226	0.0	0.0	0.0	0.9902571439743042	0.0	0.0	1.0507217645645142	0.0	0.0	0.0	0.0	0.0	0.0	0.0	0.0	0.0	0.0	0.0	0.0	0.0	0.0	2.7801244258880615	0.0	0.0	0.057665761560201645	0.0	0.0	2.3397574424743652	1.5000227689743042	0.0	0.1604793816804886	0.9926807880401611	0.0	1.7429522275924683	0.4727649986743927	0.0	0.0	0.0	0.0	0.8593411445617676	0.0	0.0	0.5771004557609558	0.0	0.0	0.0	0.0	0.0	1.0263203382492065	0.0	1.8202508687973022	2.3226425647735596	0.0	0.0	0.0	0.0	0.0	0.0	0.0	0.0	0.0	0.982845664024353	0.0	3.5355353355407715	0.0	0.0	0.8862944841384888	0.0	0.0	0.0	0.0	0.0	0.0	0.0	0.0	1.361175298690796	0.0	0.0	0.0	0.0	0.0	0.0	0.0	0.0	0.0	3.603431463241577	0.875609278678894	0.0	0.0	0.0	0.0	0.0	2.6653361320495605	0.0	1.6534137725830078	1.2131211757659912	0.0	0.0	0.0	0.0	1.0755170583724976	0.0	0.0	0.0	0.0	0.0	0.0	0.0	0.0	1.2817401885986328	0.0	2.191734552383423	0.0	0.0	0.0	2.291679859161377	0.0	0.0	1.195876121520996	0.0	0.0	0.0	0.0
0.0	0.0	0.0	0.16012834012508392	0.4340319335460663	0.0	0.49980542063713074	0.0	0.5984905362129211	0.7910677790641785	0.1430109590291977	0.0	0.7755226492881775	0.6238750219345093	0.3765915036201477	0.9032547473907471	0.0	0.40971940755844116	0.3825100064277649	0.3883873224258423	0.2334282547235489	0.3542397618293762	0.0	0.7041962742805481	0.0	0.0	0.6862855553627014	0.5288248658180237	0.0	0.5551667213439941	0.4600217938423157	0.49702218174934387	0.0	0.06488016992807388	0.0	0.6564381122589111	0.4513183534145355	0.0	0.5557652711868286	0.5874003171920776	0.0	0.0	0.0	0.0	0.0	0.0	0.0	0.0	0.0	0.5500693321228027	0.0	0.0	0.0	0.0	0.4737052619457245	0.0	0.0	0.6145592331886292	0.9463481307029724	0.0	0.0	0.0	0.0	0.44913750886917114	0.0	0.0	0.0	0.0	0.0	0.3467729687690735	0.7630661129951477	0.0	0.0	0.31386956572532654	0.0	0.0	0.5694453716278076	0.41837525367736816	0.0	0.6341618299484253	0.0	0.0	0.2379412055015564	0.12111920863389969	0.7828549146652222	0.0	0.6540558338165283	0.0	0.026675747707486153	0.0	0.0	0.975461483001709	0.0	0.6226491928100586	0.0	0.17901313304901123	0.8313869833946228	0.5707483887672424	0.0	0.34078848361968994	0.0	0.0	0.0	0.198602557182312	0.0	0.0	0.35155871510505676	0.07542289048433304	0.0	0.0	0.0	0.0	0.0	0.0	0.04987695813179016	0.0	0.5475667119026184	0.0	0.0	0.0	0.03496064618229866	0.5128204822540283	0.0	0.03060976043343544	0.0	0.7008851766586304	0.0	0.0	0.0	0.19205209612846375	0.10058910399675369	0.0	0.35798540711402893	0.0	0.0	0.32618507742881775	0.5743327140808105	0.0	0.0	0.04706813022494316	0.0	0.0	0.0	0.7897847890853882	0.5462043881416321	0.0	0.010934379883110523	0.0	0.0	0.0	0.0	0.42234471440315247	0.0	0.0	0.5820390582084656	0.0	0.0	0.9053429961204529	0.0	0.0	0.2900937795639038	0.6364294290542603	0.4285432994365692	0.5169676542282104	0.5893796682357788	0.0	0.11707515269517899	0.6659307479858398	0.0	0.0	0.0	0.0	0.10124627500772476	0.0	1.3543756008148193	0.04569528251886368	0.0	0.0	0.0	0.4286332130432129	0.6349123120307922	0.6014631390571594	0.0	0.0	0.5454975962638855	0.0	0.0	0.0	0.0	0.0	0.0	0.0	0.0	0.0	0.6828920245170593	0.0	0.7340826988220215	0.0	0.5273562073707581	0.5115422606468201	0.0	0.0	0.0	0.0	0.0	0.0	0.0	0.0	1.004397988319397	0.0	0.4195135831832886	0.6239078640937805	0.48427242040634155	0.0	0.09567303210496902	0.0	0.0	0.0	0.6538538932800293	0.6206126809120178	0.0	0.6242426633834839	0.0	0.0	0.0	0.3995803892612457	0.6159839630126953	0.6484708786010742	0.764258086681366	0.0	0.0	0.07452685385942459	0.48228123784065247	0.5367227792739868	0.0	0.0	0.0	0.0	0.4525011479854584	0.0	0.0	0.0	0.427487313747406	0.0	0.5675374865531921	0.0	0.5435693264007568	0.0	0.7359153628349304	0.5175046324729919	0.0	1.364275574684143	0.0	0.188903346657753	0.0	0.0
0.0	0.0	0.0	0.0	1.63206148147583	0.0	0.09392400830984116	0.0	1.468574047088623	0.9018670320510864	0.0	0.0	1.4365664720535278	0.6109612584114075	0.7638933658599854	2.2865638732910156	0.0	0.0	0.740045428276062	0.4959321618080139	0.3764525055885315	1.5235402584075928	0.0	1.0397051572799683	0.0	0.0	0.6072695851325989	0.6845039129257202	0.0	0.7949816584587097	0.0	1.4063736200332642	0.0	0.0	0.0	0.7314333319664001	1.3554726839065552	0.0	1.1176773309707642	1.3455065488815308	0.0	0.0	0.0	0.0	0.0	0.0	0.0	0.0	0.0	0.7382132411003113	0.0	0.0	0.0	0.30149897933006287	1.0896645784378052	0.0	0.0	0.18086491525173187	1.3200416564941406	0.0	0.0	0.0	0.0	0.3204563856124878	0.0	0.0	0.0	0.0	0.0	1.3780375719070435	0.9723805785179138	0.0	0.0	0.3848736584186554	0.0	0.0	1.6688203811645508	0.20682722330093384	0.0	0.5930337905883789	0.0	0.0	0.4541582763195038	0.0	1.305905818939209	0.0	1.2417075634002686	0.0	0.0	0.0	0.0	0.6978537440299988	0.0	2.058723211288452	0.0	0.8729755282402039	1.7352083921432495	0.6441222429275513	0.0	0.0	0.0	0.0	0.0	0.9455562233924866	0.0	0.0	0.0	0.0	0.0	0.0	0.0	0.0	0.0	0.0	0.0	0.0	0.25973841547966003	0.0	0.0	0.0	0.0	1.3730794191360474	0.0	0.2685421109199524	0.0	1.0268054008483887	0.0	0.0	0.0	0.0	0.0	0.0	1.3159734010696411	0.0	0.0	1.0560939311981201	1.4653279781341553	0.0	0.0	1.8599644899368286	0.0	0.0	0.0	0.37344446778297424	0.0	0.0	0.05037267878651619	0.0	0.0	0.0	0.0	0.767713189125061	0.0	0.0	1.6472736597061157	0.0	0.0	1.473336100578308	0.0	0.0	0.10667753964662552	1.3575584888458252	0.8013573884963989	0.5393502116203308	1.346278190612793	0.0	0.66510009765625	1.196165680885315	0.0	0.0	0.0	0.0	0.6836534738540649	0.0	1.6672857999801636	0.29575082659721375	0.0	0.0	0.0	0.0	1.6763323545455933	0.4557640850543976	0.0	0.0	0.8181211948394775	0.0	0.0	0.0	0.0	0.0	0.0	0.0	0.0	0.0	0.7180308103561401	0.0	1.6433848142623901	0.0	0.7697956562042236	0.6803219318389893	0.0	0.0	0.0	0.0	0.0	0.0	0.0	0.0	3.236717700958252	0.0	1.5441513061523438	1.133499026298523	0.636751115322113	0.0	0.0	0.0	0.0	0.0	1.651977300643921	0.9380696415901184	0.0	1.631958246231079	0.0	0.0	0.0	1.220059871673584	0.5598034262657166	1.3761787414550781	1.4083133935928345	0.0	0.0	0.0	1.280165433883667	0.7977085113525391	0.0	0.0	0.0	0.0	0.4988960325717926	0.0	0.0	0.0	0.0	0.0	1.385472059249878	0.0	1.0243545770645142	0.0	1.5529212951660156	0.1449204683303833	0.0	1.283725380897522	0.0	1.0209722518920898	0.0	0.0
0.0	0.0	0.0	0.9399775266647339	1.4364646673202515	0.0	0.18045532703399658	0.0	2.209501028060913	0.6070277094841003	1.119126558303833	0.0	0.8627017736434937	2.0707876682281494	0.2198934406042099	4.35770320892334	0.0	0.3879484534263611	0.8940040469169617	1.2524769306182861	0.0	0.36945822834968567	0.0	0.8429542779922485	0.0	0.0	0.9070872664451599	0.0	0.38583624362945557	1.800288438796997	0.14789658784866333	0.30512669682502747	0.0	0.0	0.0	0.02269878424704075	1.8321443796157837	0.0	1.6479002237319946	1.0499340295791626	0.0	0.0	0.0	0.0	0.0	0.0	0.7799869179725647	0.0	0.0	0.2622833549976349	0.0	0.0	0.0	0.0	1.6168795824050903	0.0	0.0	0.0	0.3377164304256439	0.5594501495361328	0.0	0.0	0.0	0.3211503028869629	0.0	0.0	0.0	0.0	0.0	0.9893122315406799	1.852089285850525	0.0	0.0	0.5496487617492676	0.0	0.0	0.8529236316680908	0.0	0.0	0.5319287776947021	0.0	0.0	2.36186146736145	0.009442033246159554	1.8498656749725342	0.0	1.4600647687911987	0.0	0.24435289204120636	0.0	0.0	0.28624457120895386	0.0	0.912704348564148	0.0	0.993643581867218	1.5790590047836304	0.0	0.0	0.0	0.0	0.7650462985038757	0.0	0.0	0.0	0.0	1.249995470046997	0.0	0.0	0.18473723530769348	0.0	0.0	0.0	0.0	0.6699610352516174	0.0	0.14198561012744904	0.0	0.0	0.0	0.7794455289840698	1.812576413154602	0.0	0.42829495668411255	0.0	2.043290376663208	0.0	0.0	0.0	0.3876149654388428	0.0	0.0	0.8655461668968201	0.0	0.0	1.61190927028656	1.556847333908081	0.0	0.0	0.20469047129154205	0.0	0.0	0.0	0.0	0.0	0.0	1.4662940502166748	0.0	0.0	0.0	0.0	0.5694872140884399	0.0	0.0	0.4079529643058777	0.0	0.0	3.021988868713379	0.0	0.0	0.4577624797821045	1.3789650201797485	0.0	1.7393505573272705	1.0484708547592163	0.0	0.0	0.993296205997467	0.0	0.0	0.0	0.0	0.9749163389205933	0.0	0.8973000049591064	2.020491600036621	1.0943341255187988	0.0	0.0	0.0	1.997537612915039	1.2444857358932495	0.0	0.059407349675893784	0.9960700273513794	0.0	0.0	0.0	0.0	0.0	0.0	0.0	0.0	0.0	1.4982194900512695	0.0	1.0312249660491943	0.0	1.216568946838379	0.0	0.0	1.4186006784439087	0.0	0.0	0.0	0.0	0.0	0.0	3.2846267223358154	0.0	1.4487931728363037	1.481966495513916	0.0	0.0	0.0	0.0	0.0	0.0	1.7682576179504395	0.404820054769516	0.8910730481147766	2.515490770339966	0.0	0.0	0.0	1.5036135911941528	0.0	2.3964803218841553	0.6756960153579712	0.0	0.0	0.10126153379678726	1.0789138078689575	1.3381599187850952	0.0	0.0	0.0	0.0	1.3753712177276611	0.0	0.0	0.0	0.5941255688667297	2.1137969493865967	0.0	0.0	2.66416072845459	0.0	0.24674677848815918	0.14719584584236145	0.0	0.0	0.0	1.0804283618927002	0.0	0.0
0.0	0.0	0.0	0.7348344922065735	0.38098904490470886	0.0	1.3225632905960083	0.0	0.936003565788269	1.2484397888183594	0.0	0.0	1.5542922019958496	1.445188283920288	0.015048556961119175	1.9377275705337524	0.0	0.9096980094909668	1.432798147201538	0.4376162886619568	0.5816444754600525	0.9152345657348633	0.0	0.9471918344497681	0.0	0.0	1.2086875438690186	0.2971602976322174	0.32490500807762146	1.124165654182434	1.013282299041748	0.0	0.0	0.3161943554878235	0.0	0.7542896270751953	1.043906331062317	0.0	1.3530049324035645	1.255778193473816	0.0	0.0	0.0	0.0	0.0	0.0	0.0	0.0	0.0	0.0	0.0	0.0	0.0	0.42320066690444946	1.2968544960021973	0.0	0.0	0.5658977031707764	2.0088717937469482	0.13912516832351685	0.0	0.0	0.0	0.6068321466445923	0.0	0.0	0.0	0.0	0.0	1.550942301750183	1.3749982118606567	0.0	0.0	0.0	0.0	0.0	0.9989000558853149	0.6762062907218933	0.0	1.0492305755615234	0.0	0.0	0.9624393582344055	0.5346388816833496	1.592858076095581	0.0	1.2866166830062866	0.0	0.0	0.0	0.0	1.2130146026611328	0.0	1.2352186441421509	0.0	0.49204200506210327	1.982442021369934	0.5960918068885803	0.0	0.06894884258508682	0.0	0.0	0.0	0.7439025044441223	0.0	0.0	1.3336595296859741	0.0	0.0	0.0	0.0	0.0	0.0	0.0	0.0	0.0	0.5328994393348694	0.0	0.0	0.0	0.0	0.9728156328201294	0.0	0.0	0.0	1.1301783323287964	0.15465685725212097	0.0	0.0	0.0	0.0	0.0	0.2240982949733734	0.0	0.0	0.0	0.6107928156852722	0.0	0.0	1.353314995765686	0.0	0.0	0.0	1.248305320739746	0.6480885148048401	0.0	0.5158853530883789	0.0	0.0	0.0	0.0	0.07328494638204575	0.0	0.0	1.4127414226531982	0.0	0.0	1.1072574853897095	0.0	0.0	0.4343276917934418	0.815582811832428	0.42374202609062195	0.38023170828819275	0.7440008521080017	0.0	0.0	0.6505184769630432	0.0	0.0	0.0	0.0	0.5202797055244446	0.0	1.9706507921218872	0.0	0.0	0.0	0.0	0.4508472979068756	0.7755439877510071	1.3904293775558472	0.0	0.0	1.1457831859588623	0.0	0.0	0.0	0.0	0.0	0.0	0.0	0.0	0.0	1.3179734945297241	0.0	1.62396240234375	0.0	0.8197000622749329	0.8209779262542725	0.0	0.0	0.0	0.0	0.0	0.0	0.0	0.0	1.4128351211547852	0.0	0.0	0.40553221106529236	0.5722048878669739	0.0	0.5591270327568054	0.0	0.0	0.0	1.9625076055526733	1.1069788932800293	0.06698544323444366	0.8465933799743652	0.0	0.0	0.0	1.4966011047363281	0.3871549665927887	1.522326946258545	1.430111050605774	0.0	0.0	0.0	0.16381949186325073	1.6301935911178589	0.0	0.0	0.0	0.0	0.5103114247322083	0.0	0.0	0.0	1.1185741424560547	0.0	1.339411735534668	0.0	0.409744530916214	0.0	0.6684174537658691	0.6860253810882568	0.0	2.1743414402008057	0.0	0.17281803488731384	0.0	0.0
0.0	0.0	0.0	0.3870483934879303	0.4110966622829437	0.0	1.3140006065368652	0.0	0.8048264384269714	1.9360108375549316	0.0	0.0	1.959869384765625	1.6304209232330322	0.0	2.1101181507110596	0.0	0.7451065182685852	1.3510631322860718	1.1749435663223267	0.6357614398002625	2.0254127979278564	0.0	1.141047477722168	0.0	0.0	1.484757900238037	1.1745656728744507	0.528910756111145	1.3858431577682495	0.7184849381446838	0.4700668156147003	0.0	0.36846089363098145	0.0	1.2480934858322144	2.1140897274017334	0.0	2.037046194076538	1.696830153465271	0.0	0.0	0.0	0.0	0.0	0.0	0.0	0.0	0.0	0.0	0.0	0.0	0.0	0.0	1.4114079475402832	0.0	0.0	0.45091649889945984	2.697211980819702	0.05392896756529808	0.0	0.0	0.0	0.9854451417922974	0.0	0.0	0.0	0.0	0.0	1.90249764919281	1.7148720026016235	0.0	0.0	0.40014803409576416	0.0	0.0	1.8852020502090454	0.8724402785301208	0.0	1.1602762937545776	0.0	0.0	0.829979419708252	0.6457036137580872	1.9411062002182007	0.0	2.0588676929473877	0.0	0.0	0.0	0.0	1.9512274265289307	0.0	2.1304378509521484	0.0	0.9189204573631287	2.2553672790527344	1.1593016386032104	0.0	0.0	0.0	0.0	0.0	1.303215503692627	0.0	0.0	1.1888350248336792	0.0	0.0	0.0	0.0	0.0	0.0	0.0	0.0	0.0	0.3881039023399353	0.0	0.0	0.0	0.907393753528595	1.4321949481964111	0.0	0.0	0.0	0.6547573804855347	0.0	0.0	0.0	0.0	0.0	0.0	0.2641541063785553	0.0	0.0	0.2695814371109009	1.2030677795410156	0.0	0.0	1.3333193063735962	0.0	0.0	0.0	1.765138030052185	0.1234285831451416	0.0	0.36703038215637207	0.0	0.0	0.0	0.0	0.0	0.0	0.0	1.7429547309875488	0.0	0.0	1.3747515678405762	0.0	0.0	0.5543791651725769	1.1515755653381348	0.22266729176044464	1.0585333108901978	1.7218644618988037	0.0	0.5261547565460205	0.9224268198013306	0.0	0.0	0.0	0.0	0.7701079845428467	0.0	2.1547529697418213	0.0	0.0	0.0	0.0	0.5996919274330139	1.0460240840911865	1.312464714050293	0.0	0.0	2.0713086128234863	0.0	0.0	0.0	0.0	0.0	0.0	0.0	0.0	0.0	1.296365737915039	0.0	2.3003339767456055	0.0	0.9492022395133972	1.0376660823822021	0.0	0.0	0.0	0.0	0.0	0.0	0.0	0.0	1.917633295059204	0.0	0.2270294576883316	0.8097430467605591	0.14197015762329102	0.0	0.35360267758369446	0.0	0.0	0.0	2.2797787189483643	1.0633387565612793	0.0	0.8080110549926758	0.0	0.0	0.0	2.1624491214752197	0.3525383770465851	1.8715877532958984	1.7356523275375366	0.0	0.0	0.0	0.3455348312854767	1.6409668922424316	0.0	0.0	0.0	0.0	0.3892538249492645	0.0	0.0	0.0	1.240612506866455	0.0	1.8999638557434082	0.0	0.9513788819313049	0.0	1.8473894596099854	1.0761336088180542	0.0	2.6343259811401367	0.0	0.280030220746994	0.0	0.0
0.0	0.0	0.0	0.8721293807029724	0.19761362671852112	0.0	1.3147131204605103	0.0	1.6417981386184692	0.9500889778137207	0.08177695423364639	0.0	1.4274530410766602	2.0250144004821777	0.0	3.070021629333496	0.0	1.0363863706588745	1.2881669998168945	1.2125635147094727	0.0	1.267271637916565	0.0	0.998885989189148	0.0	0.0	1.229262113571167	0.3214108347892761	0.7381043434143066	1.42820405960083	0.8475524187088013	0.47494053840637207	0.0	0.561911940574646	0.0	0.4906422197818756	2.0009777545928955	0.0	1.645047903060913	1.2082215547561646	0.0	0.0	0.0	0.0	0.0	0.0	0.7615768909454346	0.0	0.0	0.0	0.0	0.0	0.0	0.7543766498565674	1.721745252609253	0.0	0.0	0.0	1.0732495784759521	0.2806962728500366	0.0	0.0	0.0	0.7001641988754272	0.0	0.0	0.0	0.0	0.0	2.213230848312378	1.8891209363937378	0.0	0.0	0.0	0.0	0.0	1.197566032409668	0.0	0.0	0.7642186880111694	0.0	0.0	1.5117847919464111	0.32609209418296814	2.094458818435669	0.0	2.503391981124878	0.0	0.0	0.0	0.0	0.870476484298706	0.0	1.9898123741149902	0.0	0.5758434534072876	2.021193265914917	0.8805201053619385	0.0	0.0	0.0	0.39065393805503845	0.0	0.8092802166938782	0.0	0.0	1.6758654117584229	0.0	0.0	0.0	0.0	0.0	0.0	0.0	0.0	0.0	0.23963025212287903	0.0	0.0	0.0	1.2710951566696167	1.1508499383926392	0.0	0.0	0.14450225234031677	1.4289674758911133	0.0	0.0	0.0	0.0	0.0	0.0	0.0	0.0	0.0	0.280536413192749	1.0459249019622803	0.0	0.0	1.0978468656539917	0.0	0.0	0.0	0.016858238726854324	0.0	0.0	1.7505528926849365	0.0	0.0	0.0	0.0	0.0	0.0	0.0	1.1494632959365845	0.0	0.0	1.7713429927825928	0.0	0.0	0.5084039568901062	0.7891719937324524	0.0	1.4530097246170044	0.7608780860900879	0.0	0.0	0.901770293712616	0.0	0.0	0.0	0.0	0.9073336720466614	0.0	1.2635655403137207	1.164717435836792	0.0	0.0	0.0	0.0	1.2975091934204102	1.0990670919418335	0.0	0.0	1.0019330978393555	0.0	0.0	0.0	0.0	0.0	0.0	0.0	0.0	0.0	1.3283499479293823	0.0	2.091505765914917	0.0	1.3534166812896729	0.20648114383220673	0.0	0.812902569770813	0.0	0.0	0.0	0.0	0.0	0.0	2.4983747005462646	0.0	0.1360567957162857	0.3797018229961395	0.0	0.0	0.04571710526943207	0.0	0.0	0.0	2.643763303756714	1.065358281135559	1.0329480171203613	1.680517315864563	0.0	0.0	0.0	1.9197508096694946	0.0	1.764330506324768	1.290074348449707	0.0	0.0	0.0	0.0	2.05061674118042	0.0	0.0	0.0	0.0	0.5651277303695679	0.0	0.0	0.0	1.2758829593658447	0.3156871199607849	1.2570123672485352	0.0	1.365578055381775	0.0	0.6160694360733032	0.6491256356239319	0.0	0.6781517863273621	0.0	1.389040231704712	0.0	0.0
0.0	0.0	0.0	0.6475270390510559	0.0	0.0	0.9647305607795715	0.0	2.2137718200683594	0.9768413305282593	0.6609600782394409	0.0	0.8334090113639832	1.2140452861785889	0.0	3.58845853805542	0.0	0.49216434359550476	0.6154804825782776	0.2181648164987564	0.0	0.5458990335464478	0.0	0.4210744798183441	0.0	0.0	0.634575605392456	0.0	1.05787193775177	1.397927165031433	1.2055134773254395	0.0	0.0	0.0	0.0	0.0	0.3814583718776703	0.0	0.7652672529220581	0.8451285362243652	0.0	0.0	0.0	0.0	0.0	0.0	0.33523598313331604	0.0	0.0	0.0	0.0	0.0	0.0	0.0	0.9714508652687073	0.0	0.0	0.0	0.0	0.34043678641319275	0.0	0.0	0.0	0.0	0.0	0.0	0.0	0.0	0.0	0.9718281626701355	1.023639440536499	0.0	0.0	0.0	0.0	0.0	0.7969526648521423	0.0	0.0	0.5333995819091797	0.0	0.0	1.6824793815612793	1.2651798725128174	1.8532819747924805	0.0	1.2604634761810303	0.0	1.283857822418213	0.0	0.0	0.0	0.0	0.0	0.0	0.3208604156970978	1.5342837572097778	0.0	0.0	0.0	0.0	0.3896337151527405	0.0	0.0	0.0	0.0	1.102707028388977	0.0	0.0	0.0	0.0	0.0	0.0	0.0	0.0	0.0	0.7605491280555725	0.0	0.0	0.0	0.7808736562728882	1.9243078231811523	0.0	0.07174206525087357	0.23628541827201843	1.2996186017990112	0.0	0.0	0.0	0.0	0.0	0.0	0.08453085273504257	0.0	0.0	0.7412726283073425	0.7182978987693787	0.0	0.0	0.2765149474143982	0.0	0.0	0.0	0.0	0.17895737290382385	0.0	1.4753897190093994	0.0	0.0	0.0	0.0	0.8501380681991577	0.0	0.0	0.43847012519836426	0.0	0.0	2.439584732055664	0.0	0.0	0.0	1.4029778242111206	0.0	1.176114797592163	0.07112636417150497	0.0	0.0	1.027551293373108	0.0	0.0	0.0	0.0	1.0237349271774292	0.0	0.7669607400894165	1.659152865409851	0.4213794469833374	0.0	0.0	0.0	1.9767684936523438	1.3977991342544556	0.0	0.0	0.005756383761763573	0.0	0.0	0.0	0.0	0.0	0.0	0.0	0.0	0.0	0.7557232975959778	0.0	1.650037169456482	0.0	1.826130747795105	0.0	0.0	0.0	0.0	0.0	0.0	0.0	0.0	0.0	2.534245252609253	0.0	0.9825988411903381	1.156417727470398	0.22002026438713074	0.0	1.6694984436035156	0.0	0.0	0.0	1.0004018545150757	0.39166179299354553	1.3053927421569824	2.2646117210388184	0.0	0.0	0.0	0.4201921224594116	0.2094346433877945	3.1427512168884277	0.7327628135681152	0.0	0.0	0.42540308833122253	0.9006683826446533	1.5054376125335693	0.0	0.0	0.0	0.0	1.0791348218917847	0.0	0.0	0.0	0.9489511847496033	1.628626823425293	0.5634574294090271	0.0	1.2480961084365845	0.0	0.6069019436836243	0.399992972612381	0.0	0.618233859539032	0.0	1.9900085926055908	0.0	0.0
0.0	0.0	0.0	0.0	1.8255773782730103	0.0	0.0	0.0	1.9548639059066772	0.0	3.079643726348877	0.0	0.0	0.0	0.0	2.7116520404815674	1.7657122611999512	0.0	0.0	0.0	0.0	0.19957394897937775	0.0	0.0	0.0	0.0	0.0	0.400255411863327	0.0	0.0	0.0	1.6561139822006226	0.0	0.0	0.0	0.0	0.0	0.0	0.0	0.0	0.0	0.0	0.0	0.8472080230712891	0.0	0.0	1.936303973197937	0.0	0.0	1.0251611471176147	0.0	0.0	0.0	0.0	0.0	0.0	0.0	0.0	0.0	1.1117336750030518	0.0	0.0	0.0	0.0	0.0	0.0	0.0	0.0	0.0	0.23326779901981354	1.0861583948135376	0.0	0.0	1.2677860260009766	0.0	0.0	0.0	0.0	0.0	0.0	0.0	0.0	1.3946402072906494	0.4362473487854004	0.0	0.0	0.0	0.0	1.2403156757354736	0.0	0.0	0.0	0.0	0.23967291414737701	0.0	0.0	0.0	0.0	0.0	0.0	0.0	2.591022491455078	0.0	0.0	0.0	0.0	0.0	0.9443867802619934	0.0	2.646982192993164	0.0	0.0	0.0	0.0	0.0	0.0	0.18584489822387695	0.0	1.9857778549194336	0.0	0.0	0.1210809126496315	0.0	1.557263731956482	0.7328813672065735	0.8005090355873108	0.0	0.0	0.0	2.5075745582580566	0.0	0.0	0.0	0.0	0.0	0.9221993684768677	0.5203519463539124	0.0	0.0	0.0	0.0	0.0	0.0	0.0	0.0	0.0	0.028060711920261383	0.0	0.0	2.226693630218506	0.0	2.15141224861145	0.0	0.0	0.0	0.0	0.0	2.020299196243286	0.0	0.0	0.0	0.7608191967010498	0.0	1.1642334461212158	0.0	0.0	0.0	0.02233440801501274	0.0	0.0	0.0	0.0	0.0	0.0	0.0	3.2814035415649414	3.4376933574676514	0.0	0.0	0.0	0.7054405212402344	0.0	0.0	0.0	0.0	0.0	0.0	0.0	0.0	0.0	0.0	0.0	0.0	0.0	0.0	0.0	0.0	0.0	1.1467607021331787	0.0	0.0	2.8449535369873047	0.0	0.0	0.0	0.0	0.0	0.0	2.2978286743164062	0.0	1.830866813659668	1.1480144262313843	0.0	0.0	0.0	0.0	0.0	0.0	0.49860501289367676	0.0	2.1004221439361572	1.9680129289627075	0.0	0.0	0.0	0.0021973811089992523	0.24605892598628998	0.999030590057373	0.0	0.0	0.0	2.5307960510253906	1.5317034721374512	0.11871261149644852	0.0	0.0	0.0	0.0	0.5863485336303711	0.0	0.0	0.0	0.0	2.461005926132202	0.0	0.0	2.110999822616577	0.0	0.0	0.0	0.0	1.5010801553726196	0.0	3.6760289669036865	0.0	0.0
0.0	0.0	0.0	0.30911070108413696	1.2847156524658203	0.0	0.0	0.0	2.2482635974884033	0.48140087723731995	1.7329308986663818	0.0	0.0	1.1178324222564697	0.40079838037490845	3.3335843086242676	0.0	0.16791804134845734	0.19081977009773254	0.35356953740119934	0.0	0.012948527000844479	0.0	0.6839424967765808	0.0	0.0	0.49902039766311646	0.07349313795566559	0.0	1.152711272239685	0.0	0.7335794568061829	0.0	0.0	0.0	0.6483027338981628	0.006134726572781801	0.0	0.3219476342201233	0.3921950161457062	0.0	0.0	0.0	0.0	0.0	0.0	0.4743485748767853	0.0	0.0	2.0413477420806885	0.0	0.0	0.0	0.6460127830505371	0.0	0.0	0.0	0.32588574290275574	0.46405932307243347	0.0	0.0	0.0	0.0	0.009206080809235573	0.0	0.0	0.0	0.0	0.0	0.32239678502082825	1.065028429031372	0.0	0.0	0.7205624580383301	0.0	0.0	0.6871482729911804	0.0	0.0	0.619419515132904	0.0	0.0	1.7370362281799316	0.0	0.4520089030265808	0.0	0.17687900364398956	0.0	0.8681256771087646	0.0	0.0	0.0	0.0	0.7459269165992737	0.0	0.29101303219795227	0.12237362563610077	0.765300452709198	0.0	0.0	0.0	1.267235279083252	0.0	0.0	0.0	0.0	0.2826494574546814	0.972628116607666	0.0	0.18110676109790802	0.0	0.0	0.0	0.0	0.8736280798912048	0.0	1.1949317455291748	0.0	0.9927419424057007	0.0	0.0	1.4422752857208252	0.0	0.5686991810798645	0.026876281946897507	1.9098997116088867	0.0	0.0	0.0	1.8017172813415527	0.0	0.0	0.8838532567024231	0.0	0.0	1.3416013717651367	1.654693365097046	0.0	0.0	0.0	0.0	0.0	0.0	0.0	0.0	0.0	0.5130590200424194	0.0	0.0	0.0	0.0	1.397869348526001	0.0	0.0	0.0	0.0	0.0	2.2140731811523438	0.0	0.0	0.0	1.1592997312545776	0.0	0.8605861067771912	0.4307044744491577	0.0	0.0	1.3338112831115723	0.0	0.0	0.0	0.0	0.026535090059041977	0.0	0.7536339163780212	1.793751835823059	1.8648967742919922	0.0	0.0	0.0	2.333798408508301	0.2636280059814453	0.0	1.8503904342651367	0.3239844739437103	0.0	0.0	0.0	0.0	0.0	0.0	0.0	0.0	0.0	0.8363370299339294	0.0	0.23746132850646973	0.0	1.1521042585372925	0.0	0.0	0.9903948307037354	0.0	0.0	0.0	0.0	0.0	0.0	3.0820953845977783	0.0	1.4595826864242554	1.555362582206726	0.1614380180835724	0.0	0.0	0.0	0.0	0.0	0.509523332118988	0.16513651609420776	0.32485589385032654	3.337749481201172	0.0	0.0	0.0	0.0	0.8578557372093201	1.1416987180709839	0.0	0.0	0.0	1.2275710105895996	1.6608226299285889	0.8256121873855591	0.0	0.0	0.0	0.0	1.3160709142684937	0.0	0.0	0.0	0.0	1.7132030725479126	0.0	0.0	2.136368751525879	0.0	0.0	0.0	0.0	1.2585430145263672	0.0	1.6174339056015015	0.0	0.0
0.0	0.0	0.0	0.0	0.8538620471954346	0.0	0.0	0.0	2.221372604370117	0.0	2.551265239715576	0.0	0.01950106769800186	0.1318083107471466	0.0	4.298708438873291	0.8131250739097595	0.20662438869476318	0.0	0.0	0.0	0.0	0.0	0.0	0.0	0.0	0.0	0.0	0.0	0.4188939929008484	0.0	1.7076786756515503	0.0	0.0	0.0	0.0	0.0	0.0	0.05544523149728775	0.0	0.0	0.0	0.0	0.2089819610118866	0.0	0.0	1.7550971508026123	0.0	0.0	0.29878953099250793	0.0	0.0	0.0	0.0	0.18299846351146698	0.0	0.0	0.0	0.0	0.6800464987754822	0.0	0.0	0.0	0.0	0.0	0.0	0.0	0.0	0.0	0.23498672246932983	0.6821773648262024	0.0	0.0	0.7579373717308044	0.0	0.0	0.16602806746959686	0.0	0.0	0.0	0.0	0.0	1.7705152034759521	0.0	0.0	0.0	0.3470677435398102	0.0	2.079897165298462	0.0	0.0	0.0	0.0	0.0	0.0	0.0	0.5330821871757507	0.0	0.0	0.0	0.0	1.5346077680587769	0.0	0.0	0.0	0.0	0.23156678676605225	0.19002018868923187	0.0	0.990466833114624	0.0	0.0	0.0	0.0	0.0	0.0	0.5658304691314697	0.0	1.9142323732376099	0.0	0.0	1.371375322341919	0.0	0.28157779574394226	0.0037635560147464275	1.810280203819275	0.0	0.0	0.0	1.2895748615264893	0.0	0.0	0.33349376916885376	0.0	0.0	1.4464377164840698	0.9256826043128967	0.0	0.0	0.0	0.0	0.0	0.0	0.0	0.0	0.0	1.5359987020492554	0.0	0.0	0.0	0.0	1.723562479019165	0.0	0.0	0.0	0.0	0.0	2.1110191345214844	0.0	0.0	0.0	0.0	0.0	0.5874279141426086	0.0	0.0	0.0	1.0222890377044678	0.0	0.0	0.0	0.0	0.2947079539299011	0.0	0.0	2.8784379959106445	1.6095219850540161	0.0	0.0	0.0	1.348897099494934	0.0	0.0	0.0	0.0	0.0	0.0	0.0	0.0	0.0	0.0	0.0	0.0	0.0	0.0	0.0	0.0	0.0	1.332188606262207	0.0	0.0	2.12611722946167	0.0	0.0	0.0	0.0	0.0	0.0	2.8527512550354004	0.0	2.4357948303222656	1.0190438032150269	0.0	0.0	0.23738443851470947	0.0	0.0	0.0	0.19622379541397095	0.0	2.1746606826782227	2.6228320598602295	0.0	0.0	0.0	0.0	0.10325305908918381	0.544416606426239	0.0	0.0	0.0	1.168871283531189	2.0430338382720947	0.544828474521637	0.0	0.0	0.0	0.0	1.740282654762268	0.0	0.0	0.0	0.42046549916267395	1.9024327993392944	0.0	0.0	2.1198129653930664	0.0	0.0	0.0	0.0	0.11526504904031754	0.0	2.873617172241211	0.0	0.0
0.0	0.0	0.0	0.2506055533885956	0.7273892164230347	0.0	0.6893255114555359	0.0	1.3006787300109863	1.0351765155792236	0.48676955699920654	0.0	0.35307544469833374	1.1668674945831299	0.1450631022453308	2.747955560684204	0.0	0.0	0.5237918496131897	0.8325098752975464	0.0	1.0864418745040894	0.0	0.4513286352157593	0.0	0.0	0.6944763660430908	0.4882667660713196	0.5573081374168396	1.4236109256744385	0.0	0.5324198007583618	0.0	0.0	0.0	0.19249467551708221	0.8362062573432922	0.0	1.2827258110046387	0.8415822982788086	0.0	0.0	0.0	0.0	0.0	0.0	0.0	0.0	0.0	0.0	0.0	0.0	0.0	0.0	0.531956672668457	0.0	0.0	0.23105201125144958	0.5361055135726929	0.02714434079825878	0.0	0.0	0.0	0.0	0.0	0.0	0.0	0.0	0.0	0.9614027142524719	1.082086205482483	0.0	0.0	0.5684494376182556	0.0	0.0	0.9401872158050537	0.3581315875053406	0.0	0.4830310344696045	0.0	0.0	0.838935911655426	0.3406620919704437	1.8047419786453247	0.0	0.8983011245727539	0.0	0.0	0.0	0.0	0.16159720718860626	0.0	1.126610517501831	0.0	1.3069603443145752	0.9245004653930664	0.2010992020368576	0.0	0.0	0.0	0.45871320366859436	0.0	0.07081997394561768	0.0	0.0	0.9946827292442322	0.0	0.0	0.0	0.0	0.0	0.0	0.0	0.0	0.0	0.4724290072917938	0.0	0.00871583167463541	0.0	0.5567936301231384	0.8719369173049927	0.0	0.5087718963623047	0.0	1.574660062789917	0.0	0.0	0.0	0.5790610313415527	0.0	0.0	1.0848233699798584	0.0	0.0	0.9709709286689758	0.8651639223098755	0.0	0.0	0.0	0.0	0.0	0.0	0.0	0.0	0.0	1.0024949312210083	0.0	0.0	0.0	0.0	0.9797656536102295	0.0	0.0	0.9526346921920776	0.0	0.0	1.9880393743515015	0.0	0.0	0.1651720404624939	1.404492735862732	0.3748742938041687	0.6745406985282898	1.0765341520309448	0.0	0.0	1.0150988101959229	0.0	0.0	0.0	0.0	0.8626429438591003	0.0	0.0	1.2769107818603516	0.9366400241851807	0.0	0.0	0.0	1.4936118125915527	0.6002307534217834	0.0	0.0	0.2638534903526306	0.0	0.0	0.0	0.0	0.0	0.0	0.0	0.0	0.0	1.2835866212844849	0.0	1.3205500841140747	0.0	1.2669835090637207	0.0	0.0	0.12425679713487625	0.0	0.0	0.0	0.0	0.0	0.0	2.135652780532837	0.0	1.3744757175445557	1.5906645059585571	0.0	0.0	0.35887575149536133	0.0	0.0	0.0	1.094118356704712	0.9191341400146484	0.5157430768013	2.081254005432129	0.0	0.0	0.0	0.7321743965148926	0.6004852652549744	1.7037769556045532	0.552990734577179	0.0	0.0	0.23481063544750214	0.9667991399765015	0.6795519590377808	0.0	0.0	0.0	0.0	0.7686726450920105	0.0	0.0	0.0	0.5179932117462158	0.8752004504203796	0.8254759311676025	0.0	1.4571239948272705	0.0	0.8192629814147949	0.37024882435798645	0.0	0.4393438398838043	0.0	0.986236572265625	0.0	0.0
0.0	0.0	0.0	0.966135561466217	1.0420386791229248	0.0	0.8026629686355591	0.0	1.9396713972091675	0.12891167402267456	0.4428982436656952	0.0	0.9088160395622253	1.1442691087722778	0.0	2.9486141204833984	0.0	0.8431764245033264	0.7299677133560181	0.9375554919242859	0.0	0.6228808164596558	0.0	0.06222819909453392	0.0	0.0	0.047251757234334946	0.08515132963657379	0.4556029140949249	1.5509198904037476	0.03769666329026222	0.3508230447769165	0.0	0.0	0.0	0.020144201815128326	2.0204131603240967	0.0	1.4639661312103271	0.9967175722122192	0.0	0.0	0.0	0.0	0.0	0.0	0.6121326088905334	0.0	0.0	0.0	0.0	0.0	0.0	0.28680410981178284	1.3082557916641235	0.0	0.0	0.0	0.45806655287742615	0.38499072194099426	0.0	0.0	0.0	0.0	0.0	0.0	0.0	0.0	0.0	1.2531994581222534	0.9307048320770264	0.0	0.0	0.4620339572429657	0.0	0.0	0.0	0.0	0.0	0.0	0.0	0.0	1.2208139896392822	0.0	1.5072338581085205	0.0	1.2333927154541016	0.0	0.27682986855506897	0.0	0.0	0.029034385457634926	0.0	1.3766368627548218	0.0	0.0	1.0775375366210938	0.0	0.0	0.0	0.0	1.001007080078125	0.0	0.5566797256469727	0.0	0.0	0.15299451351165771	0.0	0.0	0.0	0.0	0.0	0.0	0.0	0.8419856429100037	0.0	0.2696931064128876	0.0	0.6145967841148376	0.0	0.9372950792312622	1.2594746351242065	0.0	0.11862023174762726	0.16337354481220245	1.5326547622680664	0.0	0.0	0.0	0.6149023175239563	0.0	0.0	0.0	0.0	0.0	1.1677314043045044	0.7366256713867188	0.0	0.0	0.0	0.0	0.0	0.0	0.0	0.0	0.0	1.5357643365859985	0.0	0.0	0.0	0.0	0.3580726981163025	0.0	0.0	0.4127453863620758	0.0	0.0	1.313543677330017	0.0	0.0	0.0	0.7270015478134155	0.0	0.8802501559257507	0.1991538554430008	0.0	0.0	0.4333703815937042	0.0	0.0	0.0	0.0	0.9163206219673157	0.0	0.5918412208557129	1.8623934984207153	1.0918561220169067	0.0	0.0	0.0	0.9989808797836304	1.0654749870300293	0.0	0.0	0.6621586084365845	0.0	0.0	0.0	0.0	0.0	0.0	0.0	0.0	0.0	1.0028700828552246	0.0	1.415680170059204	0.0	1.4454306364059448	0.0	0.0	0.7583298087120056	0.0	0.0	0.0	0.0	0.0	0.0	1.9802882671356201	0.0	0.8888837695121765	0.9676229357719421	0.0	0.0	0.0	0.0	0.0	0.0	1.681053876876831	0.5889289379119873	0.2877129912376404	2.1085550785064697	0.0	0.0	0.0	1.2328988313674927	0.0	1.8766844272613525	0.17857761681079865	0.0	0.0	0.0025345953181385994	0.5882038474082947	0.7598984837532043	0.0	0.0	0.0	0.0	0.18172873556613922	0.0	0.0	0.0	1.037014126777649	1.0834780931472778	0.0	0.0	1.361754298210144	0.0	0.0	0.0	0.0	0.0	0.0	1.0631896257400513	0.0	0.0
0.0	0.0	0.0	0.593542754650116	0.29629406332969666	0.0	0.2453273981809616	0.0	1.611067295074463	0.14361976087093353	1.1630606651306152	0.0	0.42348790168762207	0.7680951952934265	0.0	2.878711223602295	0.0	0.29176098108291626	0.3226540684700012	0.0	0.0	0.9323533177375793	0.0	0.0	0.0	0.0	0.4818591773509979	0.19982361793518066	0.570591151714325	0.4846267104148865	0.13653281331062317	0.6449652314186096	0.0	0.0	0.0	0.34405872225761414	0.4610894024372101	0.0	0.5985760688781738	0.17862041294574738	0.0	0.0	0.0	0.0	0.0	0.0	0.9404474496841431	0.0	0.0	0.0	0.0	0.0	0.0	0.4490077793598175	0.2666783928871155	0.0	0.0	0.0	1.1660712957382202	0.6141006350517273	0.0	0.0	0.0	0.0	0.0	0.0	0.0	0.0	0.0	0.9211791157722473	0.6664662957191467	0.0	0.0	0.4249959886074066	0.0	0.0	0.571435809135437	0.0	0.0	0.04210961237549782	0.0	0.0	1.491378903388977	0.6194421648979187	1.2884347438812256	0.0	0.6423811912536621	0.0	1.1142088174819946	0.0	0.0	0.0	0.0	0.22698058187961578	0.0	0.0	0.9618104696273804	0.0	0.0	0.0	0.0	1.3756064176559448	0.0	0.5738658905029297	0.0	0.0	1.0124412775039673	0.0	0.0	0.8809165358543396	0.0	0.0	0.0	0.0	0.0	0.0	0.13848324120044708	0.0	0.624457836151123	0.0	0.0	0.7813020348548889	0.0	0.0	0.0	1.6326767206192017	0.0	0.0	0.0	0.7390936017036438	0.0	0.0	0.21964965760707855	0.0	0.0	0.6916312575340271	0.7110569477081299	0.0	0.0	0.27846819162368774	0.0	0.0	0.0	0.0	0.0	0.0	0.8376502990722656	0.0	0.0	0.0	0.0	1.2258317470550537	0.0	0.0	0.17007827758789062	0.0	0.0	2.211423397064209	0.0	0.0	0.0	0.4642397165298462	0.0	0.6334871053695679	0.13352198898792267	0.0	0.0	1.279585838317871	0.0	0.0	0.0	0.0	0.966719925403595	0.0	0.47880712151527405	2.0031354427337646	1.1847056150436401	0.0	0.0	0.0	1.1792075634002686	0.6188199520111084	0.0	0.0	0.0	0.0	0.0	0.0	0.0	0.0	0.0	0.0	0.0	0.0	0.6713888645172119	0.0	1.2624143362045288	0.0	1.390099048614502	0.0	0.0	1.5261799097061157	0.0	0.0	0.0	0.0	0.0	0.0	1.7187891006469727	0.0	1.2547675371170044	0.4661676585674286	0.0	0.0	0.5511220693588257	0.0	0.0	0.0	1.5517319440841675	0.0	1.5521104335784912	1.3238534927368164	0.0	0.0	0.0	0.7550391554832458	0.0	1.5476274490356445	0.1988644301891327	0.0	0.0	0.38420912623405457	1.7640533447265625	0.9919154047966003	0.0	0.0	0.0	0.0	1.0542919635772705	0.0	0.0	0.0	0.7304835319519043	1.578499436378479	0.22237810492515564	0.0	1.3120924234390259	0.0	0.3963446617126465	0.0	0.0	1.2350716590881348	0.0	1.7043284177780151	0.0	0.0
0.0	0.0	0.0	1.4224790334701538	0.2718925178050995	0.0	1.4172959327697754	0.0	2.3955647945404053	0.07565534859895706	1.5808501243591309	0.0	0.9022362232208252	2.0536351203918457	0.0	4.624014377593994	0.12783870100975037	1.042535424232483	1.2033710479736328	0.2163149118423462	0.0	0.518079400062561	0.0	0.0	0.0	0.0	0.6738396286964417	0.0	1.282820224761963	1.0637096166610718	2.014078378677368	0.0	0.0	0.0	0.0	0.0	1.4780815839767456	0.0	0.7313989996910095	0.9405503869056702	0.0	0.0	0.0	0.0	0.0	0.0	2.7569587230682373	0.0	0.0	0.0	0.0	0.0	0.0	0.31975340843200684	1.1215455532073975	0.0	0.0	0.0	0.4798247814178467	0.9536594152450562	0.0	0.0	0.0	0.577083945274353	0.0	0.0	0.0	0.0	0.0	1.508301854133606	2.3128697872161865	0.0	0.0	0.25972750782966614	0.0	0.0	0.13610616326332092	0.0	0.0	0.0	0.0	0.0	3.191213369369507	0.08300401270389557	1.3215035200119019	0.0	1.5587146282196045	0.0	2.3434746265411377	0.0	0.0	0.0	0.0	0.0	0.0	0.0	1.7552050352096558	0.11093902587890625	0.0	0.0	0.0	2.1235125064849854	0.0	0.0	0.0	0.0	2.375417470932007	0.0	0.0	1.5375410318374634	0.0	0.0	0.0	0.0	0.0	0.14739856123924255	0.47406142950057983	0.0	0.0	0.0	0.28455907106399536	1.7683793306350708	0.0	0.0	0.4811059832572937	1.9841368198394775	0.0	0.0	0.0	0.5978283286094666	0.0	0.0	0.09114904701709747	0.0	0.0	1.1173241138458252	0.7863038778305054	0.0	0.0	0.0	0.0	0.0	0.0	0.0	0.0	0.0	2.932677745819092	0.0	0.0	2.0289394855499268	0.0	0.3630945086479187	0.0	0.0	0.06977163255214691	0.0	0.0	3.3475544452667236	0.0	0.0	0.0	0.7054744362831116	0.0	1.7659332752227783	0.0	0.0	0.0	0.3123844265937805	0.0	0.0	0.0	0.0	1.1792774200439453	0.0	0.6692370772361755	2.3952693939208984	1.245736002922058	0.0	0.0	0.0	0.9151245951652527	1.073230266571045	0.0	0.0	0.0	0.0	0.0	0.0	0.0	0.0	0.0	0.0	0.0	0.0	1.6401023864746094	0.0	1.8914541006088257	0.0	2.181304693222046	0.0	0.0	2.6686851978302	0.0	0.0	0.0	0.0	0.0	0.0	2.490081787109375	0.0	1.1229853630065918	0.8246636390686035	0.0	0.0	1.3814187049865723	0.0	0.0	0.0	2.1906046867370605	0.9200876951217651	2.244292736053467	1.8568387031555176	0.0	0.0	0.0	1.0595288276672363	0.0	2.080381393432617	1.308782696723938	0.0	0.0	0.455393522977829	0.7589777112007141	2.394333600997925	0.0	0.0	0.0	0.0	1.5489490032196045	0.0	0.0	0.0	2.004329204559326	2.2403063774108887	0.33414387702941895	0.0	2.5303239822387695	0.0	0.0	0.2441265732049942	0.0	0.0	0.0	2.3561933040618896	0.0	0.0
0.0	0.0	0.0	0.0	0.849315881729126	0.0	0.36215952038764954	0.0	1.8208519220352173	0.42337679862976074	1.0349544286727905	0.0	1.1724050045013428	0.8501612544059753	0.0	3.805588960647583	0.0	0.0	0.1008220836520195	0.598419725894928	0.0	1.9083940982818604	0.0	0.710613489151001	0.0	0.0	0.42053350806236267	1.1450414657592773	0.864178478717804	0.27920907735824585	0.0	1.0830802917480469	0.0	0.0	0.0	1.0277726650238037	1.9760465621948242	0.0	1.1314619779586792	0.9614312052726746	0.0	0.0	0.0	0.0	0.0	0.0	0.27262938022613525	0.0	0.0	0.0	0.0	0.0	0.0	0.0	1.2721283435821533	0.0	0.0	0.0	0.6848347187042236	0.7453644275665283	0.0	0.0	0.0	0.613946259021759	0.0	0.0	0.0	0.0	0.0	1.0809251070022583	1.0926471948623657	0.0	0.0	0.0	0.0	0.0	0.9409859776496887	0.0	0.0	0.11964066326618195	0.0	0.0	1.5199295282363892	1.0538705587387085	2.555013656616211	0.0	1.3378511667251587	0.0	0.5142269134521484	0.0	0.0	0.11830195784568787	0.0	2.0689544677734375	0.0	0.6939646005630493	1.4926260709762573	0.0	0.0	0.0	0.0	0.6893986463546753	0.0	0.6989531517028809	0.0	0.0	0.8637717962265015	0.0	0.0	0.0	0.0	0.0	0.0	0.0	0.0	0.0	0.0	0.0	0.04761572554707527	0.0	0.7273788452148438	0.3142627477645874	0.0	1.1893835067749023	0.48183462023735046	1.443203330039978	0.0	0.0	0.0	0.06181134283542633	0.0	0.0	0.03464877977967262	0.0	0.0	1.4328420162200928	1.4165416955947876	0.0	0.0	1.124564528465271	0.0	0.0	0.0	0.0	0.0	0.0	1.1668806076049805	0.0	0.0	0.0	0.0	1.17267906665802	0.0	0.0	0.9767947196960449	0.0	0.0	1.9374762773513794	0.0	0.0	0.20581193268299103	1.5925283432006836	0.0	1.8724174499511719	0.9412678480148315	0.0	0.10294400155544281	1.3878490924835205	0.0	0.0	0.0	0.0	0.27348992228507996	0.0	0.0	2.3806982040405273	1.3070855140686035	0.0	0.0	0.0	1.5240517854690552	0.21236488223075867	0.0	0.0	0.2871996760368347	0.0	0.0	0.0	0.0	0.0	0.0	0.0	0.0	0.0	0.8882355093955994	0.0	2.3352763652801514	0.0	2.563253402709961	0.0	0.0	0.849572479724884	0.0	0.0	0.0	0.0	0.0	0.0	4.21937894821167	0.0	2.207289934158325	0.5317257642745972	0.0	0.0	0.0	0.0	0.0	0.0	3.0086770057678223	0.20822858810424805	1.1233363151550293	2.4211676120758057	0.0	0.0	0.0	1.1499264240264893	0.21085897088050842	2.348123550415039	0.5162739157676697	0.0	0.0	0.4018617570400238	1.5940773487091064	1.3294644355773926	0.0	0.0	0.0	0.0	0.0	0.0	0.0	0.0	0.28162193298339844	1.3851512670516968	0.938130795955658	0.0	2.3623123168945312	0.0	1.4871795177459717	0.0	0.0	0.6798878908157349	0.0	2.974860191345215	0.0	0.0
0.0	0.0	0.0	0.0	2.2316794395446777	0.0	0.0	0.0	1.5237414836883545	0.05721975117921829	1.291098952293396	0.0	0.0	0.8949244022369385	0.05856836214661598	3.707749128341675	0.0	0.0	0.31943783164024353	0.0	0.0	0.0	0.0	0.0	0.0	0.0	0.0	0.0	0.0	0.3448916971683502	0.0	1.5131347179412842	0.0	0.0	0.0	0.5561249256134033	0.41270357370376587	0.0	0.2606094777584076	0.0	0.0	0.0	0.0	0.20981350541114807	0.0	0.0	0.7388293743133545	0.0	0.0	1.0445302724838257	0.0	0.0	0.0	0.0	0.13769958913326263	0.0	0.0	0.0	0.8888936042785645	0.4377876818180084	0.0	0.0	0.0	0.0	0.0	0.0	0.0	0.0	0.0	0.49714741110801697	1.1660237312316895	0.0	0.0	0.3410966694355011	0.0	0.0	0.11370648443698883	0.0	0.0	0.08799486607313156	0.0	0.0	1.4850798845291138	0.0	0.8898119926452637	0.0	0.6485893130302429	0.0	1.9309215545654297	0.0	0.0	0.0	0.0	0.653580904006958	0.0	0.0	0.6525192260742188	0.10063532739877701	0.0	0.0	0.0	0.9857181310653687	0.0	1.7700789385344251e-06	0.0	0.0	0.0	0.2794453501701355	0.0	0.8311354517936707	0.0	0.0	0.0	0.0	0.0	0.0	0.8099482655525208	0.0	1.1649478673934937	0.0	0.0	0.9469354748725891	0.0	0.9065712690353394	0.25326135754585266	1.4585751295089722	0.0	0.0	0.0	1.2690744400024414	0.0	0.0	0.3285839855670929	0.0	0.0	1.9822434186935425	1.1668975353240967	0.0	0.0	0.0	0.0	0.0	0.0	0.0	0.10912936925888062	0.0	1.0177513360977173	0.0	0.0	0.0	0.0	0.8432916402816772	0.0	0.0	0.0	0.0	0.0	1.9036577939987183	0.0	0.0	0.0	0.13698641955852509	0.0	0.9865225553512573	0.3254099190235138	0.0	0.0	1.4099191427230835	0.0	0.0	0.0	0.0	0.0	0.0	1.6755472421646118	1.9362362623214722	1.071089744567871	0.0	0.0	0.0	1.6629399061203003	0.2071867734193802	0.0	0.0	0.0	0.0	0.0	0.0	0.0	0.0	0.0	0.0	0.0	0.0	0.0	0.0	0.4642311930656433	0.0	1.347151756286621	0.0	0.0	1.2576770782470703	0.0	0.0	0.0	0.0	0.0	0.0	3.3054873943328857	0.0	1.389493465423584	0.9870599508285522	0.5978255867958069	0.0	0.18033915758132935	0.0	0.0	0.0	0.8531513214111328	0.2666704058647156	1.1831746101379395	2.992626190185547	0.0	0.0	0.0	0.600906491279602	0.5697328448295593	1.8951807022094727	0.004011628217995167	0.0	0.0	1.0377488136291504	1.312999963760376	0.8258153796195984	0.0	0.0	0.0	0.0	0.9318699836730957	0.0	0.0	0.0	0.22412174940109253	1.5547270774841309	0.0	0.0	2.2912650108337402	0.0	0.10502659529447556	0.0	0.0	1.9760140180587769	0.0	2.4842612743377686	0.0	0.0
0.0	0.0	0.0	0.0	0.654965341091156	0.0	0.6491289734840393	0.0	1.9043843746185303	1.1490364074707031	0.0	0.0	2.145650625228882	1.0469180345535278	0.1677829772233963	3.7348814010620117	0.0	1.29319167137146	1.5191138982772827	0.8970692157745361	0.0	1.448932409286499	0.0	0.5865736603736877	0.0	0.0	0.8859423398971558	0.6276677846908569	0.7292445302009583	1.6929656267166138	1.271614670753479	1.7473007440567017	0.0	0.3539723753929138	0.0	0.4204164743423462	2.074718952178955	0.0	2.5568900108337402	1.7773228883743286	0.0	0.0	0.0	0.0	0.0	0.0	0.6980710029602051	0.0	0.0	0.0	0.0	0.0	0.0	1.0632258653640747	1.8775814771652222	0.0	0.0	0.0	1.9219218492507935	0.6872217655181885	0.0	0.0	0.0	0.18414807319641113	0.0	0.0	0.0	0.0	0.0	2.2079484462738037	0.7550668120384216	0.0	0.0	0.0	0.0	0.0	1.4277130365371704	0.0	0.0	0.3314189910888672	0.0	0.0	1.376071572303772	1.0423067808151245	2.3650920391082764	0.0	2.437659740447998	0.0	0.5746346712112427	0.0	0.0	1.1933982372283936	0.0	2.4792473316192627	0.0	0.9510159492492676	2.540548801422119	0.0	0.0	0.0	0.0	0.16352559626102448	0.0	2.046304225921631	0.0	0.0	0.0	0.0	0.0	0.0	0.0	0.0	0.0	0.0	0.0	0.0	0.0	0.0	0.0	0.0	0.5984550714492798	0.15985366702079773	0.0	0.10310010612010956	0.0	0.36515361070632935	0.0	0.0	0.0	0.0	0.0	0.0	0.0022358098067343235	0.0	0.0	0.35997381806373596	0.758064866065979	0.0	0.0	2.4711503982543945	0.0	0.0	0.0	0.0	0.0	0.0	0.6316404342651367	0.0	0.0	0.0	0.0	0.005708109587430954	0.0	0.0	1.2868213653564453	0.0	0.0	1.7774075269699097	0.0	0.0	0.1468295454978943	0.7256097197532654	0.0	0.641585648059845	1.2593345642089844	0.0	0.9357953071594238	0.9164329171180725	0.0	0.0	0.0	0.0	1.3453340530395508	0.0	0.5268661379814148	1.947070837020874	0.0	0.0	0.0	0.0	1.6486132144927979	1.2023643255233765	0.0	0.0	0.9946706891059875	0.0	0.0	0.0	0.0	0.0	0.0	0.0	0.0	0.0	1.0248842239379883	0.0	2.5349349975585938	0.0	1.0112806558609009	0.23557507991790771	0.0	1.028287410736084	0.0	0.0	0.0	0.0	0.0	0.0	2.9546773433685303	0.0	0.7018758058547974	0.7097439765930176	0.0	0.0	0.031557124108076096	0.0	0.0	0.0	2.539987325668335	0.568550705909729	0.8869072198867798	2.4081640243530273	0.0	0.0	0.0	1.6659512519836426	0.0	2.617033004760742	2.175931453704834	0.0	0.0	0.0	0.35349225997924805	1.6108648777008057	0.0	0.0	0.0	0.0	0.4411151111125946	0.0	0.0	0.0	1.2345703840255737	0.6953625679016113	1.598719596862793	0.0	1.2953734397888184	0.0	1.7624796628952026	0.13826590776443481	0.0	0.3135370910167694	0.0	2.0623881816864014	0.0	0.0
0.0	0.0	0.0	0.8122806549072266	1.048117756843567	0.0	0.9769183993339539	0.0	1.7648332118988037	1.4072480201721191	0.0	0.0	1.393662691116333	1.6089434623718262	0.2061232626438141	3.6031129360198975	0.0	0.2263103574514389	1.7243492603302002	1.2241002321243286	0.05895046889781952	1.5333127975463867	0.0	0.5473855137825012	0.0	0.0	1.5573054552078247	0.6057281494140625	1.0571014881134033	2.217331647872925	0.2817191779613495	0.12397152930498123	0.0	0.4445902407169342	0.0	0.1812140941619873	2.5227677822113037	0.0	2.4484190940856934	1.5277976989746094	0.0	0.0	0.0	0.0	0.0	0.0	0.0	0.0	0.0	0.0	0.0	0.0	0.0	0.5460538268089294	1.853777289390564	0.0	0.0	0.0	1.267066240310669	0.0	0.0	0.0	0.0	1.3700069189071655	0.0	0.0	0.0	0.0	0.0	2.0384702682495117	1.8448079824447632	0.0	0.0	0.0	0.0	0.0	1.7026921510696411	0.0	0.0	0.3428812623023987	0.0	0.0	1.3948075771331787	0.7549274563789368	2.4517431259155273	0.0	2.1507437229156494	0.0	0.0	0.0	0.0	0.9026350378990173	0.0	1.6392802000045776	0.0	2.1740338802337646	1.7834917306900024	0.3688942492008209	0.0	0.0	0.0	0.0	0.0	1.2595795392990112	0.0	0.0	1.2433390617370605	0.0	0.0	0.0	0.0	0.0	0.0	0.0	0.34176573157310486	0.21269376575946808	0.3582456409931183	0.0	0.0	0.0	0.9193174839019775	1.5132720470428467	0.0	0.07372219115495682	0.12018460780382156	1.47373628616333	0.0	0.0	0.0	0.0	0.0	0.0	1.7023160457611084	0.0	0.0	0.28720030188560486	2.1460630893707275	0.0	0.0	0.28999534249305725	0.0	0.0	0.0	0.0	0.0	0.0	1.2101861238479614	0.0	0.0	0.0	0.0	0.4506978690624237	0.0	0.0	1.285118818283081	0.0	0.0	2.0687477588653564	0.0	0.0	1.366249442100525	2.4861886501312256	0.0	1.4748406410217285	1.2311040163040161	0.0	0.42464175820350647	1.1206612586975098	0.0	0.0	0.0	0.0	1.2505145072937012	0.0	0.0	0.6126131415367126	0.0	0.0	0.0	0.0	1.0468798875808716	2.0208168029785156	0.0	1.6519525051116943	1.488804578781128	0.0	0.0	0.0	0.0	0.0	0.0	0.0	0.0	0.0	1.9620274305343628	0.0	2.207181692123413	0.0	1.0026270151138306	0.006513029802590609	0.0	0.6096411943435669	0.0	0.0	0.0	0.0	0.0	0.0	2.684145212173462	0.0	0.7625302672386169	1.4789421558380127	0.0	0.0	0.0	0.0	0.0	0.0	3.096370220184326	1.1496925354003906	0.0	1.6516590118408203	0.0	0.0	0.0	2.1088500022888184	0.0	2.372382640838623	1.8067866563796997	0.0	0.0	0.0	0.6388795971870422	2.0162692070007324	0.0	0.0	0.0	0.0	0.5200750231742859	0.0	0.0	0.0	1.0988878011703491	0.7569313645362854	1.301021695137024	0.0	2.0535130500793457	0.0	0.9341006278991699	0.17299768328666687	0.0	0.7517576217651367	0.0	0.34951263666152954	0.0	0.0
0.0	0.0	0.0	0.16179800033569336	1.3262938261032104	0.0	0.19031007587909698	0.0	3.2723937034606934	0.35496786236763	2.212507963180542	0.0	0.8103728890419006	0.815274715423584	0.3019200265407562	5.084450721740723	0.0	0.0	0.3804582357406616	0.06584568321704865	0.0	0.7958919405937195	0.0	0.26725131273269653	0.0	0.0	0.0	0.0	0.9841580986976624	1.1344932317733765	0.16987693309783936	1.0189100503921509	0.0	0.0	0.0	0.0	1.1808522939682007	0.0	0.6233343482017517	0.39933347702026367	0.0	0.0	0.0	0.0	0.0	0.0	1.37992262840271	0.0	0.0	0.5897328853607178	0.0	0.0	0.0	0.22718209028244019	0.8193184733390808	0.0	0.0	0.0	0.7387906908988953	0.8961102962493896	0.0	0.0	0.0	0.0	0.0	0.0	0.0	0.0	0.0	1.0525201559066772	0.5622209310531616	0.0	0.0	0.4381293058395386	0.0	0.0	0.1518554389476776	0.0	0.0	0.17218202352523804	0.0	0.0	2.426896095275879	0.5024324059486389	0.673395037651062	0.0	0.8942484259605408	0.0	1.6334998607635498	0.0	0.0	0.0	0.0	0.5104992389678955	0.0	0.0	1.469464898109436	0.0	0.0	0.0	0.0	1.630362629890442	0.0	0.3832579255104065	0.0	0.0	1.2296034097671509	0.0	0.0	1.0274792909622192	0.0	0.0	0.0	0.0	0.0	0.0	0.0	0.0	0.390362024307251	0.0	0.5786854028701782	1.4537640810012817	0.0	0.0	0.07914257049560547	1.9326812028884888	0.0	0.0	0.0	0.3559041917324066	0.0	0.0	0.16222050786018372	0.0	0.0	2.4150710105895996	1.2940369844436646	0.0	0.0	0.5798435807228088	0.0	0.0	0.0	0.0	0.0	0.0	1.778909683227539	0.0	0.0	0.0	0.0	1.8798471689224243	0.0	0.0	0.0	0.0	0.0	3.279989242553711	0.0	0.0	0.0	0.6247738003730774	0.0	0.6328900456428528	0.0	0.0	0.0	1.367791771888733	0.0	0.0	0.0	0.0	1.5564594268798828	0.0	1.3318030834197998	3.190180778503418	2.1515958309173584	0.0	0.0	0.0	2.1673080921173096	0.9933190941810608	0.0	0.0	0.0	0.0	0.0	0.0	0.0	0.0	0.0	0.0	0.0	0.0	0.22492602467536926	0.0	1.349234700202942	0.0	2.502849817276001	0.0	0.0	1.5239684581756592	0.0	0.0	0.0	0.0	0.0	0.0	4.06821870803833	0.0	2.186908006668091	1.4644694328308105	0.0	0.0	0.09804455935955048	0.0	0.0	0.0	0.955377995967865	0.0	1.9706776142120361	3.3713366985321045	0.0	0.0	0.0	0.6212924718856812	0.0	2.230118989944458	0.3212875723838806	0.0	0.0	0.42488303780555725	1.890215277671814	1.6367003917694092	0.0	0.0	0.0	0.0	1.551660180091858	0.0	0.0	0.0	0.7613685727119446	2.7288918495178223	0.0	0.0	2.451436996459961	0.0	0.0	0.0	0.0	0.0	0.0	2.5402421951293945	0.0	0.0
0.0	0.0	0.0	0.0	1.090684175491333	0.0	0.4424169361591339	0.0	1.1461008787155151	0.6288288831710815	0.0	0.0	0.8530540466308594	1.5634655952453613	0.0	2.1126158237457275	0.0	0.7921105623245239	0.37295234203338623	1.0460172891616821	0.40644973516464233	0.0	0.0	0.8055718541145325	0.0	0.0	0.591485857963562	1.5775772333145142	0.18518869578838348	0.4859448969364166	1.0256478786468506	1.4085469245910645	0.0	0.0	0.0	1.6176950931549072	0.8284440040588379	0.0	0.9624485969543457	0.6814858913421631	0.0	0.0	0.0	0.0	0.0	0.0	0.29196903109550476	0.0	0.0	0.0	0.0	0.0	0.0	0.0	0.2672198712825775	0.0	0.0	0.0	1.2352564334869385	0.010031435638666153	0.0	0.0	0.0	1.2124117612838745	0.0	0.0	0.0	0.0	0.0	0.34838590025901794	1.0226855278015137	0.0	0.0	0.0	0.0	0.0	1.0046968460083008	0.0	0.0	1.2918627262115479	0.0	0.0	0.7655599117279053	0.19103781878948212	1.5041565895080566	0.0	0.7219976782798767	0.0	1.1044038534164429	0.0	0.0	0.4498916566371918	0.0	1.240423321723938	0.0	0.0	1.2836540937423706	1.5687354803085327	0.0	0.0	0.0	0.18090851604938507	0.0	0.05577550083398819	0.0	0.0	0.011020194739103317	0.5932401418685913	0.0	0.09395405650138855	0.0	0.0	0.0	0.0	0.0	0.0	0.9926203489303589	0.0	0.3353208899497986	0.0	1.0664098262786865	0.6241303086280823	0.0	0.1864170879125595	0.0	1.3344261646270752	0.0	0.0	0.0	0.4669586718082428	0.12687890231609344	0.0	0.0935330018401146	0.0	0.0	0.2561205327510834	0.901535153388977	0.0	0.0	0.39265522360801697	0.0	0.0	0.0	0.3812688887119293	0.6835457682609558	0.0	1.176145076751709	0.0	0.0	0.0	0.0	0.5349299907684326	0.0	0.0	0.5973204374313354	0.0	0.0	1.1652634143829346	0.0	0.0	0.26362481713294983	0.4311816990375519	0.0	1.3735551834106445	0.6848792433738708	0.0	0.01965048909187317	1.411717176437378	0.0	0.0	0.0	0.0	0.2792905569076538	0.0	1.356587290763855	0.7043430209159851	0.0318346731364727	0.0	0.0	0.0	1.4924007654190063	0.899060070514679	0.0	0.0	0.13639838993549347	0.0	0.0	0.0	0.0	0.0	0.0	0.0	0.0	0.0	0.4900606870651245	0.0	0.8472715616226196	0.0	1.111678957939148	0.5197129845619202	0.0	0.6533523201942444	0.0	0.0	0.0	0.0	0.0	0.0	2.4078359603881836	0.0	1.0732667446136475	1.0278370380401611	0.8152635097503662	0.0	0.0	0.0	0.0	0.0	0.9933638572692871	1.333870530128479	0.6886587142944336	1.832677960395813	0.0	0.0	0.0	0.38280487060546875	0.7975342273712158	1.0804294347763062	0.7359763383865356	0.0	0.0	0.12321753799915314	0.8385978937149048	0.8856305480003357	0.0	0.0	0.0	0.0	0.2758542597293854	0.0	0.0	0.0	0.5420119762420654	0.5040985345840454	0.9788104891777039	0.0	1.4248273372650146	0.0	1.3547120094299316	0.47281596064567566	0.0	1.7328431606292725	0.0	1.22010338306427	0.0	0.0
0.0	0.0	0.0	0.0	1.1659947633743286	0.0	0.5193799734115601	0.0	1.4899648427963257	1.0846691131591797	0.0	0.0	1.0262377262115479	1.4431190490722656	0.5025098323822021	2.853073835372925	0.0	0.42380890250205994	0.8331610560417175	1.2206449508666992	0.4078754782676697	0.5611140131950378	0.0	0.49956566095352173	0.0	0.0	1.0755698680877686	0.8144146203994751	0.841040313243866	1.3671237230300903	0.4077448844909668	1.5252469778060913	0.0	0.20725908875465393	0.0	0.4303703308105469	2.036086082458496	0.0	1.853030800819397	1.4125744104385376	0.0	0.0	0.0	0.0	0.0	0.0	0.23700979351997375	0.0	0.0	0.0	0.0	0.0	0.0	0.07824758440256119	1.45219087600708	0.0	0.0	0.0	1.4316564798355103	0.0	0.0	0.0	0.0	1.4210652112960815	0.0	0.0	0.0	0.0	0.0	1.2382988929748535	1.9801743030548096	0.0	0.0	0.5879998803138733	0.0	0.0	1.4311712980270386	0.0	0.0	0.6928480863571167	0.0	0.0	0.9180100560188293	0.585679292678833	1.9480706453323364	0.0	1.0194498300552368	0.0	0.0	0.0	0.0	0.7669898867607117	0.0	1.7816884517669678	0.0	1.4762853384017944	1.2921514511108398	0.8992854356765747	0.0	0.0	0.0	0.0	0.0	1.080366849899292	0.0	0.0	0.4873519241809845	0.04607151076197624	0.0	0.0	0.0	0.0	0.0	0.0	0.0	0.6404250264167786	1.196292519569397	0.0	0.0	0.0	1.9234247207641602	0.7903796434402466	0.0	0.0	0.0	1.273160457611084	0.0	0.0	0.0	0.0	0.0	0.0	1.493300199508667	0.0	0.0	0.48777487874031067	1.4538719654083252	0.0	0.0	0.23840320110321045	0.0	0.0	0.0	0.0	0.0	0.0	1.5649256706237793	0.0	0.0	0.0	0.0	1.0990062952041626	0.0	0.0	0.5831162333488464	0.0	0.0	1.8153797388076782	0.0	0.0	1.053446650505066	1.8297436237335205	0.0	1.1650258302688599	1.00874662399292	0.0	0.3826856017112732	1.2112362384796143	0.0	0.0	0.0	0.0	0.9037539958953857	0.0	0.3044934868812561	0.3448101878166199	0.0	0.0	0.0	0.0	1.5166693925857544	1.089497447013855	0.0	0.4025155305862427	0.7774569988250732	0.0	0.0	0.0	0.0	0.0	0.0	0.0	0.0	0.0	0.7900480628013611	0.0	1.5242420434951782	0.0	1.507270336151123	0.0	0.0	0.27860593795776367	0.0	0.0	0.0	0.0	0.0	0.0	2.37325382232666	0.0	1.431140661239624	1.7044825553894043	0.0	0.0	0.0	0.0	0.0	0.0	1.5609322786331177	1.2958142757415771	0.9260714054107666	1.9160890579223633	0.0	0.0	0.0	1.353992223739624	0.24258971214294434	1.354392647743225	0.8945109844207764	0.0	0.0	0.0	1.2973778247833252	1.4503734111785889	0.0	0.0	0.0	0.0	0.7395453453063965	0.0	0.0	0.0	0.39224493503570557	0.7154433131217957	1.1671561002731323	0.0	1.8146100044250488	0.0	0.8482992649078369	0.10181156545877457	0.0	1.5355812311172485	0.0	0.4347383677959442	0.0	0.0
0.0	0.0	0.0	1.2643505334854126	0.12662053108215332	0.0	1.4228365421295166	0.0	1.9446274042129517	0.9223666191101074	0.17490831017494202	0.0	1.468593716621399	1.2809689044952393	0.0	3.8247265815734863	0.0	1.3632954359054565	1.7104384899139404	0.48980745673179626	0.0	1.236707329750061	0.0	0.1284644603729248	0.0	0.0	1.0693533420562744	0.3977387249469757	2.1367104053497314	1.8965516090393066	0.9772326350212097	0.0	0.0	0.3058145344257355	0.0	0.10785020142793655	2.4624009132385254	0.0	1.8399757146835327	1.1789524555206299	0.0	0.0	0.0	0.0	0.0	0.0	0.9454838037490845	0.0	0.0	0.0	0.0	0.0	0.0	1.332972526550293	1.8332711458206177	0.0	0.0	0.0	0.8809025287628174	0.22911754250526428	0.0	0.0	0.0	0.7657674551010132	0.0	0.0	0.0	0.0	0.0	2.0455210208892822	1.6758614778518677	0.0	0.0	0.0	0.0	0.0	1.0832586288452148	0.0	0.0	0.32245388627052307	0.0	0.0	2.200382947921753	0.6792541742324829	2.9624054431915283	0.0	1.9864364862442017	0.0	0.5286031365394592	0.0	0.0	0.358272910118103	0.0	1.0207109451293945	0.0	1.6800380945205688	1.8054404258728027	0.026122812181711197	0.0	0.0	0.0	0.0	0.0	0.8506209254264832	0.0	0.0	1.221691608428955	0.0	0.0	0.0	0.0	0.0	0.0	0.0	0.0	0.8204237222671509	0.23289591073989868	0.0	0.0	0.0	1.4365311861038208	0.5429288744926453	0.0	0.0	0.5035898089408875	1.2493252754211426	0.0	0.0	0.0	0.0	0.0	0.0	1.3537397384643555	0.0	0.0	0.0	1.0622243881225586	0.0	0.0	0.0	0.0	0.0	0.0	0.0	0.0	0.0	2.0409650802612305	0.0	0.0	0.0	0.0	0.8003666996955872	0.0	0.0	0.7240371108055115	0.0	0.0	2.366460084915161	0.0	0.0	1.4604800939559937	1.5116074085235596	0.0	0.9276921153068542	0.17493872344493866	0.0	0.0	1.1450848579406738	0.0	0.0	0.0	0.0	1.63573157787323	0.0	0.0	1.1290535926818848	0.0	0.0	0.0	0.0	0.837851881980896	1.914798617362976	0.0	1.82193124294281	1.3571637868881226	0.0	0.0	0.0	0.0	0.0	0.0	0.0	0.0	0.0	1.9404239654541016	0.0	2.523794174194336	0.0	1.9486830234527588	0.0	0.0	1.452134609222412	0.0	0.0	0.0	0.0	0.0	0.0	2.051471471786499	0.0	0.8740426301956177	0.7998849749565125	0.0	0.0	1.015852689743042	0.0	0.0	0.0	3.0160088539123535	1.43594229221344	1.612497329711914	1.7471331357955933	0.0	0.0	0.0	2.6405770778656006	0.0	2.8516995906829834	1.4877737760543823	0.0	0.0	0.0	0.6645810008049011	1.8666115999221802	0.0	0.0	0.0	0.0	0.7645490765571594	0.0	0.0	0.0	1.6531085968017578	1.0876715183258057	1.076224684715271	0.0	1.5762144327163696	0.0	0.8760857582092285	0.0	0.0	1.1791737079620361	0.0	0.8113157153129578	0.0	0.0
0.0	0.0	0.0	0.5564450621604919	0.5986878871917725	0.0	0.43269866704940796	0.0	2.6145248413085938	0.5748167634010315	1.041274070739746	0.0	1.0511404275894165	1.3050894737243652	0.0	4.620450496673584	0.0	0.3699077367782593	0.8620485067367554	0.5117810964584351	0.0	1.0178618431091309	0.0	0.8765447735786438	0.0	0.0	0.7306086421012878	0.1468685120344162	0.8664947152137756	1.7490949630737305	0.07906652987003326	0.028917603194713593	0.0	0.0	0.0	0.0	1.2092300653457642	0.0	0.658893883228302	0.9013255834579468	0.0	0.0	0.0	0.0	0.0	0.0	1.137864351272583	0.0	0.0	0.4018365144729614	0.0	0.0	0.0	0.5812563896179199	0.8737284541130066	0.0	0.0	0.0	0.6911976933479309	0.14177119731903076	0.0	0.0	0.0	0.0	0.0	0.0	0.0	0.0	0.0	1.131403923034668	1.7283257246017456	0.0	0.0	0.0	0.0	0.0	0.9250634908676147	0.0	0.0	0.0	0.0	0.0	1.9149577617645264	0.11237386614084244	1.990060567855835	0.0	1.7147256135940552	0.0	0.8446159362792969	0.0	0.0	0.0	0.0	0.6440573334693909	0.0	0.6550232172012329	1.3388290405273438	0.0	0.0	0.0	0.0	0.5696350932121277	0.0	0.3102887272834778	0.0	0.0	1.1312471628189087	0.0	0.0	0.016886495053768158	0.0	0.0	0.0	0.0	0.4665309488773346	0.0	0.3348223865032196	0.0	0.0	0.0	0.7528507113456726	1.1530249118804932	0.0	0.0	0.2873697578907013	1.984483003616333	0.0	0.0	0.0	0.3443172872066498	0.0	0.0	0.211038738489151	0.0	0.0	1.4072914123535156	1.5902172327041626	0.0	0.0	0.0	0.0	0.0	0.0	0.0	0.0	0.0	1.6524089574813843	0.0	0.0	0.0	0.0	1.370023488998413	0.0	0.0	0.0	0.0	0.0	3.1813337802886963	0.0	0.0	0.35502710938453674	1.4013404846191406	0.0	1.3876519203186035	0.4228234887123108	0.0	0.0	1.2843141555786133	0.0	0.0	0.0	0.0	1.0610610246658325	0.0	1.1613678932189941	1.4957441091537476	0.3563632369041443	0.0	0.0	0.0	1.7464625835418701	0.2958012521266937	0.0	0.8396822810173035	0.38067227602005005	0.0	0.0	0.0	0.0	0.0	0.0	0.0	0.0	0.0	1.1675093173980713	0.0	1.1808403730392456	0.0	1.6287169456481934	0.0	0.0	1.410779595375061	0.0	0.0	0.0	0.0	0.0	0.0	3.5072572231292725	0.0	1.3835350275039673	0.9949385523796082	0.0	0.0	0.5589466094970703	0.0	0.0	0.0	1.6005630493164062	0.6148192286491394	1.3322163820266724	2.070485830307007	0.0	0.0	0.0	1.2899137735366821	0.0	2.0803706645965576	1.190313696861267	0.0	0.0	0.13375647366046906	1.2459954023361206	1.5166308879852295	0.0	0.0	0.0	0.0	1.3699060678482056	0.0	0.0	0.0	0.8881132006645203	1.7462416887283325	0.14124184846878052	0.0	2.27174711227417	0.0	0.6431224346160889	0.0	0.0	0.35059309005737305	0.0	2.053255558013916	0.0	0.0
0.0	0.0	0.0	0.6658624410629272	0.864580512046814	0.0	0.9728493690490723	0.0	1.6040737628936768	0.7033081650733948	0.2790367901325226	0.0	0.9988396167755127	1.4831429719924927	0.0	3.4871938228607178	0.0	1.2968013286590576	1.2326221466064453	0.5857215523719788	0.0	0.9068713188171387	0.0	0.018998650833964348	0.0	0.0	0.6821966767311096	0.11477044969797134	0.7572230100631714	1.5791592597961426	0.9256872534751892	0.2172546684741974	0.0	0.34735843539237976	0.0	0.0	1.5966459512710571	0.0	1.9939416646957397	1.669755220413208	0.0	0.0	0.0	0.0	0.0	0.0	0.5183925628662109	0.0	0.0	0.0	0.0	0.0	0.0	0.7395659685134888	1.7118072509765625	0.0	0.0	0.0	1.0762985944747925	0.5372053980827332	0.0	0.0	0.0	0.0	0.0	0.0	0.0	0.0	0.0	1.5852205753326416	1.4259963035583496	0.0	0.0	0.22889791429042816	0.0	0.0	0.8454314470291138	0.0	0.0	0.4471493661403656	0.0	0.0	1.9899214506149292	0.6454694271087646	1.674910068511963	0.0	1.875203251838684	0.0	0.0	0.0	0.0	0.7135660648345947	0.0	0.8878833055496216	0.0	0.151444673538208	1.4759531021118164	0.0	0.0	0.0	0.0	1.2616745233535767	0.0	0.9513332843780518	0.0	0.0	0.6124340891838074	0.0	0.0	0.0	0.0	0.0	0.0	0.0	0.23290510475635529	0.0	0.0	0.0	0.015382249839603901	0.0	0.6301844716072083	1.3575886487960815	0.0	0.0	0.10669057816267014	1.0943291187286377	0.0	0.0	0.0	0.0	0.0	0.0	0.4170142710208893	0.0	0.0	0.5270354747772217	0.786042332649231	0.0	0.0	0.47518911957740784	0.0	0.0	0.0	0.0	0.0	0.0	1.3166115283966064	0.0	0.0	0.439901739358902	0.0	0.35594040155410767	0.0	0.0	0.058536142110824585	0.0	0.0	1.9715372323989868	0.0	0.0	0.14128261804580688	0.7255172729492188	0.0	0.8098529577255249	0.522297203540802	0.0	0.0	0.846838116645813	0.0	0.0	0.0	0.0	1.2328180074691772	0.0	0.46351683139801025	1.8903809785842896	0.646580159664154	0.0	0.0	0.0	1.4659790992736816	1.144122838973999	0.0	0.025656254962086678	0.9369474649429321	0.0	0.0	0.0	0.0	0.0	0.0	0.0	0.0	0.0	1.140183925628662	0.0	1.8798128366470337	0.0	1.5627005100250244	0.0	0.0	1.3107657432556152	0.0	0.0	0.0	0.0	0.0	0.0	2.168210744857788	0.0	0.9665126204490662	0.7378550171852112	0.0	0.0	0.47811833024024963	0.0	0.0	0.0	2.0403201580047607	0.4619545042514801	0.9653753042221069	1.5035817623138428	0.0	0.0	0.0	1.4689935445785522	0.0	2.3916866779327393	1.16153085231781	0.0	0.0	0.0	0.7693583965301514	0.583550214767456	0.0	0.0	0.0	0.0	0.7462456226348877	0.0	0.0	0.0	1.4518721103668213	1.5934501886367798	0.21697427332401276	0.0	1.6138614416122437	0.0	0.0	0.4286617636680603	0.0	0.0	0.0	1.0957493782043457	0.0	0.0
