0.0	0.0	0.0	0.37939685583114624	0.2311304211616516	0.0	2.2742295265197754	0.0	1.2043272256851196	0.49342289566993713	0.5169001221656799	0.0	0.463984876871109	0.1565619558095932	0.0	1.2175097465515137	1.5135480165481567	1.4076061248779297	1.2474032640457153	0.0	2.0915815830230713	0.3107943832874298	0.0	0.4126201272010803	0.0	0.0	1.4919805526733398	0.0	1.630832552909851	0.4186629354953766	1.2974047660827637	0.11321374028921127	0.0	1.6203961372375488	0.0	0.34534338116645813	0.39765793085098267	0.0	1.4784278869628906	0.7705695033073425	0.0	0.0	0.0	0.09030713886022568	0.0	0.0	1.4740885496139526	0.0	0.0	0.0	0.0	0.0	0.0	1.3406070470809937	0.5887712240219116	0.0	0.0	0.29238244891166687	0.2715778946876526	1.24779212474823	0.0	0.0	0.0	0.0	0.0	0.0	0.0	0.0	0.0	0.6136220693588257	1.17472243309021	0.0	0.0	0.0	0.0	0.0	0.8802207112312317	0.22915831208229065	0.0	0.7430464625358582	0.30754563212394714	0.0	1.7960612773895264	0.315458744764328	1.7712539434432983	0.0	2.0812222957611084	0.0	0.7108235955238342	0.0	0.0	0.0	0.0	0.4814646542072296	0.0	0.16249606013298035	1.7596516609191895	0.822770893573761	0.0	0.0	0.0	0.04034482315182686	0.0	1.8265324831008911	0.0	0.0	1.7523692846298218	0.25692451000213623	0.0	0.058768872171640396	0.0	0.0	0.0	0.0	0.0	0.0	0.9343321323394775	0.0	0.0	0.0	0.9206615686416626	0.66209477186203	0.0	0.472647100687027	0.9076107144355774	0.8482075333595276	0.0	0.0	0.0	0.0	0.0	0.0	0.5043784379959106	0.0	0.0	0.9658395648002625	0.8707172274589539	0.0	0.0	0.781633198261261	0.0	0.0	0.0	1.247844934463501	0.0	0.0	1.597893476486206	0.0	0.0	0.0	0.0	0.0	0.0	0.0	0.2052667886018753	0.0	0.0	1.852006196975708	0.0	0.0	1.1054279804229736	0.6170673370361328	0.6791014671325684	1.5238277912139893	0.0	0.0	0.0	0.9805695414543152	0.0	0.0	0.0	0.0	0.5514357686042786	0.0	0.0	2.3537895679473877	0.27275875210762024	0.0	0.0	0.0	1.645903468132019	0.3584117591381073	0.0	0.0	0.8049176931381226	0.0	0.0	0.0	0.0	0.0	0.0	0.0	0.0	0.0	0.13556528091430664	0.0	0.2224421501159668	0.0	1.6450319290161133	0.9747925400733948	0.0	1.347190499305725	0.0	0.0	0.0	0.0	0.0	0.0	1.4456243515014648	0.0	1.5742367506027222	1.9943633079528809	0.7606916427612305	0.0	1.9005858898162842	0.0	0.0	0.0	1.9925692081451416	0.5471236705780029	1.653454065322876	1.060619592666626	0.0	0.0	0.0	1.1710097789764404	0.19271625578403473	1.1723737716674805	0.9534566402435303	0.0	0.0	0.3895246684551239	0.9641215205192566	0.09958327561616898	0.0	0.0	0.0	0.0	0.8527097702026367	0.0	0.0	0.0	0.6269631385803223	1.1600747108459473	1.5500651597976685	0.0	0.5966342687606812	0.0	0.10274695605039597	0.6279642581939697	0.0	0.0	0.0	0.13826730847358704	0.0	0.0
0.0	0.0	0.0	0.876797080039978	0.0	0.0	1.9719054698944092	0.0	1.4244977235794067	0.8114380240440369	0.2476750761270523	0.0	1.4825853109359741	1.1155635118484497	0.0	1.3413439989089966	0.3863495886325836	1.5120439529418945	1.7478545904159546	0.3911875784397125	1.3055819272994995	1.0163766145706177	0.0	0.9344936609268188	0.0	0.0	1.1404958963394165	0.0	1.6102955341339111	0.8121189475059509	1.3770272731781006	0.34875157475471497	0.0	1.2761969566345215	0.0	0.5913704037666321	1.0213193893432617	0.0	1.9629970788955688	0.9310904145240784	0.0	0.0	0.0	0.0	0.0	0.0	1.3967097997665405	0.0	0.0	0.0	0.0	0.0	0.0	1.222873330116272	1.3657524585723877	0.0	0.0	0.6884660124778748	1.2825514078140259	1.092748761177063	0.0	0.0	0.0	0.0	0.0	0.0	0.0	0.0	0.0	1.4220391511917114	1.2372586727142334	0.0	0.0	0.09665083140134811	0.0	0.0	0.8033298254013062	0.7928586006164551	0.0	0.7219089269638062	0.6365734934806824	0.0	1.3724427223205566	1.3234410285949707	1.7332693338394165	0.0	2.0057945251464844	0.0	0.468211829662323	0.0	0.0	0.3843250870704651	0.0	0.6346188187599182	0.0	0.6588319540023804	1.5343023538589478	0.6849967241287231	0.0	0.0	0.0	0.0	0.0	1.5563900470733643	0.0	0.0	1.9671947956085205	0.0	0.0	0.0	0.0	0.0	0.0	0.0	0.0	0.0	0.6631460785865784	0.0	0.0	0.0	0.007113755214959383	0.7986536622047424	0.0	0.0	0.7662358283996582	0.2788780629634857	0.0	0.0	0.0	0.0	0.0	0.0	0.43656405806541443	0.0	0.0	0.0	0.5831340551376343	0.0	0.0	1.216491937637329	0.0	0.0	0.0	1.4797827005386353	0.7561343312263489	0.0	1.286074161529541	0.0	0.0	0.20509874820709229	0.0	0.0	0.0	0.0	1.0436712503433228	0.0	0.0	1.1912232637405396	0.0	0.0	1.056877851486206	1.2387486696243286	0.8565337061882019	0.8248212337493896	0.3397095501422882	0.0	0.24198339879512787	0.7126427292823792	0.0	0.0	0.0	0.0	0.8954177498817444	0.0	0.918394923210144	1.1664034128189087	0.04054492339491844	0.0	0.0	0.0	0.7808522582054138	1.3706327676773071	0.0	0.0	1.2837098836898804	0.0	0.0	0.0	0.0	0.0	0.0	0.0	0.0	0.0	0.5343660712242126	0.0	1.2905772924423218	0.0	0.6415621042251587	1.0910139083862305	0.0	1.1065690517425537	0.0	0.0	0.0	0.0	0.0	0.0	0.1871025413274765	0.0	0.0	0.8668084740638733	0.8396004438400269	0.0	1.634328007698059	0.0	0.0	0.0	2.125951051712036	1.2024919986724854	1.137638807296753	0.33829960227012634	0.0	0.0	0.0	1.6003224849700928	0.0	1.6402206420898438	1.3990761041641235	0.0	0.0	0.0	0.28337979316711426	1.0538698434829712	0.0	0.0	0.0	0.0	0.49885231256484985	0.0	0.0	0.0	1.0151258707046509	0.4294666647911072	1.8407334089279175	0.0	0.4188416302204132	0.0	0.3538966774940491	0.7566965818405151	0.0	0.0	0.0	0.0	0.0	0.0
0.0	0.0	0.0	0.32179394364356995	0.6680557131767273	0.0	1.4170819520950317	0.0	1.3680108785629272	0.5108370780944824	1.071031093597412	0.0	0.700718879699707	0.0	0.0	1.422320008277893	1.3041821718215942	0.7037616968154907	1.230809211730957	0.0	1.5981602668762207	0.808876633644104	0.0	0.8301030993461609	0.0	0.0	1.0026576519012451	0.0	1.0962315797805786	0.0	0.5801816582679749	0.8975369930267334	0.0	1.712787389755249	0.0	0.9141104221343994	0.0	0.0	1.6410924196243286	0.0	0.0	0.0	0.0	0.07222604006528854	0.0	0.0	1.0556548833847046	0.0	0.0	0.0	0.0	0.0	0.0	1.2792932987213135	1.1170856952667236	0.0	0.0	0.46905794739723206	0.5672277808189392	1.2370774745941162	0.0	0.0	0.0	0.0	0.0	0.0	0.0	0.0	0.0	0.926188588142395	0.7121620178222656	0.0	0.0	0.29724371433258057	0.0	0.0	0.4722274839878082	0.5767192244529724	0.0	0.26841434836387634	0.7091899514198303	0.0	0.9665082097053528	0.7548744678497314	1.05729079246521	0.0	1.9538825750350952	0.0	0.9442014694213867	0.0	0.0	0.0	0.0	0.5684419274330139	0.0	0.4394238591194153	1.453120231628418	0.8259264826774597	0.0	0.0	0.0	0.0	0.0	2.2767062187194824	0.0	0.0	1.5552557706832886	0.5433871150016785	0.0	0.1329161524772644	0.0	0.0	0.0	0.0	0.0	0.0	0.6427488923072815	0.0	0.18766376376152039	0.0	0.0	0.6617876887321472	0.0	1.093143343925476	1.4352566003799438	0.35628968477249146	0.0	0.0	0.0	0.0	0.0	0.0	0.2772323489189148	0.0	0.0	0.522270679473877	0.5276796817779541	0.0	0.0	1.3778949975967407	0.0	0.0	0.0	1.4365357160568237	0.2610650956630707	0.0	1.0894663333892822	0.0	0.0	0.0	0.0	0.18068251013755798	0.0	0.0	0.8921931385993958	0.0	0.0	1.573588252067566	0.0	0.0	1.03371000289917	0.947161078453064	0.6367928981781006	0.8449690937995911	0.046037573367357254	0.0	0.44076353311538696	0.9422912001609802	0.0	0.0	0.0	0.0	0.45552438497543335	0.0	0.6828522682189941	2.590466022491455	0.8738613128662109	0.0	0.0	0.0	1.1842384338378906	0.8575816750526428	0.0	0.0	0.9497463703155518	0.0	0.0	0.0	0.0	0.0	0.0	0.0	0.0	0.0	0.0	0.0	0.41500967741012573	0.0	0.84710693359375	0.7733999490737915	0.0	1.3887795209884644	0.0	0.0	0.0	0.0	0.0	0.0	0.8645117878913879	0.0	0.7764838337898254	1.054957389831543	0.9083075523376465	0.0	1.5714046955108643	0.0	0.0	0.0	1.583739995956421	0.7938632965087891	1.2034472227096558	0.7896186709403992	0.0	0.0	0.0	1.6101865768432617	0.19637148082256317	0.8366668820381165	0.840199887752533	0.0	0.0	0.6041925549507141	0.9471340775489807	0.479918897151947	0.0	0.0	0.0	0.0	0.8105215430259705	0.0	0.0	0.0	0.29502132534980774	0.6998798847198486	1.380993366241455	0.0	0.5649698376655579	0.0	0.06598164886236191	0.0	0.0	0.0	0.0	0.0	0.0	0.0
0.0	0.0	0.0	0.04070821776986122	0.2791764736175537	0.0	1.9406522512435913	0.0	0.6716281771659851	1.4430058002471924	0.04154219478368759	0.0	1.0421192646026611	0.7659605741500854	0.04091216251254082	0.7497311234474182	0.514673113822937	1.0351425409317017	1.3903870582580566	0.8482614159584045	1.7421692609786987	1.0186117887496948	0.0	1.255447506904602	0.0	0.0	1.0845359563827515	0.19477424025535583	1.2326581478118896	0.6145253777503967	1.0076417922973633	0.9292875528335571	0.0	1.9029920101165771	0.0	0.7144311666488647	0.7777388691902161	0.0	1.8296738862991333	0.8243826031684875	0.0	0.0	0.0	0.0	0.0	0.0	0.9314854145050049	0.0	0.0	0.0	0.0	0.0	0.0	1.2082842588424683	1.462460994720459	0.0	0.0	1.0322847366333008	1.140790581703186	0.6386334896087646	0.0	0.0	0.0	0.2515384554862976	0.0	0.0	0.0	0.0	0.0	1.371901273727417	0.4903023838996887	0.0	0.0	0.15744729340076447	0.0	0.0	0.8201074600219727	0.9400379061698914	0.0	0.7133449912071228	0.0	0.0	0.6407562494277954	0.8770061731338501	1.7108150720596313	0.0	1.9825621843338013	0.0	0.0	0.0	0.0	0.09918659925460815	0.0	1.1246594190597534	0.0	0.8800798654556274	1.2521967887878418	0.3851131200790405	0.0	0.0	0.0	0.0	0.0	1.8771624565124512	0.0	0.0	0.8146019577980042	0.2785126864910126	0.0	0.0	0.0	0.0	0.0	0.0	0.0	0.0	1.3485779762268066	0.0	0.0	0.0	1.0089685916900635	0.7489057779312134	0.0	0.7488479018211365	0.7244868278503418	0.8263720870018005	0.0	0.0	0.0	0.0	0.0	0.0	0.8778898119926453	0.0	0.0	0.0	1.0029147863388062	0.0	0.0	0.9197643399238586	0.0	0.0	0.0	1.5479274988174438	1.0041002035140991	0.0	0.5241265296936035	0.0	0.0	0.44162827730178833	0.0	0.0	0.0	0.0	1.49790358543396	0.0	0.0	1.231887936592102	0.0	0.0	1.2647203207015991	1.1692705154418945	0.9015495777130127	1.1997816562652588	0.5663947463035583	0.0	0.9082487225532532	0.7411059141159058	0.0	0.0	0.0	0.0	0.7506019473075867	0.0	0.33121609687805176	1.6122372150421143	0.0	0.0	0.0	0.0	0.7194309830665588	1.1252907514572144	0.0	0.0	1.0773903131484985	0.0	0.0	0.0	0.0	0.0	0.0	0.0	0.0	0.0	0.763195812702179	0.0	1.3389865159988403	0.0	1.0830532312393188	0.8175686001777649	0.0	0.664491593837738	0.0	0.0	0.0	0.0	0.0	0.0	0.2652605175971985	0.0	0.42733848094940186	1.0361707210540771	0.7100416421890259	0.0	0.839806079864502	0.0	0.0	0.0	1.355495572090149	1.7329330444335938	0.7495725750923157	0.5930237770080566	0.0	0.0	0.0	1.3329756259918213	0.5341838598251343	1.0765938758850098	1.1846927404403687	0.0	0.0	0.0	0.47815582156181335	0.12055735290050507	0.0	0.0	0.0	0.0	0.16774147748947144	0.0	0.0	0.0	0.1561724692583084	0.225363090634346	1.9802262783050537	0.0	0.0	0.0	0.8902828097343445	1.2539544105529785	0.0	0.0	0.0	0.0	0.0	0.0
0.0	0.0	0.0	0.0	1.13712477684021	0.0	0.8606981039047241	0.0	0.5553799867630005	0.043848033994436264	1.1420010328292847	0.0	0.0	0.0	0.5709700584411621	0.38238564133644104	2.0067477226257324	0.8624856472015381	0.6419401168823242	0.1665976196527481	1.057407259941101	0.7054840922355652	0.0	0.5461876392364502	0.0	0.0	0.8077786564826965	0.1302873194217682	1.0465272665023804	0.0	0.0	1.9827039241790771	0.0	1.9824488162994385	0.0	0.8762869238853455	0.4272651672363281	0.0	1.7501155138015747	0.0	0.0	0.0	0.0	0.24440482258796692	0.0	0.0	1.704858660697937	0.0	0.0	0.5348473787307739	0.0	0.0	0.0	1.0276947021484375	0.45597514510154724	0.0	0.0	0.573962390422821	0.322550892829895	1.6378437280654907	0.0	0.0	0.0	0.0	0.0	0.0	0.0	0.0	0.0	1.0614418983459473	0.0	0.0	0.0	0.5416404604911804	0.0	0.0	0.0	0.015330402180552483	0.0	0.8818036317825317	0.5200541615486145	0.0	0.7550501227378845	0.8586066365242004	1.615057110786438	0.0	1.1482263803482056	0.0	0.034927092492580414	0.0	0.0	0.0	0.0	1.210066556930542	0.0	0.43274256587028503	0.749883770942688	0.24709194898605347	0.0	0.0	0.0	0.47353050112724304	0.0	2.3200159072875977	0.0	0.0	0.7244554758071899	0.6362660527229309	0.0	0.0	0.0	0.0	0.0	0.0	0.0	0.0	0.6824584603309631	0.0	0.6584815979003906	0.0	0.0	0.0	0.0	1.8427842855453491	1.2321285009384155	0.57817143201828	0.0	0.0	0.0	0.0	0.0	0.0	0.7339417338371277	0.0	0.0	0.8252448439598083	0.7292525768280029	0.0	0.0	1.0110783576965332	0.0	0.0	0.0	0.0	0.0	0.0	0.10571073740720749	0.0	0.0	1.0900577306747437	0.0	0.0	0.0	0.0	0.9952312707901001	0.0	0.0	0.5383816361427307	0.0	0.0	1.599470853805542	0.634474515914917	0.3646564185619354	0.2706458866596222	0.5824831128120422	0.0	1.4330893754959106	0.9448413252830505	0.0	0.0	0.0	0.0	0.37814512848854065	0.0	0.0	3.1155922412872314	1.2477115392684937	0.0	0.0	0.0	0.5178431868553162	0.2782551050186157	0.0	0.0	0.8852749466896057	0.0	0.0	0.0	0.0	0.0	0.0	0.0	0.0	0.0	0.0	0.0	0.8386619687080383	0.0	0.2633388936519623	0.09759218245744705	0.0	1.7310547828674316	0.0	0.0	0.0	0.0	0.0	0.0	0.2661074995994568	0.0	0.5653103590011597	0.8670231699943542	0.0	0.0	0.9762588739395142	0.0	0.0	0.0	1.5755031108856201	0.14366938173770905	1.1437889337539673	0.0	0.0	0.0	0.0	1.1794151067733765	0.17460203170776367	0.2659006714820862	0.45398950576782227	0.0	0.0	0.09605257213115692	0.36494430899620056	0.0	0.0	0.0	0.0	0.0	0.29489096999168396	0.0	0.0	0.0	0.31508710980415344	0.6476683616638184	1.4414076805114746	0.0	0.4412385821342468	0.0	0.0	0.0	0.0	0.0	0.0	0.0	0.0	0.0
0.0	0.0	0.0	0.8480024933815002	0.0	0.0	1.2769156694412231	0.0	2.022200107574463	0.0	2.832684278488159	0.0	0.0	0.17422068119049072	0.0	2.536911725997925	3.358976125717163	1.6314905881881714	1.0155731439590454	0.0	0.9269980788230896	0.0	0.0	0.0	0.0	0.0	0.758176863193512	0.0	1.6798337697982788	0.0	1.1850208044052124	1.047214150428772	0.0	0.7997821569442749	0.0	0.0	0.0	0.0	1.5323673486709595	0.18971960246562958	0.0	0.0	0.0	0.40460923314094543	0.0	0.0	3.1788763999938965	0.0	0.0	0.1302807778120041	0.0	0.0	0.0	1.3642528057098389	0.6684324145317078	0.0	0.0	0.2501848638057709	0.0	2.4873459339141846	0.0	0.0	0.0	0.0	0.0	0.0	0.0	0.0	0.0	0.21214203536510468	0.5920224189758301	0.0	0.0	0.5162802934646606	0.0	0.0	0.0	0.0	0.0	0.0	0.0	0.0	2.4063189029693604	0.4194675385951996	0.6795116662979126	0.0	1.1404659748077393	0.0	2.0362582206726074	0.0	0.0	0.0	0.0	0.2643813192844391	0.0	0.0	0.5447505116462708	0.0	0.0	0.0	0.0	1.053439974784851	0.0	0.6561412215232849	0.0	0.0	1.933531403541565	0.7127588987350464	0.0	0.5467928051948547	0.0	0.0	0.0	0.0	0.0	0.0	0.7765212059020996	0.0	0.6739254593849182	0.0	0.6283770203590393	0.7983645796775818	0.0	0.38343581557273865	0.9866358637809753	0.9870708584785461	0.0	0.0	0.0	0.41977381706237793	0.0	0.0	1.274158239364624	0.0	0.0	1.8404399156570435	0.21726875007152557	0.0	0.0	0.0	0.0	0.0	0.0	0.0	0.0	0.0	2.2407329082489014	0.0	0.0	0.6865897178649902	0.0	0.457183837890625	0.0	0.0	0.0	0.0	0.0	2.633497714996338	0.0	0.0	0.6123671531677246	0.0	0.7103744149208069	0.812724232673645	0.0	0.0	0.0	0.7429800033569336	0.0	0.0	0.0	0.0	0.685411274433136	0.0	0.0	4.107420921325684	2.6339962482452393	0.0	0.0	0.0	1.182330846786499	0.35734573006629944	0.0	0.0	1.247692584991455	0.0	0.0	0.0	0.0	0.0	0.0	0.0	0.0	0.0	0.0	0.0	0.5152106881141663	0.0	1.3206452131271362	0.0	0.0	3.5186426639556885	0.0	0.0	0.0	0.0	0.0	0.0	0.0	0.0	0.8874202370643616	2.275552749633789	0.0	0.0	3.1169543266296387	0.0	0.0	0.0	1.5778164863586426	0.0	3.0250046253204346	0.5786997675895691	0.0	0.0	0.0	0.6875525116920471	0.0	1.7046326398849487	0.09168828278779984	0.0	0.0	0.40279659628868103	0.5588157176971436	0.0	0.0	0.0	0.0	0.0	2.33211088180542	0.0	0.0	0.0	1.277018427848816	2.413206100463867	0.0	0.0	1.073769211769104	0.0	0.0	0.1849077045917511	0.0	0.0	0.0	0.5344976782798767	0.0	0.0
0.0	0.0	0.1044130027294159	0.0	0.5999778509140015	0.0	0.669517457485199	0.0	0.7011271119117737	0.659288227558136	0.0	0.0	0.4231782555580139	0.7529419660568237	0.5689795017242432	0.5701156854629517	0.2919784188270569	0.2787030041217804	0.28160974383354187	0.5070245862007141	0.6596394777297974	0.0	0.0	1.1380311250686646	0.0	0.0	0.5200490951538086	0.4857219457626343	0.50540691614151	0.3809571862220764	0.508262574672699	0.6082930564880371	0.0	0.40110740065574646	0.0	0.6507458686828613	0.19078098237514496	0.0	0.7109442949295044	0.3705027103424072	0.0	0.0	0.0	0.0	0.0	0.0	0.0	0.0	0.0	0.5821739435195923	0.0	0.0	0.0	0.0	0.2621523141860962	0.0	0.0	0.9968857765197754	0.752225399017334	0.0	0.0	0.0	0.0	0.30925703048706055	0.0	0.0	0.0	0.0	0.0	0.12372373789548874	0.8665394186973572	0.0	0.0	0.31998410820961	0.0	0.0	0.47767481207847595	0.614070475101471	0.0	0.6469159722328186	0.13370203971862793	0.0	0.5348111987113953	0.0	0.8294714093208313	0.0	0.6334210634231567	0.0	0.11793118715286255	0.0	0.0	0.4255450367927551	0.0	0.5692822337150574	0.0	0.46766653656959534	0.7022848725318909	0.9198269248008728	0.0	0.3586355149745941	0.0	0.0	0.0	0.13595962524414062	0.0	0.0	0.33486467599868774	0.5501668453216553	0.0	0.0	0.0	0.0	0.0	0.0	0.0	0.0	1.0102975368499756	0.0	0.0	0.0	0.14670489728450775	0.822754442691803	0.0	0.1344677209854126	0.0	0.6476975083351135	0.0	0.0	0.0	0.16207948327064514	0.0	0.0	0.46681836247444153	0.0	0.0	0.6208714842796326	0.7507811188697815	0.0	0.0	0.0	0.0	0.0	0.0	1.2702503204345703	1.1050828695297241	0.0	0.5267190933227539	0.0	0.0	0.06622544676065445	0.0	0.4610130488872528	0.0	0.0	0.34393131732940674	0.0	0.0	0.8568081259727478	0.0	0.0	0.6385596394538879	0.7167484760284424	0.6754194498062134	0.9636195302009583	0.4170372784137726	0.0	0.26806357502937317	0.9520576596260071	0.0	0.0	0.0	0.0	0.07806069403886795	0.0	0.8496965765953064	0.27817443013191223	0.034993402659893036	0.0	0.0	0.4074374735355377	0.899691641330719	0.2060316950082779	0.0	0.0	0.4926854372024536	0.0	0.0	0.0	0.0	0.0	0.0	0.0	0.0	0.0	0.5702744126319885	0.0	0.31933510303497314	0.0	0.6726075410842896	0.7041281461715698	0.0	0.0	0.0	0.0	0.0	0.0	0.0	0.0	1.1455775499343872	0.0	0.6578600406646729	1.132543683052063	0.7966742515563965	0.0	0.41240066289901733	0.0	0.0	0.0	0.5793253183364868	0.797335147857666	0.12359553575515747	0.6641380190849304	0.0	0.0	0.0	0.0	0.756840705871582	0.41371965408325195	0.5759552717208862	0.0	0.0	0.16153287887573242	0.7914445400238037	0.3654913008213043	0.0	0.0	0.0	0.0	0.6704710125923157	0.0	0.0	0.0	0.3786090612411499	0.1199759766459465	0.984540581703186	0.0	0.7471304535865784	0.0	0.4070563316345215	0.4028860628604889	0.0	0.7864887714385986	0.0	0.0	0.0	0.0
0.0	0.0	0.0	0.0	0.684273362159729	0.0	1.177261233329773	0.0	0.9221230149269104	0.5418946743011475	0.5677793025970459	0.0	0.7100669145584106	0.0	0.0	0.9370230436325073	0.8177012205123901	0.760305643081665	0.6296266913414001	0.3206969201564789	1.5393213033676147	0.30244961380958557	0.0	0.5789785981178284	0.0	0.0	1.1664305925369263	0.08815329521894455	0.6352884769439697	0.13582058250904083	0.6682260632514954	0.8762196898460388	0.0	1.4088549613952637	0.0	1.0714175701141357	0.26934748888015747	0.0	1.6425483226776123	0.15688423812389374	0.0	0.0	0.0	0.0	0.0	0.0	0.3819165825843811	0.0	0.0	0.0	0.0	0.0	0.0	0.9005739688873291	0.8490274548530579	0.0	0.0	0.4781336188316345	1.113784670829773	0.8093773126602173	0.0	0.0	0.0	0.0	0.0	0.0	0.0	0.0	0.0	1.0914058685302734	0.8107560276985168	0.0	0.0	0.7007218599319458	0.0	0.0	0.19641491770744324	0.2088451385498047	0.0	0.8547859787940979	0.4444292485713959	0.0	0.3065783977508545	0.22519293427467346	0.8395881056785583	0.0	1.5161714553833008	0.0	0.1993124634027481	0.0	0.0	0.0	0.0	0.7551600337028503	0.0	0.2984826862812042	1.2634005546569824	0.9824802279472351	0.0	0.0	0.0	0.0	0.0	2.0180866718292236	0.0	0.0	1.1000992059707642	0.09546637535095215	0.0	0.0	0.0	0.0	0.0	0.0	0.0	0.0	0.5692148208618164	0.0	0.18294629454612732	0.0	0.0	0.6346496939659119	0.0	1.242889165878296	0.7142022252082825	0.5706097483634949	0.0	0.0	0.0	0.0	0.0	0.0	0.9519630670547485	0.0	0.0	0.5760742425918579	0.8264453411102295	0.0	0.0	1.129435658454895	0.0	0.0	0.0	0.9840594530105591	0.0	0.0	0.3714410066604614	0.0	0.0	0.0	0.0	0.0	0.0	0.0	1.1006513833999634	0.0	0.0	0.9505249857902527	0.0	0.0	1.1672903299331665	0.9704915285110474	0.6996679902076721	0.7525536417961121	0.3134368062019348	0.0	0.5429807901382446	0.4394550919532776	0.0	0.0	0.0	0.0	0.023708054795861244	0.0	0.3786366879940033	2.10019588470459	0.5480998158454895	0.0	0.0	0.0	0.6920588612556458	0.6224709749221802	0.0	0.0	1.2503242492675781	0.0	0.0	0.0	0.0	0.0	0.0	0.0	0.0	0.0	0.0	0.0	0.6632665991783142	0.0	0.9339665174484253	0.7548485994338989	0.0	0.8975204825401306	0.0	0.0	0.0	0.0	0.0	0.0	0.5449506044387817	0.0	0.3205264210700989	1.0097194910049438	0.9279599785804749	0.0	0.7576480507850647	0.0	0.0	0.0	1.6492233276367188	0.6791620850563049	0.4472096860408783	0.5102503299713135	0.0	0.0	0.0	1.238020420074463	0.3309381902217865	0.5857515335083008	0.7138748168945312	0.0	0.0	0.4698258340358734	0.8402203917503357	0.19665442407131195	0.0	0.0	0.0	0.0	0.6998898386955261	0.0	0.0	0.0	0.1243554949760437	0.2506236732006073	1.3299912214279175	0.0	0.38722631335258484	0.0	0.38779976963996887	0.24685654044151306	0.0	0.0	0.0	0.0	0.0	0.0
0.0	0.0	0.0	0.0	0.5818617939949036	0.0	0.33105504512786865	0.0	0.5860503911972046	0.2664259374141693	0.8260501027107239	0.0	0.056415852159261703	0.3482315242290497	0.0	1.2429852485656738	1.0186851024627686	0.6041011810302734	0.3675247132778168	0.0	0.45615655183792114	0.0	0.0	0.2167373150587082	0.0	0.0	0.48545512557029724	0.08813124895095825	0.3665473163127899	0.0	0.1353905349969864	0.8751524090766907	0.0	0.7844796776771545	0.0	0.033005617558956146	0.0	0.0	0.5710268616676331	0.0	0.0	0.0	0.0	0.3534817695617676	0.0	0.0	0.8454836010932922	0.0	0.0	0.3442831337451935	0.0	0.0	0.0	0.29365748167037964	0.0	0.0	0.0	0.4310741722583771	0.33044397830963135	0.5147429704666138	0.0	0.0	0.0	0.0	0.0	0.0	0.0	0.0	0.0	0.009862227365374565	0.5384603142738342	0.0	0.0	0.7481642365455627	0.0	0.0	0.0	0.6158311367034912	0.0	0.3485380709171295	0.5475618839263916	0.0	0.7493172287940979	0.0	0.6770576238632202	0.0	0.6779235601425171	0.0	0.7740478515625	0.0	0.0	0.0	0.0	0.03011227399110794	0.0	0.0	0.09988107532262802	0.3146742582321167	0.0	0.0	0.0	0.9713886976242065	0.0	0.6326464414596558	0.0	0.0	0.34897544980049133	0.7227625250816345	0.0	0.31029677391052246	0.0	0.0	0.0	0.0	0.0	0.0	0.5620409250259399	0.0	0.43990206718444824	0.0	0.0	0.41625168919563293	0.0	0.40841788053512573	0.6356062293052673	0.9267731308937073	0.0	0.0	0.0	0.7866503596305847	0.0	0.0	0.34017816185951233	0.0	0.0	0.9610602855682373	0.4634442627429962	0.0	0.0	0.0	0.0	0.0	0.0	0.22630345821380615	0.09905973821878433	0.0	0.6090582609176636	0.0	0.0	0.7484070658683777	0.0	0.8449113368988037	0.0	0.0	0.0	0.0	0.0	1.230666995048523	0.0	0.0	0.15439938008785248	0.39515164494514465	0.0	0.3726358711719513	0.22504425048828125	0.0	0.0	0.6795387864112854	0.0	0.0	0.0	0.0	0.18751361966133118	0.0	0.0	2.431922435760498	1.0748289823532104	0.0	0.0	0.0	0.6213334798812866	0.13848330080509186	0.0	0.0	0.16899316012859344	0.0	0.0	0.0	0.0	0.0	0.0	0.0	0.0	0.0	0.0	0.0	0.12021706998348236	0.0	0.9760600328445435	0.32113945484161377	0.0	1.4422011375427246	0.0	0.0	0.0	0.0	0.0	0.0	0.7458425164222717	0.0	1.0477077960968018	1.3492826223373413	0.31641650199890137	0.0	1.1869183778762817	0.0	0.0	0.0	0.5560509562492371	0.2600671947002411	1.1004760265350342	0.8519331812858582	0.0	0.0	0.0	0.3234013020992279	0.7687259316444397	0.01007190253585577	0.0	0.0	0.0	0.7954387068748474	1.152073621749878	0.17037592828273773	0.0	0.0	0.0	0.0	0.7506316304206848	0.0	0.0	0.0	0.22772027552127838	1.0279401540756226	0.5730454921722412	0.0	0.6599606871604919	0.0	0.0	0.0	0.0	0.0	0.0	0.3386276662349701	0.0	0.0
0.0	0.0	0.0	1.5474339723587036	0.0	0.0	2.318814516067505	0.0	1.7460157871246338	0.334575355052948	1.063979983329773	0.0	0.8849589228630066	0.6720200777053833	0.03314604610204697	2.058920383453369	1.7719470262527466	1.8045657873153687	1.0819005966186523	0.0	1.3689740896224976	0.8160693645477295	0.0	1.047200083732605	0.0	0.0	1.5910402536392212	0.0	2.290875196456909	0.5131875872612	0.9259841442108154	0.0	0.0	1.1526905298233032	0.0	0.1571318507194519	0.3833593726158142	0.0	1.608390212059021	0.28947725892066956	0.0	0.0	0.0	0.0	0.0	0.0	1.9329493045806885	0.0	0.0	0.0	0.0	0.0	0.0	1.056370735168457	1.0881006717681885	0.0	0.0	0.8224501609802246	0.06397345662117004	1.4749863147735596	0.0	0.0	0.0	0.0	0.0	0.0	0.0	0.0	0.0	0.6329853534698486	0.6967536807060242	0.0	0.0	0.0	0.0	0.0	0.0	0.1627579629421234	0.0	0.576495885848999	0.29649078845977783	0.0	2.075025796890259	1.3051388263702393	1.9548600912094116	0.0	1.4403014183044434	0.0	1.4624673128128052	0.0	0.0	0.0	0.0	0.14544476568698883	0.0	0.32497701048851013	1.6814556121826172	1.0704234838485718	0.0	0.0	0.0	0.518485963344574	0.0	1.6069289445877075	0.0	0.0	2.0569772720336914	0.6620104312896729	0.0	0.0	0.0	0.0	0.0	0.0	0.0	0.0	1.048600673675537	0.0	0.0	0.0	0.45737597346305847	0.581622838973999	0.0	0.0	0.9501668810844421	0.9410970211029053	0.0	0.0	0.0	0.0	0.0	0.0	0.0	0.0	0.0	0.9571531414985657	0.40885648131370544	0.0	0.0	0.30944669246673584	0.0	0.0	0.0	0.692111074924469	0.0	0.0	2.341212511062622	0.0	0.0	0.0	0.0	0.0	0.0	0.0	0.16093970835208893	0.0	0.0	1.912956953048706	0.0	0.0	0.8941729664802551	1.048230767250061	0.6009395122528076	1.2323557138442993	0.0	0.0	0.0	0.48617446422576904	0.0	0.0	0.0	0.0	0.5587161779403687	0.0	0.0	2.5343408584594727	0.6398897767066956	0.0	0.0	0.0	0.8428401947021484	0.8991480469703674	0.0	0.0	0.5619147419929504	0.0	0.0	0.0	0.0	0.0	0.0	0.0	0.0	0.0	0.4661203622817993	0.0	0.6372445821762085	0.0	1.378772497177124	0.10847430676221848	0.0	1.7646342515945435	0.0	0.0	0.0	0.0	0.0	0.0	0.8187112808227539	0.0	0.3796423673629761	1.4728947877883911	0.7002562880516052	0.0	2.6590089797973633	0.0	0.0	0.0	1.8841341733932495	0.330295592546463	1.94088876247406	0.781283438205719	0.0	0.0	0.0	1.346762776374817	0.0	1.7545340061187744	0.5368229746818542	0.0	0.0	0.0	0.7148439884185791	0.6157196164131165	0.0	0.0	0.0	0.0	1.7660661935806274	0.0	0.0	0.0	1.3327968120574951	1.0198434591293335	1.0033748149871826	0.0	0.8244682550430298	0.0	0.0	0.0	0.0	0.0	0.0	0.2925953269004822	0.0	0.0
0.0	0.0	0.0	0.0	0.7628342509269714	0.0	0.6560905575752258	0.0	2.1525890827178955	0.23266315460205078	2.761890411376953	0.0	0.025542691349983215	0.7152934670448303	0.9274162650108337	2.649294376373291	2.6426682472229004	0.8794782161712646	0.5119102597236633	0.0	0.6540659666061401	0.0	0.0	0.8697694540023804	0.0	0.0	0.37167346477508545	0.0	0.9191755056381226	0.09159253537654877	1.0343214273452759	0.9749255776405334	0.0	0.10998547077178955	0.0	0.0	0.0	0.0	0.1034049317240715	0.0	0.0	0.0	0.0	1.6157785654067993	0.0	0.0	2.5647683143615723	0.0	0.0	1.3182008266448975	0.0	0.0	0.0	1.1367619037628174	0.0	0.0	0.0	0.40907326340675354	0.0	1.315508246421814	0.0	0.0	0.0	0.0	0.0	0.0	0.0	0.0	0.0	0.0	0.9588468074798584	0.0	0.0	0.8907251954078674	0.0	0.0	0.7443724870681763	0.0	0.0	0.46673908829689026	0.0	0.0	1.9773268699645996	0.0	0.09124813228845596	0.0	0.7971185445785522	0.0	2.0477120876312256	0.0	0.0	0.0	0.0	0.0	0.0	0.0	0.584049642086029	0.6959676742553711	0.0	0.0	0.0	0.20269475877285004	0.0	0.19822920858860016	0.0	0.0	1.8792833089828491	1.613718032836914	0.0	0.961171567440033	0.0	0.0	0.0	0.0	0.0	0.0	1.1758360862731934	0.0	0.3339284062385559	0.0	0.25613921880722046	1.45836341381073	0.0	0.38613495230674744	0.8785654306411743	1.9547700881958008	0.0	0.0	0.0	1.0536991357803345	0.0	0.0	1.1225732564926147	0.0	0.0	2.157207727432251	1.3533549308776855	0.0	0.0	0.0	0.0	0.0	0.0	0.50384122133255	0.09134913235902786	0.0	2.5181758403778076	0.0	0.0	0.265188604593277	0.0	1.2658922672271729	0.0	0.0	0.0	0.0	0.0	2.664191722869873	0.0	0.0	0.1938757598400116	0.4650895595550537	0.6101909279823303	0.7446823120117188	0.0	0.0	0.0	1.3446849584579468	0.0	0.0	0.0	0.0	0.0	0.0	0.0	3.344291925430298	1.8142064809799194	0.0	0.0	0.0	1.9407068490982056	0.25122585892677307	0.0	0.0	0.01579848676919937	0.0	0.0	0.0	0.0	0.0	0.0	0.0	0.0	0.0	0.0	0.0	0.0	0.0	1.8612223863601685	0.006447864696383476	0.0	2.4732041358947754	0.0	0.0	0.0	0.0	0.0	0.0	1.551395297050476	0.0	2.7103402614593506	2.2502236366271973	0.776612401008606	0.0	2.17378568649292	0.0	0.0	0.0	0.5561292767524719	0.21672864258289337	2.5347118377685547	1.8523986339569092	0.0	0.0	0.0	0.23044650256633759	0.46470749378204346	0.7668010592460632	0.0	0.0	0.0	1.492914080619812	1.3643174171447754	0.0	0.0	0.0	0.0	0.0	2.5965938568115234	0.0	0.0	0.0	0.029462745413184166	2.5173823833465576	0.6242096424102783	0.0	1.5721808671951294	0.0	0.0	0.0	0.0	0.0	0.0	0.8046121001243591	0.0	0.0
0.0	0.0	0.0	0.31028616428375244	0.43873217701911926	0.0	1.3401424884796143	0.0	1.238417387008667	0.06802328675985336	1.2268620729446411	0.0	0.0	0.5357755422592163	0.07508125901222229	2.116487503051758	1.9449292421340942	0.6547648310661316	0.0	0.0	1.0525072813034058	0.0	0.0	0.9084014892578125	0.0	0.0	0.06576113402843475	0.0	0.8259087800979614	0.3933025896549225	0.724786639213562	1.0700937509536743	0.0	0.19584733247756958	0.0	0.0	0.0	0.0	0.24451330304145813	0.3964909017086029	0.0	0.0	0.0	1.1369452476501465	0.0	0.0	1.7457894086837769	0.0	0.0	0.5683134198188782	0.0	0.0	0.0	0.2551301419734955	0.0	0.0	0.0	0.12369132786989212	0.0	1.1287208795547485	0.0	0.0	0.0	0.0	0.0	0.0	0.0	0.0	0.0	0.0	0.5328301787376404	0.0	0.0	0.05308884382247925	0.0	0.0	0.3094651699066162	0.40280985832214355	0.0	0.32042863965034485	0.13371118903160095	0.0	1.3840466737747192	0.0	0.8635486960411072	0.0	1.134026288986206	0.0	1.1510157585144043	0.0	0.0	0.0	0.0	0.0	0.0	0.0	0.6952478289604187	1.316232442855835	0.0	0.0	0.0	0.5748779773712158	0.0	0.6704496741294861	0.0	0.0	0.9250717759132385	1.3337143659591675	0.0	0.7711606621742249	0.0	0.0	0.0	0.0	0.0	0.0	1.6094439029693604	0.0	0.8356844782829285	0.0	0.1518532931804657	0.5898409485816956	0.0	0.8243287801742554	0.8450644612312317	1.2471015453338623	0.0	0.0	0.0	0.9595701098442078	0.0	0.0	0.3986310064792633	0.0	0.0	1.5540833473205566	0.5241937637329102	0.0	0.0	0.0	0.0	0.0	0.0	1.0491713285446167	0.0	0.0	2.100508689880371	0.0	0.0	0.05494232848286629	0.0	0.9448639154434204	0.0	0.0	0.0	0.0	0.0	1.6926255226135254	0.0	0.0	0.12921473383903503	0.45782342553138733	0.7700073719024658	1.7668544054031372	0.0	0.0	0.0	0.9223741292953491	0.0	0.0	0.0	0.0	0.1351296752691269	0.0	0.0	2.8852906227111816	1.0904864072799683	0.0	0.0	0.0	1.7608858346939087	0.0	0.0	0.0	0.0	0.0	0.0	0.0	0.0	0.0	0.0	0.0	0.0	0.0	0.0	0.0	0.0	0.0	2.0718579292297363	0.3099140226840973	0.0	1.6129117012023926	0.0	0.0	0.0	0.0	0.0	0.0	1.7706894874572754	0.0	2.241218090057373	2.379188299179077	0.40660032629966736	0.0	1.3348647356033325	0.0	0.0	0.0	0.7947468161582947	0.38563355803489685	2.1247410774230957	1.8190009593963623	0.0	0.0	0.0	0.0	0.6843571662902832	0.5030636191368103	0.0	0.0	0.0	0.557655394077301	1.2436168193817139	0.0	0.0	0.0	0.0	0.0	1.5235979557037354	0.0	0.0	0.0	0.2518831491470337	1.5907894372940063	0.44092705845832825	0.0	0.9175286293029785	0.0	0.0	0.0	0.0	0.0	0.0	1.0780272483825684	0.0	0.0
0.0	0.0	0.0	0.23292194306850433	0.0	0.0	2.390195846557617	0.0	1.5098965167999268	0.5940808653831482	1.0833250284194946	0.0	1.0987298488616943	0.4594825208187103	0.41237398982048035	1.6219524145126343	0.834285318851471	2.0846779346466064	1.8636234998703003	0.7656373977661133	0.9726953506469727	0.8730896711349487	0.0	0.9487490653991699	0.0	0.0	1.6305426359176636	0.0	2.018998384475708	0.3877744674682617	1.306455373764038	0.6966241598129272	0.0	2.2129151821136475	0.0	0.0	1.4729928970336914	0.0	2.1431524753570557	1.3759618997573853	0.0	0.0	0.0	0.0	0.0	0.0	0.8673732280731201	0.0	0.0	0.0	0.0	0.0	0.0	1.5486901998519897	1.817917823791504	0.0	0.0	0.7208868861198425	0.9949796199798584	1.2750662565231323	0.0	0.0	0.0	0.0	0.0	0.0	0.0	0.0	0.0	1.0695241689682007	1.5687854290008545	0.0	0.0	0.8411664366722107	0.0	0.0	0.7319039702415466	0.0	0.0	0.6014925837516785	0.0	0.0	1.6202541589736938	1.0883491039276123	2.1908111572265625	0.0	1.9271010160446167	0.0	0.5487368702888489	0.0	0.0	0.4730115532875061	0.0	1.3825979232788086	0.0	0.6668495535850525	1.2009028196334839	0.6543453931808472	0.0	0.0	0.0	0.0	0.0	1.9346318244934082	0.0	0.0	1.8995915651321411	0.268926203250885	0.0	0.0	0.0	0.0	0.0	0.0	0.0	0.0	0.9113530516624451	0.0	0.0	0.0	0.9197753667831421	0.9130775332450867	0.0	0.8074808120727539	0.6883383393287659	0.9812946915626526	0.0	0.0	0.0	0.0	0.0	0.0	1.4767000675201416	0.0	0.0	1.190533995628357	1.0547711849212646	0.0	0.0	0.7126734852790833	0.0	0.0	0.0	0.21131490170955658	0.0	0.0	2.1290600299835205	0.0	0.0	0.8688717484474182	0.0	0.0	0.0	0.0	1.5132602453231812	0.0	0.0	1.6420201063156128	0.0	0.0	1.5434215068817139	1.2705210447311401	1.3214397430419922	0.684604823589325	0.0927063524723053	0.0	0.40934446454048157	1.06756591796875	0.0	0.0	0.0	0.0	1.3829410076141357	0.0	0.0	2.3611981868743896	0.5458299517631531	0.0	0.0	0.0	0.771634578704834	1.6008466482162476	0.0	0.0	2.1356959342956543	0.0	0.0	0.0	0.0	0.0	0.0	0.0	0.0	0.0	0.9738055467605591	0.0	1.866995096206665	0.0	0.9596425294876099	0.7455009818077087	0.0	1.50933039188385	0.0	0.0	0.0	0.0	0.0	0.0	0.0	0.0	0.24098627269268036	1.6673269271850586	0.0338413268327713	0.0	2.19364857673645	0.0	0.0	0.0	2.5945396423339844	0.9816884994506836	1.3870956897735596	0.3803984224796295	0.0	0.0	0.0	2.1415793895721436	0.0	1.7039434909820557	1.4780620336532593	0.0	0.0	0.0	0.6573343276977539	0.726569414138794	0.0	0.0	0.0	0.0	1.1605736017227173	0.0	0.0	0.0	1.4719812870025635	1.2225265502929688	1.4985976219177246	0.0	0.8866353034973145	0.0	0.0	0.7500141263008118	0.0	0.0	0.0	0.0	0.0	0.0
0.0	0.0	0.0	0.6331921815872192	0.0	0.0	2.8213422298431396	0.0	1.544416904449463	1.0652351379394531	0.6580110788345337	0.0	1.3352389335632324	1.0275380611419678	0.09247688204050064	2.2759547233581543	1.3653663396835327	1.512183666229248	1.370208978652954	0.1068313717842102	2.549288272857666	0.8025931119918823	0.0	1.0875471830368042	0.0	0.0	1.2164583206176758	0.0	2.2963733673095703	1.1376523971557617	1.1646753549575806	0.9259153604507446	0.0	1.0586603879928589	0.0	0.10140390694141388	0.9324974417686462	0.0	2.1068551540374756	1.1928112506866455	0.0	0.0	0.0	0.0	0.0	0.0	0.7811980247497559	0.0	0.0	0.0	0.0	0.0	0.0	0.7144805192947388	1.2601693868637085	0.0	0.0	0.9416622519493103	0.8210684657096863	1.125157117843628	0.0	0.0	0.0	0.0	0.0	0.0	0.0	0.0	0.0	0.7819298505783081	1.5206445455551147	0.0	0.0	0.4505639970302582	0.0	0.0	1.2210843563079834	0.43798717856407166	0.0	0.8879440426826477	0.1379939317703247	0.0	1.3517184257507324	0.7428687214851379	1.714148998260498	0.0	2.510418653488159	0.0	0.7294957637786865	0.0	0.0	0.0	0.0	0.0	0.0	0.7312438488006592	1.7744611501693726	1.3906149864196777	0.0	0.0	0.0	0.0	0.0	2.0361711978912354	0.0	0.0	2.747436046600342	0.42005154490470886	0.0	0.0	0.0	0.0	0.0	0.0	0.0	0.0	1.7794251441955566	0.0	0.0	0.0	0.02790875919163227	1.288368821144104	0.0	0.0	0.8844863176345825	1.5258815288543701	0.0	0.0	0.0	0.0	0.0	0.0	0.780852198600769	0.0	0.0	0.7018696069717407	1.4410237073898315	0.0	0.0	1.2702252864837646	0.0	0.0	0.0	1.942468285560608	0.3982042670249939	0.0	2.3876254558563232	0.0	0.0	0.0	0.0	0.0	0.0	0.0	1.0331202745437622	0.0	0.0	2.682438611984253	0.0	0.0	1.0275028944015503	1.463576316833496	1.2669529914855957	1.9320847988128662	0.0	0.0	0.0	0.9684241414070129	0.0	0.0	0.0	0.0	0.9871904850006104	0.0	0.0	2.6812093257904053	0.2901376187801361	0.0	0.0	0.0	1.498194694519043	1.0589919090270996	0.0	0.0	1.519907832145691	0.0	0.0	0.0	0.0	0.0	0.0	0.0	0.0	0.0	0.37692561745643616	0.0	0.8134962916374207	0.0	1.7777620553970337	1.0551379919052124	0.0	1.4535231590270996	0.0	0.0	0.0	0.0	0.0	0.0	1.1620843410491943	0.0	0.7997377514839172	2.006497383117676	0.7801772952079773	0.0	2.388831377029419	0.0	0.0	0.0	2.251695156097412	1.0985944271087646	1.8717833757400513	0.7914661169052124	0.0	0.0	0.0	1.684653878211975	0.0560525506734848	1.939928412437439	1.19151771068573	0.0	0.0	0.17345400154590607	1.4759653806686401	0.6222724914550781	0.0	0.0	0.0	0.0	1.6069204807281494	0.0	0.0	0.0	0.9978874921798706	0.8148801922798157	1.35990571975708	0.0	0.8631607294082642	0.0	0.0	0.6079198122024536	0.0	0.0	0.0	0.003120468696579337	0.0	0.0
0.0	0.0	0.0	1.1051356792449951	0.0	0.0	2.266083002090454	0.0	1.7893199920654297	1.08832848072052	0.14680489897727966	0.0	1.004001498222351	1.2791494131088257	0.19127045571804047	2.373084783554077	1.2346752882003784	1.8412010669708252	1.179701805114746	0.5002297163009644	1.9713793992996216	0.37075814604759216	0.0	0.92086261510849	0.0	0.0	2.1536152362823486	0.0	2.63981032371521	1.161203384399414	1.6987287998199463	0.0	0.0	1.2505735158920288	0.0	0.4532908499240875	1.3020859956741333	0.0	2.0064504146575928	0.8345524668693542	0.0	0.0	0.0	0.0	0.0	0.0	1.0648932456970215	0.0	0.0	0.0	0.0	0.0	0.0	0.7554622292518616	1.5613925457000732	0.0	0.0	0.6346167325973511	0.3916695713996887	1.1853969097137451	0.0	0.0	0.0	0.0	0.0	0.0	0.0	0.0	0.0	1.2686748504638672	1.4322632551193237	0.0	0.0	0.3182782232761383	0.0	0.0	1.1517151594161987	0.7155624032020569	0.0	1.2726948261260986	1.1142369508743286	0.0	2.1595537662506104	0.6010942459106445	2.3414628505706787	0.0	2.032304286956787	0.0	1.2539788484573364	0.0	0.0	0.07428666204214096	0.0	0.14080911874771118	0.0	0.9765350222587585	1.7893284559249878	1.1841810941696167	0.0	0.0	0.0	0.0	0.0	1.815152883529663	0.0	0.0	2.4709925651550293	0.03223337233066559	0.0	0.0	0.0	0.0	0.0	0.0	0.0	0.0	1.4027295112609863	0.0	0.0	0.0	0.6634071469306946	0.8425792455673218	0.0	0.0	1.0398544073104858	1.865059733390808	0.0	0.0	0.0	0.0	0.0	0.0	0.5873820185661316	0.0	0.0	0.9933783411979675	1.4261229038238525	0.0	0.0	0.97117018699646	0.0	0.0	0.0	1.1285359859466553	0.9241308569908142	0.0	2.333958864212036	0.0	0.0	0.0	0.0	0.2421785444021225	0.0	0.0	0.5555363893508911	0.0	0.0	2.572697639465332	0.0	0.0	1.4322880506515503	2.0243523120880127	0.7714241743087769	1.7325602769851685	0.3813050389289856	0.0	0.0	1.3222675323486328	0.0	0.0	0.0	0.0	1.3695111274719238	0.0	0.0	2.6512272357940674	0.9692033529281616	0.0	0.0	0.0	1.5162932872772217	1.4641218185424805	0.0	0.0	1.2060089111328125	0.0	0.0	0.0	0.0	0.0	0.0	0.0	0.0	0.0	0.4503079354763031	0.0	1.2698416709899902	0.0	2.183380603790283	1.1224249601364136	0.0	1.5096791982650757	0.0	0.0	0.0	0.0	0.0	0.0	1.5121433734893799	0.0	1.6327478885650635	1.8093479871749878	0.4870572090148926	0.0	2.807523727416992	0.0	0.0	0.0	2.3263039588928223	1.024004578590393	1.9684317111968994	1.223114013671875	0.0	0.0	0.0	1.5384265184402466	0.6230502128601074	2.311002016067505	1.2615687847137451	0.0	0.0	0.2592732310295105	1.1657428741455078	0.9187666177749634	0.0	0.0	0.0	0.0	1.151512622833252	0.0	0.0	0.0	1.6218929290771484	0.911531925201416	1.9477115869522095	0.0	1.4170786142349243	0.0	0.38227447867393494	0.583812415599823	0.0	0.0	0.0	0.06345514953136444	0.0	0.0
0.0	0.0	0.0	0.08378658443689346	1.0136232376098633	0.0	1.8813625574111938	0.0	1.5403965711593628	0.0	1.3615010976791382	0.0	0.27772632241249084	0.0	0.0	1.149946928024292	1.7840241193771362	1.3023723363876343	0.9536073803901672	0.0	1.9644790887832642	0.8095088005065918	0.0	0.7953493595123291	0.0	0.0	1.2397596836090088	0.0	1.2960240840911865	0.06356178969144821	0.45113787055015564	1.4436320066452026	0.0	2.125699281692505	0.0	0.5241010785102844	0.0	0.0	2.3858485221862793	0.0	0.0	0.0	0.0	0.5365629196166992	0.0	0.0	1.4797861576080322	0.0	0.0	0.16843213140964508	0.0	0.0	0.0	1.402552604675293	1.2471147775650024	0.0	0.0	0.13968458771705627	0.013556385412812233	1.8654896020889282	0.0	0.0	0.0	0.0	0.0	0.0	0.0	0.0	0.0	0.9948161244392395	0.5392036437988281	0.0	0.0	0.7906952500343323	0.0	0.0	0.0	0.49215495586395264	0.0	0.45399773120880127	0.49048522114753723	0.0	1.2848223447799683	0.34687554836273193	1.4808762073516846	0.0	2.308645725250244	0.0	0.5591309666633606	0.0	0.0	0.0	0.0	0.7107315063476562	0.0	0.0	1.130469799041748	0.4740830957889557	0.0	0.0	0.0	0.5216889977455139	0.0	2.9648184776306152	0.0	0.0	1.5100312232971191	0.4621606469154358	0.0	0.0853852778673172	0.0	0.0	0.0	0.0	0.0	0.0	1.7052533626556396	0.0	0.3712988495826721	0.0	0.0	0.7382918000221252	0.0	1.201912522315979	1.4660885334014893	0.7932314276695251	0.0	0.0	0.0	0.0	0.0	0.0	0.0	0.0	0.0	1.0281766653060913	0.4209076464176178	0.0	0.0	1.0501728057861328	0.0	0.0	0.0	0.8365696668624878	0.3612114489078522	0.0	0.9999224543571472	0.0	0.0	0.0	0.0	0.0	0.0	0.0	0.6074891686439514	0.0	0.0	1.7005137205123901	0.0	0.0	1.2341550588607788	0.06967882812023163	0.496133029460907	1.1210700273513794	0.0	0.0	0.1985807567834854	1.155973196029663	0.0	0.0	0.0	0.0	0.0	0.0	0.0	3.949817180633545	0.9478232860565186	0.0	0.0	0.0	1.9441320896148682	0.44426459074020386	0.0	0.0	1.2616894245147705	0.0	0.0	0.0	0.0	0.0	0.0	0.0	0.0	0.0	0.0	0.0	0.7658165693283081	0.0	1.6549090147018433	0.5888541340827942	0.0	1.0138260126113892	0.0	0.0	0.0	0.0	0.0	0.0	0.5558334589004517	0.0	1.4119516611099243	0.9439029097557068	1.0651583671569824	0.0	2.0620553493499756	0.0	0.0	0.0	1.902066707611084	0.8818519711494446	1.8641923666000366	0.8898553848266602	0.0	0.0	0.0	1.9677441120147705	0.5392981767654419	1.3332237005233765	0.8716825246810913	0.0	0.0	1.1098132133483887	1.3678301572799683	0.0	0.0	0.0	0.0	0.0	0.9274665713310242	0.0	0.0	0.0	0.020627416670322418	0.711959958076477	1.3047726154327393	0.0	0.7435088753700256	0.0	0.0	0.25545579195022583	0.0	0.0	0.0	0.23348911106586456	0.0	0.0
0.0	0.0	0.0	0.0	1.1044801473617554	0.0	1.4207755327224731	0.0	0.8307687044143677	0.36155009269714355	0.44220465421676636	0.0	0.5289719104766846	0.0	0.40864652395248413	0.5871731638908386	0.7896961569786072	0.37358254194259644	0.6971015930175781	0.0	1.0351450443267822	0.40682926774024963	0.0	0.8464913368225098	0.0	0.0	0.7575125694274902	0.0	0.8533928990364075	0.0	0.3581925332546234	1.571598768234253	0.0	1.5506707429885864	0.0	0.2887484133243561	0.14971737563610077	0.0	1.3078773021697998	0.0	0.0	0.0	0.0	0.0	0.0	0.0	0.45645827054977417	0.0	0.0	0.04495149105787277	0.0	0.0	0.0	0.7528120875358582	0.9300205111503601	0.0	0.0	0.15632039308547974	0.3690984547138214	1.3515509366989136	0.0	0.0	0.0	0.0	0.0	0.0	0.0	0.0	0.0	1.1547045707702637	0.019287552684545517	0.0	0.0	0.6484137177467346	0.0	0.0	0.0	0.7721470594406128	0.0	0.6084415912628174	0.5664455890655518	0.0	0.33131152391433716	0.9359220266342163	0.7995514869689941	0.0	1.6426596641540527	0.0	0.0	0.0	0.0	0.0	0.0	1.0935407876968384	0.0	0.48419225215911865	1.153681993484497	0.2318742424249649	0.0	0.0	0.0	0.0	0.0	2.3018205165863037	0.0	0.0	0.8109792470932007	0.3114423453807831	0.0	0.0	0.0	0.0	0.0	0.0	0.0	0.0	0.9208773970603943	0.0	0.396211177110672	0.0	0.0	0.24027462303638458	0.0	1.7438350915908813	1.3283871412277222	0.39054572582244873	0.0	0.0	0.0	0.0	0.0	0.0	0.2758457660675049	0.0	0.0	0.4816710650920868	0.7608991861343384	0.0	0.0	1.4922492504119873	0.0	0.0	0.0	1.1276566982269287	0.0	0.0	0.12594683468341827	0.0	0.0	0.0	0.0	0.0	0.0	0.0	1.2514655590057373	0.0	0.0	0.32714593410491943	0.0	0.0	1.1136562824249268	0.8802265524864197	0.34329307079315186	0.5756905674934387	0.20466254651546478	0.0	1.4412132501602173	0.32221123576164246	0.0	0.0	0.0	0.0	0.30466052889823914	0.0	0.0	2.2804627418518066	0.6055052876472473	0.0	0.0	0.0	0.7030583620071411	0.4236319959163666	0.0	0.0	1.080327033996582	0.0	0.0	0.0	0.0	0.0	0.0	0.0	0.0	0.0	0.0	0.0	0.8626531362533569	0.0	0.5148604512214661	0.49233534932136536	0.0	0.8347399234771729	0.0	0.0	0.0	0.0	0.0	0.0	0.38405874371528625	0.0	0.08271699398756027	0.5996245741844177	0.43564218282699585	0.0	0.922914445400238	0.0	0.0	0.0	1.5343087911605835	0.20075738430023193	0.6385141015052795	0.31172269582748413	0.0	0.0	0.0	1.2254565954208374	0.6045963168144226	0.25975868105888367	0.4299474358558655	0.0	0.0	0.041175782680511475	1.0212215185165405	0.0	0.0	0.0	0.0	0.0	0.6026510000228882	0.0	0.0	0.0	0.0	0.0	1.5177994966506958	0.0	0.06164596974849701	0.0	0.03665557876229286	0.0	0.0	0.0	0.0	0.0	0.0	0.0
0.0	0.0	0.0	0.6983423829078674	0.2546517550945282	0.0	1.9606621265411377	0.0	1.3597267866134644	0.0	1.7918181419372559	0.0	0.34602344036102295	0.7147929072380066	0.29842376708984375	1.9119409322738647	2.146866798400879	1.069368600845337	1.0613410472869873	0.0507199801504612	0.7891574501991272	0.05529959499835968	0.0	0.5512611269950867	0.0	0.0	0.6377144455909729	0.0	1.8703434467315674	0.3396722674369812	1.0754047632217407	0.5692044496536255	0.0	0.438767671585083	0.0	0.0	0.0	0.0	1.4892878532409668	0.2677740156650543	0.0	0.0	0.0	0.38440269231796265	0.0	0.0	1.9631751775741577	0.0	0.0	0.10613959282636642	0.0	0.0	0.0	1.1338390111923218	0.6298526525497437	0.0	0.0	0.5403563380241394	0.0	1.6083656549453735	0.0	0.0	0.0	0.0	0.0	0.0	0.0	0.0	0.0	0.8244972229003906	1.1449791193008423	0.0	0.0	0.4210827648639679	0.0	0.0	0.0	0.027512840926647186	0.0	0.6288790106773376	0.0	0.0	2.3324930667877197	0.523824155330658	0.8375583291053772	0.0	1.2878178358078003	0.0	1.2314410209655762	0.0	0.0	0.0	0.0	0.0	0.0	0.0	1.2098627090454102	0.49778416752815247	0.0	0.0	0.0	0.34569209814071655	0.0	1.1247437000274658	0.0	0.0	2.0726523399353027	0.6435211300849915	0.0	0.13136515021324158	0.0	0.0	0.0	0.0	0.0	0.0	1.591860055923462	0.0	0.0	0.0	0.758141279220581	1.024337887763977	0.0	0.19760818779468536	0.6663859486579895	1.2901480197906494	0.0	0.0	0.0	0.4000736176967621	0.0	0.0	0.4910207986831665	0.0	0.0	1.66330087184906	0.7422696352005005	0.0	0.0	0.0	0.0	0.0	0.0	0.7537315487861633	0.0	0.0	2.0482778549194336	0.0	0.0	0.0	0.0	0.0	0.0	0.0	0.0	0.0	0.0	2.221794366836548	0.0	0.0	0.679080069065094	0.07019855082035065	0.5597232580184937	1.3475996255874634	0.0	0.0	0.0	1.060007095336914	0.0	0.0	0.0	0.0	0.5251736640930176	0.0	0.0	3.522444725036621	1.4004828929901123	0.0	0.0	0.0	1.7979308366775513	0.00045772420708090067	0.0	0.0	0.815946638584137	0.0	0.0	0.0	0.0	0.0	0.0	0.0	0.0	0.0	0.3425534665584564	0.0	0.45407673716545105	0.0	2.1800780296325684	0.012826415710151196	0.0	2.404327869415283	0.0	0.0	0.0	0.0	0.0	0.0	0.3602614104747772	0.0	1.668084979057312	1.7100940942764282	0.3319360315799713	0.0	2.2240688800811768	0.0	0.0	0.0	1.8711801767349243	0.005929949227720499	2.3924412727355957	0.9557832479476929	0.0	0.0	0.0	0.970704197883606	0.0	1.5639050006866455	0.4996883273124695	0.0	0.0	0.48128703236579895	1.0381596088409424	0.0	0.0	0.0	0.0	0.0	1.9821768999099731	0.0	0.0	0.0	0.4658542573451996	1.626793384552002	0.8869908452033997	0.0	1.0802931785583496	0.0	0.0	0.4719582200050354	0.0	0.0	0.0	0.5212039351463318	0.0	0.0
0.0	0.0	0.0	0.1002437099814415	0.6447956562042236	0.0	0.8681730628013611	0.0	1.1931294202804565	0.04121043533086777	2.12450909614563	0.0	0.02196146547794342	0.0724569782614708	0.0	2.3870410919189453	2.3292784690856934	1.5195202827453613	0.6747030019760132	0.0	1.3305014371871948	0.0	0.0	0.0	0.0	0.0	0.8803114295005798	0.0	1.0847865343093872	0.0	0.9644700288772583	0.7797987461090088	0.0	0.8631913065910339	0.0	0.0	0.0	0.0	0.8044235706329346	0.0	0.0	0.0	0.0	0.6182888746261597	0.0	0.0	2.6072208881378174	0.0	0.0	0.18427377939224243	0.0	0.0	0.0	1.4732972383499146	0.09060285985469818	0.0	0.0	0.0	0.0	1.5009453296661377	0.0	0.0	0.0	0.0	0.0	0.0	0.0	0.0	0.0	0.2684670090675354	0.8312720060348511	0.0	0.0	0.7956212162971497	0.0	0.0	0.0	0.3856217861175537	0.0	0.0	0.0	0.0	2.5158681869506836	0.0	0.5328853130340576	0.0	1.1728335618972778	0.0	1.7201998233795166	0.0	0.0	0.0	0.0	0.0	0.0	0.0	0.5800151228904724	0.48854100704193115	0.0	0.0	0.0	0.9671765565872192	0.0	1.0703871250152588	0.0	0.0	1.3569056987762451	0.9567381143569946	0.0	1.0150631666183472	0.0	0.0	0.0	0.0	0.0	0.0	1.2705308198928833	0.0	0.562615156173706	0.0	0.0	0.8621212840080261	0.0	0.8114270567893982	1.2546199560165405	1.3363251686096191	0.0	0.0	0.0	0.7566280364990234	0.0	0.0	0.365435928106308	0.0	0.0	1.511937141418457	0.47036993503570557	0.0	0.0	0.25592729449272156	0.0	0.0	0.0	0.0	0.0	0.0	2.408060312271118	0.0	0.0	1.6682207584381104	0.0	0.9718732237815857	0.0	0.0	0.0	0.0	0.0	2.8861613273620605	0.0	0.0	0.0	0.6072969436645508	0.1469479650259018	1.0000571012496948	0.0	0.0	0.0	0.9352434873580933	0.0	0.0	0.0	0.0	0.0	0.0	0.0	4.660282135009766	1.9646152257919312	0.0	0.0	0.0	1.3574053049087524	0.0	0.0	0.0	0.3569856882095337	0.0	0.0	0.0	0.0	0.0	0.0	0.0	0.0	0.0	0.0	0.0	0.03288671746850014	0.0	1.7441223859786987	0.0	0.0	3.794123411178589	0.0	0.0	0.0	0.0	0.0	0.0	1.0918465852737427	0.0	1.9931493997573853	2.5618813037872314	0.5064998865127563	0.0	2.6453142166137695	0.0	0.0	0.0	1.0619089603424072	0.180207297205925	2.5235817432403564	1.7540124654769897	0.0	0.0	0.0	0.5601909160614014	0.5085916519165039	0.9139971733093262	0.0	0.0	0.0	0.9533374309539795	1.6751456260681152	0.0	0.0	0.0	0.0	0.0	1.916572093963623	0.0	0.0	0.0	0.5206277370452881	2.662651777267456	0.4408012330532074	0.0	1.2735122442245483	0.0	0.0	0.0	0.0	0.0	0.0	0.9133038520812988	0.0	0.0
0.0	0.0	0.0	0.4748438596725464	0.0	0.0	1.940854549407959	0.0	0.9941757321357727	0.7466157078742981	0.0	0.0	0.690548300743103	0.0	0.0	0.4541732668876648	0.8537424802780151	1.2333126068115234	0.8117503523826599	0.1758459508419037	2.158435821533203	1.0430371761322021	0.0	1.2828203439712524	0.0	0.0	1.471591591835022	0.1248602420091629	1.7347781658172607	0.5711619853973389	0.9679185152053833	1.4035829305648804	0.0	2.2802252769470215	0.0	0.9367437362670898	0.9641371369361877	0.0	1.806891679763794	0.900111734867096	0.0	0.0	0.0	0.0	0.0	0.0	0.5016931891441345	0.0	0.0	0.0	0.0	0.0	0.0	1.280136227607727	1.198297381401062	0.0	0.0	0.6555374264717102	0.7861544489860535	1.2292312383651733	0.0	0.0	0.0	0.0	0.0	0.0	0.0	0.0	0.0	1.19264817237854	0.2461179792881012	0.0	0.0	0.3546389639377594	0.0	0.0	0.4391254484653473	0.7265535593032837	0.0	0.38004058599472046	0.29200080037117004	0.0	0.4835721552371979	1.2727906703948975	1.9700953960418701	0.0	2.15216064453125	0.0	0.21262873709201813	0.0	0.0	0.5832313299179077	0.0	0.5915555953979492	0.0	0.6646005511283875	1.474692702293396	0.5929675698280334	0.0	0.0	0.0	0.0	0.0	1.9780750274658203	0.0	0.0	1.3371204137802124	0.20031321048736572	0.0	0.0	0.0	0.0	0.0	0.0	0.0	0.0	0.7096186280250549	0.0	0.13201941549777985	0.0	0.2664555311203003	0.0	0.0	0.54794842004776	1.012851595878601	0.02566617727279663	0.0	0.0	0.0	0.0	0.0	0.0	0.0	0.0	0.0	0.0	0.0	0.0	0.0	0.9382409453392029	0.0	0.0	0.0	0.8202884793281555	1.160778284072876	0.0	0.5214047431945801	0.0	0.0	0.0279835294932127	0.0	0.0	0.0	0.0	1.2314342260360718	0.0	0.0	0.8285440802574158	0.0	0.0	1.2567737102508545	0.8769690990447998	0.9101545810699463	0.8798893690109253	0.6752529144287109	0.0	0.978653073310852	0.43217018246650696	0.0	0.0	0.0	0.0	0.5355074405670166	0.0	0.11337357014417648	1.692991852760315	0.0	0.0	0.0	0.0	0.16202817857265472	1.032562494277954	0.0	0.0	1.243070125579834	0.0	0.0	0.0	0.0	0.0	0.0	0.0	0.0	0.0	0.0	0.0	1.135591745376587	0.0	0.7430931925773621	0.34303349256515503	0.0	0.1976429522037506	0.0	0.0	0.0	0.0	0.0	0.0	0.5126523375511169	0.0	0.0	0.8177441954612732	0.36097824573516846	0.0	0.9589477181434631	0.0	0.0	0.0	1.6011089086532593	1.1461766958236694	1.0791058540344238	0.251522034406662	0.0	0.0	0.0	1.304219126701355	0.36707526445388794	1.0225592851638794	1.0071215629577637	0.0	0.0	0.0	0.3499987721443176	0.47896549105644226	0.0	0.0	0.0	0.0	0.0	0.0	0.0	0.0	0.9137210845947266	0.0	1.5442111492156982	0.0	0.0	0.0	0.7873234748840332	0.5798785090446472	0.0	0.0	0.0	0.0	0.0	0.0
0.0	0.0	0.0	0.6762053370475769	0.10399655997753143	0.0	1.9466699361801147	0.0	0.3015924394130707	0.5083998441696167	0.38366833329200745	0.0	0.9844903349876404	0.4615739583969116	0.6607956886291504	1.426565408706665	1.0147162675857544	0.9631720781326294	1.3889247179031372	0.8246697187423706	1.9761767387390137	0.9271625876426697	0.0	1.1244134902954102	0.0	0.0	1.737083911895752	0.0	1.1525887250900269	0.7557829022407532	0.5450823903083801	1.2231119871139526	0.0	1.2965998649597168	0.0	0.7534949779510498	0.4531531035900116	0.0	1.9243836402893066	1.531734585762024	0.0	0.0	0.0	0.0	0.0	0.0	0.22715289890766144	0.0	0.0	0.0	0.0	0.0	0.0	0.5809472799301147	1.3063143491744995	0.0	0.0	0.0	0.9688588380813599	0.45381230115890503	0.0	0.0	0.0	0.17216554284095764	0.0	0.0	0.0	0.0	0.0	0.8538265228271484	1.0231189727783203	0.0	0.0	0.01497587189078331	0.0	0.0	1.5297776460647583	0.1690312772989273	0.0	1.3519068956375122	0.0	0.0	0.6725900769233704	0.3854462504386902	1.8339763879776	0.0	1.83631432056427	0.0	0.0	0.0	0.0	0.1827811300754547	0.0	1.0249205827713013	0.0	0.5935980081558228	1.2833505868911743	1.2420659065246582	0.0	0.0	0.0	0.0	0.0	1.6349804401397705	0.0	0.0	0.9842115640640259	0.3078508675098419	0.0	0.0	0.0	0.0	0.0	0.0	0.0	0.0	1.573879599571228	0.0	0.0	0.0	0.3929763734340668	0.3065108358860016	0.0	0.5100927352905273	0.3298877477645874	0.2724676728248596	0.0	0.0	0.0	0.0	0.0	0.0	0.817379891872406	0.0	0.0	1.389394998550415	1.2051318883895874	0.0	0.0	1.21865975856781	0.0	0.0	0.0	1.4104630947113037	0.0	0.0	2.067908763885498	0.0	0.0	0.0	0.0	0.0	0.0	0.0	0.6167096495628357	0.0	0.0	1.8789327144622803	0.0	0.0	1.1352440118789673	0.6449616551399231	1.1372382640838623	1.8334017992019653	0.6254798769950867	0.0	0.49796217679977417	0.9338346719741821	0.0	0.0	0.0	0.0	0.5132338404655457	0.0	0.014987465925514698	1.5623478889465332	0.0	0.0	0.0	0.0	1.0896366834640503	0.8126037120819092	0.0	0.0	2.2618424892425537	0.0	0.0	0.0	0.0	0.0	0.0	0.0	0.0	0.0	0.44323399662971497	0.0	1.4115393161773682	0.0	1.1932861804962158	0.986422598361969	0.0	0.6311383843421936	0.0	0.0	0.0	0.0	0.0	0.0	0.8887597918510437	0.0	1.4953789710998535	1.6598074436187744	0.5610235929489136	0.0	0.8278399705886841	0.0	0.0	0.0	2.2910091876983643	0.9369251132011414	0.9749601483345032	0.4859951436519623	0.0	0.0	0.0	1.4931986331939697	0.6437472701072693	1.0671641826629639	0.9249463081359863	0.0	0.0	0.0	0.3194868564605713	0.029555339366197586	0.0	0.0	0.0	0.0	0.9073994755744934	0.0	0.0	0.0	0.61204594373703	0.5155030488967896	1.934948444366455	0.0	0.4103025496006012	0.0	0.25771617889404297	1.030444622039795	0.0	0.0	0.0	0.0	0.0	0.0
0.0	0.0	0.0	1.5974886417388916	0.0	0.0	2.673915147781372	0.0	0.9532108902931213	0.2563982307910919	0.78411865234375	0.0	1.0969536304473877	0.40444353222846985	0.0	1.7698206901550293	2.014646053314209	2.313288450241089	1.633131504058838	0.09849350899457932	2.2548749446868896	0.741893470287323	0.0	0.15125788748264313	0.0	0.0	1.4437882900238037	0.0	2.357099771499634	0.41346630454063416	1.7428802251815796	0.0	0.0	1.4757046699523926	0.0	0.0	0.879446804523468	0.0	1.9685105085372925	1.1127558946609497	0.0	0.0	0.0	0.0	0.0	0.0	1.6012468338012695	0.0	0.0	0.0	0.0	0.0	0.0	1.0730849504470825	1.2214045524597168	0.0	0.0	0.17070268094539642	0.7110740542411804	1.2085574865341187	0.0	0.0	0.0	0.0	0.0	0.0	0.0	0.0	0.0	1.2289007902145386	1.036829948425293	0.0	0.0	0.0	0.0	0.0	0.3903428018093109	0.0	0.0	0.661590039730072	0.16617946326732635	0.0	1.5159306526184082	0.939720869064331	1.5582239627838135	0.0	2.042231559753418	0.0	1.1940784454345703	0.0	0.0	0.0	0.0	0.04025302454829216	0.0	0.0	1.5669413805007935	0.714103102684021	0.0	0.0	0.0	0.13647420704364777	0.0	1.6222047805786133	0.0	0.0	2.4350738525390625	0.0	0.0	0.0	0.0	0.0	0.0	0.0	0.0	0.0	0.6841980218887329	0.0	0.0	0.0	0.9464154243469238	0.8347718119621277	0.0	0.0	1.6141672134399414	0.8497262597084045	0.0	0.0	0.0	0.0	0.0	0.0	0.40758994221687317	0.0	0.0	0.27975699305534363	0.4824640452861786	0.0	0.0	0.7133635878562927	0.0	0.0	0.0	0.2798682153224945	0.25463083386421204	0.0	2.7639970779418945	0.0	0.0	0.5562982559204102	0.0	0.0	0.0	0.0	0.3615938723087311	0.0	0.0	1.822174072265625	0.0	0.0	1.0498117208480835	0.8041105270385742	0.8101760149002075	1.6195576190948486	0.0	0.0	0.08749063313007355	0.5465162992477417	0.0	0.0	0.0	0.0	1.2451064586639404	0.0	0.0	2.9637224674224854	0.5903979539871216	0.0	0.0	0.0	0.8765603303909302	0.7680674195289612	0.0	0.0	1.4694408178329468	0.0	0.0	0.0	0.0	0.0	0.0	0.0	0.0	0.0	0.6290872097015381	0.0	1.3058172464370728	0.0	1.9371806383132935	1.076151728630066	0.0	1.7613204717636108	0.0	0.0	0.0	0.0	0.0	0.0	0.38600969314575195	0.0	0.7384719848632812	1.933589220046997	0.05763822793960571	0.0	2.787336587905884	0.0	0.0	0.0	2.6416804790496826	0.774503231048584	1.9852161407470703	0.22163185477256775	0.0	0.0	0.0	1.600763201713562	0.0	2.285137891769409	1.2558187246322632	0.0	0.0	0.0	0.5817550420761108	0.5435531139373779	0.0	0.0	0.0	0.0	1.0815268754959106	0.0	0.0	0.0	2.093923807144165	1.2186359167099	1.0115288496017456	0.0	0.14281253516674042	0.0	0.0	1.102645993232727	0.0	0.0	0.0	0.0	0.0	0.0
0.0	0.0	0.0	0.7516132593154907	0.7538860440254211	0.0	1.2896283864974976	0.0	1.833824634552002	0.0	2.5459609031677246	0.0	0.0	0.5830093622207642	0.1853490024805069	3.047276020050049	3.1060872077941895	0.7677141427993774	0.494754821062088	0.01995847001671791	0.9091833829879761	0.0	0.0	0.15603439509868622	0.0	0.0	0.47859442234039307	0.0	1.4757999181747437	0.0	0.9834240674972534	1.1831852197647095	0.0	0.0	0.0	0.0	0.0	0.0	0.3877805173397064	0.0	0.0	0.0	0.0	1.4192039966583252	0.0	0.0	2.4925594329833984	0.0	0.0	1.0292787551879883	0.0	0.0	0.0	0.19022072851657867	0.14412076771259308	0.0	0.0	0.16183912754058838	0.0	1.0044018030166626	0.0	0.0	0.0	0.0	0.0	0.0	0.0	0.0	0.0	0.0	1.6579687595367432	0.0	0.0	0.9644756317138672	0.0	0.0	0.0	0.0	0.0	0.2557036280632019	0.0	0.0	2.7086691856384277	0.0	0.38368305563926697	0.0	0.5812654495239258	0.0	1.8347959518432617	0.0	0.0	0.0	0.0	0.0	0.0	0.0	0.08859756588935852	1.5313373804092407	0.0	0.0	0.0	1.4387502670288086	0.0	0.43068450689315796	0.0	0.0	1.7956877946853638	1.4895387887954712	0.0	1.0403332710266113	0.0	0.0	0.0	0.0	0.0	0.0	2.101317882537842	0.0	0.5716069936752319	0.0	0.2832416296005249	1.582017183303833	0.0	0.6625503897666931	0.0	2.605498790740967	0.0	0.0	0.0	1.5615743398666382	0.0	0.0	1.7275434732437134	0.0	0.0	2.5468008518218994	1.12466299533844	0.0	0.0	0.0	0.0	0.0	0.0	0.0	0.0	0.0	2.9020214080810547	0.0	0.0	1.0101920366287231	0.0	1.129553198814392	0.0	0.0	0.0	0.0	0.0	3.1939361095428467	0.0	0.0	0.023662038147449493	0.45945805311203003	0.2970559597015381	1.7881685495376587	0.0	0.0	0.0	1.070725440979004	0.0	0.0	0.0	0.0	0.0	0.0	0.0	4.280634880065918	2.702667713165283	0.0	0.0	0.0	1.908279538154602	0.0	0.0	0.0	0.16275985538959503	0.0	0.0	0.0	0.0	0.0	0.0	0.0	0.0	0.0	0.0	0.0	0.0	0.0	2.6276438236236572	0.0	0.0	3.7670559883117676	0.0	0.0	0.0	0.0	0.0	0.0	1.133195161819458	0.0	2.7666759490966797	3.5474910736083984	0.2464817762374878	0.0	2.655888557434082	0.0	0.0	0.0	1.224253535270691	0.0	2.4176344871520996	1.9529584646224976	0.0	0.0	0.0	0.0	0.49139249324798584	0.8065215945243835	0.0	0.0	0.0	1.8976984024047852	1.8129583597183228	0.0	0.0	0.0	0.0	0.0	3.078686237335205	0.0	0.0	0.0	0.7373839020729065	3.0538556575775146	0.0	0.0	1.8576537370681763	0.0	0.0	0.05140170082449913	0.0	0.0	0.0	0.7396302819252014	0.0	0.0
0.0	0.0	0.15238046646118164	0.042868614196777344	0.332806259393692	0.0	1.156713604927063	0.0	0.9945269227027893	0.8913707137107849	0.03887544199824333	0.0	0.6723135113716125	1.4546622037887573	0.22566735744476318	1.0792995691299438	0.5393857955932617	0.4791712164878845	0.6210514307022095	0.6128015518188477	1.6344664096832275	0.14725948870182037	0.0	1.2678040266036987	0.0	0.0	0.9729171991348267	0.6506771445274353	0.5217556953430176	0.9801143407821655	0.7161665558815002	1.0047380924224854	0.0	0.8386319875717163	0.0	1.255204439163208	0.497592031955719	0.0	0.9890547394752502	0.6655328273773193	0.0	0.0	0.0	0.0	0.0	0.0	0.018332606181502342	0.0	0.0	0.3012719750404358	0.0	0.0	0.0	0.12989205121994019	0.6646180748939514	0.0	0.0	1.0927486419677734	0.9758216738700867	0.005963123869150877	0.0	0.0	0.0	0.5759738683700562	0.0	0.0	0.0	0.0	0.0	0.8724007606506348	1.0321887731552124	0.0	0.0	0.41480588912963867	0.0	0.0	1.0409876108169556	0.7328192591667175	0.0	1.1139509677886963	0.22617749869823456	0.0	0.6864423155784607	0.06570179015398026	1.2316070795059204	0.0	1.36195969581604	0.0	0.38932839035987854	0.0	0.0	0.6762557029724121	0.0	0.262886106967926	0.0	0.7162071466445923	0.9907945990562439	1.2516388893127441	0.0	0.08723097294569016	0.0	0.0	0.0	0.769252598285675	0.0	0.0	1.11928129196167	0.46004852652549744	0.0	0.0	0.0	0.0	0.0	0.0	0.0	0.0	1.241463303565979	0.0	0.013280833140015602	0.0	0.5820934772491455	1.31500244140625	0.0	0.3149271607398987	0.09309700131416321	1.031815767288208	0.0	0.0	0.0	0.08405627310276031	0.0	0.0	0.8734776377677917	0.0	0.0	0.5953686237335205	1.1309911012649536	0.0	0.0	0.3181106150150299	0.0	0.0	0.0	1.7600945234298706	1.6541601419448853	0.0	1.259079098701477	0.0	0.0	0.007104525342583656	0.0	0.2799644470214844	0.0	0.0	0.9392210245132446	0.0	0.0	1.288046956062317	0.0	0.0	0.9606815576553345	0.8321546316146851	1.081313133239746	1.2891943454742432	0.8102043867111206	0.0	0.04233261197805405	1.1391642093658447	0.0	0.0	0.0	0.0	0.6624614596366882	0.0	1.387373685836792	1.0543795824050903	0.0	0.0	0.0	0.13433781266212463	1.5557003021240234	0.6420102119445801	0.0	0.0	0.9037532210350037	0.0	0.0	0.0	0.0	0.0	0.0	0.0	0.0	0.0	0.3966871201992035	0.0	0.5592911839485168	0.0	1.206268310546875	0.8490017056465149	0.0	0.4194943904876709	0.0	0.0	0.0	0.0	0.0	0.0	1.2120699882507324	0.0	1.0524320602416992	1.375097632408142	0.7926390767097473	0.0	0.5587660074234009	0.0	0.0	0.0	1.031893253326416	1.2588149309158325	0.7833645939826965	0.7605827450752258	0.0	0.0	0.0	0.5964219570159912	0.9645193219184875	0.7203558683395386	0.7898707985877991	0.0	0.0	0.18900243937969208	1.3881287574768066	0.7418979406356812	0.0	0.0	0.0	0.0	0.6779564023017883	0.0	0.0	0.0	0.6173146963119507	0.1403847187757492	1.3638967275619507	0.0	1.0503183603286743	0.0	0.7627174854278564	0.5260840058326721	0.0	1.0365605354309082	0.0	0.0	0.0	0.0
0.0	0.0	0.0	0.9040499925613403	0.0	0.0	1.357707142829895	0.0	2.05397367477417	0.0	3.3634536266326904	0.0	0.0	0.0	0.0	2.790850877761841	3.5965476036071777	1.5420900583267212	0.059956882148981094	0.0	0.4289664328098297	0.0	0.0	0.03323482722043991	0.0	0.0	0.0	0.0	0.9369754195213318	0.0	0.5623370409011841	0.7364307641983032	0.0	0.13012728095054626	0.0	0.0	0.0	0.0	0.038866523653268814	0.0	0.0	0.0	0.0	1.2628544569015503	0.0	0.0	3.2000985145568848	0.0	0.0	0.38417890667915344	0.0	0.0	0.0	0.6137820482254028	0.0	0.0	0.0	0.0	0.0	2.4125540256500244	0.0	0.0	0.0	0.0	0.0	0.0	0.0	0.0	0.0	0.0	0.034777890890836716	0.0	0.0	0.34784138202667236	0.0	0.0	0.0	0.0	0.0	0.0	0.0	0.0	2.8574717044830322	0.0	0.0	0.0	1.0649617910385132	0.0	2.9454188346862793	0.0	0.0	0.0	0.0	0.0	0.0	0.0	0.09381876140832901	0.0	0.0	0.0	0.0	1.3018877506256104	0.0	0.3505513072013855	0.0	0.0	2.297513961791992	1.3320858478546143	0.0	1.860378384590149	0.0	0.0	0.0	0.0	0.0	0.0	1.1480993032455444	0.0	0.7103543281555176	0.0	0.0	0.6000728011131287	0.0	0.0	1.843384027481079	1.3152732849121094	0.0	0.0	0.0	1.221842646598816	0.0	0.0	0.0	0.0	0.0	1.8546453714370728	0.4790665805339813	0.0	0.0	0.0	0.0	0.0	0.0	0.0	0.0	0.0	3.1508541107177734	0.0	0.0	1.1388550996780396	0.0	0.8777324557304382	0.0	0.0	0.0	0.0	0.0	2.896867036819458	0.0	0.0	0.0	0.0	0.0	1.2137689590454102	0.0	0.0	0.0	0.2910918891429901	0.0	0.0	0.0	0.0	0.0	0.0	0.0	4.9023518562316895	3.193772077560425	0.0	0.0	0.0	1.1596951484680176	0.0	0.0	0.0	0.0	0.0	0.0	0.0	0.0	0.0	0.0	0.0	0.0	0.0	0.0	0.0	0.0	0.0	2.196056842803955	0.0	0.0	3.398710012435913	0.0	0.0	0.0	0.0	0.0	0.0	0.7907239198684692	0.0	1.5028643608093262	2.281449556350708	0.1665644496679306	0.0	3.0544135570526123	0.0	0.0	0.0	0.5279183387756348	0.0	3.6135361194610596	1.5810937881469727	0.0	0.0	0.0	0.24444741010665894	0.0	1.438704252243042	0.0	0.0	0.0	1.4818705320358276	1.1399561166763306	0.0	0.0	0.0	0.0	0.0	2.5022878646850586	0.0	0.0	0.0	1.0612404346466064	2.5993642807006836	0.0	0.0	0.5153034329414368	0.0	0.0	0.0	0.0	0.0	0.0	1.5623232126235962	0.0	0.0
0.0	0.0	0.0	0.09945669770240784	0.3202119767665863	0.0	1.3924161195755005	0.0	1.555372714996338	0.4532150328159332	1.460213541984558	0.0	0.13764895498752594	0.1937892735004425	0.0	1.341592788696289	2.003941774368286	1.589000940322876	0.8862707614898682	0.04580510035157204	1.5437763929367065	0.2958700954914093	0.0	0.20247748494148254	0.0	0.0	0.793655514717102	0.0	0.9847350120544434	0.413666307926178	1.2586498260498047	1.142900824546814	0.0	1.18173086643219	0.0	0.0	0.0	0.0	1.426881194114685	0.0	0.0	0.0	0.0	0.30262482166290283	0.0	0.0	2.167435646057129	0.0	0.0	0.3804103434085846	0.0	0.0	0.0	1.2514268159866333	0.8137757778167725	0.0	0.0	0.0	0.13409829139709473	1.8604635000228882	0.0	0.0	0.0	0.0	0.0	0.0	0.0	0.0	0.0	0.2627159357070923	0.7197079062461853	0.0	0.0	0.6164208054542542	0.0	0.0	0.0	0.26654163002967834	0.0	0.0	0.0	0.0	1.6952009201049805	0.1927286833524704	1.3774062395095825	0.0	1.6211721897125244	0.0	0.6716468334197998	0.0	0.0	0.0	0.0	0.24443413317203522	0.0	0.0	1.1607855558395386	0.8750777840614319	0.0	0.0	0.0	0.548915445804596	0.0	1.9369473457336426	0.0	0.0	1.0567759275436401	0.7475283145904541	0.0	0.045228708535432816	0.0	0.0	0.0	0.0	0.0	0.0	0.8614795804023743	0.0	0.38844937086105347	0.0	0.0	0.6007151007652283	0.0	1.0215375423431396	0.9824125170707703	1.0290848016738892	0.0	0.0	0.0	0.09272707253694534	0.0	0.0	0.6773017048835754	0.0	0.0	0.3596965968608856	0.40148237347602844	0.0	0.0	1.2382762432098389	0.0	0.0	0.0	0.2347138524055481	0.0	0.0	1.4206979274749756	0.0	0.0	0.5683688521385193	0.0	0.39701199531555176	0.0	0.0	0.0	0.0	0.0	2.028719186782837	0.0	0.0	0.7860925793647766	1.0915712118148804	0.6757745146751404	0.6787551045417786	0.0	0.0	0.1497328132390976	0.7178521156311035	0.0	0.0	0.0	0.0	0.0	0.0	0.0	3.634197235107422	1.299541711807251	0.0	0.0	0.0	1.214704155921936	0.22791706025600433	0.0	0.0	0.5687937140464783	0.0	0.0	0.0	0.0	0.0	0.0	0.0	0.0	0.0	0.0	0.0	0.18532752990722656	0.0	0.9548569917678833	0.6925818920135498	0.0	2.570307731628418	0.0	0.0	0.0	0.0	0.0	0.0	0.778092086315155	0.0	0.8439890146255493	1.869439721107483	0.6657343506813049	0.0	2.07423734664917	0.0	0.0	0.0	1.7185510396957397	0.3484106659889221	1.816697120666504	1.1443265676498413	0.0	0.0	0.0	1.1479533910751343	0.008442981168627739	1.0788005590438843	0.2703096866607666	0.0	0.0	0.22949223220348358	0.9006755948066711	0.0	0.0	0.0	0.0	0.0	1.0449345111846924	0.0	0.0	0.0	0.3573211431503296	1.8295974731445312	1.1110080480575562	0.0	0.875661313533783	0.0	0.0	0.0	0.0	0.0	0.0	0.3086313307285309	0.0	0.0
0.0	0.0	0.0	0.49341869354248047	0.0	0.0	1.775600552558899	0.0	0.7225679755210876	0.219392329454422	0.5632261037826538	0.0	0.8249964714050293	0.23904725909233093	0.0	0.6395144462585449	0.4602903425693512	1.6949487924575806	1.4239282608032227	0.665149986743927	1.727388620376587	0.928062379360199	0.0	0.7614766359329224	0.0	0.0	1.4999407529830933	0.0	1.3596097230911255	0.0	0.5930188298225403	0.7266366481781006	0.0	1.6546638011932373	0.0	0.2715538740158081	1.014737844467163	0.0	1.6754112243652344	0.9483947157859802	0.0	0.0	0.0	0.0	0.0	0.0	0.7276039719581604	0.0	0.0	0.0	0.0	0.0	0.0	1.4630565643310547	1.0738264322280884	0.0	0.0	0.06725993007421494	0.9665854573249817	1.2453938722610474	0.0	0.0	0.0	0.0	0.0	0.0	0.0	0.0	0.0	1.2276663780212402	0.03704181686043739	0.0	0.0	0.391315758228302	0.0	0.0	1.088309407234192	0.5182220339775085	0.0	0.8001170754432678	0.1584109663963318	0.0	0.6174314618110657	0.848325252532959	1.1652277708053589	0.0	1.4648503065109253	0.0	0.0	0.0	0.0	0.6383707523345947	0.0	1.1671767234802246	0.0	0.6375835537910461	1.5026923418045044	0.725013792514801	0.0	0.0	0.0	0.0	0.0	1.7737301588058472	0.0	0.0	1.5210912227630615	0.0	0.0	0.0	0.0	0.0	0.0	0.0	0.0	0.0	0.40406161546707153	0.0	0.059450842440128326	0.0	0.0	0.38940632343292236	0.0	0.489199697971344	0.6578994393348694	0.39794081449508667	0.0	0.0	0.0	0.0	0.0	0.0	0.13074666261672974	0.0	0.0	0.25613874197006226	0.6506038904190063	0.0	0.0	1.2106976509094238	0.0	0.0	0.0	1.0112149715423584	0.30459660291671753	0.0	1.3133138418197632	0.0	0.0	0.0	0.0	0.0	0.0	0.0	0.8171886801719666	0.0	0.0	1.441579818725586	0.0	0.0	0.8515902161598206	0.7348753213882446	1.047861099243164	0.3356306850910187	0.03567955270409584	0.0	0.7534565925598145	0.6026455163955688	0.0	0.0	0.0	0.0	0.7662839293479919	0.0	0.0	1.6329437494277954	0.11341401189565659	0.0	0.0	0.0	0.4844580292701721	1.3042805194854736	0.0	0.0	1.5652990341186523	0.0	0.0	0.0	0.0	0.0	0.0	0.0	0.0	0.0	0.43512243032455444	0.0	1.176419973373413	0.0	0.33580711483955383	0.9294010400772095	0.0	0.8768253326416016	0.0	0.0	0.0	0.0	0.0	0.0	0.5754259824752808	0.0	0.0	0.7634746432304382	0.3456280827522278	0.0	1.1569944620132446	0.0	0.0	0.0	2.0962631702423096	0.5694395303726196	1.0288420915603638	0.14062874019145966	0.0	0.0	0.0	2.014129161834717	0.0	1.1264581680297852	0.38252511620521545	0.0	0.0	0.0	0.7273315191268921	0.565850019454956	0.0	0.0	0.0	0.0	0.624743640422821	0.0	0.0	0.0	0.33403685688972473	0.24272467195987701	1.3078581094741821	0.0	0.0	0.0	0.6009502410888672	0.4871274530887604	0.0	0.0	0.0	0.0	0.0	0.0
0.0	0.0	0.0	0.23328185081481934	0.7263414263725281	0.0	0.9330369830131531	0.0	1.7179549932479858	0.0	2.4901325702667236	0.0	0.0	0.23625797033309937	0.15298724174499512	2.4402058124542236	3.1058242321014404	1.3528801202774048	0.42222875356674194	0.0	0.17068465054035187	0.0	0.0	0.03982149064540863	0.0	0.0	0.3272246718406677	0.0	1.393606185913086	0.0	0.696986734867096	0.3147120773792267	0.0	0.18676064908504486	0.0	0.0	0.0	0.0	0.6580179333686829	0.0	0.0	0.0	0.0	0.8823148608207703	0.0	0.0	3.016038179397583	0.0	0.0	0.5968450307846069	0.0	0.0	0.0	0.24720633029937744	0.0	0.0	0.0	0.0	0.0	1.7273380756378174	0.0	0.0	0.0	0.0	0.0	0.0	0.0	0.0	0.0	0.0	0.9555335640907288	0.0	0.0	0.8638363480567932	0.0	0.0	0.0	0.05441362410783768	0.0	0.0	0.0	0.0	2.2887282371520996	0.0	0.22210751473903656	0.0	0.2483784258365631	0.0	1.8360793590545654	0.0	0.0	0.0	0.0	0.0	0.0	0.0	0.15677228569984436	0.5112041234970093	0.0	0.0	0.0	1.5940815210342407	0.0	0.31938186287879944	0.0	0.0	1.4175477027893066	1.2029228210449219	0.0	1.098110318183899	0.0	0.0	0.0	0.0	0.0	0.0	1.6330164670944214	0.0	0.7184746861457825	0.0	0.0	0.9696712493896484	0.0	0.38760608434677124	0.8566774725914001	1.5357167720794678	0.0	0.0	0.0	1.6627938747406006	0.0	0.0	0.6511492729187012	0.0	0.0	2.3886728286743164	0.2883821427822113	0.0	0.0	0.0	0.0	0.0	0.0	0.24027208983898163	0.0	0.0	2.5157718658447266	0.0	0.0	0.6696280241012573	0.0	0.9902932047843933	0.0	0.0	0.0	0.0	0.0	2.952153205871582	0.0	0.0	0.03334393352270126	0.15292629599571228	0.5412310361862183	0.8205512166023254	0.0	0.0	0.0	0.9018539786338806	0.0	0.0	0.0	0.0	0.0	0.0	0.0	4.373361587524414	3.023850202560425	0.0	0.0	0.0	1.2867473363876343	0.0	0.0	0.0	0.1103343516588211	0.0	0.0	0.0	0.0	0.0	0.0	0.0	0.0	0.0	0.0	0.0	0.0	0.0	2.1038708686828613	0.0	0.0	3.4816932678222656	0.0	0.0	0.0	0.0	0.0	0.0	0.7750183343887329	0.0	2.4821043014526367	2.4878242015838623	0.24458962678909302	0.0	2.667140245437622	0.0	0.0	0.0	1.121406078338623	0.0	2.321821689605713	1.6618050336837769	0.0	0.0	0.0	0.08682255446910858	0.11129730939865112	0.8527820706367493	0.0	0.0	0.0	1.5780750513076782	1.5504462718963623	0.0	0.0	0.0	0.0	0.0	2.670229434967041	0.0	0.0	0.0	0.035931020975112915	3.1549768447875977	0.0	0.0	1.4117317199707031	0.0	0.0	0.0	0.0	0.0	0.0	1.4602556228637695	0.0	0.0
0.0	0.0	0.0	0.5784444808959961	0.1773185282945633	0.0	2.330432176589966	0.0	1.0165613889694214	0.1569981426000595	0.9565590620040894	0.0	0.8195963501930237	0.23956209421157837	0.0	1.5047391653060913	1.256466269493103	1.7286947965621948	1.0992597341537476	0.7729673981666565	2.2433512210845947	0.25783571600914	0.0	0.8251612782478333	0.0	0.0	1.4001317024230957	0.0	1.1312795877456665	0.661954939365387	1.2792383432388306	0.8427388668060303	0.0	1.7077029943466187	0.0	1.0215827226638794	0.10700540989637375	0.0	2.1094584465026855	0.877418577671051	0.0	0.0	0.0	0.0	0.0	0.0	1.0481098890304565	0.0	0.0	0.0	0.0	0.0	0.0	0.8455687165260315	1.5611411333084106	0.0	0.0	0.2016478031873703	0.8479846715927124	1.5922085046768188	0.0	0.0	0.0	0.0	0.0	0.0	0.0	0.0	0.0	0.9136632680892944	0.4101339280605316	0.0	0.0	0.4963032603263855	0.0	0.0	0.9320042133331299	0.37079793214797974	0.0	0.8305389285087585	0.0	0.0	1.3481776714324951	0.6884480118751526	1.0031800270080566	0.0	1.9243733882904053	0.0	0.18059363961219788	0.0	0.0	0.6011095643043518	0.0	1.1388959884643555	0.0	0.29218789935112	1.550196647644043	0.6297319531440735	0.0	0.0	0.0	0.0	0.0	1.935491681098938	0.0	0.0	1.7565401792526245	0.22175374627113342	0.0	0.0	0.0	0.0	0.0	0.0	0.0	0.0	0.6012678742408752	0.0	0.0	0.0	0.0	0.9835659265518188	0.0	0.0	0.8346574902534485	0.2024862915277481	0.0	0.0	0.0	0.0	0.0	0.0	0.10659763216972351	0.0	0.0	0.4128175675868988	0.4401279389858246	0.0	0.0	1.1983462572097778	0.0	0.0	0.0	1.7006609439849854	0.0	0.0	1.6420878171920776	0.0	0.0	0.0	0.0	0.0	0.0	0.0	0.8504587411880493	0.0	0.0	1.2300420999526978	0.0	0.0	1.2391711473464966	0.598488450050354	0.9127105474472046	0.8774254322052002	0.0	0.0	0.5216240882873535	0.39707666635513306	0.0	0.0	0.0	0.0	0.6613921523094177	0.0	0.16437393426895142	1.8993033170700073	0.12465706467628479	0.0	0.0	0.0	1.1935845613479614	0.3177090287208557	0.0	0.0	1.8127985000610352	0.0	0.0	0.0	0.0	0.0	0.0	0.0	0.0	0.0	0.48210054636001587	0.0	0.6237401962280273	0.0	0.7817123532295227	1.0156373977661133	0.0	1.358522653579712	0.0	0.0	0.0	0.0	0.0	0.0	0.815274715423584	0.0	0.3790247440338135	0.9619549512863159	0.7113621830940247	0.0	0.9949408769607544	0.0	0.0	0.0	2.084959030151367	0.5112471580505371	1.1375236511230469	0.5753384232521057	0.0	0.0	0.0	1.229957103729248	0.0	1.3217830657958984	0.8143200278282166	0.0	0.0	0.0	0.6827930212020874	0.04818163439631462	0.0	0.0	0.0	0.0	1.1641370058059692	0.0	0.0	0.0	0.703995943069458	0.6809934973716736	1.3380982875823975	0.0	0.0	0.0	0.11192688345909119	0.5655279755592346	0.0	0.0	0.0	0.0	0.0	0.0
0.0	0.0	0.0	0.0	0.0	0.0	1.6614117622375488	0.0	0.1463395655155182	0.18721652030944824	0.0	0.0	1.2109028100967407	0.0	0.33743685483932495	0.0	0.3109140396118164	2.3287291526794434	2.180898904800415	0.8282526135444641	2.084416151046753	1.8379716873168945	0.0	0.600360631942749	0.0	0.0	1.7563459873199463	0.3326936662197113	2.2648632526397705	0.0	0.38811957836151123	1.407321572303772	0.0	2.767040252685547	0.0	0.11746294051408768	1.4942246675491333	0.0	2.8917343616485596	0.8369534611701965	0.0	0.0	0.0	0.0	0.0	0.0	1.2894021272659302	0.0	0.0	0.0	0.0	0.0	0.0	1.579925298690796	1.851172685623169	0.0	0.0	0.22953633964061737	1.7300477027893066	1.4397917985916138	0.0	0.0	0.0	0.0	0.0	0.0	0.0	0.0	0.0	1.637779951095581	0.4940936863422394	0.0	0.0	0.6721652746200562	0.0	0.0	0.638644278049469	0.7711864113807678	0.0	0.8396522402763367	1.4716469049453735	0.0	0.7541088461875916	1.7377312183380127	3.0096848011016846	0.0	2.1902878284454346	0.0	0.13804109394550323	0.0	0.0	0.478659063577652	0.0	2.023245096206665	0.0	1.4841574430465698	0.9631617069244385	0.5970667004585266	0.0	0.0	0.0	0.0	0.0	3.199169158935547	0.0	0.0	0.5873256921768188	0.0	0.0	0.0	0.0	0.0	0.0	0.0	0.0	0.13212056457996368	0.7638698220252991	0.0	0.08635519444942474	0.0	0.09016872942447662	0.0	0.0	1.464096188545227	1.911095142364502	0.0	0.0	0.0	0.0	0.0	0.0	0.0	0.8403681516647339	0.0	0.0	0.8012592196464539	0.8104448318481445	0.0	0.0	1.7110379934310913	0.0	0.0	0.0	0.0	0.043495647609233856	0.0	0.25092142820358276	0.0	0.0	1.0077557563781738	0.0	0.0	0.0	0.0	1.575819730758667	0.0	0.0	1.283422589302063	0.0	0.0	1.9743537902832031	0.9629767537117004	0.6083486080169678	0.8774411082267761	0.7486034035682678	0.0	2.1253111362457275	0.8724925518035889	0.0	0.0	0.0	0.0	1.3248409032821655	0.0	0.0	2.5408761501312256	0.0	0.0	0.0	0.0	0.2283063679933548	1.0944621562957764	0.0	0.0	2.786492109298706	0.0	0.0	0.0	0.0	0.0	0.0	0.0	0.0	0.0	0.43537530303001404	0.0	2.5851194858551025	0.0	0.4177320599555969	1.2088242769241333	0.0	1.797045350074768	0.0	0.0	0.0	0.0	0.0	0.0	0.0	0.0	0.0	1.045304775238037	0.0	0.0	1.5142931938171387	0.0	0.0	0.0	3.47102427482605	1.3079378604888916	0.9010986089706421	0.0	0.0	0.0	0.0	3.1170456409454346	0.0	1.0593434572219849	0.895709753036499	0.0	0.0	0.0	0.047427404671907425	0.5662641525268555	0.0	0.0	0.0	0.0	0.0	0.0	0.0	0.0	1.2042471170425415	0.17882655560970306	2.348085880279541	0.0	0.5351893305778503	0.0	1.227044939994812	0.21515993773937225	0.0	0.0	0.0	0.0	0.0	0.0
0.0	0.0	0.0	0.0	1.1757118701934814	0.0	0.025779055431485176	0.0	1.5222102403640747	0.0	2.4532883167266846	0.0	0.0	0.0	1.1400939226150513	1.8765541315078735	2.2832438945770264	0.19393354654312134	0.0	0.0	0.05424553155899048	0.0	0.0	0.0	0.0	0.0	0.31147316098213196	0.0	1.4290777444839478	0.0	0.0	2.1121928691864014	0.0	0.0	0.0	0.0	0.0	0.0	0.34112605452537537	0.0	0.0	0.0	0.0	1.477850079536438	0.0	0.0	2.488467216491699	0.0	0.0	1.3042463064193726	0.0	0.0	0.0	0.5664008259773254	0.0	0.0	0.0	0.0	0.0	1.6753771305084229	0.0	0.0	0.0	0.0	0.0	0.0	0.0	0.0	0.0	0.0	0.963090717792511	0.0	0.0	1.7085105180740356	0.0	0.0	0.0	0.4787469804286957	0.0	0.0	0.5664650201797485	0.0	1.5492347478866577	0.0	0.3113830089569092	0.0	0.0	0.0	1.7674461603164673	0.0	0.0	0.0	0.0	0.0	0.0	0.0	0.0	0.053242024034261703	0.0	0.0	0.0	1.173095941543579	0.0	0.9731090068817139	0.0	0.0	0.8260573148727417	2.2903292179107666	0.0	0.7018094658851624	0.0	0.0	0.0	0.0	0.0	0.0	1.6923917531967163	0.0	0.8099142909049988	0.0	0.0	0.0	0.0	1.7970741987228394	1.4698153734207153	1.9482944011688232	0.0	0.0	0.0	1.7188889980316162	0.0	0.0	1.1310205459594727	0.0	0.0	2.8733162879943848	0.7904213666915894	0.0	0.0	0.0	0.0	0.0	0.0	0.0	0.0	0.0	1.2542734146118164	0.0	0.0	1.0737040042877197	0.0	1.3123257160186768	0.0	0.0	0.0	0.0	0.0	2.8401427268981934	0.0	0.0	0.8657194375991821	0.4688422977924347	0.0	1.2401591539382935	0.0	0.0	0.009418342262506485	1.4516804218292236	0.0	0.0	0.0	0.0	0.0	0.0	0.0	4.83429479598999	3.3102285861968994	0.0	0.0	0.0	1.2272430658340454	0.0	0.0	0.0	0.0	0.0	0.0	0.0	0.0	0.0	0.0	0.0	0.0	0.0	0.0	0.0	0.01435483805835247	0.0	1.8659353256225586	0.0	0.0	3.856936454772949	0.0	0.0	0.0	0.0	0.0	0.0	0.9201788306236267	0.0	2.599712371826172	2.368347406387329	0.0	0.0	2.175025224685669	0.0	0.0	0.0	0.7461341619491577	0.0	2.6962571144104004	1.8886109590530396	0.0	0.0	0.0	0.32238656282424927	0.08535183221101761	0.9414418935775757	0.0	0.0	0.0	1.9883620738983154	2.348355770111084	0.0	0.0	0.0	0.0	0.0	2.335099458694458	0.0	0.0	0.0	0.0	2.26566481590271	0.0	0.0	1.9717068672180176	0.0	0.0	0.0	0.0	0.0	0.0	1.2620036602020264	0.0	0.0
0.0	0.0	0.0	0.11671225726604462	0.0036879684776067734	0.0	1.1490352153778076	0.0	0.3641424775123596	0.0	0.41915175318717957	0.0	0.780711829662323	0.0	0.0	0.09632477164268494	0.8741071820259094	1.3259978294372559	0.932433009147644	0.4902110695838928	1.162307620048523	1.2299152612686157	0.0	0.3925647735595703	0.0	0.0	0.9753148555755615	0.11057527363300323	1.0724432468414307	0.0	0.45879364013671875	1.460990309715271	0.0	1.7987773418426514	0.0	0.6756797432899475	0.9447789788246155	0.0	1.5660394430160522	0.5502133965492249	0.0	0.0	0.0	0.0	0.0	0.0	0.9025542736053467	0.0	0.0	0.0	0.0	0.0	0.0	0.851952850818634	1.4029743671417236	0.0	0.0	0.0	0.9884568452835083	1.2859545946121216	0.0	0.0	0.0	0.12366333603858948	0.0	0.0	0.0	0.0	0.0	1.2189555168151855	0.5728499293327332	0.0	0.0	0.5182371139526367	0.0	0.0	0.30499425530433655	0.17480145394802094	0.0	0.9366145133972168	0.3909309208393097	0.0	0.33615270256996155	0.5878883600234985	1.445921778678894	0.0	1.1865628957748413	0.0	0.2110954225063324	0.0	0.0	0.20326478779315948	0.0	1.4330918788909912	0.0	0.7867732048034668	0.8840808868408203	0.34845104813575745	0.0	0.0	0.0	0.0	0.0	1.9419137239456177	0.0	0.0	0.514519453048706	0.18862318992614746	0.0	0.0	0.0	0.0	0.0	0.0	0.0	0.0	0.981048047542572	0.0	0.08960477262735367	0.0	0.0	0.0	0.0	1.272861123085022	1.234108328819275	0.19601881504058838	0.0	0.0	0.0	0.08414869010448456	0.0	0.0	0.41244083642959595	0.0	0.0	0.6267457604408264	0.1483110785484314	0.0	0.0	0.8243404030799866	0.0	0.0	0.0	0.05955209955573082	0.008375870063900948	0.0	0.6787680387496948	0.0	0.0	0.5173431634902954	0.0	0.0	0.0	0.0	1.0611869096755981	0.0	0.0	0.7867239117622375	0.0	0.0	1.1717039346694946	0.4004974067211151	0.6576181650161743	0.9402021169662476	0.21346087753772736	0.0	1.198893666267395	0.40285369753837585	0.0	0.0	0.0	0.0	0.2523684799671173	0.0	0.0	1.989098310470581	0.0	0.0	0.0	0.0	0.3931380808353424	0.863006591796875	0.0	0.0	1.6500012874603271	0.0	0.0	0.0	0.0	0.0	0.0	0.0	0.0	0.0	0.11451222002506256	0.0	1.483720302581787	0.0	0.08359167724847794	0.8977217078208923	0.0	1.448415756225586	0.0	0.0	0.0	0.0	0.0	0.0	0.09421849250793457	0.0	0.1490098536014557	0.6936113834381104	0.1394277662038803	0.0	1.0707236528396606	0.0	0.0	0.0	1.8760571479797363	0.5337648391723633	0.6789026260375977	0.0	0.0	0.0	0.0	1.6648226976394653	0.1538781225681305	0.8746997117996216	0.6986328363418579	0.0	0.0	0.0	0.32233524322509766	0.0	0.0	0.0	0.0	0.0	0.04776239022612572	0.0	0.0	0.0	0.889148473739624	0.21599163115024567	1.436418890953064	0.0	0.5073382258415222	0.0	0.5571836829185486	0.0	0.0	0.0	0.0	0.0	0.0	0.0
0.0	0.0	0.0	0.0	0.09242813289165497	0.0	1.4134116172790527	0.0	0.9063685536384583	0.737339437007904	0.20240342617034912	0.0	1.0627909898757935	1.2033354043960571	0.37103840708732605	0.8865942358970642	0.20149384438991547	0.5595014095306396	0.981391966342926	0.4968278408050537	1.1782207489013672	0.4138568937778473	0.0	0.8798855543136597	0.0	0.0	1.0860308408737183	0.10975848138332367	1.08549165725708	0.30941736698150635	0.5772848725318909	0.7441042065620422	0.0	0.7329586744308472	0.0	0.8239073753356934	0.5821860432624817	0.0	1.3987289667129517	0.680812418460846	0.0	0.0	0.0	0.0	0.0	0.0	0.23473350703716278	0.0	0.0	0.11049924045801163	0.0	0.0	0.0	0.4894461929798126	1.0126111507415771	0.0	0.0	0.8214849233627319	1.074432134628296	0.07518261671066284	0.0	0.0	0.0	0.19256483018398285	0.0	0.0	0.0	0.0	0.0	0.6138533353805542	0.773826003074646	0.0	0.0	0.01158088631927967	0.0	0.0	0.7544308304786682	0.45900958776474	0.0	0.5373307466506958	0.06874895095825195	0.0	0.6759926676750183	0.2712523639202118	1.2908269166946411	0.0	1.3371716737747192	0.0	0.21469919383525848	0.0	0.0	0.21617482602596283	0.0	0.6014536023139954	0.0	0.638537585735321	0.7474832534790039	0.7685845494270325	0.0	0.0	0.0	0.0	0.0	1.1921513080596924	0.0	0.0	0.8009631633758545	0.40424633026123047	0.0	0.0	0.0	0.0	0.0	0.0	0.0	0.0	1.0087504386901855	0.0	0.0	0.0	0.7227903604507446	0.6928186416625977	0.0	0.12593841552734375	0.2611570358276367	0.6411129832267761	0.0	0.0	0.0	0.0	0.0	0.0	0.8563470244407654	0.0	0.0	0.33019551634788513	0.9827115535736084	0.0	0.0	0.5614397525787354	0.0	0.0	0.0	1.1929291486740112	0.9752375483512878	0.0	0.9346842169761658	0.0	0.0	0.19039468467235565	0.0	0.27322667837142944	0.0	0.0	0.8554189801216125	0.0	0.0	1.3248062133789062	0.0	0.0	0.9322740435600281	0.7247977256774902	0.4994024336338043	0.8606410622596741	0.5948342084884644	0.0	0.43166303634643555	1.0865271091461182	0.0	0.0	0.0	0.0	0.425485759973526	0.0	1.0452297925949097	1.162954568862915	0.0	0.0	0.0	0.0	1.0540363788604736	0.9322087168693542	0.0	0.0	0.9597939252853394	0.0	0.0	0.0	0.0	0.0	0.0	0.0	0.0	0.0	0.547748327255249	0.0	0.9340091943740845	0.0	0.7615451216697693	0.644684374332428	0.0	0.4718104898929596	0.0	0.0	0.0	0.0	0.0	0.0	0.6773958802223206	0.0	0.5774533152580261	0.9922586679458618	0.22083358466625214	0.0	0.8800570964813232	0.0	0.0	0.0	1.1405507326126099	1.3033088445663452	0.6231400966644287	0.44252902269363403	0.0	0.0	0.0	0.8414837121963501	0.40251481533050537	0.8605448603630066	1.0643680095672607	0.0	0.0	0.0	0.6916868686676025	0.35030919313430786	0.0	0.0	0.0	0.0	0.6278340816497803	0.0	0.0	0.0	0.7041842937469482	0.22318311035633087	1.233210563659668	0.0	0.8296324014663696	0.0	0.511738121509552	0.5152900815010071	0.0	0.037160586565732956	0.0	0.0	0.0	0.0
0.0	0.0	0.0	0.20088692009449005	0.0	0.0	2.8606393337249756	0.0	1.0408563613891602	0.7394489049911499	0.0	0.0	2.22713565826416	0.38903743028640747	0.2619072496891022	0.7488661408424377	0.13898758590221405	2.2994279861450195	2.2097010612487793	1.0061496496200562	2.138684034347534	2.035008192062378	0.0	1.431096076965332	0.0	0.0	2.242797613143921	0.0	2.422356367111206	0.554016649723053	1.212485671043396	0.21608443558216095	0.0	2.237558126449585	0.0	0.7111473083496094	2.2907795906066895	0.0	2.877190589904785	2.077232837677002	0.0	0.0	0.0	0.0	0.0	0.0	0.46335095167160034	0.0	0.0	0.0	0.0	0.0	0.0	1.411306381225586	2.5441291332244873	0.0	0.0	0.9158168435096741	1.51277494430542	1.3472448587417603	0.0	0.0	0.0	0.0	0.0	0.0	0.0	0.0	0.0	2.337923288345337	0.6656378507614136	0.0	0.0	0.0	0.0	0.0	1.5676193237304688	0.05545858293771744	0.0	1.2138932943344116	0.20339588820934296	0.0	0.8419137001037598	1.7722707986831665	2.4863533973693848	0.0	2.662932872772217	0.0	0.0	0.0	0.0	1.4771665334701538	0.0	2.6210074424743652	0.0	1.581169605255127	1.9729909896850586	0.5498289465904236	0.0	0.0	0.0	0.0	0.0	2.8944921493530273	0.0	0.0	1.3439502716064453	0.0	0.0	0.0	0.0	0.0	0.0	0.0	0.0	0.04785962402820587	0.8133518099784851	0.0	0.0	0.0	1.0816245079040527	0.489840567111969	0.0	1.076348900794983	1.0578745603561401	0.0	0.0	0.0	0.0	0.0	0.0	0.0	0.661567211151123	0.0	0.0	0.5096607804298401	1.1108334064483643	0.0	0.0	1.8301634788513184	0.0	0.0	0.0	0.47765013575553894	0.2623230218887329	0.0	1.8274270296096802	0.0	0.0	0.0	0.0	0.0	0.0	0.0	2.418283462524414	0.0	0.0	0.9042859077453613	0.0	0.0	2.2931249141693115	0.9351321458816528	1.1640737056732178	1.3276840448379517	0.0	0.0	1.4013872146606445	0.9867810606956482	0.0	0.0	0.0	0.0	1.334464430809021	0.0	0.0015648102853447199	1.7043472528457642	0.0	0.0	0.0	0.0	0.9614822864532471	1.8585901260375977	0.0	0.0	3.317101001739502	0.0	0.0	0.0	0.0	0.0	0.0	0.0	0.0	0.0	1.3145381212234497	0.0	2.7360219955444336	0.0	0.7131533026695251	1.0484575033187866	0.0	0.32015228271484375	0.0	0.0	0.0	0.0	0.0	0.0	0.019861843436956406	0.0	0.0	0.6791861653327942	0.169830784201622	0.0	1.436745524406433	0.0	0.0	0.0	3.1582419872283936	1.4224499464035034	1.0820105075836182	0.0	0.0	0.0	0.0	3.087160348892212	0.0	2.0638034343719482	2.23114013671875	0.0	0.0	0.0	0.327985942363739	0.45615801215171814	0.0	0.0	0.0	0.0	0.5670634508132935	0.0	0.0	0.0	1.2200675010681152	0.0	2.817312479019165	0.0	0.1290232390165329	0.0	0.20821112394332886	1.0533441305160522	0.0	0.0	0.0	0.0	0.0	0.0
0.0	0.0	0.0	0.0	1.0787924528121948	0.0	0.24225129187107086	0.0	1.2473688125610352	0.0	2.021867275238037	0.0	0.0	0.0	0.6624648571014404	1.533445119857788	1.575962781906128	0.07620168477296829	0.0	0.0	0.04634224250912666	0.0	0.0	0.3659805953502655	0.0	0.0	0.0	0.0	0.0	0.0	0.2871728241443634	1.0405452251434326	0.0	0.3261990249156952	0.0	0.006401433143764734	0.0	0.0	0.0	0.0	0.0	0.0	0.0	1.0390185117721558	0.0	0.0	1.4943645000457764	0.0	0.0	1.4137524366378784	0.0	0.0	0.0	0.0	0.0	0.0	0.0	0.20227190852165222	0.0	0.6951676607131958	0.0	0.0	0.0	0.0	0.0	0.0	0.0	0.0	0.0	0.0	0.22693362832069397	0.0	0.0	0.49262508749961853	0.0	0.0	0.22506429255008698	0.29817238450050354	0.0	0.0	0.0	0.0	1.1580318212509155	0.0	0.2211165428161621	0.0	0.4708216190338135	0.0	1.2388564348220825	0.0	0.0	0.0	0.0	0.0849359780550003	0.0	0.0	0.11812175065279007	0.3334452211856842	0.0	0.0	0.0	0.6322029829025269	0.0	0.3895297348499298	0.0	0.0	0.3523276746273041	1.5311048030853271	0.0	0.6478432416915894	0.0	0.0	0.0	0.0	0.0	0.0	0.8885819911956787	0.0	0.9226962327957153	0.0	0.0	0.7743164896965027	0.0	0.9371357560157776	0.7415139079093933	0.7155534625053406	0.0	0.0	0.0	1.4616178274154663	0.0	0.0	0.7154175043106079	0.0	0.0	2.0925519466400146	0.8453986644744873	0.0	0.0	0.0	0.0	0.0	0.0	0.7672284245491028	0.0	0.0	1.4076385498046875	0.0	0.0	0.0	0.0	0.9463686943054199	0.0	0.0	0.0	0.0	0.0	1.7488703727722168	0.0	0.0	0.06620986759662628	0.0595468208193779	0.39112409949302673	1.0323885679244995	0.0	0.0	0.0	0.9316664934158325	0.0	0.0	0.0	0.0	0.0	0.0	0.5000324249267578	2.7287938594818115	1.5096747875213623	0.0	0.0	0.0	1.4227360486984253	0.0	0.0	0.0	0.0234273262321949	0.0	0.0	0.0	0.0	0.0	0.0	0.0	0.0	0.0	0.0	0.0	0.0	0.0	1.4790247678756714	0.0	0.0	1.914007544517517	0.0	0.0	0.0	0.0	0.0	0.0	1.3019732236862183	0.0	2.3821747303009033	1.428593635559082	0.7466849088668823	0.0	1.1408417224884033	0.0	0.0	0.0	0.17283155024051666	0.06550954282283783	1.4840892553329468	1.5381391048431396	0.0	0.0	0.0	0.07585123926401138	0.5012678503990173	0.14542138576507568	0.0	0.0	0.0	1.5978150367736816	1.3167716264724731	0.0	0.0	0.0	0.0	0.0	1.6342322826385498	0.0	0.0	0.0	0.0	1.4844754934310913	0.06180049106478691	0.0	1.2404574155807495	0.0	0.0	0.0	0.0	0.0	0.0	1.0605298280715942	0.0	0.0
0.0	0.0	0.0	0.12862537801265717	1.2817254066467285	0.0	1.7922502756118774	0.0	1.3820668458938599	0.8704009056091309	0.8360893726348877	0.0	0.7406750917434692	0.4757775068283081	0.28479689359664917	1.3421521186828613	1.0909712314605713	0.9703482389450073	0.8725684285163879	0.20371034741401672	1.6057517528533936	0.8988614082336426	0.0	1.626060128211975	0.0	0.0	0.9294781684875488	0.0	1.3050591945648193	0.8192301988601685	0.7743264436721802	1.6322848796844482	0.0	1.3398398160934448	0.0	0.9659391045570374	0.33779582381248474	0.0	1.9300227165222168	0.5069953799247742	0.0	0.0	0.0	0.0	0.0	0.0	0.5549707412719727	0.0	0.0	0.41665709018707275	0.0	0.0	0.0	0.4626106023788452	1.2806190252304077	0.0	0.0	0.9009449481964111	0.740673840045929	1.1376522779464722	0.0	0.0	0.0	0.0	0.0	0.0	0.0	0.0	0.0	0.8363186120986938	0.9460419416427612	0.0	0.0	1.1468710899353027	0.0	0.0	0.5208041667938232	1.0133143663406372	0.0	0.6783686280250549	0.07119070738554001	0.0	0.5786022543907166	0.3340258002281189	1.5048179626464844	0.0	1.814638376235962	0.0	0.5009533166885376	0.0	0.0	0.1317155659198761	0.0	0.6810418367385864	0.0	0.5128961205482483	1.386651635169983	1.189226508140564	0.0	0.0	0.0	0.0	0.0	1.681788682937622	0.0	0.0	1.216052770614624	0.5298411250114441	0.0	0.0	0.0	0.0	0.0	0.0	0.0	0.0	1.005720615386963	0.0	0.1517934948205948	0.0	0.0	0.9585910439491272	0.0	0.9049610495567322	0.6324905753135681	0.8426923751831055	0.0	0.0	0.0	0.0	0.0	0.0	0.4078264832496643	0.0	0.0	0.4423368275165558	0.7973315715789795	0.0	0.0	0.9425110220909119	0.0	0.0	0.0	1.7186094522476196	1.000049114227295	0.0	1.1508697271347046	0.0	0.0	0.0	0.0	0.08416786789894104	0.0	0.0	1.0370237827301025	0.0	0.0	1.4680219888687134	0.0	0.0	1.5663427114486694	0.8088493943214417	0.9666619896888733	1.229522943496704	0.5853714346885681	0.0	0.8100860118865967	1.320059895515442	0.0	0.0	0.0	0.0	0.060870297253131866	0.0	1.015212059020996	2.0503528118133545	0.46557310223579407	0.0	0.0	0.0	1.2628949880599976	1.0040048360824585	0.0	0.0	1.5315825939178467	0.0	0.0	0.0	0.0	0.0	0.0	0.0	0.0	0.0	0.07578645646572113	0.0	0.856225848197937	0.0	0.7563453912734985	1.0027515888214111	0.0	1.0137898921966553	0.0	0.0	0.0	0.0	0.0	0.0	0.5955235958099365	0.0	0.7982582449913025	1.405045986175537	1.1615115404129028	0.0	1.1701003313064575	0.0	0.0	0.0	1.4748172760009766	0.8801349401473999	0.9553927779197693	0.5771278142929077	0.0	0.0	0.0	1.317855954170227	0.5882770419120789	1.010294795036316	1.0689696073532104	0.0	0.0	0.038456954061985016	0.9769523739814758	0.0	0.0	0.0	0.0	0.0	0.9388079047203064	0.0	0.0	0.0	0.3651185631752014	0.7123052477836609	1.5052337646484375	0.0	0.6710147261619568	0.0	0.0465361662209034	0.14222978055477142	0.0	0.0	0.0	0.0	0.0	0.0
0.0	0.0	0.0	0.6640053391456604	0.0	0.0	0.8915708661079407	0.0	1.1656081676483154	0.0	1.7242032289505005	0.0	0.8965147733688354	0.7331316471099854	0.4873278737068176	1.7859798669815063	1.4108058214187622	1.12408447265625	1.1114126443862915	0.0	0.6306301355361938	0.14769645035266876	0.0	0.8403835296630859	0.0	0.0	0.8382850289344788	0.0	0.978619396686554	0.5457012057304382	1.036737084388733	0.0	0.0	0.40374070405960083	0.0	0.10845242440700531	0.45646071434020996	0.0	0.7870450019836426	0.6070436239242554	0.0	0.0	0.0	0.05945277586579323	0.0	0.0	1.4551934003829956	0.0	0.0	0.09403923898935318	0.0	0.0	0.0	0.9293715953826904	0.7023832201957703	0.0	0.0	0.18993546068668365	0.4184313118457794	0.9191641807556152	0.0	0.0	0.0	0.0	0.0	0.0	0.0	0.0	0.0	0.12947043776512146	0.7871798276901245	0.0	0.0	0.2709488868713379	0.0	0.0	0.6334677934646606	0.02533530443906784	0.0	0.5614162087440491	0.009849531576037407	0.0	1.6429972648620605	0.30313536524772644	1.0612363815307617	0.0	0.7961289882659912	0.0	1.1063315868377686	0.0	0.0	0.0	0.0	0.2115568071603775	0.0	0.062239132821559906	0.7092528343200684	0.7126931548118591	0.0	0.0	0.0	0.0	0.0	0.842771589756012	0.0	0.0	1.5634818077087402	0.573117196559906	0.0	0.0	0.0	0.0	0.0	0.0	0.0	0.0	1.1558020114898682	0.0	0.0	0.0	1.209666132926941	0.8180640935897827	0.0	0.04675000533461571	0.2283930778503418	0.8963937759399414	0.0	0.0	0.0	0.37377822399139404	0.0	0.0	0.7272942662239075	0.0	0.0	1.3185063600540161	0.9347060918807983	0.0	0.0	0.0	0.0	0.0	0.0	0.8485896587371826	0.16691601276397705	0.0	2.0067942142486572	0.0	0.0	0.19199733436107635	0.0	0.118209108710289	0.0	0.0	0.0	0.0	0.0	2.2491159439086914	0.0	0.0	0.7158107161521912	0.5633341670036316	0.6901137232780457	1.4283241033554077	0.06734640896320343	0.0	0.0	0.701452910900116	0.0	0.0	0.0	0.0	0.528427243232727	0.0	0.8280340433120728	2.02600359916687	0.7821573615074158	0.0	0.0	0.0	1.254134178161621	0.6532188057899475	0.0	0.0	0.9055687189102173	0.0	0.0	0.0	0.0	0.0	0.0	0.0	0.0	0.0	0.32830315828323364	0.0	0.3000531494617462	0.0	1.1782712936401367	0.0	0.0	1.6179890632629395	0.0	0.0	0.0	0.0	0.0	0.0	0.9595066905021667	0.0	1.3317769765853882	1.6158077716827393	0.328926682472229	0.0	1.3142070770263672	0.0	0.0	0.0	1.397324800491333	0.4487750828266144	1.9847017526626587	0.6728804111480713	0.0	0.0	0.0	0.7298848628997803	0.0	1.1262868642807007	0.4253320097923279	0.0	0.0	0.5106248259544373	0.8504626154899597	0.27474141120910645	0.0	0.0	0.0	0.0	1.4539878368377686	0.0	0.0	0.0	0.866081714630127	1.1885313987731934	0.5960671305656433	0.0	0.9751437902450562	0.0	0.0	0.39698725938796997	0.0	0.0	0.0	0.1622658371925354	0.0	0.0
0.0	0.0	0.0	0.0	0.27500098943710327	0.0	2.4747350215911865	0.0	1.9183244705200195	0.7644779086112976	0.7572122812271118	0.0	0.8616834282875061	0.33931824564933777	0.46925532817840576	1.9121384620666504	1.4603402614593506	1.8349580764770508	1.2492257356643677	0.0	2.3908417224884033	0.3589470386505127	0.0	0.9593265056610107	0.0	0.0	1.3721959590911865	0.0	2.0153727531433105	0.9551011323928833	1.297287940979004	1.482166051864624	0.0	2.2644448280334473	0.0	0.6562294363975525	0.6104715466499329	0.0	2.3545711040496826	0.8823109269142151	0.0	0.0	0.0	0.04114555940032005	0.0	0.0	1.2869017124176025	0.0	0.0	0.1950991153717041	0.0	0.0	0.0	1.4424793720245361	1.180005431175232	0.0	0.0	0.18377505242824554	0.0	2.113588809967041	0.0	0.0	0.0	0.0	0.0	0.0	0.0	0.0	0.0	1.087465524673462	0.3794933259487152	0.0	0.0	0.38290348649024963	0.0	0.0	0.1769787073135376	0.6726722717285156	0.0	0.2817266583442688	0.0	0.0	1.6046956777572632	1.2089600563049316	1.847877025604248	0.0	2.383429765701294	0.0	0.640181839466095	0.0	0.0	0.0	0.0	1.3462496995925903	0.0	0.5713097453117371	2.1842572689056396	0.5215503573417664	0.0	0.0	0.0	0.0	0.0	2.8649001121520996	0.0	0.0	1.722402572631836	0.46830514073371887	0.0	0.0	0.0	0.0	0.0	0.0	0.0	0.0	1.400192141532898	0.0	0.0	0.0	0.024614088237285614	0.4839584231376648	0.0	0.7465835809707642	1.861535906791687	0.35830608010292053	0.0	0.0	0.0	0.0	0.0	0.0	0.12711934745311737	0.0	0.0	0.5609754920005798	0.7423298954963684	0.0	0.0	1.034363031387329	0.0	0.0	0.0	1.5437066555023193	0.019414473325014114	0.0	1.6175920963287354	0.0	0.0	0.0	0.0	0.0	0.0	0.0	1.0384455919265747	0.0	0.0	1.6864900588989258	0.0	0.0	1.7370036840438843	1.0203473567962646	1.050660490989685	1.49488365650177	0.0	0.0	1.3331458568572998	0.975740909576416	0.0	0.0	0.0	0.0	0.320273756980896	0.0	0.0	3.313767910003662	0.44963398575782776	0.0	0.0	0.0	1.7093044519424438	0.6875749230384827	0.0	0.0	1.4183958768844604	0.0	0.0	0.0	0.0	0.0	0.0	0.0	0.0	0.0	0.0	0.0	0.857092022895813	0.0	1.2784435749053955	0.7712891101837158	0.0	1.7719086408615112	0.0	0.0	0.0	0.0	0.0	0.0	1.078244924545288	0.0	1.0804990530014038	1.8568334579467773	0.5107912421226501	0.0	2.2535598278045654	0.0	0.0	0.0	2.5460331439971924	1.4298555850982666	1.7132622003555298	0.8789169788360596	0.0	0.0	0.0	1.9331939220428467	0.19294525682926178	1.6251362562179565	1.0184913873672485	0.0	0.0	0.0	1.0379170179367065	0.0	0.0	0.0	0.0	0.0	0.971699595451355	0.0	0.0	0.0	0.9815966486930847	1.0790878534317017	1.620072603225708	0.0	0.6048111319541931	0.0	0.0	0.3600570559501648	0.0	0.0	0.0	0.30680325627326965	0.0	0.0
0.0	0.0	0.0	0.9381329417228699	0.0	0.0	2.8351805210113525	0.0	1.8469070196151733	0.5835234522819519	0.37391647696495056	0.0	1.1325557231903076	0.9150789380073547	0.0	1.1438127756118774	1.165022373199463	1.7902932167053223	1.6899892091751099	0.3505367040634155	2.612643241882324	1.2732291221618652	0.0	1.2349421977996826	0.0	0.0	1.886783242225647	0.0	1.3919392824172974	0.9215730428695679	1.3154304027557373	0.6657329797744751	0.0	2.009401321411133	0.0	1.3281117677688599	0.2869572043418884	0.0	2.4860124588012695	1.4806493520736694	0.0	0.0	0.0	0.0	0.0	0.0	1.0705569982528687	0.0	0.0	0.0	0.0	0.0	0.0	1.6830028295516968	1.8874759674072266	0.0	0.0	0.24294188618659973	0.5914795994758606	1.7141871452331543	0.0	0.0	0.0	0.0	0.0	0.0	0.0	0.0	0.0	1.2870779037475586	0.309755802154541	0.0	0.0	0.0	0.0	0.0	0.8701553344726562	0.6263607144355774	0.0	0.4058273732662201	0.0	0.0	1.5036083459854126	1.6296617984771729	1.4932721853256226	0.0	2.6317880153656006	0.0	0.36414289474487305	0.0	0.0	0.5566020011901855	0.0	0.8104496002197266	0.0	0.2613653242588043	1.645954966545105	0.5411084890365601	0.0	0.0	0.0	0.0	0.0	2.2357823848724365	0.0	0.0	1.6442781686782837	0.2589568793773651	0.0	0.0	0.0	0.0	0.0	0.0	0.0	0.0	1.1676924228668213	0.0	0.1793932169675827	0.0	0.0	0.9715789556503296	0.0	0.0	1.4377329349517822	0.0	0.0	0.0	0.0	0.0	0.0	0.0	0.0	0.0	0.0	0.0	0.7470873594284058	0.0	0.0	1.433634638786316	0.0	0.0	0.0	1.8477416038513184	0.6642906069755554	0.0	1.3842813968658447	0.0	0.0	0.0	0.0	0.0	0.0	0.0	1.1637160778045654	0.0	0.0	1.416933298110962	0.0	0.0	0.8564597368240356	0.6659121513366699	1.199233055114746	0.7685719132423401	0.0	0.0	0.46774181723594666	0.39393019676208496	0.0	0.0	0.0	0.0	0.8120778203010559	0.0	0.21387721598148346	2.270984649658203	0.0	0.0	0.0	0.0	0.8255946040153503	1.2300810813903809	0.0	0.0	1.5918514728546143	0.0	0.0	0.0	0.0	0.0	0.0	0.0	0.0	0.0	0.42943766713142395	0.0	1.3520057201385498	0.0	1.2752758264541626	1.0720678567886353	0.0	0.752884030342102	0.0	0.0	0.0	0.0	0.0	0.0	0.29368820786476135	0.0	0.0	0.9863376617431641	0.9861002564430237	0.0	1.463521122932434	0.0	0.0	0.0	2.3120548725128174	1.4142206907272339	1.3375791311264038	0.6730071902275085	0.0	0.0	0.0	1.566321849822998	0.0	1.8232877254486084	0.6933048963546753	0.0	0.0	0.0	0.4231667220592499	0.47171735763549805	0.0	0.0	0.0	0.0	0.5085616707801819	0.0	0.0	0.0	1.0839054584503174	0.510242760181427	2.0032336711883545	0.0	0.0	0.0	0.3307245373725891	1.0340384244918823	0.0	0.0	0.0	0.03921026736497879	0.0	0.0
0.0	0.0	0.0	0.7707365155220032	0.16668230295181274	0.0	2.069873809814453	0.0	1.1847939491271973	0.8152388334274292	1.0064210891723633	0.0	0.7146905064582825	0.754685640335083	0.0	1.985147476196289	1.2776211500167847	1.207851767539978	1.132257342338562	0.10396994650363922	1.8522818088531494	0.4335322678089142	0.0	0.9214345812797546	0.0	0.0	1.5188919305801392	0.0	1.5018281936645508	0.5055491924285889	1.2108395099639893	0.7720668315887451	0.0	0.9190828204154968	0.0	0.3682767152786255	0.0	0.0	2.1665072441101074	0.7930314540863037	0.0	0.0	0.0	0.27978014945983887	0.0	0.0	1.5704102516174316	0.0	0.0	0.0	0.0	0.0	0.0	1.135525107383728	1.4445359706878662	0.0	0.0	0.31421878933906555	0.6055285334587097	1.2612693309783936	0.0	0.0	0.0	0.0	0.0	0.0	0.0	0.0	0.0	0.7435140609741211	1.0599802732467651	0.0	0.0	0.4212666153907776	0.0	0.0	0.49476051330566406	0.40922388434410095	0.0	0.9312804937362671	0.0	0.0	1.7666492462158203	0.7796847820281982	0.9596484899520874	0.0	1.099798321723938	0.0	0.7705916166305542	0.0	0.0	0.0	0.0	0.12276466190814972	0.0	0.0871068611741066	1.3860219717025757	0.7339366674423218	0.0	0.0	0.0	0.14889900386333466	0.0	1.5292295217514038	0.0	0.0	1.7229970693588257	0.5582495331764221	0.0	0.0	0.0	0.0	0.0	0.0	0.0	0.0	1.3952996730804443	0.0	0.0	0.0	0.0	1.1160359382629395	0.0	0.0	0.9077620506286621	0.37750527262687683	0.0	0.0	0.0	0.0	0.0	0.0	0.15884780883789062	0.0	0.0	0.963637113571167	0.4808458685874939	0.0	0.0	1.4259322881698608	0.0	0.0	0.0	0.854252815246582	0.16508054733276367	0.0	1.4039448499679565	0.0	0.0	0.013492852449417114	0.0	0.0	0.0	0.0	0.2887844443321228	0.0	0.0	1.7278473377227783	0.0	0.0	0.8045380115509033	0.6862667202949524	0.4756404459476471	0.8071067929267883	0.0	0.0	0.0	0.7647303342819214	0.0	0.0	0.0	0.0	0.20572923123836517	0.0	0.0	2.659841537475586	0.6546974778175354	0.0	0.0	0.0	1.4958767890930176	0.7757105231285095	0.0	0.0	1.5100051164627075	0.0	0.0	0.0	0.0	0.0	0.0	0.0	0.0	0.0	0.8301694989204407	0.0	1.2667157649993896	0.0	1.5005234479904175	0.24206562340259552	0.0	1.6184755563735962	0.0	0.0	0.0	0.0	0.0	0.0	0.5915730595588684	0.0	1.0834543704986572	1.4624948501586914	0.8504343628883362	0.0	2.219724655151367	0.0	0.0	0.0	1.4574192762374878	1.037474513053894	1.9160257577896118	0.8845453262329102	0.0	0.0	0.0	1.2207586765289307	0.03994375467300415	1.6884770393371582	0.9426048994064331	0.0	0.0	0.338531494140625	1.2082935571670532	0.7018924355506897	0.0	0.0	0.0	0.0	1.3962823152542114	0.0	0.0	0.0	0.9462515115737915	0.8593094348907471	0.815079391002655	0.0	0.5535119771957397	0.0	0.0	0.6360927224159241	0.0	0.0	0.0	0.11110884696245193	0.0	0.0
0.0	0.0	0.004583199508488178	0.004255703184753656	0.280117392539978	0.0	0.8390448093414307	0.0	0.677300214767456	0.682198166847229	0.03379091992974281	0.0	0.7000371217727661	0.7274034023284912	0.3810332417488098	0.7108500599861145	0.11292552202939987	0.3987938463687897	0.4158007502555847	0.429636687040329	0.6210655570030212	0.24293768405914307	0.0	0.8268311619758606	0.0	0.0	0.6412416100502014	0.4013853669166565	0.5537304878234863	0.5373899936676025	0.49206358194351196	0.5650379657745361	0.0	0.39021605253219604	0.0	0.5022980570793152	0.3801135718822479	0.0	0.7283710837364197	0.29020771384239197	0.0	0.0	0.0	0.0	0.0	0.0	0.01609959825873375	0.0	0.0	0.13968579471111298	0.0	0.0	0.0	0.2877672612667084	0.4369945526123047	0.0	0.0	0.6897469758987427	1.021669864654541	0.03405190631747246	0.0	0.0	0.0	0.2243124395608902	0.0	0.0	0.0	0.0	0.0	0.4328092932701111	0.7951560616493225	0.0	0.0	0.1733001321554184	0.0	0.0	0.5520171523094177	0.6801104545593262	0.0	0.7617603540420532	0.0	0.0	0.28592678904533386	0.20338226854801178	0.9628579020500183	0.0	0.6314334869384766	0.0	0.12128352373838425	0.0	0.0	0.3750337064266205	0.0	0.49192842841148376	0.0	0.32772645354270935	0.911345362663269	0.7381434440612793	0.0	0.22533877193927765	0.0	0.0	0.0	0.5685281753540039	0.0	0.0	0.407711923122406	0.1413460075855255	0.0	0.0	0.0	0.0	0.0	0.0	0.0	0.0	0.5381680130958557	0.0	0.0	0.0	0.062102463096380234	0.5790226459503174	0.0	0.0	0.0	0.45686039328575134	0.0	0.0	0.0	0.0	0.0	0.0	0.5623087882995605	0.0	0.0	0.37780994176864624	0.5083717107772827	0.0	0.0	0.21460656821727753	0.0	0.0	0.0	1.055512547492981	0.7910345196723938	0.0	0.5169724225997925	0.0	0.0	0.03846054896712303	0.0	0.2957465350627899	0.0	0.0	0.4724433422088623	0.0	0.0	0.8449420928955078	0.0	0.0	0.6443418860435486	0.8130086660385132	0.6754127144813538	0.45642659068107605	0.46357038617134094	0.0	0.2262936681509018	0.7179244756698608	0.0	0.0	0.0	0.0	0.17132776975631714	0.0	0.878153920173645	0.5414462089538574	0.0	0.0	0.0	0.13302026689052582	0.6468522548675537	0.5090810656547546	0.0	0.0	0.60345858335495	0.0	0.0	0.0	0.0	0.0	0.0	0.0	0.0	0.0	0.4290139675140381	0.0	0.5405714511871338	0.0	0.5466275811195374	0.7486184239387512	0.0	0.1859617382287979	0.0	0.0	0.0	0.0	0.0	0.0	0.79282146692276	0.0	0.2309681475162506	0.759875476360321	0.5246300101280212	0.0	0.5519288778305054	0.0	0.0	0.0	0.6633620858192444	0.9518048167228699	0.2097674012184143	0.42756396532058716	0.0	0.0	0.0	0.36861228942871094	0.5198245048522949	0.4688411355018616	0.6782371997833252	0.0	0.0	0.00617265934124589	0.5987883806228638	0.5768944621086121	0.0	0.0	0.0	0.0	0.4849940836429596	0.0	0.0	0.0	0.44526180624961853	0.07765401899814606	0.9521916508674622	0.0	0.5365609526634216	0.0	0.6275839805603027	0.44698017835617065	0.0	0.4924665093421936	0.0	0.0	0.0	0.0
0.0	0.0	0.0	0.5852818489074707	0.0	0.0	0.688225269317627	0.0	0.6306299567222595	0.25728607177734375	0.3521950840950012	0.0	0.3994108736515045	0.0	0.0	0.5792389512062073	0.743432879447937	1.3832000494003296	0.9704680442810059	0.35618850588798523	0.6199722290039062	0.6662775278091431	0.0	0.3884732723236084	0.0	0.0	0.7123527526855469	0.0	1.2384624481201172	0.0	0.7618306279182434	0.8643927574157715	0.0	1.4078212976455688	0.0	0.4111752510070801	0.5013951659202576	0.0	1.1102395057678223	0.0	0.0	0.0	0.0	0.0	0.0	0.0	0.9102688431739807	0.0	0.0	0.0	0.0	0.0	0.0	0.9335437417030334	0.6542617678642273	0.0	0.0	0.022728702053427696	1.1685771942138672	1.173595905303955	0.0	0.0	0.0	0.0	0.0	0.0	0.0	0.0	0.0	0.8001698851585388	0.6137872338294983	0.0	0.0	0.3186931312084198	0.0	0.0	0.17144936323165894	0.053740307688713074	0.0	0.2954447269439697	0.0	0.0	0.8776763081550598	0.4104216694831848	1.1253952980041504	0.0	0.8968386650085449	0.0	0.3126949667930603	0.0	0.0	0.5446870923042297	0.0	0.6247302293777466	0.0	0.41400864720344543	0.7067514657974243	0.09197492897510529	0.0	0.0	0.0	0.5841302275657654	0.0	1.2349765300750732	0.0	0.0	0.4101795256137848	0.0	0.0	0.0	0.0	0.0	0.0	0.0	0.0	0.0	0.0	0.0	0.0	0.0	0.0	0.0	0.0	0.1289328932762146	1.1914383172988892	0.18149283528327942	0.0	0.0	0.0	0.13235284388065338	0.0	0.0	0.3711440861225128	0.0	0.0	0.02976076491177082	0.0	0.0	0.0	0.44358083605766296	0.0	0.0	0.0	0.5608214139938354	0.4706276059150696	0.0	0.5554153919219971	0.0	0.0	1.070836067199707	0.0	0.0	0.0	0.0	0.5442824959754944	0.0	0.0	0.764797568321228	0.0	0.0	0.6235436797142029	0.6583619117736816	0.20930370688438416	0.22720858454704285	0.4102800190448761	0.0	0.50118488073349	0.6227943897247314	0.0	0.0	0.0	0.0	0.6548351645469666	0.0	0.0	1.6438676118850708	0.5110070109367371	0.0	0.0	0.0	0.1114737018942833	0.7877300977706909	0.0	0.0	1.0763812065124512	0.0	0.0	0.0	0.0	0.0	0.0	0.0	0.0	0.0	0.21821856498718262	0.0	1.1462383270263672	0.0	0.34900176525115967	0.701165497303009	0.0	1.4229214191436768	0.0	0.0	0.0	0.0	0.0	0.0	0.25503334403038025	0.0	0.10068939626216888	0.5315030813217163	0.06219133734703064	0.0	1.5340185165405273	0.0	0.0	0.0	1.543426513671875	0.3801766037940979	0.7921436429023743	0.14879271388053894	0.0	0.0	0.0	1.357089877128601	0.12513212859630585	0.8830296993255615	0.8495082259178162	0.0	0.0	0.0	0.2883654236793518	0.32602986693382263	0.0	0.0	0.0	0.0	0.11240683495998383	0.0	0.0	0.0	1.0845911502838135	0.975439190864563	0.8946048021316528	0.0	0.02894456312060356	0.0	0.21221062541007996	0.0	0.0	0.0	0.0	0.0	0.0	0.0
0.0	0.0	0.0	0.23330755531787872	0.0	0.0	1.9399784803390503	0.0	0.3219667971134186	0.3224179446697235	0.0409044474363327	0.0	1.2073471546173096	0.15082770586013794	0.017829660326242447	0.0	0.2554853558540344	2.812211036682129	2.4059903621673584	1.5261964797973633	1.7864129543304443	2.2704596519470215	0.0	1.1386388540267944	0.0	0.0	1.9621357917785645	0.07360948622226715	2.230997085571289	0.0	0.8944908380508423	1.4448432922363281	0.0	2.827104330062866	0.0	0.4244871735572815	2.135100841522217	0.0	2.7490177154541016	1.1609208583831787	0.0	0.0	0.0	0.0	0.0	0.0	1.721275806427002	0.0	0.0	0.0	0.0	0.0	0.0	2.00858211517334	2.721839427947998	0.0	0.0	0.5905212163925171	1.812650203704834	1.6361432075500488	0.0	0.0	0.0	0.4480245113372803	0.0	0.0	0.0	0.0	0.0	2.5666682720184326	0.9859858751296997	0.0	0.0	0.5158466696739197	0.0	0.0	1.0387372970581055	0.0	0.0	1.08693528175354	0.1484736204147339	0.0	1.0556045770645142	1.5195549726486206	2.8217291831970215	0.0	2.2161176204681396	0.0	0.3749275207519531	0.0	0.0	1.6158405542373657	0.0	2.786062240600586	0.0	1.3608345985412598	1.2655435800552368	0.6722107529640198	0.0	0.0	0.0	0.0	0.0	2.483628511428833	0.0	0.0	1.0394113063812256	0.1888478547334671	0.0	0.0	0.0	0.0	0.0	0.0	0.0	0.0	0.4196118414402008	0.0	0.0	0.0	1.3947890996932983	0.339920312166214	0.0	1.127814769744873	1.9246349334716797	0.0	0.0	0.0	0.0	0.0	0.0	0.0	1.0189075469970703	0.0	0.0	0.35354694724082947	1.0256825685501099	0.0	0.0	1.1770347356796265	0.0	0.0	0.0	0.0	0.45271962881088257	0.0	1.536766767501831	0.0	0.0	0.7200531959533691	0.0	0.0	0.0	0.0	2.267836332321167	0.0	0.0	1.2299973964691162	0.0	0.0	2.1606595516204834	0.8960244655609131	0.9287811517715454	0.6470341086387634	0.1935742050409317	0.0	2.125797748565674	1.0528929233551025	0.0	0.0	0.0	0.0	1.4889329671859741	0.0	0.0	1.977883219718933	0.0	0.0	0.0	0.0	0.15497100353240967	2.0197765827178955	0.0	0.0	3.4617934226989746	0.0	0.0	0.0	0.0	0.0	0.0	0.0	0.0	0.0	0.7064697742462158	0.0	3.289252758026123	0.0	0.5654458403587341	0.9161990880966187	0.0	1.568732500076294	0.0	0.0	0.0	0.0	0.0	0.0	0.0	0.0	0.0	1.2942211627960205	0.0	0.0	1.3204600811004639	0.0	0.0	0.0	3.682187557220459	1.5045251846313477	1.0162075757980347	0.0	0.0	0.0	0.0	3.5019407272338867	0.0	1.4911489486694336	1.7150198221206665	0.0	0.0	0.0	0.0	0.7774137854576111	0.0	0.0	0.0	0.0	0.18482598662376404	0.0	0.0	0.0	1.8310199975967407	0.0	2.614163637161255	0.0	0.7146821022033691	0.0	0.8149299025535583	1.0247559547424316	0.0	0.0	0.0	0.0	0.0	0.0
0.0	0.0	0.0	0.7294167876243591	0.19990190863609314	0.0	1.7338205575942993	0.0	1.6907598972320557	0.0	1.7354652881622314	0.0	0.011126259341835976	0.670864462852478	0.7110559940338135	1.750877857208252	2.2357962131500244	0.5328457355499268	0.8849278688430786	0.0	1.2907251119613647	0.02727561630308628	0.0	0.5895597338676453	0.0	0.0	0.6770921349525452	0.0	1.24005925655365	0.5328869223594666	0.7086790800094604	1.3671092987060547	0.0	1.1454626321792603	0.0	0.32164689898490906	0.0	0.0	1.0397353172302246	0.2809440493583679	0.0	0.0	0.0	0.7653446197509766	0.0	0.0	1.7578872442245483	0.0	0.0	0.8697779178619385	0.0	0.0	0.0	1.1915035247802734	0.6657096743583679	0.0	0.0	0.06282109022140503	0.0	1.6475319862365723	0.0	0.0	0.0	0.0	0.0	0.0	0.0	0.0	0.0	0.7446739077568054	0.21704202890396118	0.0	0.0	0.2854458689689636	0.0	0.0	0.0842909887433052	0.012463190592825413	0.0	0.02080104686319828	0.0	0.0	2.0074734687805176	0.8601300716400146	0.7773033380508423	0.0	1.524217963218689	0.0	1.5377088785171509	0.0	0.0	0.0	0.0	0.061128728091716766	0.0	0.0	0.8920614719390869	0.0	0.0	0.0	0.0	0.5393820405006409	0.0	1.209620714187622	0.0	0.0	1.4972435235977173	1.0660033226013184	0.0	0.5495012402534485	0.0	0.0	0.0	0.0	0.0	0.0	1.0441886186599731	0.0	1.0057121515274048	0.0	0.4895302653312683	1.08858323097229	0.0	0.26191246509552	1.143980860710144	0.5586374998092651	0.0	0.0	0.0	0.7156388163566589	0.0	0.0	0.5772985816001892	0.0	0.0	1.2894269227981567	0.7513673901557922	0.0	0.0	0.3481893837451935	0.0	0.0	0.0	1.2385859489440918	0.0	0.0	2.1076033115386963	0.0	0.0	0.0	0.0	0.0	0.0	0.0	0.20837686955928802	0.0	0.0	1.9966336488723755	0.0	0.0	0.5363869667053223	0.0	0.77358478307724	1.714576005935669	0.0	0.0	0.33251506090164185	0.5233456492424011	0.0	0.0	0.0	0.0	0.017476869747042656	0.0	0.24151429533958435	3.095237970352173	1.2147406339645386	0.0	0.0	0.0	1.7603297233581543	0.0	0.0	0.0	0.6041610240936279	0.0	0.0	0.0	0.0	0.0	0.0	0.0	0.0	0.0	0.0	0.0	0.0	0.0	1.5029016733169556	0.0	0.0	2.266557455062866	0.0	0.0	0.0	0.0	0.0	0.0	0.6845882534980774	0.0	1.8095859289169312	1.8859660625457764	0.5728814005851746	0.0	1.63166344165802	0.0	0.0	0.0	1.5233049392700195	0.22139498591423035	1.9014053344726562	0.9950883984565735	0.0	0.0	0.0	0.3470878303050995	0.12330326437950134	0.8110225796699524	0.10831322520971298	0.0	0.0	0.4206615686416626	0.9836874008178711	0.0	0.0	0.0	0.0	0.0	1.275933027267456	0.0	0.0	0.0	0.21921733021736145	1.5343310832977295	0.8987953662872314	0.0	0.9952914118766785	0.0	0.0	0.0742427408695221	0.0	0.0	0.0	1.1238659620285034	0.0	0.0
0.0	0.0	0.0	0.0	1.1737066507339478	0.0	0.2003338485956192	0.0	1.992761254310608	0.0	2.92647123336792	0.0	0.0	0.0	0.0	2.5948822498321533	3.3185067176818848	0.9026033282279968	0.0	0.0	0.0	0.0	0.0	0.10978582501411438	0.0	0.0	0.0	0.0	0.5423018932342529	0.0	0.009685113094747066	1.7650480270385742	0.0	0.3512539267539978	0.0	0.0	0.0	0.0	0.0	0.0	0.0	0.0	0.0	1.6029313802719116	0.0	0.0	2.7658841609954834	0.0	0.0	1.6335728168487549	0.0	0.0	0.0	0.243399515748024	0.0	0.0	0.0	0.5143628716468811	0.0	1.5500028133392334	0.0	0.0	0.0	0.0	0.0	0.0	0.0	0.0	0.0	0.0	1.021362066268921	0.0	0.0	1.6065306663513184	0.0	0.0	0.0	0.45507514476776123	0.0	0.0	0.6244299411773682	0.0	2.1608805656433105	0.0	0.1497320979833603	0.0	0.29597288370132446	0.0	2.688173294067383	0.0	0.0	0.0	0.0	0.0	0.0	0.0	0.0	0.07936977595090866	0.0	0.0	0.0	1.8886549472808838	0.0	0.31866028904914856	0.0	0.0	0.9408144354820251	2.0122499465942383	0.0	2.1149051189422607	0.0	0.0	0.0	0.0	0.0	0.0	1.285994291305542	0.0	0.9961572885513306	0.0	0.0	0.783383846282959	0.0	1.2200353145599365	1.4788001775741577	2.4173378944396973	0.0	0.0	0.0	2.4435105323791504	0.0	0.0	0.6513009667396545	0.0	0.0	2.4938478469848633	0.5860387682914734	0.0	0.0	0.0	0.0	0.0	0.0	0.0	0.0	0.0	1.8841663599014282	0.0	0.0	2.4268431663513184	0.0	2.0779850482940674	0.0	0.0	0.0	0.0	0.0	2.9944908618927	0.0	0.0	0.0	0.4559493064880371	0.0	0.6468610167503357	0.0	0.0	0.0	1.4655698537826538	0.0	0.0	0.0	0.0	0.0	0.0	0.0	4.971526622772217	3.2429234981536865	0.0	0.0	0.0	1.3147422075271606	0.0	0.0	0.0	0.0	0.0	0.0	0.0	0.0	0.0	0.0	0.0	0.0	0.0	0.0	0.0	0.0	0.0	1.7454603910446167	0.0	0.0	4.111820220947266	0.0	0.0	0.0	0.0	0.0	0.0	1.8448700904846191	0.0	3.1816368103027344	2.321321487426758	0.4983774423599243	0.0	2.827268600463867	0.0	0.0	0.0	0.022712308913469315	0.0	2.8377068042755127	2.3714101314544678	0.0	0.0	0.0	0.0	1.379990816116333	0.5093753933906555	0.0	0.0	0.0	2.656916618347168	2.213263511657715	0.0	0.0	0.0	0.0	0.0	2.3750832080841064	0.0	0.0	0.0	0.0	3.2255496978759766	0.0	0.0	2.1415724754333496	0.0	0.0	0.0	0.0	0.0	0.0	1.7546149492263794	0.0	0.0
0.0	0.0	0.0	0.577446460723877	0.0	0.0	2.0975732803344727	0.0	2.0862951278686523	0.44507598876953125	1.3527754545211792	0.0	0.5477518439292908	0.8305407166481018	0.0	1.8001151084899902	2.5872128009796143	2.180098295211792	1.0453323125839233	0.0	1.6425981521606445	0.1403002142906189	0.0	0.18507300317287445	0.0	0.0	0.8587774634361267	0.0	2.014493942260742	0.0	1.0370283126831055	0.6227723360061646	0.0	2.067697048187256	0.0	0.0	0.3671908378601074	0.0	1.7076510190963745	0.31277287006378174	0.0	0.0	0.0	0.15347909927368164	0.0	0.0	2.5245845317840576	0.0	0.0	0.0	0.0	0.0	0.0	1.3511722087860107	0.3500983715057373	0.0	0.0	0.4071888029575348	0.0	2.237603187561035	0.0	0.0	0.0	0.0	0.0	0.0	0.0	0.0	0.0	1.0019242763519287	0.7863312363624573	0.0	0.0	0.4114173352718353	0.0	0.0	0.0	0.47383490204811096	0.0	0.14597193896770477	0.7264978289604187	0.0	2.289929151535034	1.5631250143051147	1.5852365493774414	0.0	1.7845733165740967	0.0	1.6743943691253662	0.0	0.0	0.0	0.0	0.0	0.0	0.0	1.5084654092788696	0.0	0.0	0.0	0.0	1.2710068225860596	0.0	1.6444506645202637	0.0	0.0	2.6474437713623047	0.01789339818060398	0.0	0.22948409616947174	0.0	0.0	0.0	0.0	0.0	0.0	1.0389020442962646	0.0	0.0	0.0	0.5957583785057068	0.0	0.0	0.4053102433681488	1.643311619758606	1.2339136600494385	0.0	0.0	0.0	0.2373049557209015	0.0	0.0	0.0	0.0	0.0	0.48597535490989685	0.7490949034690857	0.0	0.0	1.2016992568969727	0.0	0.0	0.0	0.760003387928009	0.0	0.0	1.3146944046020508	0.0	0.0	1.6355006694793701	0.0	0.6447115540504456	0.0	0.0	0.0	0.0	0.0	2.4937891960144043	0.0	0.0	0.7963583469390869	0.8894705772399902	0.4889821410179138	0.7764672636985779	0.0	0.0	0.0	1.0136443376541138	0.0	0.0	0.0	0.0	1.0205854177474976	0.0	0.0	4.1348676681518555	1.9217311143875122	0.0	0.0	0.0	0.8072336912155151	0.26922863721847534	0.0	0.0	0.22098752856254578	0.0	0.0	0.0	0.0	0.0	0.0	0.0	0.0	0.0	0.0	0.0	0.3651731312274933	0.0	1.2609946727752686	0.0	0.0	2.4145584106445312	0.0	0.0	0.0	0.0	0.0	0.0	0.3155946135520935	0.0	0.7506582736968994	1.7029519081115723	0.3222581148147583	0.0	2.511798143386841	0.0	0.0	0.0	1.8922536373138428	0.055334948003292084	2.9807112216949463	0.8429913520812988	0.0	0.0	0.0	0.9589539170265198	0.0	1.3944519758224487	0.1042124330997467	0.0	0.0	0.20209573209285736	0.7690586447715759	0.10498912632465363	0.0	0.0	0.0	0.0	1.1848288774490356	0.0	0.0	0.0	1.0452759265899658	1.8635519742965698	1.3110694885253906	0.0	0.6324090957641602	0.0	0.0	0.0	0.0	0.0	0.0	0.9967042207717896	0.0	0.0
0.0	0.0	0.0	1.1525075435638428	0.0	0.0	1.9774748086929321	0.0	1.6060006618499756	0.10964662581682205	1.5746967792510986	0.0	0.9833810925483704	1.0135325193405151	0.0	2.232759714126587	2.2560198307037354	1.2356269359588623	1.35701322555542	0.10062015056610107	1.399469017982483	0.6180378198623657	0.0	0.61674964427948	0.0	0.0	1.021610140800476	0.0	2.0638508796691895	0.4949054419994354	1.5495033264160156	0.4841621518135071	0.0	0.6913251876831055	0.0	0.14138324558734894	0.33890479803085327	0.0	1.5549322366714478	1.439754605293274	0.0	0.0	0.0	0.0	0.0	0.0	1.1916091442108154	0.0	0.0	0.0	0.0	0.0	0.0	0.7174546122550964	1.1387732028961182	0.0	0.0	0.16476625204086304	0.0	1.4122732877731323	0.0	0.0	0.0	0.0	0.0	0.0	0.0	0.0	0.0	0.3776620328426361	0.8220015168190002	0.0	0.0	0.0	0.0	0.0	1.041930079460144	0.0	0.0	0.5769459009170532	0.0	0.0	1.6969904899597168	0.43904590606689453	0.9029566645622253	0.0	1.253942608833313	0.0	1.5218912363052368	0.0	0.0	0.0	0.0	0.2591571509838104	0.0	0.1465775966644287	0.8663471341133118	0.8495413661003113	0.0	0.0	0.0	0.0	0.0	0.7847956418991089	0.0	0.0	1.8650672435760498	0.2577493190765381	0.0	0.0	0.0	0.0	0.0	0.0	0.0	0.0	1.1545422077178955	0.0	0.0	0.0	1.0722373723983765	0.9430735111236572	0.0	0.0	0.9338071346282959	0.8538883328437805	0.0	0.0	0.0	0.08603547513484955	0.0	0.0	0.10786116868257523	0.0	0.0	0.7958987355232239	1.1433547735214233	0.0	0.0	0.11998940259218216	0.0	0.0	0.0	0.7730804681777954	0.47454634308815	0.0	2.437152147293091	0.0	0.0	0.0	0.0	0.0	0.0	0.0	0.7862119674682617	0.0	0.0	2.1257195472717285	0.0	0.0	0.605434238910675	0.0	1.027989149093628	1.4436142444610596	0.0	0.0	0.0	0.6981914639472961	0.0	0.0	0.0	0.0	0.8188304901123047	0.0	0.043972861021757126	2.919414758682251	0.42779541015625	0.0	0.0	0.0	1.1755001544952393	0.7683460116386414	0.0	0.0	1.175720453262329	0.0	0.0	0.0	0.0	0.0	0.0	0.0	0.0	0.0	0.17516200244426727	0.0	0.7572198510169983	0.0	1.8418514728546143	0.0	0.0	1.6056954860687256	0.0	0.0	0.0	0.0	0.0	0.0	0.482225626707077	0.0	1.1673611402511597	1.7682254314422607	0.3007814586162567	0.0	1.8788954019546509	0.0	0.0	0.0	1.7668023109436035	0.5365018844604492	2.214794874191284	0.6747979521751404	0.0	0.0	0.0	1.1209908723831177	0.0	2.1249473094940186	0.7220840454101562	0.0	0.0	0.1121719628572464	1.0205986499786377	0.0	0.0	0.0	0.0	0.0	1.4896690845489502	0.0	0.0	0.0	1.7319731712341309	1.252822756767273	0.8243047595024109	0.0	0.36050498485565186	0.0	0.0	1.0954720973968506	0.0	0.0	0.0	0.0	0.0	0.0
0.0	0.0	0.0	0.12430153042078018	1.0850944519042969	0.0	0.0	0.0	1.3344533443450928	0.0	2.0856130123138428	0.0	0.0	0.0	0.5350875854492188	1.6519584655761719	2.2150754928588867	0.7448444366455078	0.3133075535297394	0.0	0.1803112030029297	0.0	0.0	0.32203957438468933	0.0	0.0	0.12419889867305756	0.0	0.8749874234199524	0.0	0.27217283844947815	1.4282827377319336	0.0	0.26527824997901917	0.0	0.2880896329879761	0.0	0.0	0.40063318610191345	0.0	0.0	0.0	0.0	1.0889155864715576	0.0	0.0	2.185945510864258	0.0	0.0	1.096891164779663	0.0	0.0	0.0	0.10892470180988312	0.0	0.0	0.0	0.4095920920372009	0.0	1.0612186193466187	0.0	0.0	0.0	0.0	0.0	0.0	0.0	0.0	0.0	0.0	0.8761082291603088	0.0	0.0	1.0256311893463135	0.0	0.0	0.0	0.3858809173107147	0.0	0.2609408497810364	0.36183488368988037	0.0	1.9440698623657227	0.0	0.23601675033569336	0.0	0.0	0.0	1.4676501750946045	0.0	0.0	0.0	0.0	0.28889936208724976	0.0	0.0	0.0	0.32610225677490234	0.0	0.0	0.0	1.599095106124878	0.0	0.45238620042800903	0.0	0.0	0.6224250793457031	1.3997730016708374	0.0	0.8460515737533569	0.0	0.0	0.0	0.0	0.0	0.0	1.366300106048584	0.0	0.6506254076957703	0.0	0.0	0.7543749809265137	0.0	1.2111986875534058	0.8292083740234375	1.5657739639282227	0.0	0.0	0.0	2.0582361221313477	0.0	0.0	0.908800482749939	0.0	0.0	2.0713088512420654	1.0235134363174438	0.0	0.0	0.0	0.0	0.0	0.0	0.09132476896047592	0.0	0.0	1.3484219312667847	0.0	0.0	1.5441831350326538	0.0	1.3620089292526245	0.0	0.0	0.0	0.0	0.0	2.2646889686584473	0.0	0.0	0.31320711970329285	0.7047324776649475	0.03120424412190914	1.0114582777023315	0.0	0.0	0.0	0.93305903673172	0.0	0.0	0.0	0.0	0.0	0.0	0.0	3.6274211406707764	2.220402956008911	0.0	0.0	0.0	1.231451392173767	0.0	0.0	0.0	0.0	0.0	0.0	0.0	0.0	0.0	0.0	0.0	0.0	0.0	0.0	0.0	0.05091186612844467	0.0	1.1443793773651123	0.0	0.0	3.3648970127105713	0.0	0.0	0.0	0.0	0.0	0.0	0.695002555847168	0.0	2.2366886138916016	2.1893632411956787	0.28033486008644104	0.0	1.6329129934310913	0.0	0.0	0.0	0.36185795068740845	0.0	1.770176649093628	1.2199363708496094	0.0	0.0	0.0	0.0	0.5820000767707825	0.13329918682575226	0.0	0.0	0.0	1.6246283054351807	1.766072392463684	0.08076676726341248	0.0	0.0	0.0	0.0	1.9009822607040405	0.0	0.0	0.0	0.10368207842111588	2.3622915744781494	0.0	0.0	1.9654319286346436	0.0	0.0	0.0	0.0	0.0	0.0	0.9277063012123108	0.0	0.0
0.0	0.0	0.033332496881484985	0.0	0.13510607182979584	0.0	0.5795909762382507	0.0	0.4488518536090851	0.46739834547042847	0.042932916432619095	0.0	0.4730575680732727	0.41226691007614136	0.05925292149186134	0.5451017022132874	0.0386553518474102	0.47428175806999207	0.3373708724975586	0.31356000900268555	0.4492418169975281	0.11146853119134903	0.0	0.6388658285140991	0.0	0.0	0.5566319823265076	0.19836464524269104	0.45086953043937683	0.4006836414337158	0.525983989238739	0.4314519464969635	0.0	0.49247393012046814	0.0	0.31352758407592773	0.24108262360095978	0.0	0.5935623049736023	0.27235090732574463	0.0	0.0	0.0	0.0	0.0	0.0	0.13774681091308594	0.0	0.0	0.08642657846212387	0.0	0.0	0.0	0.04863297939300537	0.30013203620910645	0.0	0.0	0.428754597902298	0.7169618606567383	0.09855040162801743	0.0	0.0	0.0	0.23513257503509521	0.0	0.0	0.0	0.0	0.0	0.2509320378303528	0.50105220079422	0.0	0.0	0.16978682577610016	0.0	0.0	0.31335732340812683	0.26894521713256836	0.0	0.4009913206100464	0.0	0.0	0.3261832296848297	0.2582656145095825	0.7097514867782593	0.0	0.576774537563324	0.0	0.0	0.0	0.0	0.40883445739746094	0.0	0.366828590631485	0.0	0.2822149395942688	0.6486085653305054	0.5153732299804688	0.0	0.0	0.0	0.0	0.0	0.4487691819667816	0.0	0.0	0.3521580994129181	0.07615967094898224	0.0	0.0	0.0	0.014659586362540722	0.0	0.0	0.0	0.0	0.29576897621154785	0.0	0.0	0.0	0.19470316171646118	0.43926897644996643	0.0	0.03290097042918205	0.0	0.17656473815441132	0.0	0.0	0.0	0.040872227400541306	0.04192512854933739	0.0	0.21383611857891083	0.0	0.0	0.08231596648693085	0.4214825928211212	0.0	0.0	0.12992997467517853	0.0	0.0	0.0	0.8439071178436279	0.624464750289917	0.0	0.21066966652870178	0.0	0.0	0.14734573662281036	0.0	0.09209441393613815	0.0	0.0	0.3686361014842987	0.0	0.0	0.47464343905448914	0.0	0.0	0.3697696924209595	0.44189178943634033	0.43545016646385193	0.3518143892288208	0.34950488805770874	0.0	0.22024527192115784	0.6094031929969788	0.0	0.0	0.0	0.0	0.08266876637935638	0.0	0.590349555015564	0.34711453318595886	0.11130113154649734	0.0	0.0	0.2475237399339676	0.4013296067714691	0.4553084969520569	0.0	0.0	0.4138833284378052	0.0	0.0	0.0	0.0	0.0	0.0	0.0	0.0	0.0	0.3249824643135071	0.0	0.265087366104126	0.0	0.36558085680007935	0.4531492292881012	0.0	0.1490289866924286	0.0	0.0	0.0	0.0	0.0	0.0	0.38989168405532837	0.0	0.10948210954666138	0.4336376488208771	0.33561229705810547	0.0	0.48753324151039124	0.0	0.0	0.0	0.5274810791015625	0.45278120040893555	0.21304510533809662	0.3140983581542969	0.0	0.0	0.0	0.32749372720718384	0.27837935090065	0.3768610954284668	0.4999735355377197	0.0	0.0	0.0	0.3748893141746521	0.44754281640052795	0.0	0.0	0.0	0.0	0.2528919577598572	0.0	0.0	0.0	0.4297415018081665	0.13993240892887115	0.7362552881240845	0.0	0.25249743461608887	0.0	0.3578453063964844	0.36068642139434814	0.0	0.3152182102203369	0.0	0.0	0.0	0.0
0.0	0.0	0.0	0.21589012444019318	0.0	0.0	1.8728971481323242	0.0	0.48418572545051575	0.3331838846206665	0.0	0.0	1.0285736322402954	0.07243789732456207	0.0	0.04284987971186638	0.562857449054718	2.3528735637664795	2.079279899597168	1.0183343887329102	2.0059256553649902	2.1957907676696777	0.0	0.9062200784683228	0.0	0.0	1.7384185791015625	0.3141278624534607	1.6846035718917847	0.0	0.7336301207542419	1.1451398134231567	0.0	2.6626062393188477	0.0	0.7645791172981262	2.1305503845214844	0.0	2.7165348529815674	1.478062629699707	0.0	0.0	0.0	0.0	0.0	0.0	1.204832673072815	0.0	0.0	0.0	0.0	0.0	0.0	1.4406358003616333	2.7256276607513428	0.0	0.0	0.5559015870094299	1.8369197845458984	1.1615811586380005	0.0	0.0	0.0	0.6365244388580322	0.0	0.0	0.0	0.0	0.0	2.3296732902526855	0.7427464723587036	0.0	0.0	0.16522006690502167	0.0	0.0	0.9484611749649048	0.0	0.0	0.8991172909736633	0.3410775661468506	0.0	0.7642936110496521	1.1887730360031128	2.1774158477783203	0.0	2.3361880779266357	0.0	0.24031919240951538	0.0	0.0	1.7033817768096924	0.0	2.445051431655884	0.0	1.246665596961975	1.3817319869995117	1.0305718183517456	0.0	0.0	0.0	0.0	0.0	2.4196624755859375	0.0	0.0	0.8838925361633301	0.0	0.0	0.0	0.0	0.0	0.0	0.0	0.0	0.1072748526930809	0.23792396485805511	0.0	0.0	0.0	0.8409388661384583	0.22842736542224884	0.0	1.218611717224121	1.7922649383544922	0.0	0.0	0.0	0.0	0.0	0.0	0.0	0.6372438073158264	0.0	0.0	0.18466193974018097	0.6607648730278015	0.0	0.0	1.3355822563171387	0.0	0.0	0.0	0.32383325695991516	0.1416424661874771	0.0	1.0367114543914795	0.0	0.0	1.1448166370391846	0.0	0.0	0.0	0.0	2.1571266651153564	0.0	0.0	0.7927355170249939	0.0	0.0	2.010045051574707	0.6438749432563782	0.9212717413902283	0.8907211422920227	0.3833988606929779	0.0	1.967475414276123	0.7280958294868469	0.0	0.0	0.0	0.0	1.1704870462417603	0.0	0.0	1.3836195468902588	0.0	0.0	0.0	0.0	0.04992014169692993	1.4480825662612915	0.0	0.0	2.795659065246582	0.0	0.0	0.0	0.0	0.0	0.0	0.0	0.0	0.0	0.7689516544342041	0.0	2.7806026935577393	0.0	0.25609922409057617	1.2928268909454346	0.0	1.571159839630127	0.0	0.0	0.0	0.0	0.0	0.0	0.0	0.0	0.0	1.0450810194015503	0.13482394814491272	0.0	1.1044999361038208	0.0	0.0	0.0	3.185976982116699	1.2191283702850342	0.532515823841095	0.0	0.0	0.0	0.0	2.489713191986084	0.0	1.77788245677948	1.635711431503296	0.0	0.0	0.0	0.0	0.3446325361728668	0.0	0.0	0.0	0.0	0.0	0.0	0.0	0.0	1.6346153020858765	0.0	2.4379687309265137	0.0	0.3112076222896576	0.0	1.0631687641143799	0.7773371934890747	0.0	0.0	0.0	0.0	0.0	0.0
0.0	0.0	0.0	0.8718967437744141	0.0	0.0	1.7290323972702026	0.0	2.190664529800415	0.25263628363609314	1.5237832069396973	0.0	0.7874971628189087	0.9148902297019958	0.05560161918401718	2.457064390182495	2.1047778129577637	1.9802415370941162	1.6021963357925415	0.0	1.520302176475525	0.03706799075007439	0.0	0.6849809288978577	0.0	0.0	1.3489083051681519	0.0	2.01145076751709	0.5025695562362671	2.000673532485962	0.5829734206199646	0.0	1.3195292949676514	0.0	0.0	0.2962544858455658	0.0	1.6788301467895508	0.6393600702285767	0.0	0.0	0.0	0.2664650082588196	0.0	0.0	2.585317611694336	0.0	0.0	0.11906597018241882	0.0	0.0	0.0	1.62814199924469	1.0386368036270142	0.0	0.0	0.006734286434948444	0.16408053040504456	1.9899725914001465	0.0	0.0	0.0	0.0	0.0	0.0	0.0	0.0	0.0	0.7822692394256592	1.1732771396636963	0.0	0.0	0.20203129947185516	0.0	0.0	0.5516559481620789	0.0	0.0	0.6011209487915039	0.0	0.0	2.3708760738372803	0.8592677712440491	1.4660744667053223	0.0	1.834843635559082	0.0	1.4500027894973755	0.0	0.0	0.0	0.0	0.3666839599609375	0.0	0.03985201567411423	1.389546513557434	0.6066641807556152	0.0	0.0	0.0	0.0	0.0	1.5034306049346924	0.0	0.0	2.1251325607299805	0.7477669715881348	0.0	0.0	0.0	0.0	0.0	0.0	0.0	0.0	1.0415921211242676	0.0	0.0	0.0	0.74696284532547	0.8595995903015137	0.0	0.0	0.8894166350364685	0.9367888569831848	0.0	0.0	0.0	0.17123860120773315	0.0	0.0	0.9165295958518982	0.0	0.0	1.437911868095398	0.5786340832710266	0.0	0.0	0.38437560200691223	0.0	0.0	0.0	1.2418887615203857	0.0	0.0	2.9391438961029053	0.0	0.0	0.0	0.0	0.0	0.0	0.0	0.20258815586566925	0.0	0.0	2.5486958026885986	0.0	0.0	1.1454709768295288	0.697147011756897	0.8564247488975525	1.4649385213851929	0.0	0.0	0.0	1.1285889148712158	0.0	0.0	0.0	0.0	0.40849119424819946	0.0	0.0	2.8920035362243652	0.869665265083313	0.0	0.0	0.0	1.5907323360443115	1.1659934520721436	0.0	0.0	1.3641337156295776	0.0	0.0	0.0	0.0	0.0	0.0	0.0	0.0	0.0	0.10055729746818542	0.0	0.980739414691925	0.0	2.2068886756896973	0.4977276027202606	0.0	2.5472190380096436	0.0	0.0	0.0	0.0	0.0	0.0	0.7754376530647278	0.0	1.5840321779251099	1.95805823802948	0.16808834671974182	0.0	2.705730438232422	0.0	0.0	0.0	2.3377773761749268	0.6639061570167542	2.1144795417785645	1.216119647026062	0.0	0.0	0.0	1.567301869392395	0.1018291711807251	2.085754871368408	0.9846756458282471	0.0	0.0	0.2474793642759323	0.5741192102432251	0.0	0.0	0.0	0.0	0.0	1.7200171947479248	0.0	0.0	0.0	1.144339919090271	1.4465553760528564	1.506099820137024	0.0	1.13529372215271	0.0	0.0	0.7899428009986877	0.0	0.0	0.0	0.34374263882637024	0.0	0.0
0.0	0.0	0.0	0.0	0.19535617530345917	0.0	1.9294848442077637	0.0	1.4508289098739624	0.24898527562618256	0.9249967336654663	0.0	0.5049147605895996	0.22282470762729645	0.18344298005104065	1.5189852714538574	1.4193603992462158	1.6521589756011963	1.5067393779754639	0.0	1.6703004837036133	0.7618430852890015	0.0	0.07132040709257126	0.0	0.0	0.9993138909339905	0.0	2.4418816566467285	0.0	0.7786446213722229	0.7568813562393188	0.0	2.1653783321380615	0.0	0.588648796081543	1.0526257753372192	0.0	2.208343029022217	0.04186878353357315	0.0	0.0	0.0	0.0	0.0	0.0	1.4582139253616333	0.0	0.0	0.0	0.0	0.0	0.0	1.3421761989593506	1.3964787721633911	0.0	0.0	0.0	0.17748360335826874	1.7199723720550537	0.0	0.0	0.0	0.0	0.0	0.0	0.0	0.0	0.0	1.4818450212478638	0.8809124827384949	0.0	0.0	0.6770185232162476	0.0	0.0	0.3301134407520294	0.5825130939483643	0.0	0.008926428854465485	0.7983283996582031	0.0	1.9114785194396973	0.44921717047691345	1.4692714214324951	0.0	1.8954416513442993	0.0	0.7073774337768555	0.0	0.0	0.0	0.0	0.7101019024848938	0.0	0.1780700832605362	1.216778039932251	0.1757546067237854	0.0	0.0	0.0	0.1878151297569275	0.0	2.196427822113037	0.0	0.0	1.5976530313491821	0.5536959171295166	0.0	0.0	0.0	0.0	0.0	0.0	0.0	0.0	1.6622200012207031	0.0	0.0488034226000309	0.0	0.350065678358078	0.27655670046806335	0.0	0.8138366937637329	1.9496575593948364	1.1575419902801514	0.0	0.0	0.0	0.0	0.0	0.0	1.2001341581344604	0.0	0.0	1.0196647644042969	0.6920462250709534	0.0	0.0	1.2255409955978394	0.0	0.0	0.0	0.5669304132461548	0.0	0.0	1.3775817155838013	0.0	0.0	0.366441935300827	0.0	0.7682750225067139	0.0	0.0	0.9471362233161926	0.0	0.0	2.3954949378967285	0.0	0.0	0.5338039398193359	1.1420449018478394	0.3885289430618286	0.9420784711837769	0.0	0.0	0.1293150931596756	1.5760418176651	0.0	0.0	0.0	0.0	1.1470415592193604	0.0	0.0	4.202367305755615	1.442582607269287	0.0	0.0	0.0	0.9890735745429993	0.6105300188064575	0.0	0.0	1.0538586378097534	0.0	0.0	0.0	0.0	0.0	0.0	0.0	0.0	0.0	0.0	0.0	1.043136715888977	0.0	1.8464628458023071	0.43163880705833435	0.0	2.047760486602783	0.0	0.0	0.0	0.0	0.0	0.0	1.4354302883148193	0.0	1.3730883598327637	1.3680603504180908	0.38856035470962524	0.0	2.3690075874328613	0.0	0.0	0.0	2.2343506813049316	0.709583580493927	2.0349771976470947	1.0394827127456665	0.0	0.0	0.0	2.3111135959625244	0.5456358790397644	1.9629168510437012	0.632338285446167	0.0	0.0	0.7159547805786133	1.6008508205413818	0.0	0.0	0.0	0.0	0.0	1.1669892072677612	0.0	0.0	0.0	1.099895715713501	1.2199530601501465	1.8442832231521606	0.0	1.6765044927597046	0.0	0.0	0.0	0.0	0.0	0.0	0.6281680464744568	0.0	0.0
0.0	0.0	0.0	0.8458090424537659	0.6944900751113892	0.0	1.772405982017517	0.0	1.0134851932525635	0.33222657442092896	1.525404930114746	0.0	0.598983108997345	1.8997348546981812	0.7250698208808899	2.4990241527557373	1.8874773979187012	1.2738598585128784	1.1489475965499878	0.5406380891799927	1.2845606803894043	0.0	0.0	0.9638651609420776	0.0	0.0	1.2802711725234985	0.0	1.89298677444458	0.46234026551246643	0.34209123253822327	0.26281383633613586	0.0	0.3572773337364197	0.0	0.0	0.05192168056964874	0.0	1.7665860652923584	0.8729444146156311	0.0	0.0	0.0	0.07750891894102097	0.0	0.0	1.4318255186080933	0.0	0.0	0.09182371944189072	0.0	0.0	0.0	0.19669845700263977	0.49677610397338867	0.0	0.0	0.8658586144447327	0.11564714461565018	1.22252357006073	0.0	0.0	0.0	0.0	0.0	0.0	0.0	0.0	0.0	0.16963770985603333	1.580706000328064	0.0	0.0	0.5369008779525757	0.0	0.0	0.8462967276573181	0.7654629349708557	0.0	1.0462208986282349	0.033447518944740295	0.0	1.603352427482605	0.3770301342010498	1.2580575942993164	0.0	0.9272440671920776	0.0	0.8371684551239014	0.0	0.0	0.0	0.0	0.5408498644828796	0.0	0.05513899028301239	0.5862556099891663	0.6761612296104431	0.0	0.0	0.0	0.0	0.0	0.9826987385749817	0.0	0.0	1.7112990617752075	0.5577700138092041	0.0	0.0	0.0	0.0	0.0	0.0	0.0	0.0	2.218721628189087	0.0	0.0	0.0	0.8620020747184753	1.2969297170639038	0.0	0.0	0.0	1.9030790328979492	0.0	0.0	0.0	0.7106733322143555	0.0	0.0	0.9713860750198364	0.0	0.0	2.892360210418701	1.47721266746521	0.0	0.0	0.0	0.0	0.0	0.0	0.59748375415802	0.0	0.0	2.5706279277801514	0.0	0.0	0.6162446737289429	0.0	0.2292257696390152	0.0	0.0	0.0	0.0	0.0	2.9305927753448486	0.0	0.0	1.2097076177597046	1.106203317642212	1.3119593858718872	1.699718952178955	0.0	0.0	0.0	1.2926281690597534	0.0	0.0	0.0	0.0	0.6554203033447266	0.0	0.0	2.932187795639038	1.1985976696014404	0.0	0.0	0.0	1.5178544521331787	0.0	0.0	0.0	1.2617249488830566	0.0	0.0	0.0	0.0	0.0	0.0	0.0	0.0	0.0	0.8804246783256531	0.0	0.6025116443634033	0.0	2.2527894973754883	0.5451463460922241	0.0	1.954845666885376	0.0	0.0	0.0	0.0	0.0	0.0	1.06282377243042	0.0	2.135889768600464	2.984781265258789	0.6581480503082275	0.0	1.9831072092056274	0.0	0.0	0.0	1.8023700714111328	0.5749624967575073	1.8002108335494995	1.4550062417984009	0.0	0.0	0.0	0.853796660900116	0.2647766172885895	1.1675299406051636	0.08403317630290985	0.0	0.0	0.6424122452735901	1.1262269020080566	0.0	0.0	0.0	0.0	0.0	2.482156991958618	0.0	0.0	0.0	0.2826319634914398	1.6539866924285889	1.1637213230133057	0.0	1.3006863594055176	0.0	0.0	0.21715636551380157	0.0	0.0	0.0	0.0	0.0	0.0
0.0	0.0	0.0	0.1769888550043106	0.0	0.0	1.3353524208068848	0.0	1.3200314044952393	0.0	2.4572644233703613	0.0	0.9209853410720825	0.8747895359992981	0.5930571556091309	1.6562013626098633	2.368062973022461	1.0887212753295898	1.1759778261184692	0.3367551863193512	0.7421883344650269	0.21542607247829437	0.0	0.9643662571907043	0.0	0.0	1.1290771961212158	0.0	1.5164262056350708	0.018593277782201767	0.6346831321716309	0.7408324480056763	0.0	0.6920368075370789	0.0	0.13608919084072113	0.6811643838882446	0.0	0.8766108751296997	0.5072324872016907	0.0	0.0	0.0	0.0	0.0	0.0	2.053051233291626	0.0	0.0	0.4249054193496704	0.0	0.0	0.0	1.1784096956253052	0.5040845274925232	0.0	0.0	0.9576324224472046	0.17219623923301697	1.6164116859436035	0.0	0.0	0.0	0.0	0.0	0.0	0.0	0.0	0.0	0.6365765929222107	0.293535977602005	0.0	0.0	0.3211604356765747	0.0	0.0	0.7418252229690552	0.0	0.0	0.8582037091255188	0.0	0.0	1.6625956296920776	0.5177571177482605	1.348779320716858	0.0	1.2130661010742188	0.0	1.3029462099075317	0.0	0.0	0.0	0.0	0.8366323113441467	0.0	0.6255542635917664	0.5929220914840698	0.6044273376464844	0.0	0.0	0.0	0.11573836207389832	0.0	1.0968987941741943	0.0	0.0	1.7730534076690674	1.1962567567825317	0.0	0.4593522548675537	0.0	0.0	0.0	0.0	0.0	0.0	0.8666673898696899	0.0	0.0	0.0	1.3915749788284302	0.9121947288513184	0.0	0.9696500301361084	1.002474308013916	0.9776365160942078	0.0	0.0	0.0	0.2160901427268982	0.0	0.0	1.1144611835479736	0.0	0.0	1.282707691192627	1.5457733869552612	0.0	0.0	0.0	0.0	0.0	0.0	0.3615275025367737	0.0	0.0	1.8447037935256958	0.0	0.0	0.7485393285751343	0.0	0.23041510581970215	0.0	0.0	0.33847466111183167	0.0	0.0	2.364896535873413	0.0	0.0	1.0893405675888062	0.8925884962081909	1.1690661907196045	1.2980595827102661	0.0	0.0	0.6256879568099976	0.9989997148513794	0.0	0.0	0.0	0.0	0.5764327049255371	0.0	0.0	3.0924675464630127	1.0018377304077148	0.0	0.0	0.0	1.3439111709594727	0.8048237562179565	0.0	0.0	0.8562815189361572	0.0	0.0	0.0	0.0	0.0	0.0	0.0	0.0	0.0	0.23690249025821686	0.0	0.4022539258003235	0.0	1.4517232179641724	0.02461114339530468	0.0	2.4316766262054443	0.0	0.0	0.0	0.0	0.0	0.0	0.6856813430786133	0.0	1.065457820892334	1.7771403789520264	0.0	0.0	2.048295736312866	0.0	0.0	0.0	1.3663583993911743	0.3150146007537842	2.442720651626587	0.7044961452484131	0.0	0.0	0.0	1.0265116691589355	0.0	1.3803704977035522	0.15386435389518738	0.0	0.0	0.7067163586616516	1.0393304824829102	0.15587970614433289	0.0	0.0	0.0	0.0	1.6586155891418457	0.0	0.0	0.0	1.1172977685928345	1.6253234148025513	0.7904240489006042	0.0	1.164722204208374	0.0	0.0042634084820747375	0.0	0.0	0.0	0.0	0.0	0.0	0.0
0.0	0.0	0.0	0.3725469410419464	0.0	0.0	2.327728509902954	0.0	1.7143945693969727	0.5739126205444336	1.2801756858825684	0.0	0.7313758730888367	0.773261308670044	0.0	2.0561158657073975	1.7013267278671265	1.3463513851165771	0.9939097762107849	0.0	1.0468977689743042	0.49949100613594055	0.0	0.9409556984901428	0.0	0.0	0.9954105615615845	0.0	1.6035369634628296	0.3131304681301117	0.9605796933174133	0.0	0.0	1.451655626296997	0.0	0.41567009687423706	0.5440888404846191	0.0	1.4873958826065063	0.484168142080307	0.0	0.0	0.0	0.0	0.0	0.0	1.0818301439285278	0.0	0.0	0.0	0.0	0.0	0.0	0.9608364105224609	1.3537222146987915	0.0	0.0	0.6595396995544434	0.0	1.6484746932983398	0.0	0.0	0.0	0.0	0.0	0.0	0.0	0.0	0.0	0.9419173002243042	0.6550207734107971	0.0	0.0	0.26405373215675354	0.0	0.0	0.2755214273929596	0.3400920331478119	0.0	0.15327484905719757	0.33776718378067017	0.0	1.973616361618042	0.8982090353965759	1.0987296104431152	0.0	1.7766175270080566	0.0	1.5131359100341797	0.0	0.0	0.0	0.0	0.5069089531898499	0.0	0.654309093952179	1.352852702140808	0.12041531503200531	0.0	0.0	0.0	0.20657116174697876	0.0	1.3904304504394531	0.0	0.0	2.1615676879882812	0.6763889789581299	0.0	0.0	0.0	0.0	0.0	0.0	0.0	0.0	1.0820633172988892	0.0	0.0	0.0	0.4435442090034485	0.8337727785110474	0.0	0.1548212468624115	1.2100025415420532	0.6910685896873474	0.0	0.0	0.0	0.0	0.0	0.0	0.19061732292175293	0.0	0.0	0.6517442464828491	0.5259442925453186	0.0	0.0	0.6622847318649292	0.0	0.0	0.0	1.46771240234375	0.6108405590057373	0.0	1.789628505706787	0.0	0.0	0.034921400249004364	0.0	0.0	0.0	0.0	0.9868221879005432	0.0	0.0	1.7269551753997803	0.0	0.0	0.5074685215950012	0.825301468372345	0.2459329217672348	0.9064648747444153	0.023028278723359108	0.0	0.0	0.7822363376617432	0.0	0.0	0.0	0.0	0.6457816362380981	0.0	0.0	2.275712251663208	0.7917452454566956	0.0	0.0	0.0	0.9260018467903137	1.141158103942871	0.0	0.0	0.9305757284164429	0.0	0.0	0.0	0.0	0.0	0.0	0.0	0.0	0.0	0.09104475378990173	0.0	0.8258178234100342	0.0	1.2855720520019531	0.0	0.0	1.0835355520248413	0.0	0.0	0.0	0.0	0.0	0.0	0.38103458285331726	0.0	0.3331906497478485	1.2990554571151733	0.5022609233856201	0.0	1.9174683094024658	0.0	0.0	0.0	1.7581162452697754	0.3414173126220703	2.1092541217803955	0.8212878108024597	0.0	0.0	0.0	1.2461779117584229	0.19640401005744934	1.551898717880249	0.7671822905540466	0.0	0.0	0.15436644852161407	0.7342556715011597	0.5020584464073181	0.0	0.0	0.0	0.0	1.3872191905975342	0.0	0.0	0.0	0.9375022053718567	0.7556542158126831	1.2933788299560547	0.0	0.3998432457447052	0.0	0.0	0.0	0.0	0.0	0.0	0.5413858294487	0.0	0.0
0.0	0.0	0.0	1.3269721269607544	0.0	0.0	2.2472102642059326	0.0	1.8110594749450684	0.0	2.2348625659942627	0.0	0.5561167001724243	0.8677867650985718	0.0	2.7928855419158936	3.555338144302368	1.6942329406738281	0.8461897373199463	0.08327269554138184	1.8803493976593018	0.0	0.0	0.4016110599040985	0.0	0.0	0.7178522944450378	0.0	2.2878050804138184	0.2431694120168686	1.5395615100860596	0.5222617983818054	0.0	0.35079726576805115	0.0	0.0	0.0	0.0	1.4805569648742676	0.31811249256134033	0.0	0.0	0.0	0.5926120281219482	0.0	0.0	3.0392210483551025	0.0	0.0	0.0	0.0	0.0	0.0	0.9927522540092468	1.0099527835845947	0.0	0.0	0.0051773544400930405	0.0	2.1245810985565186	0.0	0.0	0.0	0.0	0.0	0.0	0.0	0.0	0.0	0.0	1.2004841566085815	0.0	0.0	0.43266573548316956	0.0	0.0	0.2208700031042099	0.023371517658233643	0.0	0.10552259534597397	0.0	0.0	2.4331536293029785	0.0	1.0227086544036865	0.0	1.5339269638061523	0.0	2.232358455657959	0.0	0.0	0.0	0.0	0.0	0.0	0.0	1.2129865884780884	0.9563572406768799	0.0	0.0	0.0	0.5463112592697144	0.0	0.7794293761253357	0.0	0.0	2.389636278152466	0.7289767861366272	0.0	0.8956069946289062	0.0	0.0	0.0	0.0	0.0	0.0	1.7273225784301758	0.0	0.6364046931266785	0.0	0.34858518838882446	0.9669261574745178	0.0	0.0	1.2691574096679688	1.2695749998092651	0.0	0.0	0.0	0.34551435708999634	0.0	0.0	0.5138474702835083	0.0	0.0	1.5170787572860718	0.7885841131210327	0.0	0.0	0.0	0.0	0.0	0.0	1.0402625799179077	0.0	0.0	3.239743232727051	0.0	0.0	0.3801388442516327	0.0	0.6845400333404541	0.0	0.0	0.0	0.0	0.0	2.9202635288238525	0.0	0.0	0.5633123517036438	0.6579545736312866	0.4054739773273468	1.8888587951660156	0.0	0.0	0.0	0.7630301713943481	0.0	0.0	0.0	0.0	0.8055551052093506	0.0	0.0	4.634169578552246	2.0849103927612305	0.0	0.0	0.0	1.7176905870437622	0.34853020310401917	0.0	0.0	0.7800636291503906	0.0	0.0	0.0	0.0	0.0	0.0	0.0	0.0	0.0	0.0	0.0	0.33700987696647644	0.0	2.2090744972229004	0.38591763377189636	0.0	3.1263866424560547	0.0	0.0	0.0	0.0	0.0	0.0	1.2298052310943604	0.0	1.7984997034072876	3.2138733863830566	0.2651885151863098	0.0	2.993666172027588	0.0	0.0	0.0	1.7539780139923096	0.16110414266586304	2.908217191696167	1.4412981271743774	0.0	0.0	0.0	0.9015006422996521	0.04120686650276184	2.1654093265533447	0.043603409081697464	0.0	0.0	0.6221232414245605	1.398215651512146	0.18544113636016846	0.0	0.0	0.0	0.0	2.053236484527588	0.0	0.0	0.0	1.4068963527679443	2.1244728565216064	0.7806596755981445	0.0	0.9386095404624939	0.0	0.0	0.4138573110103607	0.0	0.0	0.0	0.886502206325531	0.0	0.0
0.0	0.0	0.0	0.0	0.6688596606254578	0.0	0.6450421810150146	0.0	1.4084492921829224	0.0	1.3164713382720947	0.0	0.0	0.12057290971279144	0.0	1.6481680870056152	2.0069146156311035	1.0679603815078735	0.24923107028007507	0.0	0.38578522205352783	0.0	0.0	0.0	0.0	0.0	0.8621236085891724	0.0	1.4337726831436157	0.0	0.5282114148139954	1.0768741369247437	0.0	1.0568147897720337	0.0	0.0	0.011084177531301975	0.0	1.3099322319030762	0.0	0.0	0.0	0.0	0.9051070213317871	0.0	0.0	2.2556049823760986	0.0	0.0	0.6171845197677612	0.0	0.0	0.0	0.9023328423500061	0.21935109794139862	0.0	0.0	0.0	0.0	1.4490885734558105	0.0	0.0	0.0	0.0	0.0	0.0	0.0	0.0	0.0	0.3894768953323364	1.2071493864059448	0.0	0.0	1.0514980554580688	0.0	0.0	0.0	0.795783281326294	0.0	0.0	0.26663997769355774	0.0	1.8407918214797974	0.2531168460845947	1.0558351278305054	0.0	0.7561407089233398	0.0	1.2526307106018066	0.0	0.0	0.0	0.0	0.04223453998565674	0.0	0.14182353019714355	0.15547841787338257	0.40221574902534485	0.0	0.0	0.0	0.4804929494857788	0.0	1.095968246459961	0.0	0.0	0.9524293541908264	1.224575161933899	0.0	0.44577017426490784	0.0	0.0	0.0	0.0	0.0	0.0	1.5115833282470703	0.0	0.37752968072891235	0.0	0.04244375228881836	0.0	0.0	1.3524105548858643	0.609353244304657	2.149256706237793	0.0	0.0	0.0	1.1508418321609497	0.0	0.0	0.8411343693733215	0.0	0.0	1.8335232734680176	0.5986584424972534	0.0	0.0	0.3835849463939667	0.0	0.0	0.0	0.0	0.0	0.0	1.1581907272338867	0.0	0.0	0.31175488233566284	0.0	1.3011003732681274	0.0	0.0	0.0	0.0	0.0	2.5029449462890625	0.0	0.0	0.8509075045585632	1.065691590309143	0.20478545129299164	0.7357417345046997	0.0	0.0	0.0	1.4290851354599	0.0	0.0	0.0	0.0	0.16766875982284546	0.0	0.0	3.9922947883605957	2.221139907836914	0.0	0.0	0.0	0.9396198391914368	0.0	0.0	0.0	0.37965521216392517	0.0	0.0	0.0	0.0	0.0	0.0	0.0	0.0	0.0	0.0	0.0	0.0	0.0	1.6874394416809082	0.0	0.0	3.077432155609131	0.0	0.0	0.0	0.0	0.0	0.0	0.6540905237197876	0.0	1.6144037246704102	1.8300502300262451	0.0	0.0	2.2686378955841064	0.0	0.0	0.0	0.8565208911895752	0.0	1.8571016788482666	1.5894290208816528	0.0	0.0	0.0	0.6818760633468628	0.4036935567855835	0.5041050910949707	0.0	0.0	0.0	1.4264793395996094	1.8608880043029785	0.03625619411468506	0.0	0.0	0.0	0.0	1.6321300268173218	0.0	0.0	0.0	0.21076416969299316	1.736693263053894	0.18511459231376648	0.0	1.4396716356277466	0.0	0.0	0.0	0.0	0.0	0.0	0.8587906360626221	0.0	0.0
0.0	0.0	0.0	0.24003411829471588	0.11597730219364166	0.0	1.956528902053833	0.0	0.92707359790802	0.5477895140647888	0.5182782411575317	0.0	1.1909648180007935	0.5337178111076355	0.0	1.238395094871521	0.9618956446647644	1.351982593536377	1.2862988710403442	0.4468136131763458	1.8020787239074707	0.48688918352127075	0.0	0.6447837352752686	0.0	0.0	1.5877710580825806	0.0	0.9644399881362915	0.7645470499992371	1.0647155046463013	0.5221066474914551	0.0	1.3546050786972046	0.0	0.8204273581504822	0.5432905554771423	0.0	1.3695052862167358	1.0177003145217896	0.0	0.0	0.0	0.0	0.0	0.0	0.736923336982727	0.0	0.0	0.0	0.0	0.0	0.0	1.2441504001617432	1.0569709539413452	0.0	0.0	0.28773853182792664	0.5874500274658203	1.127160906791687	0.0	0.0	0.0	0.0	0.0	0.0	0.0	0.0	0.0	1.068089246749878	0.39375683665275574	0.0	0.0	0.1609252393245697	0.0	0.0	1.2614020109176636	0.04906989261507988	0.0	0.7635717391967773	0.34218522906303406	0.0	1.2156884670257568	0.7386000752449036	1.1610870361328125	0.0	2.1366093158721924	0.0	0.2782810926437378	0.0	0.0	0.4099399149417877	0.0	0.938249945640564	0.0	0.7063368558883667	1.4373751878738403	0.5669295191764832	0.0	0.0	0.0	0.0	0.0	1.8229286670684814	0.0	0.0	1.174904465675354	0.29691222310066223	0.0	0.0	0.0	0.0	0.0	0.0	0.0	0.0	0.5497926473617554	0.0	0.0	0.0	0.07337643951177597	0.7104071378707886	0.0	0.360869824886322	0.8668259382247925	0.0	0.0	0.0	0.0	0.0	0.0	0.0	0.27360889315605164	0.0	0.0	0.8953396081924438	0.7829571962356567	0.0	0.0	1.1876120567321777	0.0	0.0	0.0	1.0097906589508057	0.05423368886113167	0.0	1.4819906949996948	0.0	0.0	0.2656606435775757	0.0	0.0	0.0	0.0	0.7473602294921875	0.0	0.0	1.289367437362671	0.0	0.0	0.9508559107780457	0.723103940486908	1.0007116794586182	0.9817919135093689	0.0	0.0	0.5261600017547607	0.757371187210083	0.0	0.0	0.0	0.0	0.5341331958770752	0.0	0.4874114394187927	1.44790780544281	0.0	0.0	0.0	0.0	1.0870096683502197	1.004595398902893	0.0	0.0	1.0793524980545044	0.0	0.0	0.0	0.0	0.0	0.0	0.0	0.0	0.0	0.17854884266853333	0.0	1.1268672943115234	0.0	1.1097948551177979	0.7856833934783936	0.0	1.0513263940811157	0.0	0.0	0.0	0.0	0.0	0.0	0.6632824540138245	0.0	0.4791278541088104	1.0289584398269653	0.5195768475532532	0.0	0.9820343852043152	0.0	0.0	0.0	2.117894411087036	1.2276933193206787	1.3420120477676392	0.28005051612854004	0.0	0.0	0.0	1.4814928770065308	0.18565469980239868	0.761725664138794	0.9814256429672241	0.0	0.0	0.0	0.5317193269729614	0.4496556520462036	0.0	0.0	0.0	0.0	0.583371102809906	0.0	0.0	0.0	1.035394549369812	0.5265980958938599	1.757721185684204	0.0	0.5277723073959351	0.0	0.2335071563720703	0.5870375037193298	0.0	0.0	0.0	0.0	0.0	0.0
0.0	0.0	0.0	0.0	0.5468758940696716	0.0	1.8807908296585083	0.0	0.9143641591072083	1.2192010879516602	0.1782331019639969	0.0	0.9363204836845398	0.2987138628959656	0.022222556173801422	1.072094202041626	0.9447239637374878	1.0878980159759521	1.334547519683838	0.530012309551239	1.673184871673584	0.5352419018745422	0.0	1.3696465492248535	0.0	0.0	1.58579421043396	0.04931369051337242	1.7772853374481201	0.5645825862884521	1.1142977476119995	0.4791499078273773	0.0	1.8989413976669312	0.0	1.0062880516052246	0.9033578038215637	0.0	1.882523536682129	0.6249703764915466	0.0	0.0	0.0	0.0	0.0	0.0	0.45259523391723633	0.0	0.0	0.0	0.0	0.0	0.0	0.7642945647239685	1.670566201210022	0.0	0.0	0.45832371711730957	0.7541947960853577	1.0526012182235718	0.0	0.0	0.0	0.0	0.0	0.0	0.0	0.0	0.0	0.9010939002037048	0.9457284808158875	0.0	0.0	0.5252701044082642	0.0	0.0	0.6320451498031616	0.8838261365890503	0.0	0.8824112415313721	0.28299209475517273	0.0	1.5800104141235352	0.678723931312561	1.6750519275665283	0.0	1.988861083984375	0.0	0.4664280116558075	0.0	0.0	0.3188558518886566	0.0	1.3635985851287842	0.0	0.5978238582611084	1.612608790397644	1.0138119459152222	0.0	0.0	0.0	0.0	0.0	2.196464776992798	0.0	0.0	1.213749647140503	0.2761496901512146	0.0	0.0	0.0	0.0	0.0	0.0	0.0	0.0	1.2054976224899292	0.0	0.0	0.0	0.0	1.0876232385635376	0.0	0.6385129690170288	0.8023805618286133	0.7434714436531067	0.0	0.0	0.0	0.0	0.0	0.0	0.9294440150260925	0.0	0.0	0.6140114068984985	1.3082109689712524	0.0	0.0	1.0864406824111938	0.0	0.0	0.0	1.9800418615341187	0.4205054044723511	0.0	1.3706690073013306	0.0	0.0	0.0	0.0	0.0	0.0	0.0	1.3936885595321655	0.0	0.0	1.515226125717163	0.0	0.0	1.0205433368682861	1.4197357892990112	0.6879881620407104	1.3191155195236206	0.14297553896903992	0.0	0.32985740900039673	1.0189591646194458	0.0	0.0	0.0	0.0	0.4222645163536072	0.0	0.1859312504529953	2.4295451641082764	0.17678391933441162	0.0	0.0	0.0	1.5197211503982544	0.7852835655212402	0.0	0.0	1.6698355674743652	0.0	0.0	0.0	0.0	0.0	0.0	0.0	0.0	0.0	0.38058945536613464	0.0	1.2472259998321533	0.0	1.1715654134750366	0.9823832511901855	0.0	0.978757917881012	0.0	0.0	0.0	0.0	0.0	0.0	0.7564737200737	0.0	0.8975024223327637	1.4186524152755737	0.9398481249809265	0.0	1.545925259590149	0.0	0.0	0.0	2.0791916847229004	1.113749623298645	1.2024606466293335	0.3270876109600067	0.0	0.0	0.0	1.6755987405776978	0.4734158217906952	1.2217237949371338	1.0454514026641846	0.0	0.0	0.04791656509041786	0.822338342666626	0.16543270647525787	0.0	0.0	0.0	0.0	0.7906239628791809	0.0	0.0	0.0	0.8421961665153503	0.9364635944366455	1.8551939725875854	0.0	0.9053838849067688	0.0	0.3165629804134369	0.6967511177062988	0.0	0.0	0.0	0.0	0.0	0.0
0.0	0.0	0.0	0.08005743473768234	0.4321276843547821	0.0	0.859178364276886	0.0	1.7798221111297607	0.0	2.306044816970825	0.0	0.2055753469467163	0.1466607004404068	0.7647528052330017	2.8246405124664307	2.034538507461548	0.7383551597595215	0.4641101062297821	0.0	0.22596792876720428	0.0	0.0	0.4740176796913147	0.0	0.0	0.17517401278018951	0.0	0.8614963889122009	0.6891435980796814	1.4510542154312134	0.7465083599090576	0.0	0.0	0.0	0.0	0.0	0.0	0.5003053545951843	0.0	0.0	0.0	0.0	1.299793004989624	0.0	0.0	2.1435017585754395	0.0	0.0	0.6307331919670105	0.0	0.0	0.0	0.6587716341018677	0.0	0.0	0.0	0.0012577105080708861	0.0	1.3330591917037964	0.0	0.0	0.0	0.0	0.0	0.0	0.0	0.0	0.0	0.0	1.259848713874817	0.0	0.0	0.5573181509971619	0.0	0.0	0.2652989327907562	0.47460201382637024	0.0	0.0	0.0	0.0	2.278061628341675	0.0	0.4535371661186218	0.0	0.9092532396316528	0.0	1.2860567569732666	0.0	0.0	0.0	0.0	0.0	0.0	0.0	0.6804215312004089	0.4898751974105835	0.0	0.0	0.0	0.2705731987953186	0.0	0.43062624335289	0.0	0.0	1.4591327905654907	1.4327508211135864	0.0	0.8347281217575073	0.0	0.0	0.0	0.0	0.0	0.0	1.0617600679397583	0.0	0.38437092304229736	0.0	0.0	1.179376244544983	0.0	0.10788339376449585	0.5289686322212219	1.0138015747070312	0.0	0.0	0.0	0.8074560761451721	0.0	0.0	0.5607205629348755	0.0	0.0	2.1473374366760254	0.5064197778701782	0.0	0.0	0.6180601119995117	0.0	0.0	0.0	1.2451763153076172	0.0	0.0	2.3611912727355957	0.0	0.0	0.02223934791982174	0.0	0.32532939314842224	0.0	0.0	0.0	0.0	0.0	2.4948482513427734	0.0	0.0	0.0	0.0	0.44221746921539307	1.2012569904327393	0.0	0.0	0.0	1.0320717096328735	0.0	0.0	0.0	0.0	0.0	0.0	0.0	3.3467588424682617	1.1519581079483032	0.0	0.0	0.0	1.4776030778884888	0.010555386543273926	0.0	0.0	0.07293189316987991	0.0	0.0	0.0	0.0	0.0	0.0	0.0	0.0	0.0	0.0	0.0	0.0	0.0	1.9282242059707642	0.0	0.0	2.718580484390259	0.0	0.0	0.0	0.0	0.0	0.0	0.7360356450080872	0.0	2.1596574783325195	1.7249040603637695	0.8166441917419434	0.0	2.1738133430480957	0.0	0.0	0.0	0.6311790943145752	0.06212691217660904	2.25990891456604	1.8598378896713257	0.0	0.0	0.0	0.3954739570617676	0.0	0.9484393000602722	0.0	0.0	0.0	1.2114107608795166	1.2025785446166992	0.0	0.0	0.0	0.0	0.0	2.2810239791870117	0.0	0.0	0.0	0.19519968330860138	2.3387372493743896	0.46461227536201477	0.0	1.2559068202972412	0.0	0.0	0.0	0.0	0.0	0.0	1.2529038190841675	0.0	0.0
0.0	0.0	0.0	0.0	0.10847479104995728	0.0	1.7813149690628052	0.0	2.2045726776123047	0.0	3.3289384841918945	0.0	0.0	0.0	0.0	2.739354372024536	3.2948005199432373	0.5556417107582092	0.2678433358669281	0.0	1.9278452396392822	0.0	0.0	0.08164605498313904	0.0	0.0	0.0042077782563865185	0.0	1.7588623762130737	0.0	1.0279312133789062	1.7715551853179932	0.0	0.8117991089820862	0.0	0.0	0.0	0.0	0.4071798622608185	0.0	0.0	0.0	0.0	1.4166492223739624	0.0	0.0	3.3403453826904297	0.0	0.0	0.5689648985862732	0.0	0.0	0.0	1.5229171514511108	0.1319206953048706	0.0	0.0	0.0	0.0	2.0122649669647217	0.0	0.0	0.0	0.0	0.0	0.0	0.0	0.0	0.0	0.06940566748380661	0.48945024609565735	0.0	0.0	1.305462121963501	0.0	0.0	0.32092612981796265	0.0	0.0	0.0	0.0	0.0	2.39125657081604	0.0	0.6550942063331604	0.0	1.0245074033737183	0.0	2.674285888671875	0.0	0.0	0.0	0.0	0.0	0.0	0.0	0.9347192049026489	0.48337262868881226	0.0	0.0	0.0	0.9337406754493713	0.0	0.7618607878684998	0.0	0.0	2.3839383125305176	1.0562809705734253	0.0	1.9056752920150757	0.0	0.0	0.0	0.0	0.0	0.0	1.2610743045806885	0.0	0.91042560338974	0.0	0.3480979800224304	1.1561187505722046	0.0	1.1217495203018188	2.372770071029663	1.0337622165679932	0.0	0.0	0.0	1.6563200950622559	0.0	0.0	0.7421940565109253	0.0	0.0	1.7676879167556763	0.5997603535652161	0.0	0.0	0.0947670117020607	0.0	0.0	0.0	0.0	0.0	0.0	3.1983487606048584	0.0	0.0	0.7547889351844788	0.0	1.2048161029815674	0.0	0.0	0.0	0.0	0.0	2.704591751098633	0.0	0.0	0.0	0.0	0.28528866171836853	1.9241575002670288	0.0	0.0	0.0	1.0330870151519775	0.0	0.0	0.0	0.0	0.0	0.0	0.0	5.436966419219971	2.726252317428589	0.0	0.0	0.0	1.7990225553512573	0.0	0.0	0.0	0.0	0.0	0.0	0.0	0.0	0.0	0.0	0.0	0.0	0.0	0.0	0.0	0.0	0.0	2.657292366027832	0.0	0.0	4.089019298553467	0.0	0.0	0.0	0.0	0.0	0.0	1.108422875404358	0.0	2.4671692848205566	2.824449062347412	0.3368065357208252	0.0	2.8256261348724365	0.0	0.0	0.0	0.987898588180542	0.4356386661529541	3.8067450523376465	1.9580597877502441	0.0	0.0	0.0	0.5002625584602356	0.14473043382167816	1.8437384366989136	0.21891021728515625	0.0	0.0	1.9843854904174805	1.92594313621521	0.0	0.0	0.0	0.0	0.0	2.1015381813049316	0.0	0.0	0.0	0.5985199213027954	3.3274941444396973	0.32265564799308777	0.0	1.3328685760498047	0.0	0.0	0.0	0.0	0.0	0.0	1.3919422626495361	0.0	0.0
0.0	0.0	0.0	0.4812329113483429	0.6562035083770752	0.0	1.3849847316741943	0.0	1.5732601881027222	0.0	2.208876609802246	0.0	0.0	0.9906744360923767	0.44196152687072754	2.8041181564331055	2.2144558429718018	0.579716145992279	0.37241488695144653	0.0	1.1751582622528076	0.0	0.0	0.7821621298789978	0.0	0.0	0.09456326812505722	0.0	1.128103256225586	0.22317174077033997	1.207759976387024	0.8910024762153625	0.0	0.0	0.0	0.0	0.0	0.0	0.6803336143493652	0.26064857840538025	0.0	0.0	0.0	1.0733469724655151	0.0	0.0	1.7104148864746094	0.0	0.0	0.635826051235199	0.0	0.0	0.0	0.0	0.5431143045425415	0.0	0.0	0.12813308835029602	0.0	1.0404950380325317	0.0	0.0	0.0	0.0	0.0	0.0	0.0	0.0	0.0	0.0	1.207162857055664	0.0	0.0	0.4418664276599884	0.0	0.0	0.6575969457626343	0.0	0.0	0.3463257849216461	0.0	0.0	2.517207145690918	0.0	0.6190782785415649	0.0	1.047842025756836	0.0	1.8513436317443848	0.0	0.0	0.0	0.0	0.0	0.0	0.0	0.6363733410835266	1.0818231105804443	0.0	0.0	0.0	0.0	0.0	0.4713822603225708	0.0	0.0	2.083951711654663	1.1623609066009521	0.0	0.6388494968414307	0.0	0.0	0.0	0.0	0.0	0.0	2.253579616546631	0.0	0.4432750642299652	0.0	0.2081902176141739	1.963958978652954	0.0	0.25631099939346313	0.5954581499099731	1.7429258823394775	0.0	0.0	0.0	0.5412837266921997	0.0	0.0	1.0435426235198975	0.0	0.0	2.3909084796905518	1.5492825508117676	0.0	0.0	0.0	0.0	0.0	0.0	1.657355785369873	0.0	0.0	2.895482063293457	0.0	0.0	0.0	0.0	0.49933090806007385	0.0	0.0	0.0	0.0	0.0	2.7346394062042236	0.0	0.0	0.0	0.341283917427063	0.6003928184509277	2.3445420265197754	0.0	0.0	0.0	0.9379364848136902	0.0	0.0	0.0	0.0	0.21559777855873108	0.0	0.0	3.085628032684326	1.5041544437408447	0.0	0.0	0.0	2.4232869148254395	0.0	0.0	0.0	0.5044043660163879	0.0	0.0	0.0	0.0	0.0	0.0	0.0	0.0	0.0	0.0	0.0	0.0	0.0	2.2817630767822266	0.4635359048843384	0.0	2.6229496002197266	0.0	0.0	0.0	0.0	0.0	0.0	1.6432288885116577	0.0	2.95518159866333	2.4728660583496094	0.9381980299949646	0.0	1.8785645961761475	0.0	0.0	0.0	1.0326170921325684	0.4141526520252228	2.2840611934661865	1.8679208755493164	0.0	0.0	0.0	0.0	0.6507527232170105	1.135722279548645	0.03963100537657738	0.0	0.0	1.4776707887649536	1.288065791130066	0.0	0.0	0.0	0.0	0.0	2.476541757583618	0.0	0.0	0.0	0.2881839871406555	1.8884927034378052	0.3761810064315796	0.0	1.7661089897155762	0.0	0.0	0.07067215442657471	0.0	0.0	0.0	0.4904940724372864	0.0	0.0
0.0	0.0	0.0	0.0	0.584065318107605	0.0	2.250900983810425	0.0	1.5849688053131104	0.7376198172569275	1.236851692199707	0.0	0.24597908556461334	1.0588616132736206	0.4988236427307129	1.959915280342102	2.0829203128814697	0.4952739179134369	0.7550577521324158	0.0	2.0844664573669434	0.23911495506763458	0.0	1.1105154752731323	0.0	0.0	0.9059149622917175	0.0	1.708242654800415	0.8185619115829468	0.9337636232376099	2.1091907024383545	0.0	0.638160228729248	0.0	0.6457166075706482	0.0	0.0	2.238650321960449	0.3008255958557129	0.0	0.0	0.0	0.6503981947898865	0.0	0.0	1.721337080001831	0.0	0.0	0.4456515908241272	0.0	0.0	0.0	0.9952059388160706	0.4329312741756439	0.0	0.0	1.0372382402420044	0.1872493475675583	1.500149130821228	0.0	0.0	0.0	0.0	0.0	0.0	0.0	0.0	0.0	0.6314425468444824	0.7788581252098083	0.0	0.0	1.0508840084075928	0.0	0.0	0.0	0.2765128016471863	0.0	1.0504000186920166	0.0	0.0	1.4958174228668213	0.7264655232429504	1.6765810251235962	0.0	1.7239528894424438	0.0	0.9390124082565308	0.0	0.0	0.0	0.0	0.1570102870464325	0.0	0.0	1.3448272943496704	0.48764193058013916	0.0	0.0	0.0	0.5431029200553894	0.0	1.5190813541412354	0.0	0.0	1.6911722421646118	1.285167932510376	0.0	0.0	0.0	0.0	0.0	0.0	0.0	0.0	1.6265078783035278	0.0	0.34531205892562866	0.0	0.4800584316253662	1.2060678005218506	0.0	1.231358528137207	0.6295026540756226	1.1166149377822876	0.0	0.0	0.0	0.49268725514411926	0.0	0.0	0.9471666812896729	0.0	0.0	0.9710549116134644	0.9527303576469421	0.0	0.0	0.7599859833717346	0.0	0.0	0.0	0.8618364334106445	0.17336109280586243	0.0	1.306114673614502	0.0	0.0	0.15167348086833954	0.0	0.5631663799285889	0.0	0.0	0.0	0.0	0.0	2.053339958190918	0.0	0.0	1.1384402513504028	0.8511564135551453	1.264250636100769	0.9316552877426147	0.0	0.0	0.7420797944068909	1.0989227294921875	0.0	0.0	0.0	0.0	0.24634632468223572	0.0	0.0	3.7583370208740234	1.4411016702651978	0.0	0.0	0.0	1.8665499687194824	0.4867844581604004	0.0	0.0	0.9934762120246887	0.0	0.0	0.0	0.0	0.0	0.0	0.0	0.0	0.0	0.03605647385120392	0.0	0.6194690465927124	0.0	1.8563114404678345	0.4957203269004822	0.0	1.9967167377471924	0.0	0.0	0.0	0.0	0.0	0.0	0.4453463852405548	0.0	1.4792357683181763	1.8971549272537231	0.8294727206230164	0.0	2.4108378887176514	0.0	0.0	0.0	1.222095012664795	0.7228826880455017	1.8149168491363525	1.1116963624954224	0.0	0.0	0.0	1.0906577110290527	0.0	0.947752833366394	0.57185298204422	0.0	0.0	0.4866344928741455	1.495163083076477	0.0	0.0	0.0	0.0	0.0	1.5544836521148682	0.0	0.0	0.0	0.19336773455142975	0.8250166773796082	0.9448443651199341	0.0	0.9788488149642944	0.0	0.0	0.3861083984375	0.0	0.0	0.0	0.0	0.0	0.0
0.0	0.0	0.0	0.39989814162254333	0.8120829463005066	0.0	1.6626226902008057	0.0	1.940903902053833	0.17914822697639465	1.9305096864700317	0.0	0.0	1.2470864057540894	0.1910737305879593	2.5712640285491943	2.4336698055267334	0.7122418880462646	0.022433636710047722	0.0	1.3594563007354736	0.0	0.0	0.6667401194572449	0.0	0.0	0.6253851056098938	0.0	1.0644474029541016	0.4005904197692871	1.064914584159851	0.5885516405105591	0.0	0.0	0.0	0.0	0.0	0.0	0.43156906962394714	0.03300238773226738	0.0	0.0	0.0	0.7690574526786804	0.0	0.0	1.739206314086914	0.0	0.0	0.8561711311340332	0.0	0.0	0.0	0.057292670011520386	0.0	0.0	0.0	0.36597737669944763	0.0	0.9320473074913025	0.0	0.0	0.0	0.0	0.0	0.0	0.0	0.0	0.0	0.0	0.601232647895813	0.0	0.0	0.6532416343688965	0.0	0.0	0.5074445605278015	0.0	0.0	0.4780759811401367	0.0	0.0	1.757072925567627	0.0	0.7738658785820007	0.0	1.101557970046997	0.0	1.5446885824203491	0.0	0.0	0.0	0.0	0.0	0.0	0.0	0.8104479312896729	1.3700907230377197	0.0	0.0	0.0	0.3227769136428833	0.0	0.0	0.0	0.0	1.5807358026504517	1.8991109132766724	0.0	1.0098872184753418	0.0	0.0	0.0	0.0	0.0	0.0	2.016535520553589	0.0	0.4106929302215576	0.0	1.1650545597076416	1.4648284912109375	0.0	0.3654667139053345	0.19205248355865479	1.8272223472595215	0.0	0.0	0.0	1.137041449546814	0.0	0.0	1.3539402484893799	0.0	0.0	2.1795921325683594	1.5349524021148682	0.0	0.0	0.0	0.0	0.0	0.0	0.7984448671340942	0.17853179574012756	0.0	2.917360782623291	0.0	0.0	0.0	0.0	0.8920713663101196	0.0	0.0	0.0	0.0	0.0	2.758549451828003	0.0	0.0	0.1834128051996231	0.5224997401237488	0.44826188683509827	1.9810539484024048	0.0	0.0	0.0	0.9862943887710571	0.0	0.0	0.0	0.0	0.0	0.0	0.0	3.215043067932129	1.4359694719314575	0.0	0.0	0.0	1.905207633972168	0.0	0.0	0.0	0.1442245990037918	0.0	0.0	0.0	0.0	0.0	0.0	0.0	0.0	0.0	0.07420533895492554	0.0	0.0	0.0	2.610243082046509	0.28913500905036926	0.0	1.6328723430633545	0.0	0.0	0.0	0.0	0.0	0.0	1.6775387525558472	0.0	2.96390438079834	3.2035984992980957	0.7593545317649841	0.0	1.7171708345413208	0.0	0.0	0.0	0.40451332926750183	0.04849918559193611	1.8841887712478638	2.241657257080078	0.0	0.0	0.0	0.0	0.858759880065918	0.8320534229278564	0.26003143191337585	0.0	0.0	1.5141161680221558	1.9495941400527954	0.0	0.0	0.0	0.0	0.0	2.3852593898773193	0.0	0.0	0.0	0.6101600527763367	2.041058301925659	0.5819092392921448	0.0	1.4094253778457642	0.0	0.0	0.1589261293411255	0.0	0.0	0.0	0.9715432524681091	0.0	0.0
0.0	0.0	0.0	0.0	1.2969077825546265	0.0	0.5318750739097595	0.0	1.257224202156067	0.0	1.8648320436477661	0.0	0.0	0.0	0.10321523249149323	1.1207951307296753	2.3342559337615967	0.599635899066925	0.09874274581670761	0.0	0.5855836272239685	0.0	0.0	0.18818804621696472	0.0	0.0	0.08107797056436539	0.0	0.8385501503944397	0.0	0.08434600383043289	1.5688576698303223	0.0	0.5982908606529236	0.0	0.30205851793289185	0.0	0.0	0.7439866662025452	0.0	0.0	0.0	0.0	1.0740894079208374	0.0	0.0	2.4731431007385254	0.0	0.0	1.119494080543518	0.0	0.0	0.0	0.8807889819145203	0.3611395061016083	0.0	0.0	0.0	0.24988365173339844	1.503148078918457	0.0	0.0	0.0	0.0	0.0	0.0	0.0	0.0	0.0	0.4451490342617035	0.3109363913536072	0.0	0.0	1.0319355726242065	0.0	0.0	0.0	0.0	0.0	0.2822478115558624	1.2844862937927246	0.0	0.7221865057945251	0.27081742882728577	0.6363776326179504	0.0	0.3577173352241516	0.0	1.4235819578170776	0.0	0.0	0.0	0.0	0.0	0.0	0.0	0.41496115922927856	0.23966911435127258	0.0	0.0	0.0	0.8860553503036499	0.0	1.1748522520065308	0.0	0.0	0.5565709471702576	1.2518386840820312	0.0	1.1441868543624878	0.0	0.0	0.0	0.0	0.0	0.0	0.9550212025642395	0.0	1.036304235458374	0.0	0.0	0.0	0.0	1.7421971559524536	1.9321221113204956	1.0325822830200195	0.0	0.0	0.0	1.0490015745162964	0.0	0.0	0.5285330414772034	0.0	0.0	1.5429577827453613	0.5404156446456909	0.0	0.0	0.6103050708770752	0.0	0.0	0.0	0.0	0.0	0.0	1.1888896226882935	0.0	0.0	1.41826331615448	0.0	0.9358161687850952	0.0	0.0	0.0	0.0	0.0	1.8626782894134521	0.0	0.0	0.6887122988700867	0.0	0.0	0.8808490633964539	0.0	0.0	0.3758378028869629	0.8991215229034424	0.0	0.0	0.0	0.0	0.0	0.0	0.0	3.9294190406799316	1.9127154350280762	0.0	0.0	0.0	0.830197811126709	0.08293729275465012	0.0	0.0	0.09406188130378723	0.0	0.0	0.0	0.0	0.0	0.0	0.0	0.0	0.0	0.0	0.0	0.0	0.0	0.9222604036331177	0.0	0.0	2.714475393295288	0.0	0.0	0.0	0.0	0.0	0.0	0.53309166431427	0.0	1.2537227869033813	1.7136427164077759	0.602429986000061	0.0	1.3382506370544434	0.0	0.0	0.0	0.6713901162147522	0.0	2.020305871963501	0.9689939618110657	0.0	0.0	0.0	0.7781201004981995	0.6008340716362	0.7058078646659851	0.0	0.0	0.0	1.2215466499328613	1.4162864685058594	0.0	0.0	0.0	0.0	0.0	1.179385781288147	0.0	0.0	0.0	0.21840272843837738	1.4895440340042114	0.19498756527900696	0.0	1.7044024467468262	0.0	0.0	0.0	0.0	0.0	0.0	0.6761847734451294	0.0	0.0
0.0	0.0	0.0	0.5638782382011414	0.0	0.0	2.384326219558716	0.0	1.818404197692871	0.5811200737953186	0.6645033359527588	0.0	0.9407959580421448	0.8844303488731384	0.2873939871788025	1.3306361436843872	1.8485698699951172	1.9427016973495483	2.0600831508636475	0.4364768862724304	1.292891025543213	1.244576096534729	0.0	0.6753854155540466	0.0	0.0	1.3624025583267212	0.0	1.7454406023025513	0.4356080889701843	1.322953224182129	0.4354987144470215	0.0	2.0156209468841553	0.0	0.0	0.6371058821678162	0.0	2.46328067779541	1.6942579746246338	0.0	0.0	0.0	0.0	0.0	0.0	1.7698071002960205	0.0	0.0	0.0	0.0	0.0	0.0	1.5055574178695679	1.804215431213379	0.0	0.0	0.6587443947792053	0.2728468179702759	1.8624509572982788	0.0	0.0	0.0	0.0	0.0	0.0	0.0	0.0	0.0	1.4289871454238892	0.6763078570365906	0.0	0.0	0.006009142845869064	0.0	0.0	0.6577882170677185	0.47372132539749146	0.0	0.6077862977981567	0.0	0.0	1.7995597124099731	1.1228786706924438	1.6075094938278198	0.0	2.3403098583221436	0.0	0.5625223517417908	0.0	0.0	0.27472639083862305	0.0	1.5092109441757202	0.0	0.12546998262405396	1.2695624828338623	0.2456323802471161	0.0	0.0	0.0	0.0	0.0	1.7341471910476685	0.0	0.0	1.4371837377548218	0.0	0.0	0.0	0.0	0.0	0.0	0.0	0.0	0.0	1.2475544214248657	0.0	0.0	0.0	0.28300079703330994	0.9503222703933716	0.0	0.0	0.9226012825965881	0.22147731482982635	0.0	0.0	0.0	0.0	0.0	0.0	0.4435446560382843	0.0	0.0	1.1227622032165527	0.7787590026855469	0.0	0.0	0.821495532989502	0.0	0.0	0.0	1.500292420387268	0.18811661005020142	0.0	1.7805848121643066	0.0	0.0	0.0	0.0	0.0	0.0	0.0	1.2387909889221191	0.0	0.0	1.4378290176391602	0.0	0.0	1.2051130533218384	1.076789140701294	0.8591257333755493	0.9838190674781799	0.0	0.0	0.20758232474327087	0.4738045930862427	0.0	0.0	0.0	0.0	0.9590336680412292	0.0	0.0	2.667285203933716	0.05987658351659775	0.0	0.0	0.0	1.2184122800827026	0.9929378628730774	0.0	0.0	1.7665951251983643	0.0	0.0	0.0	0.0	0.0	0.0	0.0	0.0	0.0	0.9974583983421326	0.0	1.3052129745483398	0.0	1.4649181365966797	1.0790454149246216	0.0	1.6474448442459106	0.0	0.0	0.0	0.0	0.0	0.0	0.0	0.0	0.3921550512313843	1.0856916904449463	0.7162284255027771	0.0	2.071404218673706	0.0	0.0	0.0	2.735057830810547	0.8678521513938904	1.6909688711166382	0.33477187156677246	0.0	0.0	0.0	1.742793321609497	0.0	2.0984323024749756	1.4771091938018799	0.0	0.0	0.0	0.19628696143627167	0.0	0.0	0.0	0.0	0.0	0.8134995698928833	0.0	0.0	0.0	1.2739975452423096	0.8944054245948792	2.441120147705078	0.0	0.48939377069473267	0.0	0.0	1.2676777839660645	0.0	0.0	0.0	0.0	0.0	0.0
0.0	0.0	0.0	0.14104440808296204	0.7766866087913513	0.0	0.8223469257354736	0.0	1.4010348320007324	0.0	2.6199822425842285	0.0	0.16630738973617554	0.14567676186561584	0.0	2.243051767349243	2.5957553386688232	0.9921984672546387	0.8095106482505798	0.0	1.0929388999938965	0.0	0.0	0.0	0.0	0.0	0.877431333065033	0.0	0.9265686869621277	0.04204094409942627	1.051284670829773	0.13014937937259674	0.0	1.0399143695831299	0.0	0.0	0.0	0.0	0.2688864469528198	0.0	0.0	0.0	0.0	0.7262001037597656	0.0	0.0	2.5868990421295166	0.0	0.0	1.2453510761260986	0.0	0.0	0.0	0.9348868131637573	0.2765423059463501	0.0	0.0	0.4165285527706146	0.0	1.7499712705612183	0.0	0.0	0.0	0.0	0.0	0.0	0.0	0.0	0.0	0.0	0.3648359775543213	0.0	0.0	0.7107322812080383	0.0	0.0	0.7092470526695251	0.21625742316246033	0.0	0.0	0.2732037305831909	0.0	1.900104284286499	0.0	0.4842176139354706	0.0	0.7942737936973572	0.0	1.6473156213760376	0.0	0.0	0.0	0.0	0.0	0.0	0.0	0.3464997410774231	0.49813881516456604	0.0	0.0	0.0	1.094487190246582	0.0	0.5371724367141724	0.0	0.0	1.8423703908920288	0.9080397486686707	0.0	1.4328926801681519	0.0	0.0	0.0	0.0	0.20039793848991394	0.0	0.9578712582588196	0.0	0.7491605281829834	0.0	0.0	0.6253916025161743	0.0	0.6269652843475342	1.275476098060608	1.257576584815979	0.0	0.0	0.0	1.2796083688735962	0.0	0.0	0.8550792336463928	0.0	0.0	1.895169973373413	1.0964367389678955	0.0	0.0	0.13238778710365295	0.0	0.0	0.0	0.2408667504787445	0.0	0.0	2.505218744277954	0.0	0.0	0.9621196389198303	0.0	0.9983825087547302	0.0	0.0	0.0	0.0	0.0	2.816915988922119	0.0	0.0	0.0	0.1259133219718933	0.45228511095046997	1.1105049848556519	0.0	0.0	0.0	0.8918097019195557	0.0	0.0	0.0	0.0	0.0	0.0	0.0	3.4066219329833984	1.6498465538024902	0.0	0.0	0.0	1.3233919143676758	0.0	0.0	0.0	0.35835200548171997	0.0	0.0	0.0	0.0	0.0	0.0	0.0	0.0	0.0	0.0	0.0	0.0	0.0	1.5538355112075806	0.0	0.0	3.208845376968384	0.0	0.0	0.0	0.0	0.0	0.0	0.7816447615623474	0.0	1.9664379358291626	2.1654200553894043	0.40929093956947327	0.0	2.0669362545013428	0.0	0.0	0.0	1.019866943359375	0.0	2.74684476852417	1.6038528680801392	0.0	0.0	0.0	0.6879669427871704	0.0	0.9956710338592529	0.0	0.0	0.0	0.7917726039886475	1.3032257556915283	0.0	0.0	0.0	0.0	0.0	1.5555428266525269	0.0	0.0	0.0	0.4120669662952423	2.8039095401763916	0.21833017468452454	0.0	0.9574447870254517	0.0	0.0	0.0	0.0	0.0	0.0	1.2241517305374146	0.0	0.0
0.0	0.0	0.0	0.0	0.0	0.0	1.549017071723938	0.0	1.066790223121643	0.0	0.8357125520706177	0.0	0.6666050553321838	0.0	0.0	0.768200695514679	1.2965359687805176	1.469104528427124	1.0259349346160889	0.0	1.1510193347930908	0.7358238101005554	0.0	0.0	0.0	0.0	1.0175533294677734	0.0	1.385395884513855	0.0	0.5010764002799988	0.6688082218170166	0.0	1.7258358001708984	0.0	0.0	0.8876591920852661	0.0	1.3821364641189575	0.0	0.0	0.0	0.0	0.10981371253728867	0.0	0.0	1.7737400531768799	0.0	0.0	0.0	0.0	0.0	0.0	1.7185419797897339	1.1661405563354492	0.0	0.0	0.2468406707048416	0.43851548433303833	1.719241738319397	0.0	0.0	0.0	0.0	0.0	0.0	0.0	0.0	0.0	1.40242338180542	0.0	0.0	0.0	0.2407003939151764	0.0	0.0	0.0	0.0	0.0	0.30635160207748413	0.4203520715236664	0.0	1.4379589557647705	1.252388596534729	1.3445264101028442	0.0	1.76033353805542	0.0	0.4924461245536804	0.0	0.0	0.0	0.0	0.9695305824279785	0.0	0.3392724096775055	1.0550174713134766	0.1222677081823349	0.0	0.0	0.0	0.473591148853302	0.0	2.195801019668579	0.0	0.0	1.3442018032073975	0.2287570983171463	0.0	0.23654110729694366	0.0	0.0	0.0	0.0	0.0	0.0	0.2420942634344101	0.0	0.12487240880727768	0.0	0.0	0.0	0.0	1.4536635875701904	2.1584596633911133	0.3167997896671295	0.0	0.0	0.0	0.0	0.0	0.0	0.2776249349117279	0.0	0.0	0.7893454432487488	0.5075221061706543	0.0	0.0	1.7581558227539062	0.0	0.0	0.0	0.1789703518152237	0.0	0.0	0.6503822803497314	0.0	0.0	0.7333428263664246	0.0	0.0	0.0	0.0	1.173834204673767	0.0	0.0	1.258789300918579	0.0	0.0	1.1730934381484985	0.9112675189971924	0.07430136948823929	0.007545355707406998	0.09349553287029266	0.0	1.0333161354064941	0.40106990933418274	0.0	0.0	0.0	0.0	0.6595759987831116	0.0	0.0	3.3217241764068604	1.0028588771820068	0.0	0.0	0.0	0.08203793317079544	0.9360963702201843	0.0	0.0	0.5926661491394043	0.0	0.0	0.0	0.0	0.0	0.0	0.0	0.0	0.0	0.0	0.0	0.8487764000892639	0.0	1.0977574586868286	0.0	0.0	1.6849093437194824	0.0	0.0	0.0	0.0	0.0	0.0	0.0	0.0	0.0	0.3231554627418518	0.0752001628279686	0.0	1.3613741397857666	0.0	0.0	0.0	1.9762829542160034	0.31937602162361145	1.709543228149414	0.4146401882171631	0.0	0.0	0.0	1.8343170881271362	0.0	1.015578031539917	0.2715078294277191	0.0	0.0	0.5847913026809692	0.8359403610229492	0.0	0.0	0.0	0.0	0.0	0.5530415773391724	0.0	0.0	0.0	0.7618314623832703	0.7528986930847168	1.2344197034835815	0.0	0.11465168744325638	0.0	0.10334299504756927	0.0	0.0	0.0	0.0	0.0	0.0	0.0
0.0	0.0	0.0	0.0	1.8672480583190918	0.0	1.144117832183838	0.0	1.7528347969055176	0.0	1.9369903802871704	0.0	0.0	0.36397460103034973	0.649554431438446	2.175091505050659	2.325226306915283	0.3760124146938324	0.0	0.0	0.21437279880046844	0.0	0.0	0.9341327548027039	0.0	0.0	0.5629424452781677	0.0	1.3880864381790161	0.0	0.0	1.4972162246704102	0.0	0.10996641963720322	0.0	0.0	0.0	0.0	1.035423755645752	0.0	0.0	0.0	0.0	1.0079985857009888	0.0	0.0	1.5043644905090332	0.0	0.0	1.1050969362258911	0.0	0.0	0.0	0.0	0.0	0.0	0.0	0.5611816048622131	0.0	1.0082917213439941	0.0	0.0	0.0	0.0	0.0	0.0	0.0	0.0	0.0	0.0	1.2259981632232666	0.0	0.0	1.5059863328933716	0.0	0.0	0.0	1.183803677558899	0.0	0.3765721619129181	0.4688320457935333	0.0	1.8080304861068726	0.0	0.5904711484909058	0.0	0.7563510537147522	0.0	1.6069579124450684	0.0	0.0	0.0	0.0	0.255777508020401	0.0	0.20065632462501526	0.178689643740654	0.8614611029624939	0.0	0.0	0.0	0.9913066029548645	0.0	0.9949861168861389	0.0	0.0	1.2193938493728638	2.1618411540985107	0.0	0.18625786900520325	0.0	0.0	0.0	0.0	0.0	0.0	2.588752269744873	0.0	0.5565750002861023	0.0	0.0	1.0589834451675415	0.0	1.2480262517929077	0.7971166968345642	2.5758473873138428	0.0	0.0	0.0	1.434891700744629	0.0	0.0	1.1367465257644653	0.0	0.0	3.077199697494507	1.3169395923614502	0.0	0.0	0.0	0.0	0.0	0.0	0.3585319519042969	0.0	0.0	2.0361275672912598	0.0	0.0	0.0	0.0	1.6804707050323486	0.0	0.0	0.0	0.0	0.0	3.0186355113983154	0.0	0.0	0.4765596389770508	1.0839563608169556	0.34504589438438416	1.7034711837768555	0.01001316960901022	0.0	0.0	1.4524224996566772	0.0	0.0	0.0	0.0	0.0	0.0	0.0	4.229359149932861	2.516087055206299	0.0	0.0	0.0	2.1468212604522705	0.0	0.0	0.0	0.4974115788936615	0.0	0.0	0.0	0.0	0.0	0.0	0.0	0.0	0.0	0.0	0.0	0.0	0.0	1.9088331460952759	0.0	0.0	2.784839153289795	0.0	0.0	0.0	0.0	0.0	0.0	1.90286386013031	0.0	2.9100501537323	2.749786853790283	0.32026925683021545	0.0	1.9289424419403076	0.0	0.0	0.0	0.7912356853485107	0.0	2.0350592136383057	2.0818655490875244	0.0	0.0	0.0	0.3592723309993744	1.1944140195846558	0.6856188774108887	0.0	0.0	0.0	2.824545383453369	2.9861743450164795	0.09166057407855988	0.0	0.0	0.0	0.0	2.448612928390503	0.0	0.0	0.0	0.0	1.703108310699463	0.08534468710422516	0.0	2.533950090408325	0.0	0.0	0.0	0.0	0.0	0.0	0.8993127346038818	0.0	0.0
0.0	0.0	0.15598206222057343	0.024540740996599197	0.2208377867937088	0.0	1.2892942428588867	0.0	0.8265285491943359	0.7052854895591736	0.14341165125370026	0.0	0.2772067189216614	0.7314675450325012	0.0	0.9060762524604797	0.535625159740448	0.46228310465812683	0.3035708963871002	0.27704209089279175	1.6335134506225586	0.13056878745555878	0.0	0.9030757546424866	0.0	0.0	0.4799302816390991	0.26537254452705383	0.4213128089904785	0.6510975360870361	0.5745524764060974	1.070035696029663	0.0	0.9053476452827454	0.0	0.9984859228134155	0.009555974043905735	0.0	0.8147417902946472	0.38139331340789795	0.0	0.0	0.0	0.0	0.0	0.0	0.26378268003463745	0.0	0.0	0.14588509500026703	0.0	0.0	0.0	0.0	0.378016859292984	0.0	0.0	0.6544103622436523	0.725881814956665	0.38609907031059265	0.0	0.0	0.0	0.3739417493343353	0.0	0.0	0.0	0.0	0.0	0.5517012476921082	0.6780689358711243	0.0	0.0	0.035807594656944275	0.0	0.0	0.8820053935050964	0.0	0.0	0.7827273607254028	0.11421047151088715	0.0	0.3606463372707367	0.0	1.160414457321167	0.0	1.1981782913208008	0.0	0.46456336975097656	0.0	0.0	0.74179607629776	0.0	0.0	0.0	0.4507668614387512	0.9258634448051453	1.1106445789337158	0.0	0.2602159082889557	0.0	0.0	0.0	0.7397643327713013	0.0	0.0	1.0222859382629395	0.34166809916496277	0.0	0.18508745729923248	0.0	0.0	0.0	0.0	0.0	0.0	0.9454601407051086	0.0	0.07264821231365204	0.0	0.6425166726112366	0.82220059633255	0.0	0.1351766139268875	0.31352299451828003	0.6585003733634949	0.0	0.0	0.0	0.07527811080217361	0.0	0.0	0.1405271738767624	0.0	0.0	0.15778349339962006	0.8711554408073425	0.0	0.0	0.45345237851142883	0.0	0.0	0.0	0.9910889267921448	1.3245857954025269	0.0	0.9890632629394531	0.0	0.0	0.13786731660366058	0.0	0.06027138978242874	0.0	0.0	0.521197497844696	0.0	0.0	0.9548461437225342	0.0	0.0	0.6822522878646851	0.4787916839122772	0.6795946955680847	1.400948166847229	0.33618980646133423	0.0	0.2125575840473175	0.769433856010437	0.0	0.0	0.0	0.0	0.38608890771865845	0.0	0.42844057083129883	0.6210534572601318	0.0	0.0	0.0	0.0	1.0114820003509521	0.3244069814682007	0.0	0.0	0.6539816856384277	0.0	0.0	0.0	0.0	0.0	0.0	0.0	0.0	0.0	0.3635573983192444	0.0	0.38963988423347473	0.0	0.9824041724205017	0.7802838087081909	0.0	0.37870970368385315	0.0	0.0	0.0	0.0	0.0	0.0	0.9351304173469543	0.0	1.0124133825302124	1.2472656965255737	1.028696894645691	0.0	0.37050846219062805	0.0	0.0	0.0	0.8618501424789429	0.7682488560676575	0.6879593133926392	0.6173717975616455	0.0	0.0	0.0	0.49876055121421814	0.8542584180831909	0.6211867928504944	0.7973248958587646	0.0	0.0	0.0	1.0871002674102783	0.3580930531024933	0.0	0.0	0.0	0.0	0.3454560935497284	0.0	0.0	0.0	0.7412742376327515	0.09430211037397385	0.785650908946991	0.0	0.7951242923736572	0.0	0.8212674856185913	0.5140503644943237	0.0	0.9012296795845032	0.0	0.0	0.0	0.0
0.0	0.0	0.0	0.38427573442459106	0.03688367083668709	0.0	1.5462473630905151	0.0	1.409339189529419	0.0	1.0610344409942627	0.0	0.5571214556694031	0.26002901792526245	0.27617743611335754	1.0982896089553833	1.201061487197876	1.3294142484664917	1.170668601989746	0.12506520748138428	1.4714709520339966	0.3639940321445465	0.0	0.32533326745033264	0.0	0.0	1.4129136800765991	0.29135796427726746	1.8089696168899536	0.05171166732907295	0.21156778931617737	0.7088541984558105	0.0	1.7485960721969604	0.0	0.25652438402175903	0.687096357345581	0.0	1.364343523979187	0.4778514504432678	0.0	0.0	0.0	0.07856667041778564	0.0	0.0	1.2182942628860474	0.0	0.0	0.0	0.0	0.0	0.0	0.758525550365448	1.0375282764434814	0.0	0.0	0.2086343616247177	0.20729829370975494	1.3379865884780884	0.0	0.0	0.0	0.0	0.0	0.0	0.0	0.0	0.0	1.217050552368164	0.7026628851890564	0.0	0.0	0.43260008096694946	0.0	0.0	0.0492088682949543	0.24953560531139374	0.0	1.2418231964111328	1.3678021430969238	0.0	1.5073002576828003	1.09980046749115	1.6027071475982666	0.0	1.645566701889038	0.0	1.1909880638122559	0.0	0.0	0.0	0.0	0.45003968477249146	0.0	0.14738021790981293	1.4647939205169678	0.43597856163978577	0.0	0.0	0.0	0.29876554012298584	0.0	2.1729538440704346	0.0	0.0	1.2748833894729614	0.09292112290859222	0.0	0.0034050859976559877	0.0	0.0	0.0	0.0	0.0	0.0	0.9856266379356384	0.0	0.0	0.0	0.2560535669326782	0.4652650058269501	0.0	0.6908884644508362	1.4793659448623657	1.2919672727584839	0.0	0.0	0.0	0.0	0.0	0.0	0.06672290712594986	0.0	0.0	1.5720264911651611	0.7141503691673279	0.0	0.0	0.5965490937232971	0.0	0.0	0.0	0.5980833768844604	0.0	0.0	1.3536949157714844	0.0	0.0	1.1465562582015991	0.0	0.0	0.0	0.0	0.3006797134876251	0.0	0.0	2.0739498138427734	0.0	0.0	1.0593289136886597	0.7269772291183472	0.48504093289375305	1.1495087146759033	0.08778607845306396	0.0	0.0	1.296355128288269	0.0	0.0	0.0	0.0	0.4890092611312866	0.0	0.0	2.929851770401001	0.8982114791870117	0.0	0.0	0.0	1.2659813165664673	0.5328846573829651	0.0	0.0	0.8539524674415588	0.0	0.0	0.0	0.0	0.0	0.0	0.0	0.0	0.0	0.11070455610752106	0.0	0.86428302526474	0.0	1.7108780145645142	0.314742773771286	0.0	1.7388707399368286	0.0	0.0	0.0	0.0	0.0	0.0	0.5925148725509644	0.0	1.313376545906067	1.1848300695419312	0.547878623008728	0.0	1.7148627042770386	0.0	0.0	0.0	2.3007988929748535	0.5319372415542603	1.5493860244750977	0.7176796197891235	0.0	0.0	0.0	1.3694984912872314	0.0	1.5880544185638428	0.6222630143165588	0.0	0.0	0.9693325161933899	0.6524721384048462	0.0	0.0	0.0	0.0	0.0	0.9747270345687866	0.0	0.0	0.0	0.2931085228919983	0.8142234683036804	1.5141304731369019	0.0	1.1434022188186646	0.0	0.052652422338724136	0.0	0.0	0.0	0.0	0.09874097257852554	0.0	0.0
0.0	0.0	0.0	0.0	0.7626571655273438	0.0	1.5120320320129395	0.0	0.9761162996292114	0.4876181185245514	0.6261816620826721	0.0	0.6193803548812866	0.0	0.14804276823997498	1.08208167552948	1.5797851085662842	0.9394179582595825	0.550100564956665	0.06562907248735428	1.285812258720398	0.3405282199382782	0.0	0.8370428681373596	0.0	0.0	1.2612745761871338	0.0	1.018865704536438	0.13536770641803741	0.6387079358100891	1.1061534881591797	0.0	1.6782407760620117	0.0	0.4976719915866852	0.670826256275177	0.0	1.3725378513336182	0.0	0.0	0.0	0.0	0.0	0.0	0.0	0.7340214252471924	0.0	0.0	0.2584003508090973	0.0	0.0	0.0	0.33211636543273926	1.7619563341140747	0.0	0.0	0.0	0.42072027921676636	1.2953706979751587	0.0	0.0	0.0	0.0811249390244484	0.0	0.0	0.0	0.0	0.0	0.9629555940628052	0.8803551197052002	0.0	0.0	0.7108814716339111	0.0	0.0	0.6059191823005676	1.0311784744262695	0.0	0.6150346994400024	0.25753551721572876	0.0	1.1348724365234375	0.26144683361053467	1.2857204675674438	0.0	1.5979734659194946	0.0	0.0	0.0	0.0	0.0	0.0	1.1915769577026367	0.0	0.450935423374176	0.9964108467102051	0.7885624170303345	0.0	0.0	0.0	0.40985041856765747	0.0	1.557128667831421	0.0	0.0	0.6610174179077148	0.4293312430381775	0.0	0.0	0.0	0.0	0.0	0.0	0.0	0.0	1.2494785785675049	0.0	0.0	0.0	0.0	0.4894278049468994	0.0	1.365521788597107	0.6605636477470398	0.92889004945755	0.0	0.0	0.0	0.0	0.0	0.0	0.22410324215888977	0.0	0.0	0.4944952726364136	1.0344732999801636	0.0	0.0	0.9035013914108276	0.0	0.0	0.0	1.2801133394241333	0.0	0.0	0.9043776392936707	0.0	0.0	0.0	0.0	0.0	0.0	0.0	0.9830905795097351	0.0	0.0	1.5715305805206299	0.0	0.0	1.2193522453308105	1.4171361923217773	0.6311913728713989	1.4190999269485474	0.04601377248764038	0.0	0.42191219329833984	0.5616361498832703	0.0	0.0	0.0	0.0	0.0	0.0	0.0	2.5626120567321777	0.7786734700202942	0.0	0.0	0.0	1.0514897108078003	0.1700999140739441	0.0	0.0	0.9374202489852905	0.0	0.0	0.0	0.0	0.0	0.0	0.0	0.0	0.0	0.0	0.0	0.7896973490715027	0.0	1.1644922494888306	1.1785564422607422	0.0	1.2907897233963013	0.0	0.0	0.0	0.0	0.0	0.0	0.8469057679176331	0.0	1.233734369277954	1.2186592817306519	1.242696762084961	0.0	1.6243234872817993	0.0	0.0	0.0	1.2799041271209717	0.3927798569202423	1.3715300559997559	0.5509850978851318	0.0	0.0	0.0	1.0813020467758179	0.48742640018463135	1.0456862449645996	0.5729121565818787	0.0	0.0	0.3207748532295227	0.7499235272407532	0.0	0.0	0.0	0.0	0.0	0.4692177176475525	0.0	0.0	0.0	0.17264896631240845	0.8805491924285889	1.6487641334533691	0.0	0.9204651117324829	0.0	0.16305126249790192	0.0	0.0	0.19759391248226166	0.0	0.3627687692642212	0.0	0.0
0.0	0.0	0.0	0.3958830237388611	0.0	0.0	2.8328731060028076	0.0	1.554172158241272	1.2301609516143799	0.27906516194343567	0.0	1.4602270126342773	0.690586507320404	0.28004223108291626	1.313547968864441	1.0305904150009155	1.725498914718628	1.2821650505065918	0.19944274425506592	1.8072776794433594	0.8818269371986389	0.0	1.7359228134155273	0.0	0.0	2.296253204345703	0.0	2.3160998821258545	1.274498701095581	1.4177803993225098	0.4148719608783722	0.0	1.911868691444397	0.0	0.5470201373100281	1.0762776136398315	0.0	2.0899436473846436	1.0313832759857178	0.0	0.0	0.0	0.0	0.0	0.0	1.00858473777771	0.0	0.0	0.0	0.0	0.0	0.0	0.851837158203125	1.6796847581863403	0.0	0.0	1.368018388748169	0.6932638883590698	1.48542058467865	0.0	0.0	0.0	0.0	0.0	0.0	0.0	0.0	0.0	1.2714611291885376	0.8494566082954407	0.0	0.0	0.2984764277935028	0.0	0.0	0.23234958946704865	0.7578138113021851	0.0	1.143837809562683	1.2223255634307861	0.0	2.196950674057007	1.5050368309020996	2.1491010189056396	0.0	2.3294687271118164	0.0	0.6232481002807617	0.0	0.0	0.0	0.0	1.1292325258255005	0.0	0.4015757739543915	1.8040354251861572	0.7948293685913086	0.0	0.0	0.0	0.21807879209518433	0.0	1.849989891052246	0.0	0.0	2.1110453605651855	0.0	0.0	0.0	0.0	0.0	0.0	0.0	0.0	0.0	1.6266995668411255	0.0	0.0	0.0	0.0	0.4891435205936432	0.0	0.23130907118320465	0.8840886354446411	1.2326592206954956	0.0	0.0	0.0	0.0	0.0	0.0	0.8284162878990173	0.0	0.0	0.8901197910308838	1.0931395292282104	0.0	0.0	1.0789474248886108	0.0	0.0	0.0	1.1299052238464355	0.4864318370819092	0.0	1.6874868869781494	0.0	0.0	0.12094230204820633	0.0	0.0	0.0	0.0	0.5040715336799622	0.0	0.0	2.0302629470825195	0.0	0.0	1.7322365045547485	1.6568629741668701	1.2142255306243896	1.028420090675354	0.17146146297454834	0.0	0.060606252402067184	1.2895779609680176	0.0	0.0	0.0	0.0	1.1839208602905273	0.0	0.5933216214179993	2.8488595485687256	0.6428688764572144	0.0	0.0	0.0	1.7894953489303589	1.0001239776611328	0.0	0.0	1.5457860231399536	0.0	0.0	0.0	0.0	0.0	0.0	0.0	0.0	0.0	0.5686771869659424	0.0	1.7939447164535522	0.0	1.480089783668518	0.24427613615989685	0.0	0.8478432297706604	0.0	0.0	0.0	0.0	0.0	0.0	0.41400060057640076	0.0	0.9029015898704529	1.7726341485977173	0.3511708378791809	0.0	2.4519073963165283	0.0	0.0	0.0	2.503561019897461	1.0430432558059692	1.718553066253662	0.5188773274421692	0.0	0.0	0.0	1.7544175386428833	0.0	1.76376211643219	1.5920907258987427	0.0	0.0	0.0	0.8609963059425354	0.1777247041463852	0.0	0.0	0.0	0.0	1.2662432193756104	0.0	0.0	0.0	0.9580507874488831	0.8315903544425964	1.8128576278686523	0.0	0.6224911212921143	0.0	0.0	0.43524080514907837	0.0	0.0	0.0	0.0	0.0	0.0
0.0	0.0	0.0	0.34440550208091736	0.0	0.0	0.8235167860984802	0.0	0.9734693765640259	0.0	1.3226168155670166	0.0	0.18332165479660034	0.4275883138179779	0.16481991112232208	1.4621306657791138	1.6264770030975342	1.6323833465576172	0.9450274705886841	0.4044117033481598	0.6831552386283875	0.3739589750766754	0.0	0.37022656202316284	0.0	0.0	0.7682076096534729	0.0	1.4049479961395264	0.0	0.9213166832923889	0.47586098313331604	0.0	1.1045961380004883	0.0	0.27109575271606445	0.14085844159126282	0.0	0.9824119806289673	0.32677748799324036	0.0	0.0	0.0	0.3027634918689728	0.0	0.0	1.8556671142578125	0.0	0.0	0.2703167498111725	0.0	0.0	0.0	1.3275353908538818	0.6814033389091492	0.0	0.0	0.09643572568893433	0.5979943871498108	1.2687090635299683	0.0	0.0	0.0	0.0	0.0	0.0	0.0	0.0	0.0	0.6778527498245239	0.998652458190918	0.0	0.0	0.5510447025299072	0.0	0.0	0.23647832870483398	0.01817128248512745	0.0	0.1723582148551941	0.31874319911003113	0.0	1.7891021966934204	0.33700695633888245	1.250214695930481	0.0	0.457376629114151	0.0	1.5367224216461182	0.0	0.0	0.01726403646171093	0.0	0.0	0.0	0.0	0.4388744533061981	0.10403408855199814	0.0	0.0	0.0	0.8539671301841736	0.0	0.9737319946289062	0.0	0.0	0.8342056274414062	0.5408577919006348	0.0	0.35760611295700073	0.0	0.0	0.0	0.0	0.0	0.0	0.6777257323265076	0.0	0.0	0.0	0.11749894917011261	0.42444008588790894	0.0	0.4367434084415436	1.1820335388183594	1.1332091093063354	0.0	0.0	0.0	1.1554285287857056	0.0	0.0	0.8284711837768555	0.0	0.0	1.0748451948165894	0.5283185839653015	0.0	0.0	0.0	0.0	0.0	0.0	0.0	0.36112353205680847	0.0	1.49863862991333	0.0	0.0	2.1167232990264893	0.0	0.5743247866630554	0.0	0.0	0.0	0.0	0.0	2.070570707321167	0.0	0.0	0.5931087136268616	0.19142445921897888	0.14169828593730927	0.7228514552116394	0.0	0.0	0.07859357446432114	1.0706664323806763	0.0	0.0	0.0	0.0	0.6059339046478271	0.0	0.0	2.7807226181030273	1.1904007196426392	0.0	0.0	0.0	0.9550096988677979	0.5532678365707397	0.0	0.0	0.808032751083374	0.0	0.0	0.0	0.0	0.0	0.0	0.0	0.0	0.0	0.03149985894560814	0.0	1.0054227113723755	0.0	1.383341908454895	0.32448580861091614	0.0	2.549835205078125	0.0	0.0	0.0	0.0	0.0	0.0	0.2751895785331726	0.0	1.4008840322494507	1.5069817304611206	0.38396012783050537	0.0	2.1070475578308105	0.0	0.0	0.0	1.3899470567703247	0.29690176248550415	1.7965214252471924	0.7786352634429932	0.0	0.0	0.0	1.1065295934677124	0.0943572148680687	1.0649739503860474	0.8162235021591187	0.0	0.0	0.8058611154556274	0.7584205269813538	0.3385293185710907	0.0	0.0	0.0	0.0	0.7503516674041748	0.0	0.0	0.0	1.0689891576766968	1.9970993995666504	0.5914660096168518	0.0	1.3322879076004028	0.0	0.0	0.0	0.0	0.0	0.0	0.4309549331665039	0.0	0.0
0.0	0.0	0.0	0.0	1.0027084350585938	0.0	0.7465683817863464	0.0	1.3315470218658447	0.0	2.07409930229187	0.0	0.0	0.0	0.06041499227285385	1.6196736097335815	2.833789110183716	1.5764559507369995	0.26411980390548706	0.0	0.20528234541416168	0.0	0.0	0.0	0.0	0.0	0.7019699215888977	0.0	1.1853430271148682	0.0	0.29932525753974915	1.3112173080444336	0.0	1.3512184619903564	0.0	0.0	0.0	0.0	0.6249253749847412	0.0	0.0	0.0	0.0	1.0038784742355347	0.0	0.0	2.822366952896118	0.0	0.0	1.1144129037857056	0.0	0.0	0.0	0.9297888875007629	0.047434497624635696	0.0	0.0	0.009938274510204792	0.0	1.9194912910461426	0.0	0.0	0.0	0.0	0.0	0.0	0.0	0.0	0.0	0.18088093400001526	0.9665848612785339	0.0	0.0	1.2078243494033813	0.0	0.0	0.0	0.5769885778427124	0.0	0.0	0.5991577506065369	0.0	2.2327802181243896	0.2810336649417877	0.8189184069633484	0.0	0.895612359046936	0.0	1.9410828351974487	0.0	0.0	0.0	0.0	0.0	0.0	0.0	0.21201112866401672	0.02094220742583275	0.0	0.0	0.0	1.7930876016616821	0.0	1.3558698892593384	0.0	0.0	0.9391757845878601	1.1928366422653198	0.0	0.801247239112854	0.0	0.0	0.0	0.0	0.0	0.0	0.8644350171089172	0.0	0.08267354965209961	0.0	0.0	0.19253847002983093	0.0	1.1910897493362427	1.8343455791473389	1.7123597860336304	0.0	0.0	0.0	1.5555893182754517	0.0	0.0	0.1180928498506546	0.0	0.0	1.8450614213943481	0.7806859612464905	0.0	0.0	0.0	0.0	0.0	0.0	0.0	0.0	0.0	1.5124199390411377	0.0	0.0	2.7398393154144287	0.0	1.074126124382019	0.0	0.0	0.0	0.0	0.0	2.6639974117279053	0.0	0.0	0.26167717576026917	0.6600407958030701	0.0	0.7874314785003662	0.0	0.0	0.0	1.183608889579773	0.0	0.0	0.0	0.0	0.5271445512771606	0.0	0.0	4.717014312744141	2.9074950218200684	0.0	0.0	0.0	0.7451099753379822	0.0	0.0	0.0	0.0	0.0	0.0	0.0	0.0	0.0	0.0	0.0	0.0	0.0	0.0	0.0	0.03335074707865715	0.0	1.7184983491897583	0.11902393400669098	0.0	3.8981165885925293	0.0	0.0	0.0	0.0	0.0	0.0	0.7783756852149963	0.0	1.7916892766952515	2.2290916442871094	0.1434934139251709	0.0	2.727776050567627	0.0	0.0	0.0	1.060178518295288	0.0	2.5673234462738037	1.815241813659668	0.0	0.0	0.0	0.47550225257873535	0.4950133264064789	1.065625548362732	0.0	0.0	0.0	1.6359782218933105	1.752369999885559	0.0	0.0	0.0	0.0	0.0	1.7839659452438354	0.0	0.0	0.0	0.18541336059570312	2.6484427452087402	0.4383983016014099	0.0	1.6180883646011353	0.0	0.0	0.0	0.0	0.0	0.0	1.4085792303085327	0.0	0.0
0.0	0.0	0.0	0.3332127034664154	0.0	0.0	1.9127525091171265	0.0	1.3687142133712769	0.05867139622569084	1.2394031286239624	0.0	0.45089447498321533	0.009084749966859818	0.0	0.9867810606956482	2.3687522411346436	1.8867837190628052	0.9098225831985474	0.0	1.304959774017334	0.7391958236694336	0.0	0.5675868988037109	0.0	0.0	1.0060049295425415	0.0	1.9437255859375	0.0	0.6221383213996887	0.7213359475135803	0.0	1.9592384099960327	0.0	0.0	0.6627246737480164	0.0	1.5391817092895508	0.22386564314365387	0.0	0.0	0.0	0.14237625896930695	0.0	0.0	2.0951457023620605	0.0	0.0	0.0	0.0	0.0	0.0	1.1810542345046997	1.5500824451446533	0.0	0.0	0.056558821350336075	0.00497823441401124	1.9390071630477905	0.0	0.0	0.0	0.0	0.0	0.0	0.0	0.0	0.0	1.3280636072158813	0.46503907442092896	0.0	0.0	0.3894071877002716	0.0	0.0	0.07735475152730942	0.33553773164749146	0.0	0.3855525255203247	0.35888051986694336	0.0	2.213001012802124	0.9072681069374084	1.2201613187789917	0.0	1.947528600692749	0.0	1.0679562091827393	0.0	0.0	0.0	0.0	0.9865682721138	0.0	0.0	1.1173614263534546	0.31836506724357605	0.0	0.0	0.0	0.9765089750289917	0.0	2.1612493991851807	0.0	0.0	1.34518301486969	0.0	0.0	0.0	0.0	0.0	0.0	0.0	0.0	0.0	0.5389677882194519	0.0	0.0	0.0	0.0	0.5002703070640564	0.0	0.7232137322425842	1.867849349975586	0.8557286262512207	0.0	0.0	0.0	0.07478851824998856	0.0	0.0	0.0	0.0	0.0	0.6153155565261841	0.6274130940437317	0.0	0.0	0.5594494342803955	0.0	0.0	0.0	0.35038572549819946	0.0	0.0	1.5802333354949951	0.0	0.0	1.3387625217437744	0.0	0.0	0.0	0.0	0.5844237804412842	0.0	0.0	1.8888603448867798	0.0	0.0	0.8250750303268433	0.7780541777610779	0.4392140507698059	0.5314043164253235	0.0	0.0	0.08192913234233856	0.35929569602012634	0.0	0.0	0.0	0.0	0.8632669448852539	0.0	0.0	3.221864938735962	1.4611362218856812	0.0	0.0	0.0	0.7639495134353638	0.7144602537155151	0.0	0.0	0.9085394740104675	0.0	0.0	0.0	0.0	0.0	0.0	0.0	0.0	0.0	0.0	0.0	0.622040867805481	0.0	1.3097851276397705	0.23135340213775635	0.0	2.481668472290039	0.0	0.0	0.0	0.0	0.0	0.0	0.2800532877445221	0.0	0.516811192035675	1.222381353378296	0.33267781138420105	0.0	1.7451276779174805	0.0	0.0	0.0	1.7814620733261108	0.21896980702877045	2.016500949859619	0.8348750472068787	0.0	0.0	0.0	1.2350815534591675	0.0	1.0954046249389648	0.6312066316604614	0.0	0.0	0.0	0.5760811567306519	0.3318352699279785	0.0	0.0	0.0	0.0	0.9629212617874146	0.0	0.0	0.0	0.9633188247680664	1.175243854522705	1.4411413669586182	0.0	0.5983415842056274	0.0	0.0	0.07638227194547653	0.0	0.0	0.0	0.20117945969104767	0.0	0.0
0.0	0.0	0.1088140606880188	0.23589564859867096	0.0	0.0	1.6842042207717896	0.0	0.8617315888404846	1.0204963684082031	0.0	0.0	1.0451126098632812	1.2822084426879883	0.0	0.9902305006980896	0.0	0.8619523048400879	1.0336756706237793	0.6837123036384583	1.4373328685760498	0.41628238558769226	0.0	1.1777348518371582	0.0	0.0	0.9752225279808044	0.4850207269191742	1.0135306119918823	0.8962311148643494	1.0976325273513794	0.32530510425567627	0.0	1.0712578296661377	0.0	1.2310916185379028	0.7252581119537354	0.0	1.196385383605957	0.975392758846283	0.0	0.0	0.0	0.0	0.0	0.0	0.08032058924436569	0.0	0.0	0.0	0.0	0.0	0.0	0.5097728371620178	1.0070818662643433	0.0	0.0	0.9141495823860168	1.1738518476486206	0.15882644057273865	0.0	0.0	0.0	0.41184762120246887	0.0	0.0	0.0	0.0	0.0	1.1347521543502808	0.9443171620368958	0.0	0.0	0.03967927768826485	0.0	0.0	0.9909628629684448	0.7086364030838013	0.0	0.8595250248908997	0.23215313255786896	0.0	0.8111512660980225	0.5217115879058838	1.5674400329589844	0.0	1.7168678045272827	0.0	0.06975482404232025	0.0	0.0	1.0646369457244873	0.0	0.4261190593242645	0.0	0.8553144931793213	1.1997684240341187	1.071674108505249	0.0	0.16805453598499298	0.0	0.0	0.0	1.131795883178711	0.0	0.0	1.0866771936416626	0.0	0.0	0.0	0.0	0.0	0.0	0.0	0.0	0.0	1.014546275138855	0.0	0.0	0.0	0.5615875720977783	1.1801682710647583	0.0	0.0	0.07101759314537048	0.6064620018005371	0.0	0.0	0.0	0.0	0.0	0.0	0.1519145965576172	0.0	0.0	0.0	0.7033494114875793	0.0	0.0	0.8654558062553406	0.0	0.0	0.0	1.6277048587799072	1.5286930799484253	0.0	1.106671690940857	0.0	0.0	0.0	0.0	0.0	0.0	0.0	1.0103108882904053	0.0	0.0	0.9317141771316528	0.0	0.0	0.8980241417884827	0.9363464117050171	0.9988651275634766	0.9286143183708191	0.3970266580581665	0.0	0.014557956717908382	0.8241017460823059	0.0	0.0	0.0	0.0	0.7514306306838989	0.0	1.2418169975280762	0.16972815990447998	0.0	0.0	0.0	0.10435356944799423	0.9773102402687073	0.8360025882720947	0.0	0.0	0.975283145904541	0.0	0.0	0.0	0.0	0.0	0.0	0.0	0.0	0.0	0.7268552780151367	0.0	1.0312724113464355	0.0	0.7217109203338623	1.0304412841796875	0.0	0.07420481741428375	0.0	0.0	0.0	0.0	0.0	0.0	0.9098055958747864	0.0	0.12510816752910614	0.6983811259269714	0.8426454663276672	0.0	0.902987003326416	0.0	0.0	0.0	1.3478727340698242	1.4832149744033813	0.4855938255786896	0.4287251830101013	0.0	0.0	0.0	1.2303907871246338	0.654870331287384	1.0760102272033691	1.1777760982513428	0.0	0.0	0.0	0.7927405834197998	0.9986086487770081	0.0	0.0	0.0	0.0	0.1775062084197998	0.0	0.0	0.0	1.1338860988616943	0.0	1.423148512840271	0.0	0.42094531655311584	0.0	0.7053592205047607	0.7931727766990662	0.0	1.2540290355682373	0.0	0.0	0.0	0.0
0.0	0.0	0.0	0.902228832244873	0.0	0.0	3.0773065090179443	0.0	1.4105583429336548	0.25812697410583496	0.19987620413303375	0.0	1.352413535118103	0.40459510684013367	0.0	1.5626428127288818	1.123544692993164	1.677944540977478	1.2283822298049927	0.1208779439330101	2.1421778202056885	1.4906362295150757	0.0	0.8400501012802124	0.0	0.0	1.4958614110946655	0.0	1.8974933624267578	0.8692426681518555	1.3683092594146729	0.8011568188667297	0.0	2.1997902393341064	0.0	0.7785755395889282	0.9174166321754456	0.0	2.301314115524292	1.0120412111282349	0.0	0.0	0.0	0.0	0.0	0.0	1.0216960906982422	0.0	0.0	0.0	0.0	0.0	0.0	2.2983381748199463	2.459627151489258	0.0	0.0	0.0	0.6651973128318787	1.9628740549087524	0.0	0.0	0.0	0.0	0.0	0.0	0.0	0.0	0.0	1.8085836172103882	0.20662251114845276	0.0	0.0	0.07981293648481369	0.0	0.0	0.8925176858901978	0.4105581045150757	0.0	0.23460881412029266	0.0	0.0	1.0635547637939453	1.6415441036224365	2.089928150177002	0.0	2.926705837249756	0.0	0.0	0.0	0.0	0.0	0.0	0.6965944170951843	0.0	0.42009270191192627	2.2225699424743652	0.950653612613678	0.0	0.0	0.0	0.0	0.0	3.2067208290100098	0.0	0.0	1.669389009475708	0.2702699899673462	0.0	0.0	0.0	0.0	0.0	0.0	0.0	0.0	0.9050592184066772	0.0	0.4618760049343109	0.0	0.0	0.46934375166893005	0.0	0.5151976943016052	1.3544496297836304	0.047861237078905106	0.0	0.0	0.0	0.0	0.0	0.0	0.0	0.0	0.0	0.0	0.37691888213157654	0.0	0.0	2.0920798778533936	0.0	0.0	0.0	1.2467695474624634	0.0	0.0	1.711350917816162	0.0	0.0	0.0	0.0	0.0	0.0	0.0	1.3784879446029663	0.0	0.0	1.3048360347747803	0.0	0.0	1.2155383825302124	0.21970467269420624	1.463336706161499	0.758637547492981	0.0	0.0	0.8925125598907471	0.32907941937446594	0.0	0.0	0.0	0.0	0.23123010993003845	0.0	0.0	3.2460319995880127	0.0	0.0	0.0	0.0	1.111964464187622	0.7423524856567383	0.0	0.0	1.4642016887664795	0.0	0.0	0.0	0.0	0.0	0.0	0.0	0.0	0.0	0.0	0.0	1.2346371412277222	0.0	1.24326491355896	0.8657249212265015	0.0	1.187199354171753	0.0	0.0	0.0	0.0	0.0	0.0	0.4723285436630249	0.0	0.4848421514034271	1.3158304691314697	0.7682938575744629	0.0	1.7544788122177124	0.0	0.0	0.0	2.655362367630005	0.8801286220550537	1.5877937078475952	0.0	0.0	0.0	0.0	2.0220813751220703	0.0	1.3511730432510376	1.5433799028396606	0.0	0.0	0.0	0.40880703926086426	0.0	0.0	0.0	0.0	0.0	0.7819924354553223	0.0	0.0	0.0	1.3309011459350586	0.9610309600830078	1.8894072771072388	0.0	0.0	0.0	0.0	0.3219282329082489	0.0	0.0	0.0	0.0	0.0	0.0
0.0	0.0	0.0	0.4174898862838745	0.0022923918440937996	0.0	2.9886083602905273	0.0	1.3548808097839355	0.5245321393013	0.20692060887813568	0.0	1.653672218322754	0.7300094366073608	0.014533116482198238	0.8819589018821716	0.6094234585762024	1.4844309091567993	1.9248392581939697	0.7043981552124023	2.121032476425171	2.1050562858581543	0.0	0.8926516771316528	0.0	0.0	2.5251669883728027	0.0	1.9469128847122192	1.0265462398529053	1.2940611839294434	0.7841219902038574	0.0	2.3978796005249023	0.0	1.5274803638458252	1.353751540184021	0.0	2.839674234390259	1.5685312747955322	0.0	0.0	0.0	0.0	0.0	0.0	1.0814974308013916	0.0	0.0	0.0	0.0	0.0	0.0	1.9270421266555786	2.4177420139312744	0.0	0.0	0.9575549960136414	1.3822362422943115	1.750169038772583	0.0	0.0	0.0	0.0	0.0	0.0	0.0	0.0	0.0	2.754384756088257	0.2608809173107147	0.0	0.0	0.0	0.0	0.0	0.834586501121521	0.11072222888469696	0.0	1.4675586223602295	0.7170055508613586	0.0	0.9540964365005493	1.869098424911499	2.308087110519409	0.0	2.8679184913635254	0.0	0.0	0.0	0.0	0.6585065722465515	0.0	1.3818589448928833	0.0	0.4752647280693054	2.4672768115997314	0.8862072825431824	0.0	0.0	0.0	0.0	0.0	2.9231674671173096	0.0	0.0	2.023146867752075	0.0	0.0	0.0	0.0	0.0	0.0	0.0	0.0	0.0	0.8411694169044495	0.0	0.0	0.0	0.26498937606811523	0.5882524251937866	0.0	0.7274735569953918	0.9283127188682556	0.0	0.0	0.0	0.0	0.0	0.0	0.0	0.4457903206348419	0.0	0.0	0.6945161819458008	0.7766556143760681	0.0	0.0	2.351778507232666	0.0	0.0	0.0	1.2203502655029297	0.0	0.0	1.236021876335144	0.0	0.0	0.0	0.0	0.0	0.0	0.0	1.8602224588394165	0.0	0.0	0.985828697681427	0.0	0.0	1.8029955625534058	1.0179884433746338	1.5491276979446411	1.1779881715774536	0.2428179234266281	0.0	0.9576903581619263	0.5100019574165344	0.0	0.0	0.0	0.0	1.1479129791259766	0.0	0.0	1.4216922521591187	0.0	0.0	0.0	0.0	0.7633785605430603	1.3451627492904663	0.0	0.0	1.9776493310928345	0.0	0.0	0.0	0.0	0.0	0.0	0.0	0.0	0.0	1.080302357673645	0.0	2.2196710109710693	0.0	0.5725086331367493	1.282514214515686	0.0	1.1421732902526855	0.0	0.0	0.0	0.0	0.0	0.0	0.0	0.0	0.0	0.6411445140838623	1.0834563970565796	0.0	1.1257619857788086	0.0	0.0	0.0	3.406690835952759	1.5138237476348877	1.2281696796417236	0.0	0.0	0.0	0.0	2.0802805423736572	0.0	1.4118561744689941	2.1630337238311768	0.0	0.0	0.0	0.0	0.3092970550060272	0.0	0.0	0.0	0.0	0.5916123390197754	0.0	0.0	0.0	1.2521649599075317	0.058343034237623215	2.8177759647369385	0.0	0.0	0.0	0.44087058305740356	1.0361411571502686	0.0	0.0	0.0	0.0	0.0	0.0
0.0	0.0	0.0	0.8840904235839844	0.0	0.0	1.5370148420333862	0.0	1.9782021045684814	0.0	2.5146405696868896	0.0	0.00855825562030077	0.6583362817764282	0.0	2.8147196769714355	2.7841711044311523	1.0609492063522339	0.2798735797405243	0.0	1.399343490600586	0.0	0.0	0.022735195234417915	0.0	0.0	0.6242913603782654	0.0	1.6409341096878052	0.3577919900417328	1.5660016536712646	0.18914388120174408	0.0	0.0	0.0	0.0	0.0	0.0	0.8597109913825989	0.03202055022120476	0.0	0.0	0.0	0.6392145156860352	0.0	0.0	2.158729314804077	0.0	0.0	0.44907146692276	0.0	0.0	0.0	0.6833969354629517	0.3191724419593811	0.0	0.0	0.0	0.0	1.5737298727035522	0.0	0.0	0.0	0.0	0.0	0.0	0.0	0.0	0.0	0.0	0.5245144963264465	0.0	0.0	0.23482154309749603	0.0	0.0	0.04832042008638382	0.0	0.0	0.0	0.0	0.0	2.4262845516204834	0.0	0.17947639524936676	0.0	1.0194107294082642	0.0	1.9529399871826172	0.0	0.0	0.0	0.0	0.0	0.0	0.0	0.7152984738349915	0.0	0.0	0.0	0.0	0.425119549036026	0.0	0.37505653500556946	0.0	0.0	1.9217363595962524	1.1175044775009155	0.0	1.1765196323394775	0.0	0.0	0.0	0.0	0.0	0.0	1.9686938524246216	0.0	0.7594343423843384	0.0	0.6082139611244202	1.8072433471679688	0.0	0.0	1.3277794122695923	1.2909011840820312	0.0	0.0	0.0	1.08247971534729	0.0	0.0	0.9742644429206848	0.0	0.0	2.2039389610290527	0.6450015902519226	0.0	0.0	0.0	0.0	0.0	0.0	0.3596040606498718	0.0	0.0	3.2517778873443604	0.0	0.0	0.0	0.0	0.48590102791786194	0.0	0.0	0.0	0.0	0.0	3.116891860961914	0.0	0.0	0.0	0.0	0.08639035373926163	1.236375331878662	0.0	0.0	0.0	0.8111840486526489	0.0	0.0	0.0	0.0	0.12407950311899185	0.0	0.0	3.855201005935669	1.8324344158172607	0.0	0.0	0.0	2.2036173343658447	0.0	0.0	0.0	0.5255648493766785	0.0	0.0	0.0	0.0	0.0	0.0	0.0	0.0	0.0	0.0	0.0	0.0	0.0	2.8183367252349854	0.0	0.0	2.490086555480957	0.0	0.0	0.0	0.0	0.0	0.0	0.9720953702926636	0.0	3.0450446605682373	2.4389755725860596	0.35745084285736084	0.0	2.984163284301758	0.0	0.0	0.0	0.7772931456565857	0.0	2.462036371231079	1.3718409538269043	0.0	0.0	0.0	0.0	0.0	1.659300446510315	0.04452519118785858	0.0	0.0	1.6702649593353271	1.285529375076294	0.0	0.0	0.0	0.0	0.0	2.8759498596191406	0.0	0.0	0.0	0.5294981002807617	2.6505179405212402	0.10999013483524323	0.0	1.064111351966858	0.0	0.0	0.0	0.0	0.0	0.0	1.726131558418274	0.0	0.0
0.0	0.0	0.0	0.17534856498241425	0.2232334166765213	0.0	0.9085341095924377	0.0	0.6102389097213745	0.6428250074386597	0.08066155761480331	0.0	0.3164161741733551	0.5600894689559937	0.04878312721848488	0.6741990447044373	0.5438740253448486	0.9860826134681702	0.8084694743156433	0.39774712920188904	1.0992379188537598	0.25311699509620667	0.0	0.9864353537559509	0.0	0.0	0.6491798162460327	0.0	0.8505966067314148	0.29780054092407227	0.640675961971283	0.40695035457611084	0.0	1.0172629356384277	0.0	0.5472071170806885	0.12930387258529663	0.0	1.1930783987045288	0.4373517632484436	0.0	0.0	0.0	0.0	0.0	0.0	0.5053129196166992	0.0	0.0	0.0	0.0	0.0	0.0	0.27787014842033386	0.8363407850265503	0.0	0.0	0.4332801401615143	0.893578052520752	0.6901597380638123	0.0	0.0	0.0	0.0	0.0	0.0	0.0	0.0	0.0	0.5896881222724915	0.6945807337760925	0.0	0.0	0.1911175549030304	0.0	0.0	0.5044904351234436	0.4188517928123474	0.0	0.4184141159057617	0.003708489704877138	0.0	0.5305789709091187	0.17512020468711853	1.0766761302947998	0.0	1.0306941270828247	0.0	0.11184737831354141	0.0	0.0	0.3826620578765869	0.0	0.6891144514083862	0.0	0.2704547643661499	0.8607609272003174	0.4356381297111511	0.0	0.29716143012046814	0.0	0.03905404731631279	0.0	0.7848386168479919	0.0	0.0	0.556818962097168	0.08886530995368958	0.0	0.0	0.0	0.0	0.0	0.0	0.0	0.0	0.5598976016044617	0.0	0.0	0.0	0.0	0.6278437972068787	0.0	0.0	0.406253457069397	0.2453630417585373	0.0	0.0	0.0	0.051213253289461136	0.0	0.0	0.3802277147769928	0.0	0.0	0.30872902274131775	0.20836083590984344	0.0	0.0	0.1681007444858551	0.0	0.0	0.0	1.295154333114624	0.9960126876831055	0.0	0.7811778783798218	0.0	0.0	0.40186211466789246	0.0	0.0	0.0	0.0	0.5969542264938354	0.0	0.0	1.0612016916275024	0.0	0.0	0.7492349743843079	0.9099884033203125	0.6611261367797852	0.6898958683013916	0.3544156849384308	0.0	0.13456204533576965	0.6695413589477539	0.0	0.0	0.0	0.0	0.37057065963745117	0.0	0.826038122177124	0.8454115986824036	0.16882772743701935	0.0	0.0	0.0	0.7045509815216064	0.34254395961761475	0.0	0.0	1.0822880268096924	0.0	0.0	0.0	0.0	0.0	0.0	0.0	0.0	0.0	0.48386332392692566	0.0	0.8980701565742493	0.0	0.5669811964035034	0.5995599627494812	0.0	0.22757133841514587	0.0	0.0	0.0	0.0	0.0	0.0	0.8385864496231079	0.0	0.7089159488677979	0.8959540128707886	0.47651270031929016	0.0	1.069443702697754	0.0	0.0	0.0	1.1646305322647095	0.6475269198417664	0.529930830001831	0.4705365300178528	0.0	0.0	0.0	0.4234877824783325	0.30035486817359924	0.8185467720031738	0.7545758485794067	0.0	0.0	0.05433143675327301	0.47505638003349304	0.4211946427822113	0.0	0.0	0.0	0.0	0.25289469957351685	0.0	0.0	0.0	0.5676551461219788	0.5447332859039307	1.1169917583465576	0.0	0.38601967692375183	0.0	0.11372930556535721	0.39443790912628174	0.0	0.052574802190065384	0.0	0.0528218150138855	0.0	0.0
0.0	0.0	0.0	0.5810505151748657	0.22119100391864777	0.0	2.172421932220459	0.0	1.489608645439148	0.7664448618888855	1.269632339477539	0.0	1.137360692024231	0.6122528910636902	0.0	1.9971060752868652	0.9458309412002563	1.2993718385696411	1.1984764337539673	0.1383906751871109	1.3698409795761108	0.402512788772583	0.0	0.5966188311576843	0.0	0.0	1.4768227338790894	0.0	1.2904112339019775	1.1253865957260132	1.4781733751296997	0.2231709361076355	0.0	1.4562251567840576	0.0	0.24678809940814972	0.0	0.0	2.0799078941345215	0.7810660004615784	0.0	0.0	0.0	0.11333546787500381	0.0	0.0	0.9181337356567383	0.0	0.0	0.0636260062456131	0.0	0.0	0.0	1.0784207582473755	1.0576798915863037	0.0	0.0	0.20578782260417938	0.35221847891807556	1.6490471363067627	0.0	0.0	0.0	0.0	0.0	0.0	0.0	0.0	0.0	0.43521034717559814	0.5102627873420715	0.0	0.0	0.366427481174469	0.0	0.0	0.5981827974319458	0.35531380772590637	0.0	0.32958948612213135	0.0	0.0	1.9093610048294067	0.7885578870773315	1.0238069295883179	0.0	1.7250393629074097	0.0	0.41216006875038147	0.0	0.0	0.041211437433958054	0.0	0.8654097318649292	0.0	0.0	1.4288355112075806	0.5430552363395691	0.0	0.0	0.0	0.0	0.0	1.8423811197280884	0.0	0.0	1.5612095594406128	0.3665542006492615	0.0	0.0	0.0	0.0	0.0	0.0	0.0	0.0	0.6147482991218567	0.0	0.0	0.0	0.0	1.3215296268463135	0.0	0.0	0.677782416343689	0.607363224029541	0.0	0.0	0.0	0.0	0.0	0.0	0.27695590257644653	0.0	0.0	1.402329444885254	0.8812187314033508	0.0	0.0	1.421323299407959	0.0	0.0	0.0	1.9718586206436157	0.0	0.0	1.7268116474151611	0.0	0.0	0.0	0.0	0.0	0.0	0.0	0.6690601110458374	0.0	0.0	1.8639347553253174	0.0	0.0	0.6600560545921326	0.5223206281661987	0.6315798759460449	0.7066524624824524	0.0	0.0	0.0	0.7473106384277344	0.0	0.0	0.0	0.0	0.25786373019218445	0.0	0.830134391784668	2.579467296600342	0.5299103856086731	0.0	0.0	0.0	1.1636614799499512	0.9619985222816467	0.0	0.0	1.6021288633346558	0.0	0.0	0.0	0.0	0.0	0.0	0.0	0.0	0.0	0.13483726978302002	0.0	0.7680845856666565	0.0	1.5163742303848267	0.4231964647769928	0.0	1.16460382938385	0.0	0.0	0.0	0.0	0.0	0.0	0.5297775864601135	0.0	1.2518168687820435	0.8421428799629211	0.7778100371360779	0.0	1.9911580085754395	0.0	0.0	0.0	1.954876184463501	0.5311663746833801	1.643982172012329	0.3117918372154236	0.0	0.0	0.0	1.2760909795761108	0.0	1.217942714691162	1.0948477983474731	0.0	0.0	0.003057823982089758	0.34195905923843384	0.0	0.0	0.0	0.0	0.0	1.4009488821029663	0.0	0.0	0.0	0.5585803389549255	1.497901439666748	1.6035593748092651	0.0	0.40513157844543457	0.0	0.0	0.5410903096199036	0.0	0.0	0.0	0.0	0.0	0.0
0.0	0.0	0.0	0.0	0.0	0.0	2.2323577404022217	0.0	1.5215078592300415	0.2592635154724121	0.8622888922691345	0.0	0.5938891768455505	0.02833522856235504	0.0	1.842787504196167	2.3108716011047363	1.2827329635620117	0.8923301100730896	0.0	1.9578113555908203	0.42222341895103455	0.0	0.34046700596809387	0.0	0.0	0.8928055167198181	0.0	1.2500585317611694	0.24647611379623413	0.7195581197738647	0.9879341125488281	0.0	1.6007583141326904	0.0	0.33881115913391113	0.2017107456922531	0.0	1.5000747442245483	0.25750505924224854	0.0	0.0	0.0	0.288877010345459	0.0	0.0	1.5255773067474365	0.0	0.0	0.0	0.0	0.0	0.0	0.5138400197029114	1.2068730592727661	0.0	0.0	0.4503081738948822	0.413998544216156	1.6928945779800415	0.0	0.0	0.0	0.0	0.0	0.0	0.0	0.0	0.0	1.1137473583221436	0.2412722408771515	0.0	0.0	0.3644926846027374	0.0	0.0	0.07862205058336258	0.11542395502328873	0.0	0.4962408244609833	0.4074324369430542	0.0	1.2673524618148804	0.6840479969978333	1.3664276599884033	0.0	2.3347787857055664	0.0	1.4433114528656006	0.0	0.0	0.0	0.0	0.05002877861261368	0.0	0.21178631484508514	1.4805229902267456	0.19007332623004913	0.0	0.0	0.0	0.7879302501678467	0.0	1.9044393301010132	0.0	0.0	2.4000442028045654	0.38064926862716675	0.0	0.47377490997314453	0.0	0.0	0.0	0.0	0.0	0.0	1.0489944219589233	0.0	0.42428678274154663	0.0	0.0	0.5502023100852966	0.0	1.108069896697998	1.8723011016845703	0.9017868638038635	0.0	0.0	0.0	0.0	0.0	0.0	0.0	0.0	0.0	0.7725339531898499	0.9584060311317444	0.0	0.0	1.2496166229248047	0.0	0.0	0.0	2.1407978534698486	0.6534181833267212	0.0	1.8504770994186401	0.0	0.0	0.0	0.0	0.0	0.0	0.0	1.3098992109298706	0.0	0.0	2.1060657501220703	0.0	0.0	0.21881048381328583	0.6137944459915161	0.7762457132339478	1.9047009944915771	0.0	0.0	0.058114856481552124	0.25779739022254944	0.0	0.0	0.0	0.0	0.5029148459434509	0.0	0.0	3.8049018383026123	1.3502601385116577	0.0	0.0	0.0	1.1052614450454712	0.3977958559989929	0.0	0.0	0.4105621576309204	0.0	0.0	0.0	0.0	0.0	0.0	0.0	0.0	0.0	0.0	0.0	0.0	0.0	1.5312254428863525	0.19037623703479767	0.0	1.66726815700531	0.0	0.0	0.0	0.0	0.0	0.0	1.0017331838607788	0.0	0.9988808035850525	1.4185103178024292	0.5191321969032288	0.0	1.8245035409927368	0.0	0.0	0.0	1.7126537561416626	0.06330924481153488	2.060253143310547	0.9058451056480408	0.0	0.0	0.0	1.1712632179260254	0.33007797598838806	1.3306825160980225	0.2920457720756531	0.0	0.0	0.7654069662094116	1.496970534324646	0.06283942610025406	0.0	0.0	0.0	0.0	0.9397668242454529	0.0	0.0	0.0	0.9915301203727722	1.2430909872055054	1.3350181579589844	0.0	0.5738299489021301	0.0	0.4369531273841858	0.0	0.0	0.0	0.0	0.5639431476593018	0.0	0.0
0.0	0.0	0.0	0.625514030456543	0.3945613205432892	0.0	1.3763967752456665	0.0	1.89713454246521	0.0	2.2761693000793457	0.0	0.21969561278820038	1.2719080448150635	0.34423577785491943	2.578062057495117	2.5644121170043945	1.0809886455535889	0.9055996537208557	0.0	0.9017693996429443	0.0	0.0	1.029025912284851	0.0	0.0	0.8609206676483154	0.0	1.8121132850646973	0.35138827562332153	0.9971540570259094	0.7135627865791321	0.0	0.32775306701660156	0.0	0.0	0.0	0.0	0.9508975744247437	0.10639603435993195	0.0	0.0	0.0	0.7999467253684998	0.0	0.0	2.494727611541748	0.0	0.0	0.6027780771255493	0.0	0.0	0.0	0.8580005168914795	0.4156150221824646	0.0	0.0	0.9848216772079468	0.0	1.692978024482727	0.0	0.0	0.0	0.0	0.0	0.0	0.0	0.0	0.0	0.1022314727306366	1.3825809955596924	0.0	0.0	0.2817996144294739	0.0	0.0	0.4512062966823578	0.2991655766963959	0.0	0.5571991205215454	0.0	0.0	2.4450666904449463	0.023302873596549034	1.224741816520691	0.0	0.9856278300285339	0.0	1.388087511062622	0.0	0.0	0.0	0.0	0.15239375829696655	0.0	0.0	0.7830986380577087	0.8989752531051636	0.0	0.0	0.0	0.9035592675209045	0.0	0.814464807510376	0.0	0.0	1.968072533607483	1.0190231800079346	0.0	0.397098571062088	0.0	0.0	0.0	0.0	0.0	0.0	1.9394943714141846	0.0	0.1646430492401123	0.0	0.5759115815162659	1.296635389328003	0.0	0.021185362711548805	0.2762939929962158	1.5782700777053833	0.0	0.0	0.0	1.1403546333312988	0.0	0.0	1.0659297704696655	0.0	0.0	1.9501264095306396	1.086562991142273	0.0	0.0	0.0	0.0	0.0	0.0	0.7004494667053223	0.0	0.0	2.8096256256103516	0.0	0.0	0.4360928237438202	0.0	0.5276880860328674	0.0	0.0	0.0	0.0	0.0	2.9885029792785645	0.0	0.0	0.7795581817626953	0.9491729140281677	0.5965247750282288	1.4753296375274658	0.0	0.0	0.0	1.2505031824111938	0.0	0.0	0.0	0.0	0.19222472608089447	0.0	0.0	3.056814432144165	1.8726427555084229	0.0	0.0	0.0	2.0065982341766357	0.2260572910308838	0.0	0.0	0.41440755128860474	0.0	0.0	0.0	0.0	0.0	0.0	0.0	0.0	0.0	0.48707330226898193	0.0	0.0	0.0	1.8138426542282104	0.0	0.0	2.63468861579895	0.0	0.0	0.0	0.0	0.0	0.0	1.0615906715393066	0.0	2.1725263595581055	2.9169065952301025	0.6786942481994629	0.0	2.1045756340026855	0.0	0.0	0.0	1.3483929634094238	0.17929238080978394	2.461486577987671	1.5427584648132324	0.0	0.0	0.0	0.48677167296409607	0.0	1.0375959873199463	0.3209587037563324	0.0	0.0	0.7268128395080566	1.2441378831863403	0.0	0.0	0.0	0.0	0.0	2.1368439197540283	0.0	0.0	0.0	0.3327943682670593	2.2409138679504395	0.2946912348270416	0.0	1.588680386543274	0.0	0.0	0.5176261067390442	0.0	0.0	0.0	0.5335691571235657	0.0	0.0
0.0	0.0	0.0	0.820162296295166	0.0	0.0	1.409105896949768	0.0	1.7926177978515625	0.24385812878608704	1.8243157863616943	0.0	0.7045395374298096	1.2461923360824585	0.9629094004631042	2.1833534240722656	2.25396728515625	1.059983253479004	1.2406572103500366	0.25345778465270996	0.8908349871635437	0.0	0.0	1.097730278968811	0.0	0.0	0.3392564058303833	0.0	1.2884118556976318	0.36369484663009644	1.2166298627853394	1.0429967641830444	0.0	0.0	0.0	0.0	0.08607906103134155	0.0	1.2094473838806152	0.7617157101631165	0.0	0.0	0.0	0.1409136801958084	0.0	0.0	2.1922028064727783	0.0	0.0	0.3639814555644989	0.0	0.0	0.0	0.7028077840805054	0.3706355690956116	0.0	0.0	0.5596961975097656	0.15998834371566772	0.9143492579460144	0.0	0.0	0.0	0.0	0.0	0.0	0.0	0.0	0.0	0.1608436405658722	0.9115753173828125	0.0	0.0	0.38856473565101624	0.0	0.0	0.8386200666427612	0.0	0.0	0.8220331072807312	0.0	0.0	1.372571349143982	0.0	1.1416218280792236	0.0	0.8627459406852722	0.0	0.9269540309906006	0.0	0.0	0.0	0.0	0.49247169494628906	0.0	0.3087465167045593	0.3394090235233307	0.9013791084289551	0.0	0.0	0.0	0.044006846845149994	0.0	0.5091857314109802	0.0	0.0	1.7008459568023682	1.4025245904922485	0.0	0.0	0.0	0.0	0.0	0.0	0.0	0.0	1.6433950662612915	0.0	0.11839384585618973	0.0	1.1491488218307495	1.5165762901306152	0.0	0.1526256501674652	0.015607796609401703	1.686008334159851	0.0	0.0	0.0	0.5315109491348267	0.0	0.0	1.6164180040359497	0.0	0.0	1.3804172277450562	1.308478832244873	0.0	0.0	0.0	0.0	0.0	0.0	0.60271155834198	0.0	0.0	2.5835251808166504	0.0	0.0	0.0	0.0	0.6310499906539917	0.0	0.0	0.0	0.0	0.0	2.6569669246673584	0.0	0.0	0.7337324619293213	0.3473640978336334	0.8326357007026672	1.4619697332382202	0.0	0.0	0.14798283576965332	1.0808422565460205	0.0	0.0	0.0	0.0	0.38246917724609375	0.0	0.0	2.534482002258301	0.977576494216919	0.0	0.0	0.0	1.6761760711669922	0.8187363147735596	0.0	0.0	1.1949710845947266	0.0	0.0	0.0	0.0	0.0	0.0	0.0	0.0	0.0	0.17824694514274597	0.0	0.12754704058170319	0.0	2.008401870727539	0.0	0.0	2.0556817054748535	0.0	0.0	0.0	0.0	0.0	0.0	0.9762482047080994	0.0	1.6769840717315674	2.7715842723846436	0.0	0.0	1.6061701774597168	0.0	0.0	0.0	1.0712913274765015	0.5351820588111877	2.0597498416900635	1.606931209564209	0.0	0.0	0.0	0.4817807972431183	0.24328504502773285	1.2532528638839722	0.582871675491333	0.0	0.0	0.4193413257598877	1.3573328256607056	0.0	0.0	0.0	0.0	0.0	2.0954301357269287	0.0	0.0	0.0	0.9987656474113464	1.4692295789718628	0.20822817087173462	0.0	1.3769177198410034	0.0	0.0	0.8296006321907043	0.0	0.0	0.0	0.0	0.0	0.0
0.0	0.0	0.0	0.0	0.10115441679954529	0.0	2.3560352325439453	0.0	1.147443175315857	0.7554389238357544	0.2970806062221527	0.0	0.9861498475074768	0.0	0.0	0.9209405779838562	1.237372875213623	1.042283535003662	1.1815829277038574	0.1808808147907257	2.6113440990448	0.8266453742980957	0.0	0.8611826300621033	0.0	0.0	1.109037160873413	0.0	1.1230586767196655	0.48646309971809387	0.8099491000175476	1.5884315967559814	0.0	1.8034425973892212	0.0	1.0198938846588135	0.7948839664459229	0.0	1.9177441596984863	0.5815082788467407	0.0	0.0	0.0	0.0	0.0	0.0	1.4077523946762085	0.0	0.0	0.0	0.0	0.0	0.0	1.7254058122634888	1.313734531402588	0.0	0.0	0.3942176103591919	1.3996045589447021	1.5836915969848633	0.0	0.0	0.0	0.0	0.0	0.0	0.0	0.0	0.0	1.590254783630371	0.3480575680732727	0.0	0.0	0.25764718651771545	0.0	0.0	0.601836085319519	0.4265907406806946	0.0	0.8232192397117615	0.048428863286972046	0.0	0.7646503448486328	0.8137112259864807	1.5142077207565308	0.0	2.4224066734313965	0.0	0.023656541481614113	0.0	0.0	0.15040947496891022	0.0	0.9560447335243225	0.0	0.3988589346408844	2.0440621376037598	0.8734740614891052	0.0	0.0	0.0	0.0	0.0	2.511037826538086	0.0	0.0	1.5620568990707397	0.024637915194034576	0.0	0.0	0.0	0.0	0.0	0.0	0.0	0.0	0.31081780791282654	0.0	0.19883102178573608	0.0	0.14213082194328308	0.36894506216049194	0.0	0.37130624055862427	1.3328484296798706	0.0	0.0	0.0	0.0	0.0	0.0	0.0	0.32642611861228943	0.0	0.0	0.0	0.5143751502037048	0.0	0.0	1.7336652278900146	0.0	0.0	0.0	1.9620988368988037	0.672494649887085	0.0	0.7845171093940735	0.0	0.0	0.0	0.0	0.0	0.0	0.0	1.5811395645141602	0.0	0.0	0.3131440281867981	0.0	0.0	1.214206337928772	0.6869874000549316	0.9954928755760193	1.177489161491394	0.34421730041503906	0.0	1.209157109260559	0.7198089361190796	0.0	0.0	0.0	0.0	0.5314634442329407	0.0	0.36641037464141846	1.615986704826355	0.006456462200731039	0.0	0.0	0.0	0.6194670796394348	0.9218528866767883	0.0	0.0	1.3004544973373413	0.0	0.0	0.0	0.0	0.0	0.0	0.0	0.0	0.0	0.0	0.0	0.44554975628852844	0.0	0.6247987747192383	1.143496036529541	0.0	1.4566670656204224	0.0	0.0	0.0	0.0	0.0	0.0	0.39047956466674805	0.0	0.0	0.7376111745834351	0.6796744465827942	0.0	1.3640198707580566	0.0	0.0	0.0	2.3078277111053467	1.1209062337875366	1.178718090057373	0.0	0.0	0.0	0.0	1.8799220323562622	0.0	1.112567663192749	1.259002685546875	0.0	0.0	0.0	0.27269330620765686	0.24196331202983856	0.0	0.0	0.0	0.0	0.13630902767181396	0.0	0.0	0.0	0.9664303660392761	0.0	2.2297239303588867	0.0	0.3012296259403229	0.0	0.7349767088890076	0.47299253940582275	0.0	0.0	0.0	0.0	0.0	0.0
0.0	0.0	0.0	0.02648250013589859	0.0	0.0	1.3366180658340454	0.0	0.337833046913147	0.6649882197380066	0.0	0.0	1.0808533430099487	0.7339093089103699	0.0	0.030416395515203476	0.4768947958946228	2.4507334232330322	1.970748782157898	1.3689768314361572	1.7819414138793945	2.068057060241699	0.0	1.0329830646514893	0.0	0.0	1.7359875440597534	0.44001901149749756	1.8796672821044922	0.0	0.5568114519119263	0.9422422647476196	0.0	2.132742404937744	0.0	0.7154654860496521	1.823946237564087	0.0	2.315622091293335	0.981271505355835	0.0	0.0	0.0	0.0	0.0	0.0	1.2779635190963745	0.0	0.0	0.0	0.0	0.0	0.0	1.3678793907165527	1.8885184526443481	0.0	0.0	0.7919399738311768	1.8631783723831177	1.124047875404358	0.0	0.0	0.0	0.4585111737251282	0.0	0.0	0.0	0.0	0.0	1.7731012105941772	0.7943500876426697	0.0	0.0	0.3415958285331726	0.0	0.0	0.906444251537323	0.285166472196579	0.0	0.7552834749221802	0.4264069199562073	0.0	0.589063286781311	0.9899088740348816	2.320335865020752	0.0	1.7718193531036377	0.0	0.5286927819252014	0.0	0.0	1.4001151323318481	0.0	2.097773551940918	0.0	1.4182394742965698	1.0405610799789429	0.730781614780426	0.0	0.0	0.0	0.0	0.0	2.0039405822753906	0.0	0.0	0.8382987380027771	0.09455601871013641	0.0	0.0	0.0	0.0	0.0	0.0	0.0	0.0	0.7950367331504822	0.0	0.0	0.0	1.2673124074935913	0.2791922092437744	0.0	1.076249122619629	1.1467595100402832	0.25876519083976746	0.0	0.0	0.0	0.0	0.0	0.0	0.8206250071525574	0.0	0.0	0.09939825534820557	1.108404517173767	0.0	0.0	0.6609521508216858	0.0	0.0	0.0	0.0	0.9284160733222961	0.0	0.9715660810470581	0.0	0.0	1.4990094900131226	0.0	0.48410674929618835	0.0	0.0	1.7495193481445312	0.0	0.0	1.4931215047836304	0.0	0.0	1.923682689666748	1.0898735523223877	0.9515770673751831	0.2818361818790436	0.24249853193759918	0.0	1.5999869108200073	1.2995473146438599	0.0	0.0	0.0	0.0	1.2090712785720825	0.0	0.0	1.2270965576171875	0.0	0.0	0.0	0.0	0.3936123549938202	1.4010494947433472	0.0	0.0	2.5824239253997803	0.0	0.0	0.0	0.0	0.0	0.0	0.0	0.0	0.0	0.7356330752372742	0.0	2.9008829593658447	0.0	0.36966535449028015	1.1958744525909424	0.0	1.225825309753418	0.0	0.0	0.0	0.0	0.0	0.0	0.0	0.0	0.0	1.6611618995666504	0.0	0.0	1.1718207597732544	0.0	0.0	0.0	2.948779821395874	1.1844959259033203	0.4172285497188568	0.0	0.0	0.0	0.0	2.25496506690979	0.0	1.2198020219802856	1.6478363275527954	0.0	0.0	0.0	0.020041055977344513	0.7796092629432678	0.0	0.0	0.0	0.0	0.0	0.0	0.0	0.0	1.4829556941986084	0.37063390016555786	2.12262225151062	0.0	0.6298379302024841	0.0	0.7892275452613831	0.737203061580658	0.0	0.0	0.0	0.0	0.0	0.0
0.0	0.0	0.0	0.04439043626189232	0.0	0.0	1.5120636224746704	0.0	1.1170368194580078	0.8229255080223083	0.02440512739121914	0.0	1.221794605255127	0.2517448961734772	0.0	1.1179773807525635	0.4426121711730957	1.4051960706710815	1.1472076177597046	0.25190234184265137	1.0427042245864868	0.48300260305404663	0.0	0.785463273525238	0.0	0.0	1.1284676790237427	0.09340234845876694	1.4093902111053467	0.4994913637638092	1.1185166835784912	0.2677781283855438	0.0	1.083290696144104	0.0	0.7414634823799133	0.7954689860343933	0.0	1.3517266511917114	0.7481516003608704	0.0	0.0	0.0	0.0	0.0	0.0	0.5638565421104431	0.0	0.0	0.0	0.0	0.0	0.0	0.8437975645065308	1.1073259115219116	0.0	0.0	0.6415250301361084	0.6007619500160217	0.9055735468864441	0.0	0.0	0.0	0.05082817003130913	0.0	0.0	0.0	0.0	0.0	1.130266785621643	0.8603448271751404	0.0	0.0	0.0	0.0	0.0	0.4770487844944	0.19545572996139526	0.0	0.4424600601196289	0.31425437331199646	0.0	1.3196967840194702	0.6494339108467102	1.3636757135391235	0.0	1.754745364189148	0.0	0.4637923836708069	0.0	0.0	0.20904426276683807	0.0	0.40640339255332947	0.0	0.42512837052345276	1.4062052965164185	0.398423433303833	0.0	0.0	0.0	0.0848529040813446	0.0	1.3241114616394043	0.0	0.0	1.6033964157104492	0.0521383099257946	0.0	0.0	0.0	0.0	0.0	0.0	0.0	0.0	0.19467458128929138	0.0	0.0	0.0	0.6481397747993469	0.5489723682403564	0.0	0.0	0.7855842709541321	0.5634047985076904	0.0	0.0	0.0	0.0	0.0	0.0	0.21606490015983582	0.0	0.0	0.0762384831905365	0.5797341465950012	0.0	0.0	0.9919350147247314	0.0	0.0	0.0	1.545440435409546	0.8336697220802307	0.0	0.8229796290397644	0.0	0.0	0.014777131378650665	0.0	0.0	0.0	0.0	0.7364416718482971	0.0	0.0	1.1075730323791504	0.0	0.0	0.4641790986061096	1.0460795164108276	0.7015279531478882	0.696740448474884	0.3170495927333832	0.0	0.0	0.5877565145492554	0.0	0.0	0.0	0.0	0.8681734204292297	0.0	0.5211737155914307	1.1185485124588013	0.44032081961631775	0.0	0.0	0.0	0.6591100096702576	1.0760352611541748	0.0	0.0	0.7661679983139038	0.0	0.0	0.0	0.0	0.0	0.0	0.0	0.0	0.0	0.5306412577629089	0.0	0.8555461764335632	0.0	0.946491539478302	0.4750252962112427	0.0	0.5456177592277527	0.0	0.0	0.0	0.0	0.0	0.0	0.40957111120224	0.0	0.28754016757011414	0.6709573268890381	0.16602596640586853	0.0	1.059550404548645	0.0	0.0	0.0	1.5890341997146606	0.7405438423156738	0.7738640308380127	0.2797362804412842	0.0	0.0	0.0	0.9458328485488892	0.17953039705753326	1.3057470321655273	1.0861238241195679	0.0	0.0	0.0	0.21354109048843384	0.5866510272026062	0.0	0.0	0.0	0.0	0.22316166758537292	0.0	0.0	0.0	0.9312009215354919	0.62286776304245	1.359627366065979	0.0	0.14751358330249786	0.0	0.4034809470176697	0.41141992807388306	0.0	0.0	0.0	0.0	0.0	0.0
0.0	0.0	0.0	0.0	0.43441054224967957	0.0	1.875317931175232	0.0	2.1505119800567627	0.899620771408081	1.7721997499465942	0.0	0.9208397269248962	0.6942697167396545	1.151124358177185	2.9622504711151123	1.169402003288269	1.1881223917007446	1.3455159664154053	0.16611112654209137	1.7264676094055176	0.0	0.0	0.7063723206520081	0.0	0.0	0.924271285533905	0.0	2.1790974140167236	0.9480370283126831	1.4563519954681396	0.9426324963569641	0.0	0.7686102986335754	0.0	0.3370933532714844	0.0645865872502327	0.0	1.468730092048645	0.19941586256027222	0.0	0.0	0.0	0.4028145670890808	0.0	0.0	1.1655083894729614	0.0	0.0	0.44228047132492065	0.0	0.0	0.0	0.8641673922538757	0.9347460269927979	0.0	0.0	1.0517523288726807	0.37864962220191956	1.467156171798706	0.0	0.0	0.0	0.0	0.0	0.0	0.0	0.0	0.0	0.1892036497592926	1.0619291067123413	0.0	0.0	0.9395849704742432	0.0	0.0	1.6067466735839844	0.5320871472358704	0.0	1.2231265306472778	0.0	0.0	1.7516430616378784	0.9110358953475952	1.2115839719772339	0.0	1.902572751045227	0.0	0.9424921274185181	0.0	0.0	0.0	0.0	0.6312753558158875	0.0	0.3616815507411957	1.4822278022766113	0.956442654132843	0.0	0.0	0.0	0.0	0.0	2.1199076175689697	0.0	0.0	2.392174005508423	1.4125117063522339	0.0	0.0	0.0	0.0	0.0	0.0	0.0	0.0	1.7859841585159302	0.0	0.34017154574394226	0.0	0.0	2.0354855060577393	0.0	0.5114399194717407	0.5251036882400513	1.7746917009353638	0.0	0.0	0.0	0.05408960208296776	0.0	0.0	1.9032951593399048	0.0	0.0	2.0796315670013428	1.2249220609664917	0.0	0.0	1.5910297632217407	0.0	0.0	0.0	2.0130813121795654	0.0	0.0	2.731593370437622	0.0	0.0	0.0	0.0	0.29745739698410034	0.0	0.0	0.6232423782348633	0.0	0.0	3.7313764095306396	0.0	0.0	0.4852004647254944	1.0667675733566284	1.8270527124404907	1.3870716094970703	0.0	0.0	0.0	1.3547857999801636	0.0	0.0	0.0	0.0	0.5660884976387024	0.0	0.0	4.147217750549316	1.9307961463928223	0.0	0.0	0.0	2.467647075653076	0.6124071478843689	0.0	0.0	1.105574369430542	0.0	0.0	0.0	0.0	0.0	0.0	0.0	0.0	0.0	0.0	0.0	0.3967083692550659	0.0	2.3449864387512207	0.19827237725257874	0.0	2.202221632003784	0.0	0.0	0.0	0.0	0.0	0.0	0.9244840145111084	0.0	2.563911199569702	2.199456214904785	0.6995570063591003	0.0	2.7206974029541016	0.0	0.0	0.0	1.9522881507873535	0.6957409381866455	2.2290256023406982	1.7623811960220337	0.0	0.0	0.0	1.4306985139846802	0.5357776284217834	1.664064884185791	0.6879996061325073	0.0	0.0	0.9840835928916931	2.0631563663482666	0.0	0.0	0.0	0.0	0.0	2.4752695560455322	0.0	0.0	0.0	0.13445386290550232	2.3348565101623535	1.3410078287124634	0.0	1.5137699842453003	0.0	0.0	0.0	0.0	0.0	0.0	0.0	0.0	0.0
0.0	0.0	0.0	0.6652084589004517	0.2833157181739807	0.0	1.9532971382141113	0.0	1.5108726024627686	0.1449543684720993	1.4732789993286133	0.0	0.4275793135166168	0.6156296133995056	0.26137107610702515	1.960262656211853	2.4351723194122314	1.2922533750534058	0.7098392248153687	0.0	1.9410899877548218	0.0	0.0	0.3701094388961792	0.0	0.0	1.1652675867080688	0.0	1.4673279523849487	0.7174419164657593	1.4225465059280396	0.8535881042480469	0.0	0.7819718718528748	0.0	0.0	0.0	0.0	1.4504040479660034	0.5966038703918457	0.0	0.0	0.0	0.3480437994003296	0.0	0.0	1.313001275062561	0.0	0.0	0.3567376136779785	0.0	0.0	0.0	0.5067250728607178	0.6772527098655701	0.0	0.0	0.0	0.0	1.622694730758667	0.0	0.0	0.0	0.0	0.0	0.0	0.0	0.0	0.0	0.17739933729171753	0.7899612188339233	0.0	0.0	0.1737479865550995	0.0	0.0	0.9337455034255981	0.0	0.0	0.6515171527862549	0.0	0.0	1.9015562534332275	0.31865769624710083	1.085934042930603	0.0	1.4585593938827515	0.0	1.0668359994888306	0.0	0.0	0.0	0.0	0.0	0.0	0.0	1.2941372394561768	0.31010863184928894	0.0	0.0	0.0	0.7619531750679016	0.0	1.065923810005188	0.0	0.0	1.5681848526000977	0.7614027261734009	0.0	0.44085654616355896	0.0	0.0	0.0	0.0	0.0	0.0	1.532823920249939	0.0	0.46047988533973694	0.0	0.3341531753540039	1.219415307044983	0.0	0.2544043958187103	0.8825793862342834	1.0271737575531006	0.0	0.0	0.0	0.6197798848152161	0.0	0.0	0.41059353947639465	0.0	0.0	1.816422462463379	0.8592279553413391	0.0	0.0	0.0	0.0	0.0	0.0	0.9689014554023743	0.11345748603343964	0.0	2.2318665981292725	0.0	0.0	0.0	0.0	0.23246437311172485	0.0	0.0	0.0	0.0	0.0	2.53023362159729	0.0	0.0	0.48966604471206665	0.18300513923168182	0.883109450340271	1.5207947492599487	0.0	0.0	0.0	0.9755651950836182	0.0	0.0	0.0	0.0	0.1358444094657898	0.0	0.0	3.8083479404449463	1.3485552072525024	0.0	0.0	0.0	2.125096321105957	0.0	0.0	0.0	0.6401483416557312	0.0	0.0	0.0	0.0	0.0	0.0	0.0	0.0	0.0	0.0	0.0	0.015557877719402313	0.0	2.4325575828552246	0.14122313261032104	0.0	1.9657974243164062	0.0	0.0	0.0	0.0	0.0	0.0	1.3982937335968018	0.0	2.3025197982788086	2.687937021255493	0.6943573355674744	0.0	2.2673027515411377	0.0	0.0	0.0	1.4102814197540283	0.49883151054382324	2.0202298164367676	1.4295352697372437	0.0	0.0	0.0	0.2983463704586029	0.0	1.2435832023620605	0.4911123216152191	0.0	0.0	0.8345890641212463	1.5441128015518188	0.0	0.0	0.0	0.0	0.0	1.6523276567459106	0.0	0.0	0.0	0.9378509521484375	1.8153022527694702	1.0771369934082031	0.0	0.6937384605407715	0.0	0.0	0.7699975371360779	0.0	0.0	0.0	0.8495412468910217	0.0	0.0
0.0	0.0	0.0	0.9244166016578674	0.0	0.0	2.4364559650421143	0.0	1.2260503768920898	0.30054497718811035	0.738503634929657	0.0	1.7078629732131958	0.6280279159545898	0.0	1.7409509420394897	1.2102030515670776	2.124701738357544	1.4047021865844727	0.0	1.949870228767395	0.3601525127887726	0.0	0.5740635991096497	0.0	0.0	1.2352904081344604	0.0	2.3040897846221924	0.8301200866699219	1.5743471384048462	0.0	0.0	1.3606630563735962	0.0	0.0	0.6031352877616882	0.0	1.9199726581573486	1.063169002532959	0.0	0.0	0.0	0.0	0.0	0.0	1.7876726388931274	0.0	0.0	0.0	0.0	0.0	0.0	1.6646612882614136	1.028958797454834	0.0	0.0	0.15304763615131378	0.5433298945426941	1.3481943607330322	0.0	0.0	0.0	0.0	0.0	0.0	0.0	0.0	0.0	1.1829997301101685	0.9721885919570923	0.0	0.0	0.0	0.0	0.0	0.2831527888774872	0.0	0.0	0.3565528690814972	0.0	0.0	2.2555227279663086	0.9677761197090149	2.023984670639038	0.0	2.1598644256591797	0.0	0.6282980442047119	0.0	0.0	0.0	0.0	0.5489581823348999	0.0	0.06605884432792664	1.742655873298645	0.09998612850904465	0.0	0.0	0.0	0.171767458319664	0.0	1.8466111421585083	0.0	0.0	2.0823700428009033	0.0	0.0	0.0	0.0	0.0	0.0	0.0	0.0	0.0	0.8787164092063904	0.0	0.0	0.0	1.3230618238449097	0.5262808203697205	0.0	0.0	1.1166746616363525	1.0712693929672241	0.0	0.0	0.0	0.0	0.0	0.0	0.2711365818977356	0.0	0.0	0.1916126310825348	0.5127481818199158	0.0	0.0	0.5018394589424133	0.0	0.0	0.0	0.8197742700576782	0.049504056572914124	0.0	2.2322661876678467	0.0	0.0	0.5003042221069336	0.0	0.0	0.0	0.0	0.3677530288696289	0.0	0.0	2.0752689838409424	0.0	0.0	1.0406532287597656	0.8273100852966309	0.48845499753952026	1.5407246351242065	0.0	0.0	0.0291726253926754	0.7247750163078308	0.0	0.0	0.0	0.0	1.5523160696029663	0.0	0.0	2.4964489936828613	0.32485607266426086	0.0	0.0	0.0	1.0693546533584595	1.08246910572052	0.0	0.0	1.1557807922363281	0.0	0.0	0.0	0.0	0.0	0.0	0.0	0.0	0.0	0.5504084229469299	0.0	1.2053945064544678	0.0	1.595034122467041	0.246009960770607	0.0	1.9688966274261475	0.0	0.0	0.0	0.0	0.0	0.0	0.33290648460388184	0.0	0.9122635722160339	1.3310694694519043	0.01535948459059	0.0	2.4620885848999023	0.0	0.0	0.0	2.503031015396118	0.7972003817558289	2.0078461170196533	0.34693771600723267	0.0	0.0	0.0	1.6238820552825928	0.0	1.7707170248031616	0.9087481498718262	0.0	0.0	0.0	0.577167809009552	0.6409507393836975	0.0	0.0	0.0	0.0	1.4099549055099487	0.0	0.0	0.0	1.3862932920455933	1.267838478088379	1.2182999849319458	0.0	0.2397977113723755	0.0	0.0	1.098143219947815	0.0	0.0	0.0	0.1943937987089157	0.0	0.0
0.0	0.0	0.0	0.445288747549057	0.12132735550403595	0.0	2.2413511276245117	0.0	0.9251797795295715	1.07490074634552	0.2738054692745209	0.0	0.8669948577880859	0.8357948660850525	0.11028433591127396	1.134015440940857	0.7019943594932556	1.552844524383545	1.461303949356079	1.2018810510635376	2.564297676086426	0.34423333406448364	0.0	0.6316929459571838	0.0	0.0	1.2953648567199707	0.0	1.6253856420516968	0.5603068470954895	1.125438928604126	1.2981637716293335	0.0	1.419856309890747	0.0	0.4801104962825775	0.486029714345932	0.0	2.1801042556762695	1.1535588502883911	0.0	0.0	0.0	0.0	0.0	0.0	1.4589309692382812	0.0	0.0	0.0	0.0	0.0	0.0	0.8367440700531006	1.318001389503479	0.0	0.0	0.23777803778648376	0.8328848481178284	1.0767874717712402	0.0	0.0	0.0	0.053897514939308167	0.0	0.0	0.0	0.0	0.0	1.2789865732192993	1.0595729351043701	0.0	0.0	0.4224337637424469	0.0	0.0	1.0167020559310913	0.17759275436401367	0.0	1.138202428817749	0.0	0.0	0.7967738509178162	0.24957957863807678	2.2345211505889893	0.0	2.458484411239624	0.0	0.0	0.0	0.0	0.0	0.0	0.9157928824424744	0.0	0.5265508890151978	1.3460097312927246	1.4437121152877808	0.0	0.0	0.0	0.0	0.0	1.7054648399353027	0.0	0.0	1.8054218292236328	0.39848002791404724	0.0	0.0	0.0	0.0	0.0	0.0	0.0	0.0	1.1963040828704834	0.0	0.0	0.0	0.8353643417358398	0.8207460641860962	0.0	0.91029953956604	0.32286688685417175	1.2249091863632202	0.0	0.0	0.0	0.0	0.0	0.0	0.8573244214057922	0.0	0.0	0.820296585559845	1.3543763160705566	0.0	0.0	1.0886812210083008	0.0	0.0	0.0	0.583017110824585	0.0	0.0	1.476200819015503	0.0	0.0	0.0	0.0	0.0	0.0	0.0	0.7920264601707458	0.0	0.0	1.6706351041793823	0.0	0.0	1.1952898502349854	1.5073298215866089	1.159761667251587	1.846364140510559	0.287555992603302	0.0	0.6374713182449341	0.8618181943893433	0.0	0.0	0.0	0.0	0.4639034867286682	0.0	0.0	2.381960391998291	0.2169530689716339	0.0	0.0	0.0	1.5244802236557007	0.29412978887557983	0.0	0.0	1.5511263608932495	0.0	0.0	0.0	0.0	0.0	0.0	0.0	0.0	0.0	0.7815423607826233	0.0	1.2705504894256592	0.0	1.5618513822555542	1.5110725164413452	0.0	1.6791601181030273	0.0	0.0	0.0	0.0	0.0	0.0	0.17188575863838196	0.0	0.9421605467796326	2.295819044113159	0.615900993347168	0.0	1.5908377170562744	0.0	0.0	0.0	2.2594785690307617	1.2265108823776245	1.0442852973937988	0.5264911651611328	0.0	0.0	0.0	1.3716304302215576	0.6197907328605652	1.3647855520248413	1.2744255065917969	0.0	0.0	0.0	1.1243574619293213	0.0	0.0	0.0	0.0	0.0	0.8636399507522583	0.0	0.0	0.0	1.0088776350021362	0.8032605648040771	1.442440152168274	0.0	0.773763120174408	0.0	0.0	0.5685067176818848	0.0	0.0	0.0	0.0	0.0	0.0
0.0	0.0	0.0	0.0	1.052999496459961	0.0	0.3706493377685547	0.0	1.3544656038284302	0.2831346094608307	1.701986312866211	0.0	0.0	0.4990096688270569	0.3798178732395172	1.4041668176651	2.0612215995788574	0.22151438891887665	0.11392015963792801	0.0	0.0	0.0	0.0	0.35887378454208374	0.0	0.0	0.3090845048427582	0.0	0.2009107619524002	0.0	0.19538824260234833	1.464369535446167	0.0	0.25997769832611084	0.0	0.11953294277191162	0.0	0.0	0.06285557895898819	0.0	0.0	0.0	0.0	0.7590698003768921	0.0	0.0	1.5557268857955933	0.0	0.0	1.0468968152999878	0.0	0.0	0.0	0.0006619071937166154	0.0	0.0	0.0	0.9404112696647644	0.0	0.6327481269836426	0.0	0.0	0.0	0.0	0.0	0.0	0.0	0.0	0.0	0.0	1.1789493560791016	0.0	0.0	1.1243929862976074	0.0	0.0	0.0	0.4131116569042206	0.0	0.0	0.15362296998500824	0.0	1.2596958875656128	0.0	0.09061139822006226	0.0	0.16331875324249268	0.0	1.282982349395752	0.0	0.0	0.0	0.0	0.0	0.0	0.0	0.0	0.5533434748649597	0.0	0.0	0.0	0.8812338709831238	0.0	0.0	0.0	0.0	0.4819568395614624	1.5347621440887451	0.0	0.5687897801399231	0.0	0.0	0.0	0.0	0.0	0.0	1.41978120803833	0.0	0.904847264289856	0.0	0.07576142996549606	0.8542018532752991	0.0	1.133787751197815	0.0	1.539121389389038	0.0	0.0	0.0	1.7295737266540527	0.0	0.0	0.8948755264282227	0.0	0.0	1.4202667474746704	0.8736187219619751	0.0	0.0	0.0	0.0	0.0	0.0	0.010651678778231144	0.0	0.0	0.9625851511955261	0.0	0.0	0.7747811675071716	0.0	1.5611175298690796	0.0	0.0	0.0	0.0	0.0	1.9526842832565308	0.0	0.0	0.30945923924446106	0.7097075581550598	0.12916909158229828	0.6786326766014099	0.0	0.0	0.0	1.1306970119476318	0.0	0.0	0.0	0.0	0.0	0.0	0.024962011724710464	2.7790472507476807	1.88974130153656	0.0	0.0	0.0	1.14933180809021	0.0	0.0	0.0	0.0	0.0	0.0	0.0	0.0	0.0	0.0	0.0	0.0	0.0	0.0	0.0	0.0	0.0	1.5626106262207031	0.0	0.0	2.2994351387023926	0.0	0.0	0.0	0.0	0.0	0.0	1.1924179792404175	0.0	1.5965696573257446	1.7589524984359741	0.4455814063549042	0.0	1.1677470207214355	0.0	0.0	0.0	0.27662721276283264	0.0	1.530379295349121	1.7335295677185059	0.0	0.0	0.0	0.054243575781583786	0.9748664498329163	0.24433863162994385	0.0	0.0	0.0	1.856215476989746	1.8519514799118042	0.0	0.0	0.0	0.0	0.0	1.688313364982605	0.0	0.0	0.0	0.22673888504505157	1.799393892288208	0.13655099272727966	0.0	1.4402923583984375	0.0	0.0	0.0	0.0	0.0	0.0	0.8854601383209229	0.0	0.0
0.0	0.0	0.0	0.6416298151016235	0.0	0.0	2.29219126701355	0.0	1.2034447193145752	0.5292713046073914	0.18202170729637146	0.0	1.5739723443984985	0.7465255260467529	0.05851172283291817	1.598974347114563	0.6094470024108887	2.0262811183929443	1.632698893547058	0.7905330061912537	1.7338416576385498	1.0008885860443115	0.0	0.5091339945793152	0.0	0.0	1.8635427951812744	0.0	2.546621322631836	0.1253562867641449	1.4399505853652954	0.0	0.0	1.2039812803268433	0.0	0.0	1.410072922706604	0.0	2.3460686206817627	1.23276686668396	0.0	0.0	0.0	0.0	0.0	0.0	1.2637617588043213	0.0	0.0	0.0	0.0	0.0	0.0	1.0239229202270508	1.737376093864441	0.0	0.0	0.260379433631897	1.2449471950531006	0.8903438448905945	0.0	0.0	0.0	0.29630962014198303	0.0	0.0	0.0	0.0	0.0	1.3214385509490967	1.5417810678482056	0.0	0.0	0.18497739732265472	0.0	0.0	0.8895755410194397	0.0	0.0	0.720996081829071	0.0	0.0	1.5331794023513794	0.6772670149803162	2.142947196960449	0.0	1.8388224840164185	0.0	0.5550644397735596	0.0	0.0	0.2884421646595001	0.0	1.264259934425354	0.0	0.7301644682884216	1.2678866386413574	0.757149875164032	0.0	0.0	0.0	0.0	0.0	1.4469512701034546	0.0	0.0	1.537455439567566	0.0	0.0	0.0	0.0	0.0	0.0	0.0	0.0	0.20563387870788574	1.0216076374053955	0.0	0.0	0.0	1.5464985370635986	0.7404798865318298	0.0	0.15112173557281494	0.33194276690483093	0.749814510345459	0.0	0.0	0.0	0.0	0.0	0.0	0.9151769876480103	0.0	0.0	0.45711714029312134	0.6496644020080566	0.0	0.0	0.6964859366416931	0.0	0.0	0.0	0.24957814812660217	0.023412039503455162	0.0	2.21262264251709	0.0	0.0	0.0	0.0	0.0	0.0	0.0	1.151019811630249	0.0	0.0	1.9196161031723022	0.0	0.0	1.3629190921783447	0.9483333826065063	0.8039905428886414	1.3586171865463257	0.0	0.0	0.26218366622924805	0.8138035535812378	0.0	0.0	0.0	0.0	1.4487189054489136	0.0	0.0	1.9686859846115112	0.0	0.0	0.0	0.0	0.7852823138237	1.3700579404830933	0.0	0.0	2.1310651302337646	0.0	0.0	0.0	0.0	0.0	0.0	0.0	0.0	0.0	1.2329078912734985	0.0	1.864569067955017	0.0	1.340945839881897	0.7743580341339111	0.0	1.624556064605713	0.0	0.0	0.0	0.0	0.0	0.0	0.2948961853981018	0.0	0.7831820845603943	1.5476051568984985	0.0	0.0	2.1728157997131348	0.0	0.0	0.0	2.603343963623047	0.7717435359954834	1.3063220977783203	0.31555691361427307	0.0	0.0	0.0	1.7093514204025269	0.0	1.968733549118042	1.4827860593795776	0.0	0.0	0.0	0.8354056477546692	0.6985711455345154	0.0	0.0	0.0	0.0	1.2146304845809937	0.0	0.0	0.0	1.696570873260498	0.8179771304130554	1.5855787992477417	0.0	0.7584379315376282	0.0	0.0	0.8266171813011169	0.0	0.0	0.0	0.0	0.0	0.0
0.0	0.0	0.0	0.7567434310913086	0.0	0.0	2.4161324501037598	0.0	1.2918031215667725	1.0667264461517334	0.0	0.0	1.2775554656982422	0.8401911854743958	0.5781195163726807	1.2765276432037354	0.257727712392807	2.0739142894744873	1.8669371604919434	0.7300600409507751	1.6965770721435547	1.2485969066619873	0.0	0.6612368822097778	0.0	0.0	2.247417449951172	0.0	2.375121593475342	0.7614973187446594	1.5359233617782593	0.0	0.0	1.7211295366287231	0.0	0.0	1.669171690940857	0.0	2.7275562286376953	1.3257169723510742	0.0	0.0	0.0	0.0	0.0	0.0	0.5284123420715332	0.0	0.0	0.0	0.0	0.0	0.0	1.5534708499908447	1.6538400650024414	0.0	0.0	0.5626486539840698	1.32878839969635	1.2824182510375977	0.0	0.0	0.0	0.0	0.0	0.0	0.0	0.0	0.0	0.9862978458404541	2.111694812774658	0.0	0.0	0.46929964423179626	0.0	0.0	1.1293390989303589	0.8668738603591919	0.0	0.9685150980949402	0.0	0.0	0.8709786534309387	1.092005729675293	2.0189297199249268	0.0	2.0267601013183594	0.0	0.38327381014823914	0.0	0.0	0.28908681869506836	0.0	1.5212236642837524	0.0	0.9137194156646729	1.6713093519210815	0.7951171398162842	0.0	0.0	0.0	0.0	0.0	1.8855743408203125	0.0	0.0	1.7736817598342896	0.0	0.0	0.0	0.0	0.0	0.0	0.0	0.0	0.33481886982917786	1.3842582702636719	0.0	0.0	0.0	1.5019570589065552	0.925107479095459	0.0	0.01705567166209221	0.5852870345115662	1.2096660137176514	0.0	0.0	0.0	0.0	0.0	0.0	1.6532325744628906	0.0	0.0	0.7742434144020081	0.8764894604682922	0.0	0.0	0.53818279504776	0.0	0.0	0.0	0.1903466433286667	0.36075693368911743	0.0	1.554416298866272	0.0	0.0	0.5564730763435364	0.0	0.14209388196468353	0.0	0.0	1.144667625427246	0.0	0.0	2.041290283203125	0.0	0.0	1.8710803985595703	2.130949020385742	1.3040531873703003	1.0449647903442383	0.4494299590587616	0.0	0.29388147592544556	0.9791296124458313	0.0	0.0	0.0	0.0	1.5084707736968994	0.0	0.0	1.5312494039535522	0.0	0.0	0.0	0.0	0.5242098569869995	1.4584406614303589	0.0	0.0	2.3045990467071533	0.0	0.0	0.0	0.0	0.0	0.0	0.0	0.0	0.0	1.5402557849884033	0.0	1.8774755001068115	0.0	1.1693462133407593	1.02957284450531	0.0	0.6616257429122925	0.0	0.0	0.0	0.0	0.0	0.0	0.38769519329071045	0.0	0.1414841115474701	2.153562545776367	0.37108343839645386	0.0	2.313084125518799	0.0	0.0	0.0	2.640340805053711	0.8347790241241455	1.0782966613769531	0.4136582612991333	0.0	0.0	0.0	2.0770812034606934	0.0	2.0994913578033447	1.4316895008087158	0.0	0.0	0.0	0.8273903131484985	0.8423362374305725	0.0	0.0	0.0	0.0	0.9341387152671814	0.0	0.0	0.0	1.3434488773345947	0.40387824177742004	2.058931827545166	0.0	0.26053619384765625	0.0	0.0	0.8350130319595337	0.0	0.0	0.0	0.0	0.0	0.0
0.0	0.0	0.0	0.2921164333820343	0.12660913169384003	0.0	2.2407894134521484	0.0	1.2273539304733276	0.7672432661056519	0.32600316405296326	0.0	0.7550685405731201	0.7902711629867554	0.34936150908470154	1.348225474357605	0.9251654744148254	1.201810359954834	1.2621287107467651	0.448358952999115	2.433711528778076	0.07308827340602875	0.0	0.7123966217041016	0.0	0.0	1.5608872175216675	0.0	1.493578553199768	0.8896867036819458	1.0148999691009521	1.1502610445022583	0.0	1.1244750022888184	0.0	0.2889538109302521	0.3228822946548462	0.0	1.8520746231079102	0.9974794387817383	0.0	0.0	0.0	0.0	0.0	0.0	0.8185368776321411	0.0	0.0	0.0	0.0	0.0	0.0	0.6874867081642151	1.0408536195755005	0.0	0.0	0.758994996547699	0.8151389956474304	1.0588337182998657	0.0	0.0	0.0	0.0	0.0	0.0	0.0	0.0	0.0	0.8806684613227844	0.939164936542511	0.0	0.0	0.19139842689037323	0.0	0.0	1.2395378351211548	0.4215809106826782	0.0	1.30820631980896	0.0	0.0	1.261751413345337	0.6094239950180054	1.483964204788208	0.0	1.923506498336792	0.0	0.2432492971420288	0.0	0.0	0.018260248005390167	0.0	0.6293275952339172	0.0	0.11084005236625671	1.559867024421692	1.2896151542663574	0.0	0.0	0.0	0.0	0.0	1.830424427986145	0.0	0.0	1.7559267282485962	0.34846237301826477	0.0	0.0	0.0	0.0	0.0	0.0	0.0	0.0	1.5088516473770142	0.0	0.0	0.0	0.6197365522384644	1.2757371664047241	0.0	0.2604629695415497	0.5735638737678528	0.6898265480995178	0.0	0.0	0.0	0.0	0.0	0.0	0.7467305660247803	0.0	0.0	0.8487855792045593	1.2519315481185913	0.0	0.0	0.912821352481842	0.0	0.0	0.0	1.5810307264328003	0.10526560246944427	0.0	1.3184138536453247	0.0	0.0	0.0	0.0	0.0	0.0	0.0	1.0050925016403198	0.0	0.0	1.3550195693969727	0.0	0.0	1.0776206254959106	0.9137622714042664	1.212982177734375	1.6941057443618774	0.0	0.0	0.08608860522508621	0.801898717880249	0.0	0.0	0.0	0.0	0.4323660731315613	0.0	0.0	1.9871056079864502	0.006719056982547045	0.0	0.0	0.0	1.9023911952972412	0.5464968681335449	0.0	0.0	0.9012411832809448	0.0	0.0	0.0	0.0	0.0	0.0	0.0	0.0	0.0	0.6186553835868835	0.0	0.6230167150497437	0.0	1.5247387886047363	1.111090898513794	0.0	0.9200654029846191	0.0	0.0	0.0	0.0	0.0	0.0	0.8178792595863342	0.0	1.0019090175628662	1.7878968715667725	0.7326407432556152	0.0	1.459332823753357	0.0	0.0	0.0	1.9365118741989136	1.2925492525100708	1.129328966140747	0.8377429246902466	0.0	0.0	0.0	1.1163092851638794	0.10578811168670654	1.4228862524032593	1.1669782400131226	0.0	0.0	0.1405216008424759	1.2450063228607178	0.003923897165805101	0.0	0.0	0.0	0.0	0.6451568603515625	0.0	0.0	0.0	0.7156691551208496	0.594350278377533	2.1924595832824707	0.0	0.9635461568832397	0.0	0.0771971046924591	0.8059202432632446	0.0	0.0	0.0	0.0	0.0	0.0
0.0	0.0	0.0	1.2463093996047974	0.0	0.0	1.7297728061676025	0.0	1.7615984678268433	0.012427969835698605	1.5858076810836792	0.0	0.7648658156394958	0.6335247755050659	0.0	2.1494300365448	1.9169349670410156	2.334785223007202	1.278815507888794	0.0	1.0445955991744995	0.08674340695142746	0.0	0.45815715193748474	0.0	0.0	0.9404810667037964	0.0	2.041672706604004	0.43342795968055725	1.5654091835021973	0.021453147754073143	0.0	0.8386702537536621	0.0	0.0	0.3973805010318756	0.0	1.27787446975708	0.5512732863426208	0.0	0.0	0.0	0.0	0.0	0.0	2.5250301361083984	0.0	0.0	0.0	0.0	0.0	0.0	1.1487876176834106	1.3624929189682007	0.0	0.0	0.27460774779319763	0.25183483958244324	1.7736283540725708	0.0	0.0	0.0	0.0	0.0	0.0	0.0	0.0	0.0	1.1315202713012695	0.9724336862564087	0.0	0.0	0.36639121174812317	0.0	0.0	0.32089540362358093	0.0	0.0	0.27560824155807495	0.1283729076385498	0.0	2.673262357711792	0.8595250844955444	1.2216063737869263	0.0	1.6126362085342407	0.0	1.26487398147583	0.0	0.0	0.0	0.0	0.5134494304656982	0.0	0.0	1.1866658926010132	0.09034860134124756	0.0	0.0	0.0	0.11880040913820267	0.0	0.9518657922744751	0.0	0.0	2.339444398880005	0.16186781227588654	0.0	0.49498143792152405	0.0	0.0	0.0	0.0	0.0	0.0	0.3994876742362976	0.0	0.0	0.0	0.9466943144798279	0.8866269588470459	0.0	0.0	1.4116357564926147	0.7128416895866394	0.0	0.0	0.0	0.0	0.0	0.0	0.2068575918674469	0.0	0.0	0.8849047422409058	0.38193848729133606	0.0	0.0	0.3141723573207855	0.0	0.0	0.0	0.4682081639766693	0.0	0.0	3.0571045875549316	0.0	0.0	0.23785673081874847	0.0	0.0	0.0	0.0	0.05084407329559326	0.0	0.0	2.019484281539917	0.0	0.0	0.9592898488044739	0.586725652217865	0.4231615364551544	0.6437574028968811	0.0	0.0	0.0	0.6719222068786621	0.0	0.0	0.0	0.0	1.0719523429870605	0.0	0.0	2.500526189804077	1.278036117553711	0.0	0.0	0.0	1.068772792816162	1.0499082803726196	0.0	0.0	1.356946349143982	0.0	0.0	0.0	0.0	0.0	0.0	0.0	0.0	0.0	0.29541340470314026	0.0	1.1641896963119507	0.0	1.4894582033157349	0.27661195397377014	0.0	2.073256254196167	0.0	0.0	0.0	0.0	0.0	0.0	0.7503185868263245	0.0	0.8026607036590576	1.3768552541732788	0.16797082126140594	0.0	2.723085641860962	0.0	0.0	0.0	1.9042762517929077	0.401835560798645	2.2062478065490723	0.5777680277824402	0.0	0.0	0.0	1.2430675029754639	0.0	2.0366241931915283	0.8534067869186401	0.0	0.0	0.5379675030708313	0.6230604648590088	0.9906045198440552	0.0	0.0	0.0	0.0	1.4268680810928345	0.0	0.0	0.0	1.4477193355560303	1.6833953857421875	0.9924501776695251	0.0	0.4111148416996002	0.0	0.0	0.30602967739105225	0.0	0.0	0.0	0.287533700466156	0.0	0.0
0.0	0.0	0.0	0.0	1.4242117404937744	0.0	0.14354871213436127	0.0	1.308779239654541	0.0	1.8257747888565063	0.0	0.0	0.0	0.38147804141044617	0.7799453735351562	2.410750389099121	0.3387869596481323	0.12727324664592743	0.0	0.595249593257904	0.0	0.0	0.0	0.0	0.0	0.0	0.0	0.6266676187515259	0.0	0.0	1.9193451404571533	0.0	0.5432526469230652	0.0	0.573317289352417	0.0	0.0	0.5957152247428894	0.0	0.0	0.0	0.0	1.0843877792358398	0.0	0.0	2.0802385807037354	0.0	0.0	1.1454792022705078	0.0	0.0	0.0	0.6338621973991394	0.0	0.0	0.0	0.02274983935058117	0.0	1.2243412733078003	0.0	0.0	0.0	0.0	0.0	0.0	0.0	0.0	0.0	0.030043525621294975	0.2627318799495697	0.0	0.0	1.1567691564559937	0.0	0.0	0.0	0.28952890634536743	0.0	0.3600378930568695	0.9031581282615662	0.0	0.9485206007957458	0.02366851456463337	0.39436283707618713	0.0	0.034057606011629105	0.0	1.003130316734314	0.0	0.0	0.0	0.0	0.3034093976020813	0.0	0.0	0.0	0.1292332112789154	0.0	0.0	0.0	1.2078700065612793	0.0	1.1280124187469482	0.0	0.0	0.6499966979026794	1.4628969430923462	0.0	1.0005977153778076	0.0	0.0	0.0	0.0	0.0	0.0	1.2682626247406006	0.0	1.2270429134368896	0.0	0.0	0.0	0.0	1.6837362051010132	0.8958960175514221	1.1141576766967773	0.0	0.0	0.0	1.4989999532699585	0.0	0.0	0.8083222508430481	0.0	0.0	1.8687299489974976	0.6284571290016174	0.0	0.0	0.21983221173286438	0.0	0.0	0.0	0.0	0.0	0.0	0.5440077185630798	0.0	0.0	0.6948032975196838	0.0	0.6746805906295776	0.0	0.0	0.0	0.0	0.0	1.8354322910308838	0.0	0.0	0.7385167479515076	0.1259891837835312	0.11676488071680069	0.41552862524986267	0.0	0.0	0.42610466480255127	0.9963980317115784	0.0	0.0	0.0	0.0	0.0	0.0	0.0	3.677595376968384	2.3715319633483887	0.0	0.0	0.0	0.9859558939933777	0.0	0.0	0.0	0.11433335393667221	0.0	0.0	0.0	0.0	0.0	0.0	0.0	0.0	0.0	0.0	0.0	0.0	0.0	0.9818848371505737	0.0	0.0	2.3862369060516357	0.0	0.0	0.0	0.0	0.0	0.0	0.2514043152332306	0.0	1.731669306755066	1.3058807849884033	0.449000746011734	0.0	1.355115294456482	0.0	0.0	0.0	0.5485449433326721	0.0	1.2973562479019165	1.0709295272827148	0.0	0.0	0.0	0.21424151957035065	0.4811778962612152	0.16692613065242767	0.0	0.0	0.0	1.4332289695739746	1.7459057569503784	0.0	0.0	0.0	0.0	0.0	1.4286929368972778	0.0	0.0	0.0	0.0	1.858782172203064	0.24536587297916412	0.0	1.5355358123779297	0.0	0.0	0.0	0.0	0.0	0.0	0.5562021732330322	0.0	0.0
0.0	0.0	0.0	0.6244721412658691	0.8039714694023132	0.0	1.7301268577575684	0.0	1.8183265924453735	1.0162218809127808	1.2483030557632446	0.0	0.0	1.0261701345443726	0.42367851734161377	2.262402296066284	2.4622385501861572	0.8338853120803833	1.1791075468063354	0.09176455438137054	2.1061055660247803	0.0	0.0	1.2513842582702637	0.0	0.0	1.1583311557769775	0.0	1.0778290033340454	0.5532652735710144	0.8419299125671387	0.6093330383300781	0.0	0.9372748136520386	0.0	0.4776902198791504	0.0	0.0	1.1476614475250244	0.23156104981899261	0.0	0.0	0.0	0.1963902860879898	0.0	0.0	0.9672577977180481	0.0	0.0	0.7924889326095581	0.0	0.0	0.0	0.5546028017997742	0.0	0.0	0.0	0.9031170010566711	0.0	0.4613155126571655	0.0	0.0	0.0	0.0	0.0	0.0	0.0	0.0	0.0	0.0	1.423912525177002	0.0	0.0	0.7276694178581238	0.0	0.0	1.0731666088104248	0.0	0.0	0.33299267292022705	0.20721760392189026	0.0	1.7127000093460083	0.0	0.7853078246116638	0.0	1.810214877128601	0.0	1.980865716934204	0.0	0.0	0.0	0.0	0.0	0.0	0.0	1.4016387462615967	2.1456260681152344	0.0	0.0	0.0	0.1385650336742401	0.0	0.932393491268158	0.0	0.0	2.089937686920166	1.520986557006836	0.0	0.6644976139068604	0.0	0.0	0.0	0.0	0.0	0.0	1.96562659740448	0.0	0.0	0.0	1.0539518594741821	1.5316822528839111	0.0	0.6814869046211243	0.2618628442287445	1.881397008895874	0.0	0.0	0.0	0.482735812664032	0.0	0.0	0.7971501350402832	0.0	0.0	1.408644199371338	1.7475674152374268	0.0	0.0	0.0	0.0	0.0	0.0	1.191626787185669	1.5921179056167603	0.0	2.6624059677124023	0.0	0.0	0.0	0.0	1.5127209424972534	0.0	0.0	0.0	0.0	0.0	2.43679141998291	0.0	0.0	0.8079003095626831	1.0199999809265137	0.7685471177101135	2.1163339614868164	0.0	0.0	0.2951526343822479	1.1998246908187866	0.0	0.0	0.0	0.0	0.0	0.0	0.0	2.436842918395996	0.7095322012901306	0.0	0.0	0.0	1.980124592781067	0.0	0.0	0.0	1.027929425239563	0.0	0.0	0.0	0.0	0.0	0.0	0.0	0.0	0.0	0.6642066836357117	0.0	0.030699916183948517	0.0	2.036593198776245	1.1044394969940186	0.0	1.7883167266845703	0.0	0.0	0.0	0.0	0.0	0.0	2.5103187561035156	0.0	1.9802219867706299	2.867774724960327	0.9034801721572876	0.0	1.5966824293136597	0.0	0.0	0.0	1.725732684135437	0.7589844465255737	1.5662394762039185	2.0759518146514893	0.0	0.0	0.0	0.15688000619411469	0.9416292905807495	0.6218306422233582	0.41123512387275696	0.0	0.0	1.1062942743301392	1.820690631866455	0.37384167313575745	0.0	0.0	0.0	0.0	1.7846558094024658	0.0	0.0	0.0	0.6366267800331116	1.4356904029846191	1.1231180429458618	0.0	1.106920599937439	0.0	0.1067517101764679	0.43287116289138794	0.0	0.0	0.0	0.6014814376831055	0.0	0.0
0.0	0.0	0.0	0.0	0.3246856927871704	0.0	2.185945987701416	0.0	1.0792601108551025	1.3472875356674194	0.2949872314929962	0.0	1.062431812286377	0.25012582540512085	0.0444941371679306	0.7529768943786621	0.895471453666687	1.0358766317367554	1.0843056440353394	0.7505190372467041	1.9832221269607544	1.237932562828064	0.0	0.7706007361412048	0.0	0.0	1.527574896812439	0.0	1.541160225868225	0.30583998560905457	0.6196813583374023	1.4286081790924072	0.0	2.0651023387908936	0.0	0.6694287657737732	0.603737473487854	0.0	2.8421757221221924	0.6888366341590881	0.0	0.0	0.0	0.0	0.0	0.0	0.37739965319633484	0.0	0.0	0.0	0.0	0.0	0.0	1.0857758522033691	1.7064765691757202	0.0	0.0	0.41187039017677307	1.14750337600708	1.4146677255630493	0.0	0.0	0.0	0.0	0.0	0.0	0.0	0.0	0.0	1.227475881576538	1.0104632377624512	0.0	0.0	0.8757672309875488	0.0	0.0	0.3048383891582489	0.6959009170532227	0.0	1.1902925968170166	0.39287006855010986	0.0	0.6138214468955994	1.0079091787338257	1.981275200843811	0.0	2.0212883949279785	0.0	0.6269050240516663	0.0	0.0	0.0	0.0	1.0310258865356445	0.0	0.15622122585773468	1.4490783214569092	0.42083603143692017	0.0	0.0	0.0	0.0	0.0	2.320693016052246	0.0	0.0	1.1075383424758911	0.38326576352119446	0.0	0.0	0.0	0.0	0.0	0.0	0.0	0.0	1.1301782131195068	0.0	0.0	0.0	0.0	0.6784905791282654	0.0	0.8816545605659485	1.2067999839782715	0.5728979110717773	0.0	0.0	0.0	0.0	0.0	0.0	0.4014280140399933	0.0	0.0	0.46682485938072205	0.437624990940094	0.0	0.0	1.3491698503494263	0.0	0.0	0.0	0.10225184261798859	0.5334079265594482	0.0	0.8741624355316162	0.0	0.0	0.0	0.0	0.0	0.0	0.0	1.1217578649520874	0.0	0.0	0.8904892206192017	0.0	0.0	1.7126773595809937	1.0929793119430542	1.2243664264678955	0.5741847157478333	0.4038229286670685	0.0	1.0912472009658813	0.7155988812446594	0.0	0.0	0.0	0.0	0.7556648254394531	0.0	0.0	2.5094540119171143	0.6615422964096069	0.0	0.0	0.0	0.7003310918807983	0.8478231430053711	0.0	0.0	2.262808322906494	0.0	0.0	0.0	0.0	0.0	0.0	0.0	0.0	0.0	0.20744429528713226	0.0	1.6610573530197144	0.0	0.9611534476280212	0.9484972357749939	0.0	1.0142033100128174	0.0	0.0	0.0	0.0	0.0	0.0	0.5027204155921936	0.0	0.0	1.1212149858474731	0.5484991669654846	0.0	1.9370269775390625	0.0	0.0	0.0	2.161566734313965	1.054577112197876	0.6524481773376465	0.0	0.0	0.0	0.0	1.8543914556503296	0.16363999247550964	1.3499106168746948	1.075515627861023	0.0	0.0	0.0	0.9584053754806519	0.0	0.0	0.0	0.0	0.0	0.5247610807418823	0.0	0.0	0.0	0.7563670873641968	0.694385826587677	2.0386266708374023	0.0	0.0	0.0	0.3285984992980957	0.29775357246398926	0.0	0.0	0.0	0.0	0.0	0.0
0.0	0.0	0.20850925147533417	0.0	0.29781728982925415	0.0	0.6753942370414734	0.0	0.6055659651756287	0.6846602559089661	0.11653172224760056	0.0	0.5159925222396851	0.6030330061912537	0.2603258192539215	0.46858882904052734	0.37726831436157227	0.3779356777667999	0.3614043593406677	0.39007195830345154	0.5584610104560852	0.20467863976955414	0.0	0.8802496194839478	0.0	0.0	0.6320472359657288	0.34632498025894165	0.4223119914531708	0.38407284021377563	0.5628696084022522	0.5954505205154419	0.0	0.6487129330635071	0.0	0.5023206472396851	0.21567313373088837	0.0	0.7751598358154297	0.2703063189983368	0.0	0.0	0.0	0.0	0.0	0.0	0.0	0.0	0.0	0.32330143451690674	0.0	0.0	0.0	0.058650266379117966	0.33403974771499634	0.0	0.0	0.6155539751052856	0.8094992637634277	0.14301860332489014	0.0	0.0	0.0	0.24861828982830048	0.0	0.0	0.0	0.0	0.0	0.21263012290000916	0.6390467286109924	0.0	0.0	0.3141268491744995	0.0	0.0	0.35518792271614075	0.5335570573806763	0.0	0.4817763864994049	0.0	0.0	0.4997293949127197	0.2009408175945282	0.7851104736328125	0.0	0.7014033198356628	0.0	0.0	0.0	0.0	0.485449880361557	0.0	0.36673954129219055	0.0	0.4177863299846649	0.6535080075263977	0.49050527811050415	0.0	0.201847106218338	0.0	0.13223674893379211	0.0	0.5207632184028625	0.0	0.0	0.42416688799858093	0.1164630800485611	0.0	0.0	0.0	0.0	0.0	0.0	0.0	0.0	0.5360247492790222	0.0	0.0	0.0	0.049973264336586	0.675594687461853	0.0	0.0	0.10407435894012451	0.4093460440635681	0.0	0.0	0.0	0.0	0.0	0.0	0.32010799646377563	0.0	0.0	0.27088794112205505	0.4359439015388489	0.0	0.0	0.08675180375576019	0.0	0.0	0.0	1.1603039503097534	0.843679666519165	0.0	0.2745101749897003	0.0	0.0	0.2978517711162567	0.0	0.19370916485786438	0.0	0.0	0.35858383774757385	0.0	0.0	0.6998719573020935	0.0	0.0	0.414959192276001	0.6554111242294312	0.5148202180862427	0.6324479579925537	0.3677099645137787	0.0	0.12320835143327713	0.674633800983429	0.0	0.0	0.0	0.0	0.11794732511043549	0.0	0.7508362531661987	0.45624005794525146	0.007280560210347176	0.0	0.0	0.2234034240245819	0.5784034729003906	0.510608971118927	0.0	0.0	0.5575153827667236	0.0	0.0	0.0	0.0	0.0	0.0	0.0	0.0	0.0	0.4316469430923462	0.0	0.5146823525428772	0.0	0.46318840980529785	0.5146849751472473	0.0	0.04976901039481163	0.0	0.0	0.0	0.0	0.0	0.0	0.5660061836242676	0.0	0.23221614956855774	0.6546655297279358	0.5119200348854065	0.0	0.5558638572692871	0.0	0.0	0.0	0.6255768537521362	0.7388309240341187	0.2606288492679596	0.5849047899246216	0.0	0.0	0.0	0.2870752513408661	0.6477714776992798	0.4982132315635681	0.6234388947486877	0.0	0.0	0.0	0.45561352372169495	0.3362266421318054	0.0	0.0	0.0	0.0	0.3306693434715271	0.0	0.0	0.0	0.5181813836097717	0.14293016493320465	0.7907989621162415	0.0	0.31922101974487305	0.0	0.3395537734031677	0.3854396641254425	0.0	0.5608813166618347	0.0	0.0	0.0	0.0
0.0	0.0	0.0	0.8246352672576904	0.0008533262298442423	0.0	2.005289316177368	0.0	1.2946606874465942	0.0	1.7001218795776367	0.0	0.8727832436561584	0.6191015839576721	0.6943569779396057	2.349578857421875	2.4029910564422607	1.4065585136413574	1.083060383796692	0.0	1.110798716545105	0.5457447171211243	0.0	0.6357311010360718	0.0	0.0	0.7261835336685181	0.0	1.7730786800384521	0.6148450374603271	1.498454213142395	0.7954169511795044	0.0	0.9086876511573792	0.0	0.0	0.0	0.0	1.5133185386657715	0.9952975511550903	0.0	0.0	0.0	0.17636074125766754	0.0	0.0	2.039555072784424	0.0	0.0	0.043167464435100555	0.0	0.0	0.0	1.049259901046753	0.5612393617630005	0.0	0.0	0.0	0.0	1.726882815361023	0.0	0.0	0.0	0.0	0.0	0.0	0.0	0.0	0.0	0.5945181250572205	0.7398800253868103	0.0	0.0	0.15377885103225708	0.0	0.0	0.5916116833686829	0.0	0.0	0.33517637848854065	0.0	0.0	2.2742111682891846	0.6929568648338318	1.2392973899841309	0.0	1.51978600025177	0.0	1.5853869915008545	0.0	0.0	0.0	0.0	0.0	0.0	0.0	1.2654733657836914	0.5014535784721375	0.0	0.0	0.0	0.3182354271411896	0.0	1.4028682708740234	0.0	0.0	2.128483772277832	0.540275514125824	0.0	0.8937673568725586	0.0	0.0	0.0	0.0	0.0	0.0	0.9827015995979309	0.0	0.0	0.0	1.0049118995666504	0.5870035886764526	0.0	0.0	0.9321832656860352	0.9800216555595398	0.0	0.0	0.0	0.3234264850616455	0.0	0.0	0.6773781776428223	0.0	0.0	1.6875531673431396	0.8044201135635376	0.0	0.0	0.11633443087339401	0.0	0.0	0.0	0.9105653762817383	0.0	0.0	2.7130954265594482	0.0	0.0	0.3343747556209564	0.0	0.0	0.0	0.0	0.0	0.0	0.0	2.199247360229492	0.0	0.0	0.8533219695091248	0.0	0.40972137451171875	1.6059036254882812	0.0	0.0	0.0	1.0222539901733398	0.0	0.0	0.0	0.0	0.677933931350708	0.0	0.0	2.97931170463562	0.6279129981994629	0.0	0.0	0.0	1.3910377025604248	0.7828519940376282	0.0	0.0	0.7468703985214233	0.0	0.0	0.0	0.0	0.0	0.0	0.0	0.0	0.0	0.17871934175491333	0.0	0.7965537905693054	0.0	1.5553035736083984	0.0	0.0	2.4290666580200195	0.0	0.0	0.0	0.0	0.0	0.0	0.538486659526825	0.0	1.4154516458511353	1.6151409149169922	0.24468034505844116	0.0	2.2515041828155518	0.0	0.0	0.0	2.0174412727355957	0.31834858655929565	2.910066604614258	0.8193339109420776	0.0	0.0	0.0	0.984886646270752	0.0	1.4914220571517944	0.9360657930374146	0.0	0.0	0.373463898897171	0.9611175060272217	0.0	0.0	0.0	0.0	0.0	1.7968357801437378	0.0	0.0	0.0	1.3339884281158447	1.5706870555877686	1.242840051651001	0.0	0.8914846777915955	0.0	0.0	0.4414249658584595	0.0	0.0	0.0	0.23695442080497742	0.0	0.0
0.0	0.0	0.0	0.4263523817062378	0.0	0.0	1.356307864189148	0.0	2.485111713409424	0.08519495278596878	2.8129029273986816	0.0	0.47056782245635986	0.4066266119480133	0.8332803249359131	2.8602986335754395	2.2759151458740234	0.9479389786720276	0.7905475497245789	0.0	0.6897041201591492	0.0	0.0	0.40664219856262207	0.0	0.0	0.6289817094802856	0.0	1.8668018579483032	0.6447010040283203	0.8177613019943237	0.7760430574417114	0.0	0.061302877962589264	0.0	0.0	0.0	0.0	0.5638450384140015	0.0	0.0	0.0	0.0	0.9411933422088623	0.0	0.0	3.1961231231689453	0.0	0.0	1.4193425178527832	0.0	0.0	0.0	1.246565341949463	0.0	0.0	0.0	0.44170698523521423	0.0	1.7573336362838745	0.0	0.0	0.0	0.0	0.0	0.0	0.0	0.0	0.0	0.0	0.6880718469619751	0.0	0.0	0.04088686406612396	0.0	0.0	0.0	0.0	0.0	0.0	0.2220466136932373	0.0	2.6216301918029785	0.5904797911643982	0.7375321388244629	0.0	0.7597818970680237	0.0	1.949785590171814	0.0	0.0	0.0	0.0	0.0	0.0	0.0	0.7438170909881592	0.0	0.0	0.0	0.0	0.8236292600631714	0.0	1.0277042388916016	0.0	0.0	2.0151517391204834	1.6832834482192993	0.0	0.7085974216461182	0.0	0.0	0.0	0.0	0.0	0.0	1.659663200378418	0.0	0.10515020042657852	0.0	1.284121036529541	0.7679761052131653	0.0	0.22964589297771454	0.4756016135215759	1.4455204010009766	0.0	0.0	0.0	1.218072533607483	0.0	0.0	0.49896568059921265	0.0	0.0	2.3363096714019775	1.068965196609497	0.0	0.0	0.0	0.0	0.0	0.0	0.0	0.0	0.0	2.223665475845337	0.0	0.0	0.0	0.0	1.0403931140899658	0.0	0.0	0.0	0.0	0.0	3.084231376647949	0.0	0.0	0.6313932538032532	0.3247034549713135	0.016198163852095604	0.7142099142074585	0.0	0.0	0.0	1.4056514501571655	0.0	0.0	0.0	0.0	0.12766164541244507	0.0	0.1343340426683426	3.2566490173339844	1.4131865501403809	0.0	0.0	0.0	1.8697279691696167	0.35757943987846375	0.0	0.0	0.13359585404396057	0.0	0.0	0.0	0.0	0.0	0.0	0.0	0.0	0.0	0.0	0.0	0.0	0.0	1.922769546508789	0.0	0.0	2.7936267852783203	0.0	0.0	0.0	0.0	0.0	0.0	0.5349506735801697	0.0	2.068726062774658	2.061708450317383	0.06878801435232162	0.0	2.605748176574707	0.0	0.0	0.0	0.7583568692207336	0.0	2.9749908447265625	1.365630865097046	0.0	0.0	0.0	0.20006659626960754	0.0	1.070418357849121	0.04316883161664009	0.0	0.0	1.0682322978973389	1.3850840330123901	0.0	0.0	0.0	0.0	0.0	2.866786241531372	0.0	0.0	0.0	0.6474262475967407	2.3410539627075195	0.3591081202030182	0.0	1.6795196533203125	0.0	0.0	0.0	0.0	0.0	0.0	1.1701403856277466	0.0	0.0
0.0	0.0	0.0	0.7955928444862366	0.0	0.0	2.2431070804595947	0.0	1.4528064727783203	1.3107072114944458	1.069427251815796	0.0	0.864131510257721	1.2794865369796753	0.46064209938049316	1.5129858255386353	1.5375620126724243	1.9342995882034302	1.3973655700683594	0.3512381613254547	2.188961982727051	0.4726422131061554	0.0	0.7327311635017395	0.0	0.0	1.0751250982284546	0.0	2.0046966075897217	0.7952687740325928	1.0415199995040894	0.47396737337112427	0.0	1.1303987503051758	0.0	0.3453502357006073	0.5827676653862	0.0	2.016167640686035	1.1402788162231445	0.0	0.0	0.0	0.0	0.0	0.0	1.7906910181045532	0.0	0.0	0.0	0.0	0.0	0.0	1.5824449062347412	1.1275793313980103	0.0	0.0	1.2164015769958496	0.5269473791122437	1.8791018724441528	0.0	0.0	0.0	0.0	0.0	0.0	0.0	0.0	0.0	0.9323618412017822	0.71101313829422	0.0	0.0	0.16267703473567963	0.0	0.0	1.0860553979873657	0.48363667726516724	0.0	0.8360505104064941	0.0	0.0	1.3543908596038818	0.623324453830719	2.1145753860473633	0.0	1.8669661283493042	0.0	0.6143907308578491	0.0	0.0	0.0	0.0	0.6740546226501465	0.0	0.8509524464607239	1.8360673189163208	0.7584441304206848	0.0	0.0	0.0	0.0	0.0	1.738236904144287	0.0	0.0	1.97472083568573	0.7254768013954163	0.0	0.0	0.0	0.0	0.0	0.0	0.0	0.0	1.3324973583221436	0.0	0.0	0.0	1.1412467956542969	0.9113406538963318	0.0	0.3253136873245239	0.742035984992981	0.968192994594574	0.0	0.0	0.0	0.0	0.0	0.0	0.470717191696167	0.0	0.0	0.8796977996826172	0.7458145022392273	0.0	0.0	0.7344071269035339	0.0	0.0	0.0	0.921931266784668	0.0	0.0	2.022613048553467	0.0	0.0	0.4503793716430664	0.0	0.08068770915269852	0.0	0.0	0.2784285545349121	0.0	0.0	2.1091015338897705	0.0	0.0	1.149975061416626	0.993152916431427	1.2250713109970093	1.042668342590332	0.0	0.0	0.21635308861732483	1.0208065509796143	0.0	0.0	0.0	0.0	0.9129400849342346	0.0	0.0	2.422461986541748	0.49764662981033325	0.0	0.0	0.0	1.317638635635376	0.5701982378959656	0.0	0.0	1.4161860942840576	0.0	0.0	0.0	0.0	0.0	0.0	0.0	0.0	0.0	0.2741241157054901	0.0	0.9777255654335022	0.0	1.3518157005310059	0.7284684181213379	0.0	1.7110692262649536	0.0	0.0	0.0	0.0	0.0	0.0	1.0759869813919067	0.0	0.9979733228683472	2.485344886779785	0.5465031862258911	0.0	2.203042984008789	0.0	0.0	0.0	1.8592510223388672	0.5663049221038818	1.9104406833648682	0.5288543105125427	0.0	0.0	0.0	1.5705465078353882	0.0	1.4809670448303223	0.8547647595405579	0.0	0.0	0.0	0.6420899629592896	0.18757805228233337	0.0	0.0	0.0	0.0	1.2301661968231201	0.0	0.0	0.0	0.8653762340545654	1.4298549890518188	1.5344386100769043	0.0	0.37308529019355774	0.0	0.0	0.2833893597126007	0.0	0.0	0.0	0.0	0.0	0.0
0.0	0.0	0.0	0.33274734020233154	0.11688367277383804	0.0	2.098331928253174	0.0	2.4628942012786865	0.43496641516685486	2.012485980987549	0.0	0.2905847430229187	1.5558817386627197	0.403491348028183	2.478912830352783	1.856480598449707	1.2635020017623901	1.5200399160385132	0.0	1.2082105875015259	0.0	0.0	0.8549386262893677	0.0	0.0	0.8988617062568665	0.0	1.657448410987854	1.065877914428711	1.4032894372940063	0.8485935926437378	0.0	0.9933053255081177	0.0	0.0	0.0	0.0	1.7049769163131714	0.28614404797554016	0.0	0.0	0.0	0.6916033625602722	0.0	0.0	2.280296564102173	0.0	0.0	0.49081480503082275	0.0	0.0	0.0	1.4951773881912231	0.62445467710495	0.0	0.0	0.8620492815971375	0.0	1.9236371517181396	0.0	0.0	0.0	0.0	0.0	0.0	0.0	0.0	0.0	0.16740643978118896	1.7833682298660278	0.0	0.0	0.3766844868659973	0.0	0.0	0.3839789927005768	0.346475750207901	0.0	0.518236517906189	0.0	0.0	2.549131393432617	0.5397482514381409	1.0579657554626465	0.0	2.001429319381714	0.0	1.8812050819396973	0.0	0.0	0.0	0.0	0.0	0.0	0.0	1.1530241966247559	0.30308958888053894	0.0	0.0	0.0	0.1618654578924179	0.0	1.301048994064331	0.0	0.0	2.478153705596924	1.453723669052124	0.0	0.3738183379173279	0.0	0.0	0.0	0.0	0.0	0.0	1.2604362964630127	0.0	0.0	0.0	0.5294875502586365	1.6211435794830322	0.0	0.0020851558074355125	0.620119035243988	1.360430121421814	0.0	0.0	0.0	0.37815648317337036	0.0	0.0	0.6088259220123291	0.0	0.0	2.0309624671936035	0.9316993951797485	0.0	0.0	0.4957992136478424	0.0	0.0	0.0	1.3100104331970215	0.0	0.0	2.47575044631958	0.0	0.0	0.0	0.0	0.32446208596229553	0.0	0.0	0.0	0.0	0.0	2.7137937545776367	0.0	0.0	0.4455079734325409	0.0	0.7957572340965271	1.2381393909454346	0.0	0.0	0.0	1.3459242582321167	0.0	0.0	0.0	0.0	0.07270020246505737	0.0	0.0	3.2512378692626953	1.2526124715805054	0.0	0.0	0.0	2.14467453956604	0.7498374581336975	0.0	0.0	1.1767023801803589	0.0	0.0	0.0	0.0	0.0	0.0	0.0	0.0	0.0	0.381756454706192	0.0	0.6310229301452637	0.0	2.4540903568267822	0.38490724563598633	0.0	2.344818115234375	0.0	0.0	0.0	0.0	0.0	0.0	0.4122939109802246	0.0	2.6166696548461914	2.0397188663482666	1.0212798118591309	0.0	2.9460771083831787	0.0	0.0	0.0	1.4798974990844727	0.1614043414592743	2.5415260791778564	1.777369737625122	0.0	0.0	0.0	0.8876320719718933	0.0	1.3025102615356445	0.9200242757797241	0.0	0.0	1.0750139951705933	1.0329720973968506	0.0	0.0	0.0	0.0	0.0	2.4315006732940674	0.0	0.0	0.0	0.2023470103740692	2.3568782806396484	0.9213705062866211	0.0	1.0662312507629395	0.0	0.0	0.22357158362865448	0.0	0.0	0.0	0.8225080370903015	0.0	0.0
0.0	0.0	0.0	0.2782377600669861	0.5065253973007202	0.0	0.8827033638954163	0.0	1.956457495689392	0.0	1.5218204259872437	0.0	0.18565437197685242	0.38169384002685547	0.2694907784461975	1.8795239925384521	2.3136532306671143	1.4397999048233032	0.7607566714286804	0.0	0.45195111632347107	0.0	0.0	0.3709976077079773	0.0	0.0	0.7058936357498169	0.0	1.5273877382278442	0.0	0.561225414276123	0.9752680063247681	0.0	0.9233428835868835	0.0	0.0	0.15363234281539917	0.0	0.7074038982391357	0.0	0.0	0.0	0.0	0.7051540613174438	0.0	0.0	2.409789800643921	0.0	0.0	0.9168785810470581	0.0	0.0	0.0	0.8206343054771423	0.0	0.0	0.0	0.651275634765625	0.0	1.4170317649841309	0.0	0.0	0.0	0.0	0.0	0.0	0.0	0.0	0.0	0.5612160563468933	1.2535645961761475	0.0	0.0	0.9573627710342407	0.0	0.0	0.0	0.363855242729187	0.0	0.4216606914997101	0.9319513440132141	0.0	2.0869109630584717	0.17191752791404724	0.7642949819564819	0.0	0.6046530604362488	0.0	1.6436140537261963	0.0	0.0	0.0	0.0	0.0	0.0	0.06542862206697464	0.39069798588752747	0.38173338770866394	0.0	0.0	0.0	1.2031019926071167	0.0	0.7453293800354004	0.0	0.0	1.474884271621704	1.085842251777649	0.0	0.7504836916923523	0.0	0.0	0.0	0.0	0.0	0.0	1.0756934881210327	0.0	0.0	0.0	0.0	0.48096033930778503	0.0	0.47573113441467285	1.2481634616851807	1.8485207557678223	0.0	0.0	0.0	1.042964220046997	0.0	0.0	0.08869776129722595	0.0	0.0	1.8950526714324951	1.1825743913650513	0.0	0.0	0.2056526392698288	0.0	0.0	0.0	0.0	0.0	0.0	1.6170597076416016	0.0	0.0	1.977938175201416	0.0	1.0299724340438843	0.0	0.0	0.0	0.0	0.0	2.5326480865478516	0.0	0.0	0.4379847049713135	0.9949735403060913	0.32191357016563416	0.7695820331573486	0.0	0.0	0.0	0.9066739082336426	0.0	0.0	0.0	0.0	0.6880150437355042	0.0	0.0	3.4348812103271484	1.9590336084365845	0.0	0.0	0.0	0.8538916110992432	0.4183310568332672	0.0	0.0	0.08270148187875748	0.0	0.0	0.0	0.0	0.0	0.0	0.0	0.0	0.0	0.0	0.0	0.2628740072250366	0.0	1.5023118257522583	0.0	0.0	3.0714004039764404	0.0	0.0	0.0	0.0	0.0	0.0	0.7602622509002686	0.0	1.45882248878479	1.4361001253128052	0.2887304723262787	0.0	2.251507520675659	0.0	0.0	0.0	1.2439175844192505	0.0	2.253737449645996	1.2761340141296387	0.0	0.0	0.0	0.7220155596733093	0.14001192152500153	0.9879324436187744	0.0843268632888794	0.0	0.0	1.2304048538208008	1.7565577030181885	0.3951953053474426	0.0	0.0	0.0	0.0	1.883954405784607	0.0	0.0	0.0	0.7101794481277466	1.7989085912704468	0.5077074766159058	0.0	1.6061983108520508	0.0	0.0	0.0	0.0	0.0	0.0	1.2028263807296753	0.0	0.0
0.0	0.0	0.0	0.0	0.5943148732185364	0.0	1.4548895359039307	0.0	1.1199510097503662	0.2229233980178833	1.321728229522705	0.0	0.0	0.12659472227096558	0.8589555025100708	1.3612358570098877	1.9107346534729004	0.29113316535949707	0.06439906358718872	0.00475098192691803	1.4737191200256348	0.0	0.0	0.4744662046432495	0.0	0.0	0.0	0.0	0.28537192940711975	0.0	0.41971254348754883	1.9439055919647217	0.0	0.4334236979484558	0.0	0.07752600312232971	0.0	0.0	0.682590663433075	0.28186410665512085	0.0	0.0	0.0	0.7505918741226196	0.0	0.0	1.410449743270874	0.0	0.0	0.6834412813186646	0.0	0.0	0.0	0.35904234647750854	0.32828086614608765	0.0	0.0	0.21810005605220795	0.0	0.8645010590553284	0.0	0.0	0.0	0.0	0.0	0.0	0.0	0.0	0.0	0.12042442709207535	0.24650521576404572	0.0	0.0	0.5851669907569885	0.0	0.0	0.0	0.0	0.0	0.5832798480987549	0.0	0.0	0.7796814441680908	0.0	0.6207719445228577	0.0	1.2057151794433594	0.0	0.6910339593887329	0.0	0.0	0.0	0.0	0.0	0.0	0.044804032891988754	0.4453192949295044	1.108551263809204	0.0	0.0	0.0	0.2720235586166382	0.0	0.5950634479522705	0.0	0.0	1.0031956434249878	1.538825273513794	0.0	0.4369771182537079	0.0	0.0	0.0	0.0	0.0	0.0	1.218013048171997	0.0	0.9729892015457153	0.0	0.6704214811325073	0.878572404384613	0.0	1.4252607822418213	0.6207492351531982	1.0627566576004028	0.0	0.0	0.0	0.7777659893035889	0.0	0.0	0.5551913976669312	0.0	0.0	0.8287212252616882	0.3955455422401428	0.0	0.0	0.2719568610191345	0.0	0.0	0.0	0.07995102554559708	0.0	0.0	1.3247736692428589	0.0	0.0	0.023198092356324196	0.0	0.926195502281189	0.0	0.0	0.0	0.0	0.0	1.4301114082336426	0.0	0.0	0.1530025452375412	0.5225544571876526	0.6800195574760437	1.4578661918640137	0.0	0.0	0.8752076625823975	0.7302438616752625	0.0	0.0	0.0	0.0	0.0	0.0	0.0	2.970217704772949	0.7956776022911072	0.0	0.0	0.0	1.446802020072937	0.0	0.0	0.0	0.6908742189407349	0.0	0.0	0.0	0.0	0.0	0.0	0.0	0.0	0.0	0.0	0.0	0.0	0.0	1.361361026763916	0.1777646243572235	0.0	1.548629641532898	0.0	0.0	0.0	0.0	0.0	0.0	1.3352020978927612	0.0	1.908990502357483	2.1414506435394287	0.24938853085041046	0.0	1.0599582195281982	0.0	0.0	0.0	0.38417911529541016	0.0	1.5318297147750854	1.609802484512329	0.0	0.0	0.0	0.0	0.6604706048965454	0.5373983383178711	0.0	0.0	0.0	0.8226010799407959	1.4019837379455566	0.0	0.0	0.0	0.0	0.0	1.3655732870101929	0.0	0.0	0.0	0.19830511510372162	1.0972397327423096	0.46899038553237915	0.0	1.0368897914886475	0.0	0.0	0.0	0.0	0.0	0.0	0.5492972135543823	0.0	0.0
0.0	0.0	0.0	0.2104051262140274	0.6265612840652466	0.0	1.4175071716308594	0.0	0.9247474074363708	0.4156232178211212	0.9004626274108887	0.0	1.1859384775161743	0.9709393978118896	1.0366986989974976	1.2309978008270264	0.5969824194908142	0.39870738983154297	1.2669600248336792	0.6037298440933228	1.7208216190338135	0.09384545683860779	0.0	1.2489150762557983	0.0	0.0	1.2595831155776978	0.12014763057231903	1.6225265264511108	0.7373239994049072	0.7250049710273743	1.3767539262771606	0.0	0.3774627447128296	0.0	1.1739848852157593	0.626612663269043	0.0	1.5546612739562988	0.7517302632331848	0.0	0.0	0.0	0.0	0.0	0.0	1.2014248371124268	0.0	0.0	0.5534393787384033	0.0	0.0	0.0	0.7921527624130249	0.6013607978820801	0.0	0.0	1.2941615581512451	0.7808255553245544	0.9645026922225952	0.0	0.0	0.0	0.0	0.0	0.0	0.0	0.0	0.0	0.545543909072876	0.8595900535583496	0.0	0.0	0.09682630747556686	0.0	0.0	0.9703081250190735	0.28440430760383606	0.0	1.0418976545333862	0.15567263960838318	0.0	0.9625449180603027	0.46693745255470276	1.464616298675537	0.0	1.038163185119629	0.0	0.0	0.0	0.0	0.0	0.0	0.8495641350746155	0.0	0.6889064311981201	1.1218299865722656	1.2977768182754517	0.0	0.0	0.0	0.0	0.0	1.8279613256454468	0.0	0.0	1.3549268245697021	0.8419592976570129	0.0	0.0	0.0	0.0	0.0	0.0	0.0	0.0	1.1997498273849487	0.0	0.0	0.0	0.9586300253868103	0.9177142977714539	0.0	0.3673156499862671	0.0	0.9436972737312317	0.0	0.0	0.0	0.0	0.0	0.0	1.407031536102295	0.0	0.0	1.2099767923355103	1.3370929956436157	0.0	0.0	0.3462650775909424	0.0	0.0	0.0	1.0704947710037231	0.16039370000362396	0.0	1.413180947303772	0.0	0.0	0.0	0.0	0.35756808519363403	0.0	0.0	0.5094021558761597	0.0	0.0	1.7458863258361816	0.0	0.0	1.0730018615722656	0.9955284595489502	1.3582816123962402	1.5633258819580078	0.16449566185474396	0.0	0.7671872973442078	1.0557820796966553	0.0	0.0	0.0	0.0	0.3413666784763336	0.0	0.6071776151657104	1.7033164501190186	0.1428268998861313	0.0	0.0	0.0	1.7043555974960327	0.6356649994850159	0.0	0.0	1.1100870370864868	0.0	0.0	0.0	0.0	0.0	0.0	0.0	0.0	0.0	0.30201002955436707	0.0	0.8335865139961243	0.0	1.5562368631362915	0.4838528037071228	0.0	1.2697079181671143	0.0	0.0	0.0	0.0	0.0	0.0	0.6427257657051086	0.0	1.157231330871582	1.720458984375	0.4026300311088562	0.0	1.5521161556243896	0.0	0.0	0.0	1.5762501955032349	1.3330048322677612	1.0614755153656006	0.6760182976722717	0.0	0.0	0.0	1.0079166889190674	0.2066923826932907	0.7530893683433533	0.8855459094047546	0.0	0.0	0.2658218443393707	0.8588478565216064	0.16606321930885315	0.0	0.0	0.0	0.0	1.334397554397583	0.0	0.0	0.0	0.44499433040618896	0.5664822459220886	1.2978870868682861	0.0	0.9150488972663879	0.0	0.08817607909440994	0.70196533203125	0.0	0.0	0.0	0.0	0.0	0.0
0.0	0.0	0.0	0.5870081186294556	0.48114463686943054	0.0	1.6471197605133057	0.0	1.2320644855499268	0.6358019709587097	0.8057668805122375	0.0	0.36041688919067383	1.1837321519851685	0.3951226770877838	1.8949614763259888	1.4795838594436646	1.2814494371414185	0.9556456208229065	0.3048194646835327	0.9085575938224792	0.3887418210506439	0.0	0.795564591884613	0.0	0.0	0.8202309608459473	0.0	1.2233349084854126	0.4965648055076599	0.6738695502281189	0.39297208189964294	0.0	1.0794671773910522	0.0	0.0	0.4899337887763977	0.0	1.9834836721420288	0.919386088848114	0.0	0.0	0.0	0.0	0.0	0.0	0.810977578163147	0.0	0.0	0.0	0.0	0.0	0.0	0.5191675424575806	1.234620213508606	0.0	0.0	0.7230071425437927	0.44476258754730225	0.9996898174285889	0.0	0.0	0.0	0.16214364767074585	0.0	0.0	0.0	0.0	0.0	0.9507867693901062	1.103562355041504	0.0	0.0	0.4864853620529175	0.0	0.0	0.27653202414512634	0.7216699123382568	0.0	0.8087388277053833	0.02120949700474739	0.0	1.4139658212661743	0.41797542572021484	1.1848437786102295	0.0	1.408663034439087	0.0	0.47953978180885315	0.0	0.0	0.0	0.0	1.0623092651367188	0.0	0.5279144644737244	1.316449761390686	0.7953069806098938	0.0	0.0	0.0	0.006570491474121809	0.0	1.098291039466858	0.0	0.0	1.2309582233428955	0.37322065234184265	0.0	0.0	0.0	0.0	0.0	0.0	0.0	0.0	1.4217859506607056	0.0	0.0	0.0	0.31455114483833313	0.7549956440925598	0.0	0.30224043130874634	0.17013578116893768	1.020648717880249	0.0	0.0	0.0	0.040139708667993546	0.0	0.0	0.569018542766571	0.0	0.0	0.9932953715324402	0.8365526795387268	0.0	0.0	0.26501256227493286	0.0	0.0	0.0	1.060694694519043	0.0	0.0	1.8942509889602661	0.0	0.0	0.25211045145988464	0.0	0.0189101230353117	0.0	0.0	0.42547371983528137	0.0	0.0	1.7820478677749634	0.0	0.0	0.9912580251693726	1.1558109521865845	0.8225562572479248	1.1150740385055542	0.0	0.0	0.0	0.9042651057243347	0.0	0.0	0.0	0.0	0.6934530735015869	0.0	0.0	2.0275237560272217	0.4405626654624939	0.0	0.0	0.0	1.141189694404602	0.47042760252952576	0.0	0.0	1.069006085395813	0.0	0.0	0.0	0.0	0.0	0.0	0.0	0.0	0.0	0.7499943971633911	0.0	0.8643297553062439	0.0	1.1143193244934082	0.5461516380310059	0.0	1.5025808811187744	0.0	0.0	0.0	0.0	0.0	0.0	1.007187008857727	0.0	0.8590813875198364	2.06630277633667	0.5517866611480713	0.0	1.5313485860824585	0.0	0.0	0.0	1.6438652276992798	0.43876367807388306	1.0329091548919678	0.7942102551460266	0.0	0.0	0.0	0.6386260390281677	0.36216428875923157	1.186065673828125	0.7868689894676208	0.0	0.0	0.13621310889720917	0.9311152696609497	0.0	0.0	0.0	0.0	0.0	1.1685478687286377	0.0	0.0	0.0	0.5510625839233398	0.7428702116012573	1.454246997833252	0.0	0.8788658380508423	0.0	0.0	0.36482468247413635	0.0	0.0	0.0	0.12325164675712585	0.0	0.0
0.0	0.0	0.0	0.0	0.9864605069160461	0.0	2.851637840270996	0.0	1.903454065322876	1.2327097654342651	0.6057382822036743	0.0	1.0135397911071777	0.7039462924003601	0.049396026879549026	1.4684072732925415	1.007664680480957	1.049479365348816	1.8858247995376587	0.45329219102859497	2.812582015991211	0.44738641381263733	0.0	1.216664433479309	0.0	0.0	1.8875606060028076	0.0	1.5002626180648804	0.8240333795547485	0.9112338423728943	1.5116389989852905	0.0	1.684877634048462	0.0	0.2275772988796234	0.6704774498939514	0.0	2.854854106903076	0.7956821918487549	0.0	0.0	0.0	0.0	0.0	0.0	0.5558736324310303	0.0	0.0	0.04334413260221481	0.0	0.0	0.0	1.4115819931030273	1.3719805479049683	0.0	0.0	0.33497869968414307	1.1138263940811157	1.3727154731750488	0.0	0.0	0.0	0.0	0.0	0.0	0.0	0.0	0.0	1.3884040117263794	1.0237386226654053	0.0	0.0	0.29631417989730835	0.0	0.0	1.0517308712005615	0.540469765663147	0.0	1.0565354824066162	0.0	0.0	1.5148063898086548	0.7168782353401184	2.1088263988494873	0.0	2.457324504852295	0.0	0.3024559020996094	0.0	0.0	0.0	0.0	1.4165608882904053	0.0	0.7636263370513916	2.096771240234375	1.5900483131408691	0.0	0.0	0.0	0.0	0.0	2.666837215423584	0.0	0.0	1.7553526163101196	1.2482845783233643	0.0	0.0	0.0	0.0	0.0	0.0	0.0	0.0	1.476487636566162	0.0	0.0	0.0	0.9237058162689209	0.7098854184150696	0.0	1.2508807182312012	0.5166447758674622	0.46637865900993347	0.0	0.0	0.0	0.0	0.0	0.0	1.2799208164215088	0.0	0.0	1.3781497478485107	1.0403015613555908	0.0	0.0	2.0013787746429443	0.0	0.0	0.0	1.2996726036071777	0.2809644937515259	0.0	1.845211148262024	0.0	0.0	0.0	0.0	0.0	0.0	0.0	1.1598913669586182	0.0	0.0	1.6382365226745605	0.0	0.0	2.0152716636657715	1.325874924659729	1.3172087669372559	2.1171255111694336	0.14126251637935638	0.0	1.1537367105484009	1.0349034070968628	0.0	0.0	0.0	0.0	0.23395273089408875	0.0	0.0	2.4158883094787598	0.0	0.0	0.0	0.0	2.035482883453369	1.2112343311309814	0.0	0.0	2.255326509475708	0.0	0.0	0.0	0.0	0.0	0.0	0.0	0.0	0.0	0.2718265950679779	0.0	1.2994648218154907	0.0	1.5265475511550903	1.2937992811203003	0.0	0.8438758254051208	0.0	0.0	0.0	0.0	0.0	0.0	1.2105225324630737	0.0	1.091705083847046	2.144315242767334	0.7503994107246399	0.0	1.4900795221328735	0.0	0.0	0.0	2.6291697025299072	1.375272512435913	1.0447235107421875	1.4207873344421387	0.0	0.0	0.0	1.7822842597961426	1.1613147258758545	1.433373212814331	1.2585946321487427	0.0	0.0	0.2993886172771454	1.6615716218948364	0.47260019183158875	0.0	0.0	0.0	0.0	1.4716473817825317	0.0	0.0	0.0	0.3791941702365875	0.5275176167488098	2.2641165256500244	0.0	1.0281696319580078	0.0	0.30942636728286743	0.5485942959785461	0.0	0.0	0.0	0.0	0.0	0.0
0.0	0.0	0.0	0.10199124366044998	0.5653482675552368	0.0	2.6756956577301025	0.0	1.761104702949524	1.366410255432129	0.21103884279727936	0.0	1.5124212503433228	0.7507966160774231	0.0	1.4464051723480225	0.6197200417518616	1.5661535263061523	1.6297439336776733	0.6444214582443237	2.644512891769409	1.2752388715744019	0.0	1.4353351593017578	0.0	0.0	1.605860948562622	0.0	1.82699716091156	0.7918151021003723	0.7288265228271484	1.5913938283920288	0.0	1.8572494983673096	0.0	1.3616899251937866	0.993170976638794	0.0	2.526069402694702	0.9332621097564697	0.0	0.0	0.0	0.0	0.0	0.0	0.8965020775794983	0.0	0.0	0.0	0.0	0.0	0.0	1.69882333278656	2.119529962539673	0.0	0.0	0.9799590706825256	1.2112900018692017	1.1434106826782227	0.0	0.0	0.0	0.0	0.0	0.0	0.0	0.0	0.0	1.5787969827651978	0.7483990788459778	0.0	0.0	0.653664767742157	0.0	0.0	0.7795179486274719	0.964238166809082	0.0	1.0289297103881836	0.32891225814819336	0.0	0.3807530105113983	1.1956937313079834	2.1596837043762207	0.0	2.783632755279541	0.0	0.06785997748374939	0.0	0.0	0.0	0.0	1.0650396347045898	0.0	0.6673300862312317	2.033210515975952	1.2204029560089111	0.0	0.0	0.0	0.0	0.0	2.6725831031799316	0.0	0.0	1.9364469051361084	0.0909748375415802	0.0	0.0	0.0	0.0	0.0	0.0	0.0	0.0	1.1273518800735474	0.0	0.0	0.0	0.4891234338283539	0.9556754231452942	0.0	0.32675284147262573	0.9610555768013	0.302723228931427	0.0	0.0	0.0	0.0	0.0	0.0	0.7615175247192383	0.0	0.0	0.18008509278297424	0.8838285207748413	0.0	0.0	1.989283800125122	0.0	0.0	0.0	1.5304707288742065	0.6600587368011475	0.0	0.9896577000617981	0.0	0.0	0.0	0.0	0.0	0.0	0.0	1.9162814617156982	0.0	0.0	1.3635174036026	0.0	0.0	1.5796250104904175	1.2073125839233398	1.3529545068740845	1.0118225812911987	0.46703681349754333	0.0	1.5767502784729004	0.9204607605934143	0.0	0.0	0.0	0.0	0.5696458220481873	0.0	0.7336588501930237	2.1684346199035645	0.0	0.0	0.0	0.0	0.7804490923881531	1.4988735914230347	0.0	0.0	2.116931676864624	0.0	0.0	0.0	0.0	0.0	0.0	0.0	0.0	0.0	0.22638772428035736	0.0	1.2584460973739624	0.0	1.2668793201446533	1.300010085105896	0.0	0.6367892622947693	0.0	0.0	0.0	0.0	0.0	0.0	0.6466966271400452	0.0	0.3178292512893677	1.1598554849624634	0.8981208801269531	0.0	1.65080988407135	0.0	0.0	0.0	2.391780138015747	1.858734369277954	0.7705703377723694	0.1510104387998581	0.0	0.0	0.0	2.2389707565307617	0.38288524746894836	1.4452823400497437	1.6796252727508545	0.0	0.0	0.0	1.1161483526229858	0.5319465398788452	0.0	0.0	0.0	0.0	0.797065794467926	0.0	0.0	0.0	0.916922390460968	0.0	2.4705650806427	0.0	0.2709769904613495	0.0	0.5027608871459961	0.7918726205825806	0.0	0.0	0.0	0.0	0.0	0.0
0.0	0.0	0.0	0.19344162940979004	0.0	0.0	1.7536561489105225	0.0	1.7539445161819458	0.8652750849723816	1.1507236957550049	0.0	0.927955687046051	1.0423518419265747	0.4640973210334778	2.144848108291626	1.295333981513977	1.414581060409546	2.0815062522888184	0.0	1.5708510875701904	0.007733524776995182	0.0	0.9623823761940002	0.0	0.0	1.0458333492279053	0.0	1.2641633749008179	0.6360883712768555	1.197571873664856	0.1381232738494873	0.0	1.3440059423446655	0.0	0.5617426037788391	0.1835944503545761	0.0	1.3242021799087524	0.5439609289169312	0.0	0.0	0.0	0.19256065785884857	0.0	0.0	1.8022633790969849	0.0	0.0	0.009141609072685242	0.0	0.0	0.0	1.3156628608703613	1.081475019454956	0.0	0.0	1.1000893115997314	0.7477909326553345	1.1251013278961182	0.0	0.0	0.0	0.0	0.0	0.0	0.0	0.0	0.0	0.6882073879241943	0.9661309123039246	0.0	0.0	0.04427233710885048	0.0	0.0	1.2407817840576172	0.27306443452835083	0.0	0.5650660395622253	0.0	0.0	1.99728262424469	0.4042500853538513	0.8619874119758606	0.0	2.2585067749023438	0.0	0.9401870965957642	0.0	0.0	0.0	0.0	0.45504435896873474	0.0	0.08792901039123535	1.42136549949646	0.30346041917800903	0.0	0.0	0.0	0.0	0.0	1.2956717014312744	0.0	0.0	2.0238521099090576	0.4229857623577118	0.0	0.0	0.0	0.0	0.0	0.0	0.0	0.0	1.3012536764144897	0.0	0.0	0.0	0.7530571818351746	1.4718363285064697	0.0	0.0	0.9455225467681885	0.9213361740112305	0.0	0.0	0.0	0.0	0.0	0.0	1.3372979164123535	0.0	0.0	1.3161978721618652	1.547324299812317	0.0	0.0	0.7760447263717651	0.0	0.0	0.0	2.002387285232544	0.4687933921813965	0.0	2.4329617023468018	0.0	0.0	0.0	0.0	0.21769201755523682	0.0	0.0	0.7177164554595947	0.0	0.0	2.1095993518829346	0.0	0.0	0.6871717572212219	0.7411442399024963	0.900391697883606	1.3498846292495728	0.0	0.0	0.03587702661752701	1.0763936042785645	0.0	0.0	0.0	0.0	0.7284321188926697	0.0	0.7594916224479675	2.4639534950256348	0.4786328673362732	0.0	0.0	0.0	1.6917126178741455	0.9194177985191345	0.0	0.0	1.3064842224121094	0.0	0.0	0.0	0.0	0.0	0.0	0.0	0.0	0.0	0.5806986689567566	0.0	0.5329650640487671	0.0	2.069849729537964	0.2978723347187042	0.0	1.6609714031219482	0.0	0.0	0.0	0.0	0.0	0.0	1.3558095693588257	0.0	1.834039330482483	1.8583983182907104	0.7057331800460815	0.0	2.2658791542053223	0.0	0.0	0.0	1.933554768562317	0.7325631976127625	1.9803478717803955	1.0387051105499268	0.0	0.0	0.0	0.8566557765007019	0.25896432995796204	1.5193003416061401	1.177909016609192	0.0	0.0	0.2625737190246582	1.390444278717041	0.0	0.0	0.0	0.0	0.0	1.789168357849121	0.0	0.0	0.0	0.23212231695652008	1.4035561084747314	1.841750144958496	0.0	1.0134186744689941	0.0	0.1575814038515091	0.274067223072052	0.0	0.0	0.0	0.2185126543045044	0.0	0.0
0.0	0.0	0.0	1.096118450164795	0.0	0.0	2.485100269317627	0.0	1.6550285816192627	0.5031019449234009	0.5394567251205444	0.0	1.1532342433929443	0.3449789881706238	0.5611695051193237	1.521740198135376	1.4791388511657715	1.387345790863037	1.4801537990570068	0.430360347032547	2.74975848197937	0.5352724194526672	0.0	0.7315462231636047	0.0	0.0	1.3651841878890991	0.0	1.8382304906845093	0.8555248975753784	1.276333212852478	0.508280873298645	0.0	1.390519380569458	0.0	0.4383811354637146	0.16322240233421326	0.0	1.7274951934814453	0.7332702875137329	0.0	0.0	0.0	0.11398998647928238	0.0	0.0	1.6192452907562256	0.0	0.0	0.0	0.0	0.0	0.0	1.2934832572937012	1.0508008003234863	0.0	0.0	0.5215794444084167	0.8032757043838501	1.135553240776062	0.0	0.0	0.0	0.0	0.0	0.0	0.0	0.0	0.0	0.8371045589447021	0.5963278412818909	0.0	0.0	0.29380735754966736	0.0	0.0	1.0157936811447144	0.0	0.0	1.2012441158294678	0.0	0.0	1.3624035120010376	0.924304723739624	1.6687954664230347	0.0	2.1747653484344482	0.0	0.36627358198165894	0.0	0.0	0.0	0.0	0.5536609292030334	0.0	0.0	1.8237065076828003	1.4954968690872192	0.0	0.0	0.0	0.0	0.0	2.415072441101074	0.0	0.0	1.8781160116195679	0.35112255811691284	0.0	0.0	0.0	0.0	0.0	0.0	0.0	0.0	1.2984187602996826	0.0	0.0	0.0	0.7952817678451538	0.6243179440498352	0.0	0.6885926723480225	0.5105750560760498	0.983689546585083	0.0	0.0	0.0	0.0	0.0	0.0	0.8015215992927551	0.0	0.0	1.1757830381393433	0.9030592441558838	0.0	0.0	1.2641711235046387	0.0	0.0	0.0	0.26642751693725586	0.0	0.0	1.4391297101974487	0.0	0.0	0.0	0.0	0.04579472169280052	0.0	0.0	0.39783716201782227	0.0	0.0	1.8198351860046387	0.0	0.0	1.6093076467514038	0.6690925359725952	1.5121042728424072	1.4762598276138306	0.0	0.0	0.49681010842323303	0.5447965860366821	0.0	0.0	0.0	0.0	0.5272864103317261	0.0	0.0	3.0012354850769043	0.39372938871383667	0.0	0.0	0.0	1.5341144800186157	0.4740787148475647	0.0	0.0	1.8001540899276733	0.0	0.0	0.0	0.0	0.0	0.0	0.0	0.0	0.0	0.25889381766319275	0.0	0.9747331142425537	0.0	1.5358119010925293	0.692245364189148	0.0	1.321012020111084	0.0	0.0	0.0	0.0	0.0	0.0	1.1028516292572021	0.0	1.572329044342041	2.0395236015319824	0.36365094780921936	0.0	2.010822057723999	0.0	0.0	0.0	2.315962314605713	0.92619788646698	1.2777291536331177	0.3748840093612671	0.0	0.0	0.0	1.5667859315872192	0.1556445211172104	1.1786339282989502	1.000645399093628	0.0	0.0	0.0	1.0934569835662842	0.02027207612991333	0.0	0.0	0.0	0.0	1.7996054887771606	0.0	0.0	0.0	1.029553771018982	1.1941648721694946	1.6509605646133423	0.0	0.3569886088371277	0.0	0.0	0.6409532427787781	0.0	0.0	0.0	0.0	0.0	0.0
0.0	0.0	0.09563115984201431	0.24690276384353638	0.23785953223705292	0.0	1.0287073850631714	0.0	0.6505463719367981	0.7360454201698303	0.0	0.0	0.7320466637611389	0.8370721936225891	0.004905854817479849	0.7005668878555298	0.0	0.6427212953567505	0.6833664178848267	0.5185784697532654	0.9972447156906128	0.18596626818180084	0.0	0.8556455373764038	0.0	0.0	0.644336998462677	0.4978898763656616	0.5158205032348633	0.47772470116615295	0.6480264067649841	0.5024222135543823	0.0	0.6287369132041931	0.0	0.6412746906280518	0.5058053731918335	0.0	0.8970806002616882	0.5647633075714111	0.0	0.0	0.0	0.0	0.0	0.0	0.09440550208091736	0.0	0.0	0.0	0.0	0.0	0.0	0.3094905912876129	0.9045703411102295	0.0	0.0	0.5039740800857544	1.0837619304656982	0.027881048619747162	0.0	0.0	0.0	0.3973967432975769	0.0	0.0	0.0	0.0	0.0	0.6930605173110962	0.8746669292449951	0.0	0.0	0.2496291697025299	0.0	0.0	0.6087087988853455	0.5587222576141357	0.0	0.6470458507537842	0.0	0.0	0.5848771929740906	0.0	0.9177741408348083	0.0	0.9263922572135925	0.0	0.0	0.0	0.0	0.5056206583976746	0.0	0.43703898787498474	0.0	0.39788618683815	0.9262372255325317	0.7913447618484497	0.0	0.17943865060806274	0.0	0.0	0.0	0.5656336545944214	0.0	0.0	0.5395416617393494	0.10041666775941849	0.0	0.0	0.0	0.05768595263361931	0.0	0.0	0.0	0.0	0.8116762638092041	0.0	0.0	0.0	0.36856168508529663	0.7853927612304688	0.0	0.0	0.0	0.601429283618927	0.0	0.0	0.0	0.0	0.0	0.0	0.575836181640625	0.0	0.0	0.0	0.7783558964729309	0.0	0.0	0.5318427681922913	0.0	0.0	0.0	1.2102144956588745	0.8463298678398132	0.0	0.6323856711387634	0.0	0.0	0.014299239031970501	0.0	0.09182720631361008	0.0	0.0	0.5095027089118958	0.0	0.0	0.8937941789627075	0.0	0.0	0.5030352473258972	0.8310683965682983	0.5298383831977844	0.7544084191322327	0.5657011866569519	0.0	0.1355937123298645	0.5572991967201233	0.0	0.0	0.0	0.0	0.2796669900417328	0.0	0.8181644082069397	0.36841750144958496	0.0	0.0	0.0	0.26929378509521484	0.7107158303260803	0.555452823638916	0.0	0.0	0.7338263392448425	0.0	0.0	0.0	0.0	0.0	0.0	0.0	0.0	0.0	0.49129000306129456	0.0	0.7756998538970947	0.0	0.6158949732780457	0.6199607849121094	0.0	0.3339359760284424	0.0	0.0	0.0	0.0	0.0	0.0	0.6979866623878479	0.0	0.44790998101234436	0.7705206871032715	0.6109810471534729	0.0	0.4328146278858185	0.0	0.0	0.0	0.8734601736068726	0.993207573890686	0.1667805314064026	0.43085476756095886	0.0	0.0	0.0	0.3628420829772949	0.7996950149536133	0.5258091688156128	0.7614855170249939	0.0	0.0	0.0	0.7076160311698914	0.54240483045578	0.0	0.0	0.0	0.0	0.42561280727386475	0.0	0.0	0.0	0.6008319854736328	0.0	0.9871855974197388	0.0	0.5010806322097778	0.0	0.6122356057167053	0.7517169117927551	0.0	0.7512078285217285	0.0	0.0	0.0	0.0
0.0	0.0	0.0	0.5909352898597717	0.06632694602012634	0.0	1.9946539402008057	0.0	1.3415762186050415	0.13222114741802216	1.6626172065734863	0.0	1.2428559064865112	0.0	0.3815036416053772	1.2264926433563232	2.0237629413604736	1.1454277038574219	1.3925714492797852	0.0	1.3666588068008423	0.9330025315284729	0.0	0.9934430122375488	0.0	0.0	0.8383442163467407	0.0	1.5850746631622314	0.5412780046463013	0.9232622385025024	0.8381597399711609	0.0	1.8904409408569336	0.0	0.0	0.09259986132383347	0.0	2.0162177085876465	0.4770391583442688	0.0	0.0	0.0	0.0	0.0	0.0	1.797377109527588	0.0	0.0	0.0	0.0	0.0	0.0	1.969050407409668	1.8060493469238281	0.0	0.0	0.4880917966365814	0.0	2.564276933670044	0.0	0.0	0.0	0.0	0.0	0.0	0.0	0.0	0.0	1.2854923009872437	0.27453485131263733	0.0	0.0	0.3646138906478882	0.0	0.0	0.0248331967741251	0.5249546766281128	0.0	0.3732147812843323	0.005001834128051996	0.0	1.9285714626312256	1.632935643196106	1.7140005826950073	0.0	2.1832988262176514	0.0	1.2116528749465942	0.0	0.0	0.0	0.0	0.28606337308883667	0.0	0.0	1.1166249513626099	0.0	0.0	0.0	0.0	0.5938583612442017	0.0	2.709035634994507	0.0	0.0	1.7023590803146362	0.0	0.0	0.09737549722194672	0.0	0.0	0.0	0.0	0.0	0.0	0.35708266496658325	0.0	0.22423185408115387	0.0	0.0	0.3577447235584259	0.0	0.43765878677368164	1.9450452327728271	0.535875141620636	0.0	0.0	0.0	0.0	0.0	0.0	0.0	0.0	0.0	0.41830480098724365	0.2768499553203583	0.0	0.0	1.207376480102539	0.0	0.0	0.0	1.9719263315200806	0.0	0.0	2.1555428504943848	0.0	0.0	0.0	0.0	0.0	0.0	0.0	0.6908011436462402	0.0	0.0	1.4762177467346191	0.0	0.0	0.5489367246627808	0.0	0.7703179717063904	1.2771838903427124	0.2495383620262146	0.0	0.9929456114768982	0.5562013387680054	0.0	0.0	0.0	0.0	0.57392418384552	0.0	0.0	3.6073546409606934	0.6903273463249207	0.0	0.0	0.0	1.268417477607727	0.5684753656387329	0.0	0.0	1.166670799255371	0.0	0.0	0.0	0.0	0.0	0.0	0.0	0.0	0.0	0.0	0.0	1.0024361610412598	0.0	1.2960150241851807	0.2469223141670227	0.0	2.7472290992736816	0.0	0.0	0.0	0.0	0.0	0.0	0.0	0.0	1.1163160800933838	0.8211499452590942	0.5499629378318787	0.0	2.1622021198272705	0.0	0.0	0.0	2.5183053016662598	0.34152451157569885	2.1145529747009277	0.14917142689228058	0.0	0.0	0.0	1.7283796072006226	0.0	1.3234373331069946	1.2865087985992432	0.0	0.0	0.0	0.018862219527363777	0.0	0.0	0.0	0.0	0.0	1.032211184501648	0.0	0.0	0.0	0.5182193517684937	2.003732442855835	1.4454652070999146	0.0	0.12170449644327164	0.0	0.0	0.0	0.0	0.0	0.0	0.5962827801704407	0.0	0.0
0.0	0.0	0.0	0.3937784433364868	1.8208677768707275	0.0	0.6690556406974792	0.0	1.66147780418396	0.0	2.030864953994751	0.0	0.07017233222723007	0.7842526435852051	0.9426381587982178	1.882326602935791	2.3604462146759033	0.12394360452890396	0.5260316133499146	0.0	0.14108484983444214	0.0	0.0	1.0924571752548218	0.0	0.0	0.9832085371017456	0.0	0.13289669156074524	0.0641009658575058	0.21495503187179565	1.2243517637252808	0.0	0.5801289677619934	0.0	0.16823358833789825	0.0	0.0	0.3802706003189087	0.0	0.0	0.0	0.0	1.3331899642944336	0.0	0.0	1.3043872117996216	0.0	0.0	1.8495118618011475	0.0	0.0	0.0	0.69747394323349	0.06407910585403442	0.0	0.0	0.7580698132514954	0.0	0.6651039719581604	0.0	0.0	0.0	0.006399625912308693	0.0	0.0	0.0	0.0	0.0	0.0	0.8472712635993958	0.0	0.0	1.514247179031372	0.0	0.0	0.09334883838891983	0.7124326229095459	0.0	0.0	0.0	0.0	1.7589893341064453	0.0	0.0	0.0	0.43695250153541565	0.0	1.7582916021347046	0.0	0.0	0.0	0.0	0.06966207921504974	0.0	0.0	0.0	1.389185905456543	0.0	0.0	0.0	0.8007071614265442	0.0	0.5387188792228699	0.0	0.0	0.7016780972480774	2.1307358741760254	0.0	0.6316846609115601	0.0	0.0	0.0	0.0	0.0	0.0	1.6015920639038086	0.0	0.9404128789901733	0.0	0.0	1.619914174079895	0.0	1.5881233215332031	0.14710961282253265	1.2595810890197754	0.0	0.0	0.0	1.6627225875854492	0.0	0.0	1.2711985111236572	0.0	0.0	1.8289539813995361	1.4859777688980103	0.0	0.0	0.0	0.0	0.0	0.0	0.5060922503471375	0.3979388475418091	0.0	1.4995641708374023	0.0	0.0	0.0	0.0	1.191236972808838	0.0	0.0	0.0	0.0	0.0	1.8685163259506226	0.0	0.0	0.730272650718689	0.7981434464454651	0.5576375126838684	0.9816839098930359	0.0	0.0	0.027143286541104317	0.9008830189704895	0.0	0.0	0.0	0.0	0.0	0.0	0.4337196350097656	3.0945029258728027	1.5102273225784302	0.0	0.0	0.0	1.841660499572754	0.0664408951997757	0.0	0.0	0.05849408730864525	0.0	0.0	0.0	0.0	0.0	0.0	0.0	0.0	0.0	0.0	0.0	0.0	0.0	1.340612530708313	0.0	0.0	2.8514604568481445	0.0	0.0	0.0	0.0	0.0	0.0	1.2966983318328857	0.0	2.0163166522979736	2.096041679382324	1.0055114030838013	0.0	1.3443174362182617	0.0	0.0	0.0	0.0	0.0	1.4340293407440186	1.8396841287612915	0.0	0.0	0.0	0.0	1.156912922859192	0.06838090717792511	0.0	0.0	0.0	1.7393090724945068	2.469531774520874	0.0	0.0	0.0	0.0	0.0	1.779115915298462	0.0	0.0	0.0	0.0	1.7685410976409912	0.300028532743454	0.0	1.974794864654541	0.0	0.0	0.0	0.0	0.0	0.0	0.8300492763519287	0.0	0.0
0.0	0.0	0.0	0.25079062581062317	0.4151367247104645	0.0	1.2696897983551025	0.0	0.5590200424194336	0.7719014883041382	0.2421303242444992	0.0	0.970045804977417	0.5885969996452332	0.8138350248336792	0.8089824914932251	1.2235758304595947	1.289735198020935	1.353674054145813	0.7838181853294373	1.5556392669677734	0.7294822931289673	0.0	1.1418685913085938	0.0	0.0	1.2059128284454346	0.22335772216320038	1.4229422807693481	0.005018572323024273	0.7256848216056824	0.9821862578392029	0.0	2.2040817737579346	0.0	1.2341673374176025	1.1651577949523926	0.0	1.808100938796997	0.8349555134773254	0.0	0.0	0.0	0.0	0.0	0.0	1.1319361925125122	0.0	0.0	0.11637120693922043	0.0	0.0	0.0	0.9364497065544128	1.0524241924285889	0.0	0.0	0.43086475133895874	1.1529165506362915	1.2043070793151855	0.0	0.0	0.0	0.13002535700798035	0.0	0.0	0.0	0.0	0.0	1.060044765472412	0.5189969539642334	0.0	0.0	0.5445569753646851	0.0	0.0	0.914807915687561	0.2658756375312805	0.0	1.295487642288208	0.40594053268432617	0.0	1.072882056236267	0.5997189283370972	1.8578212261199951	0.0	1.4195672273635864	0.0	0.33067741990089417	0.0	0.0	0.2809735834598541	0.0	0.8946799635887146	0.0	0.9561575651168823	0.9071657657623291	0.5602707862854004	0.0	0.0	0.0	0.4385879337787628	0.0	2.0351083278656006	0.0	0.0	0.978704571723938	0.31537383794784546	0.0	0.0	0.0	0.0	0.0	0.0	0.0	0.0	0.8640460968017578	0.0	0.0	0.0	0.3022880554199219	0.387625515460968	0.0	0.337329626083374	1.3072739839553833	0.9020068645477295	0.0	0.0	0.0	0.0	0.0	0.0	0.9333997368812561	0.0	0.0	0.3816162943840027	1.2238497734069824	0.0	0.0	0.5916609168052673	0.0	0.0	0.0	0.9717580676078796	0.8138654828071594	0.0	1.015899658203125	0.0	0.0	0.8483973145484924	0.0	0.0	0.0	0.0	1.0278174877166748	0.0	0.0	1.5214121341705322	0.0	0.0	1.24501633644104	1.2536358833312988	0.7776728272438049	1.0312660932540894	0.6146130561828613	0.0	0.9689459800720215	0.9946841597557068	0.0	0.0	0.0	0.0	0.8012705445289612	0.0	0.20556478202342987	2.5793161392211914	0.21838511526584625	0.0	0.0	0.0	0.8995569348335266	0.9442524313926697	0.0	0.0	1.5640219449996948	0.0	0.0	0.0	0.0	0.0	0.0	0.0	0.0	0.0	0.5145063996315002	0.0	1.4308007955551147	0.0	1.104963779449463	0.6024990677833557	0.0	1.371700406074524	0.0	0.0	0.0	0.0	0.0	0.0	0.5018488764762878	0.0	1.0077873468399048	1.4978461265563965	0.5638598799705505	0.0	1.496415615081787	0.0	0.0	0.0	1.947351336479187	1.1324920654296875	1.2090229988098145	0.02379819191992283	0.0	0.0	0.0	1.6561373472213745	0.3048752248287201	0.7503194808959961	1.05104398727417	0.0	0.0	0.0	0.7739031910896301	0.0	0.0	0.0	0.0	0.0	0.6846696734428406	0.0	0.0	0.0	1.021661639213562	0.6407567858695984	1.4029515981674194	0.0	0.8873345851898193	0.0	0.643723726272583	0.5750832557678223	0.0	0.0	0.0	0.0	0.0	0.0
0.0	0.0	0.0	0.2372254878282547	0.5464627146720886	0.0	1.670557975769043	0.0	1.0913658142089844	0.842247486114502	0.7160084843635559	0.0	0.4891209602355957	0.4905604124069214	0.8267267346382141	1.3111318349838257	0.9041709899902344	1.1695878505706787	1.5290954113006592	0.6923459768295288	1.7098422050476074	0.5396624207496643	0.0	1.142048954963684	0.0	0.0	1.8020602464675903	0.005434999242424965	1.696228265762329	0.36566227674484253	0.6223852038383484	0.9453887343406677	0.0	1.290136694908142	0.0	0.3886242210865021	0.8959468007087708	0.0	2.607511520385742	1.0182515382766724	0.0	0.0	0.0	0.0	0.0	0.0	0.6157721877098083	0.0	0.0	0.0	0.0	0.0	0.0	0.8524574637413025	1.2433193922042847	0.0	0.0	0.6074187755584717	1.163308024406433	1.1549806594848633	0.0	0.0	0.0	0.2594796419143677	0.0	0.0	0.0	0.0	0.0	0.916818380355835	1.2729132175445557	0.0	0.0	0.6909064054489136	0.0	0.0	0.46590426564216614	0.9592320919036865	0.0	1.3422393798828125	0.4035966098308563	0.0	0.9223715662956238	0.5959834456443787	1.69089937210083	0.0	1.4935203790664673	0.0	0.616858720779419	0.0	0.0	0.0	0.0	1.4911692142486572	0.0	0.8032689690589905	1.357715368270874	1.4056380987167358	0.0	0.0	0.0	0.0	0.0	1.7947649955749512	0.0	0.0	1.528850793838501	0.35904744267463684	0.0	0.0	0.0	0.0	0.0	0.0	0.0	0.0	1.3421318531036377	0.0	0.0	0.0	0.14430779218673706	0.5907636284828186	0.0	1.2310758829116821	0.7734380960464478	1.2058472633361816	0.0	0.0	0.0	0.0	0.0	0.0	1.7428088188171387	0.0	0.0	1.9939966201782227	1.1695612668991089	0.0	0.0	0.5378442406654358	0.0	0.0	0.0	0.7019383907318115	0.0	0.0	1.4794697761535645	0.0	0.0	0.0	0.0	0.0	0.0	0.0	0.8275642395019531	0.0	0.0	1.7626652717590332	0.0	0.0	2.1725308895111084	1.5420328378677368	1.4746909141540527	1.2131965160369873	0.026639558374881744	0.0	1.0036332607269287	1.3474644422531128	0.0	0.0	0.0	0.0	0.6171339154243469	0.0	0.0	2.3629844188690186	0.38535940647125244	0.0	0.0	0.0	1.0674833059310913	0.22297966480255127	0.0	0.0	1.9506064653396606	0.0	0.0	0.0	0.0	0.0	0.0	0.0	0.0	0.0	0.5900482535362244	0.0	1.4519532918930054	0.0	1.1889351606369019	0.9592200517654419	0.0	2.0239837169647217	0.0	0.0	0.0	0.0	0.0	0.0	0.8450195789337158	0.0	1.0802960395812988	2.110276937484741	0.6633365750312805	0.0	1.8515396118164062	0.0	0.0	0.0	2.604839563369751	0.9456283450126648	0.7622041702270508	0.31789806485176086	0.0	0.0	0.0	1.7267817258834839	0.0	1.3326034545898438	0.44483131170272827	0.0	0.0	0.3961188793182373	1.2903019189834595	0.05645689740777016	0.0	0.0	0.0	0.0	1.1651986837387085	0.0	0.0	0.0	0.6419321298599243	0.4870762228965759	1.3731261491775513	0.0	1.1901236772537231	0.0	0.16281037032604218	0.5655800700187683	0.0	0.0	0.0	0.0	0.0	0.0
0.0	0.0	0.0	0.08326810598373413	0.23025798797607422	0.0	1.6705663204193115	0.0	1.7871450185775757	0.8273131251335144	0.42255353927612305	0.0	0.4970296621322632	0.11822286993265152	0.0	0.6758184432983398	0.5716592073440552	0.8179233074188232	0.6620103120803833	0.4665790796279907	1.7196062803268433	0.794366717338562	0.0	0.6299892067909241	0.0	0.0	1.2463159561157227	0.0	1.3545891046524048	0.7076587080955505	1.0237514972686768	1.3625677824020386	0.0	0.9865725040435791	0.0	0.2553933560848236	0.0	0.0	1.9508014917373657	0.3047019839286804	0.0	0.0	0.0	0.0	0.0	0.0	0.5922070741653442	0.0	0.0	0.0	0.0	0.0	0.0	1.086035966873169	0.9956151843070984	0.0	0.0	0.5162914991378784	0.7611070871353149	1.5262796878814697	0.0	0.0	0.0	0.0	0.0	0.0	0.0	0.0	0.0	0.7266365885734558	0.23753544688224792	0.0	0.0	0.5078365206718445	0.0	0.0	0.0	0.0	0.0	0.7676925659179688	0.08242879062891006	0.0	1.0112961530685425	1.2718740701675415	1.4290419816970825	0.0	1.3790136575698853	0.0	0.30756765604019165	0.0	0.0	0.0	0.0	0.7925642728805542	0.0	0.0	1.5694222450256348	0.4649701714515686	0.0	0.0	0.0	0.0	0.0	2.1491920948028564	0.0	0.0	1.3280712366104126	0.002090390073135495	0.0	0.0	0.0	0.0	0.0	0.0	0.0	0.0	0.7813584208488464	0.0	0.0	0.0	0.0	0.9004243016242981	0.0	0.8471049666404724	0.9876425862312317	0.37070441246032715	0.0	0.0	0.0	0.0	0.0	0.0	0.5467110872268677	0.0	0.0	0.3401883840560913	0.44984105229377747	0.0	0.0	1.6448169946670532	0.0	0.0	0.0	0.24760587513446808	0.13895826041698456	0.0	0.3725135028362274	0.0	0.0	0.0	0.0	0.0	0.0	0.0	0.7528761029243469	0.0	0.0	0.9061295986175537	0.0	0.0	1.4559357166290283	0.7750963568687439	0.8160545229911804	0.4187028408050537	0.0	0.0	0.527541995048523	0.6035919785499573	0.0	0.0	0.0	0.0	0.0	0.0	0.01955520175397396	2.314897298812866	0.6215649843215942	0.0	0.0	0.0	1.0143935680389404	0.7703086137771606	0.0	0.0	1.329988718032837	0.0	0.0	0.0	0.0	0.0	0.0	0.0	0.0	0.0	0.21399080753326416	0.0	0.9443241953849792	0.0	1.0561702251434326	0.6374179720878601	0.0	0.4369405508041382	0.0	0.0	0.0	0.0	0.0	0.0	0.0	0.0	0.17964927852153778	0.8188698291778564	0.6797733902931213	0.0	1.3934928178787231	0.0	0.0	0.0	2.1584174633026123	0.8775243163108826	0.6126741766929626	0.29170429706573486	0.0	0.0	0.0	1.4955649375915527	0.0	1.206577181816101	0.989960253238678	0.0	0.0	0.0	0.5079759359359741	0.08668264746665955	0.0	0.0	0.0	0.0	0.9495407342910767	0.0	0.0	0.0	0.8033384084701538	0.7728770971298218	1.2845839262008667	0.0	0.37480437755584717	0.0	0.04255330190062523	0.5075106024742126	0.0	0.0	0.0	0.0	0.0	0.0
0.0	0.0	0.0	1.7237365245819092	0.0	0.0	2.1682591438293457	0.0	1.719862699508667	0.0	2.0478286743164062	0.0	0.7009444236755371	0.5238004922866821	0.0	1.9523448944091797	2.527850389480591	1.6750824451446533	1.3063596487045288	0.0	1.2487612962722778	0.45651814341545105	0.0	0.0	0.0	0.0	0.6743523478507996	0.0	1.9928808212280273	0.05870022252202034	1.538818120956421	0.25468578934669495	0.0	1.175945520401001	0.0	0.11720864474773407	0.7514721155166626	0.0	1.069562315940857	0.8134357929229736	0.0	0.0	0.0	0.0	0.0	0.0	2.849468231201172	0.0	0.0	0.0	0.0	0.0	0.0	1.6255536079406738	0.8377936482429504	0.0	0.0	0.8124017119407654	0.343289315700531	1.9490435123443604	0.0	0.0	0.0	0.0	0.0	0.0	0.0	0.0	0.0	0.9433324337005615	0.8482076525688171	0.0	0.0	0.0	0.0	0.0	0.0	0.0	0.0	0.25927066802978516	0.33109432458877563	0.0	2.1641273498535156	0.7450350522994995	1.173073649406433	0.0	1.259222388267517	0.0	2.063843250274658	0.0	0.0	0.0	0.0	0.0	0.0	0.0	0.7798506617546082	0.3653044104576111	0.0	0.0	0.0	0.786638617515564	0.0	1.3853973150253296	0.0	0.0	2.728231430053711	0.0	0.0	0.4956904351711273	0.0	0.0	0.0	0.0	0.0	0.0	1.0756442546844482	0.0	0.0	0.0	0.3629385530948639	1.0636913776397705	0.0	0.0	1.7718864679336548	0.9936591386795044	0.0	0.0	0.0	0.0	0.0	0.0	0.0	0.0	0.0	0.7809827327728271	0.21907997131347656	0.0	0.0	0.011868429370224476	0.0	0.0	0.0	0.05158289894461632	0.0	0.0	2.324129819869995	0.0	0.0	1.0354013442993164	0.0	0.3061245083808899	0.0	0.0	0.0	0.0	0.0	2.1758952140808105	0.0	0.0	0.3006154000759125	0.5586351752281189	0.7050051093101501	1.0230973958969116	0.0	0.0	0.0	0.332590252161026	0.0	0.0	0.0	0.0	1.062625527381897	0.0	0.0	3.121056318283081	0.9036526679992676	0.0	0.0	0.0	0.7234383225440979	0.39807140827178955	0.0	0.0	0.6259748339653015	0.0	0.0	0.0	0.0	0.0	0.0	0.0	0.0	0.0	0.5288645029067993	0.0	0.7103991508483887	0.0	1.0218132734298706	0.0	0.0	2.4537456035614014	0.0	0.0	0.0	0.0	0.0	0.0	0.0	0.0	0.2930007576942444	1.5502415895462036	0.017023438587784767	0.0	2.4878554344177246	0.0	0.0	0.0	1.9539508819580078	0.4628429710865021	2.7567853927612305	0.5002872347831726	0.0	0.0	0.0	0.8306130170822144	0.0	1.770119071006775	0.7013466358184814	0.0	0.0	0.03883065655827522	0.6073272228240967	0.2231941521167755	0.0	0.0	0.0	0.0	1.816036343574524	0.0	0.0	0.0	1.9421138763427734	1.9918859004974365	0.13449549674987793	0.0	0.803898274898529	0.0	0.0	0.35929617285728455	0.0	0.0	0.0	0.8954218626022339	0.0	0.0
0.0	0.0	0.0	0.18008951842784882	0.0	0.0	1.5683841705322266	0.0	1.3886959552764893	0.35456910729408264	0.3314841687679291	0.0	0.3889845013618469	0.15564820170402527	0.0	0.9727711081504822	1.2740390300750732	0.8570608496665955	0.549679696559906	0.0	1.358309268951416	0.0	0.0	1.2018613815307617	0.0	0.0	0.8269587159156799	0.0	0.9419265389442444	0.28543952107429504	0.695050835609436	0.7370743155479431	0.0	0.9132472276687622	0.0	0.24587124586105347	0.0	0.0	0.6273542046546936	0.11502619832754135	0.0	0.0	0.0	0.33173897862434387	0.0	0.0	1.0868723392486572	0.0	0.0	0.2576882839202881	0.0	0.0	0.0	0.3801528513431549	0.48700055480003357	0.0	0.0	0.5014678239822388	0.0	0.7854775786399841	0.0	0.0	0.0	0.0	0.0	0.0	0.0	0.0	0.0	0.24202021956443787	0.0	0.0	0.0	0.0	0.0	0.0	0.0	0.0	0.0	0.0	0.42037710547447205	0.0	1.526247501373291	0.39370492100715637	0.4730634093284607	0.0	1.3507710695266724	0.0	1.238827109336853	0.0	0.0	0.0	0.0	0.0	0.0	0.0	1.1213648319244385	0.5899451375007629	0.0	0.0	0.0	0.47246912121772766	0.0	1.0120611190795898	0.0	0.0	1.17987859249115	0.8306406140327454	0.0	0.29672983288764954	0.0	0.0	0.0	0.0	0.0	0.0	0.5845851302146912	0.0	0.2633354961872101	0.0	0.0	0.39919808506965637	0.0	0.0	1.0085608959197998	0.5412234663963318	0.0	0.0	0.0	0.10728636384010315	0.0	0.0	0.0	0.0	0.0	0.3283551335334778	0.5510093569755554	0.0	0.0	0.08594479411840439	0.0	0.0	0.0	1.6439392566680908	0.8308345079421997	0.0	0.9547275304794312	0.0	0.0	0.413359135389328	0.0	0.280927836894989	0.0	0.0	0.21220450103282928	0.0	0.0	0.9561244249343872	0.0	0.0	0.5800053477287292	0.1753043234348297	0.23453067243099213	1.062827229499817	0.0	0.0	0.0	0.3121294379234314	0.0	0.0	0.0	0.0	0.3536588251590729	0.0	0.215870201587677	1.656402349472046	0.49325624108314514	0.0	0.0	0.0	1.0739860534667969	0.23337922990322113	0.0	0.0	0.0	0.0	0.0	0.0	0.0	0.0	0.0	0.0	0.0	0.0	0.13592849671840668	0.0	0.0	0.0	1.4304672479629517	0.0	0.0	0.8205159902572632	0.0	0.0	0.0	0.0	0.0	0.0	0.9155040979385376	0.0	0.47146984934806824	0.9693295359611511	0.7397148609161377	0.0	1.175065279006958	0.0	0.0	0.0	0.8019517064094543	0.7208324074745178	1.4755282402038574	1.0854915380477905	0.0	0.0	0.0	0.3374708592891693	0.1875089854001999	0.8359114527702332	0.5683718919754028	0.0	0.0	0.16222579777240753	0.6256422996520996	0.1800946593284607	0.0	0.0	0.0	0.0	0.5153268575668335	0.0	0.0	0.0	0.6828581094741821	0.554352879524231	0.8327791690826416	0.0	0.2208305150270462	0.0	0.19823811948299408	0.4581686556339264	0.0	0.0	0.0	0.6257239580154419	0.0	0.0
0.0	0.0	0.0	0.020438095554709435	0.8149778842926025	0.0	0.315732479095459	0.0	1.0867968797683716	0.0	2.531785249710083	0.0	0.0	0.0	0.0	1.2770808935165405	2.0425946712493896	0.009527412243187428	0.0	0.0	0.47007665038108826	0.0	0.0	0.03855270892381668	0.0	0.0	0.0	0.0	0.34917789697647095	0.0	0.10491032898426056	1.393147349357605	0.0	0.5280967950820923	0.0	0.0	0.0	0.0	0.0	0.0	0.0	0.0	0.0	1.2513066530227661	0.0	0.0	1.7194331884384155	0.0	0.0	0.9577521085739136	0.0	0.0	0.0	0.321380615234375	0.0	0.0	0.0	0.46695616841316223	0.0	1.107540488243103	0.0	0.0	0.0	0.0	0.0	0.0	0.0	0.0	0.0	0.0	0.0	0.0	0.0	0.6711398959159851	0.0	0.0	0.0	0.0	0.0	0.0	0.0	0.0	1.247997522354126	0.0	0.0	0.0	0.6065622568130493	0.0	1.321813941001892	0.0	0.0	0.0	0.0	0.0	0.0	0.0	0.009980552829802036	0.43069764971733093	0.0	0.0	0.0	0.6815527677536011	0.0	0.6557417511940002	0.0	0.0	0.31210848689079285	1.5046039819717407	0.0	1.6838761568069458	0.0	0.0	0.0	0.0	0.0	0.0	0.24846239387989044	0.0	1.2888838052749634	0.0	0.0	0.32708701491355896	0.0	1.1617348194122314	0.8157259821891785	0.582342267036438	0.0	0.0	0.0	1.7528525590896606	0.0	0.0	0.27514395117759705	0.0	0.0	1.413597822189331	0.4753361642360687	0.0	0.0	0.0	0.0	0.0	0.0	0.0	0.0	0.0	1.4453389644622803	0.0	0.0	0.514413595199585	0.0	0.9157867431640625	0.0	0.0	0.0	0.0	0.0	1.5887495279312134	0.0	0.0	0.0	0.0	0.0	0.7884842157363892	0.0	0.0	0.08696095645427704	0.7507537603378296	0.0	0.0	0.0	0.0	0.0	0.0	0.0	3.435307264328003	1.9549643993377686	0.0	0.0	0.0	1.359606385231018	0.0	0.0	0.0	0.0	0.0	0.0	0.0	0.0	0.0	0.0	0.0	0.0	0.0	0.0	0.0	0.0	0.0	1.3280110359191895	0.0	0.0	2.504720449447632	0.0	0.0	0.0	0.0	0.0	0.0	0.313928484916687	0.0	2.02180552482605	1.614393711090088	0.3709584176540375	0.0	1.101022481918335	0.0	0.0	0.0	0.36434119939804077	0.0	1.9848257303237915	1.3576711416244507	0.0	0.0	0.0	0.2469298094511032	0.185102641582489	0.02342217043042183	0.0	0.0	0.0	1.098692536354065	1.0194330215454102	0.0	0.0	0.0	0.0	0.0	1.3904613256454468	0.0	0.0	0.0	0.0	2.2301697731018066	0.0	0.0	0.721046507358551	0.0	0.0	0.0	0.0	0.0	0.0	1.1931171417236328	0.0	0.0
0.0	0.0	0.12465426325798035	0.08961844444274902	0.018208038061857224	0.0	0.6237329840660095	0.0	0.5429413318634033	0.5415265560150146	0.0	0.0	0.5910544991493225	0.49047529697418213	0.10351068526506424	0.36519521474838257	0.0	0.4786188006401062	0.4786534309387207	0.4253407120704651	0.7241057753562927	0.1095975786447525	0.0	0.7439621686935425	0.0	0.0	0.6116207242012024	0.6339840292930603	0.4629310667514801	0.40905851125717163	0.4359048008918762	0.346036821603775	0.0	0.5852941870689392	0.0	0.7200701236724854	0.34249648451805115	0.0	0.6622747182846069	0.43128159642219543	0.0	0.0	0.0	0.0	0.0	0.0	0.0	0.0	0.0	0.1008078008890152	0.0	0.0	0.0	0.04499542713165283	0.5529611706733704	0.0	0.0	0.5427769422531128	0.9367918372154236	0.18895108997821808	0.0	0.0	0.0	0.2858954668045044	0.0	0.0	0.0	0.0	0.0	0.34352317452430725	0.5860173106193542	0.0	0.0	0.05508044362068176	0.0	0.0	0.3735373616218567	0.37845006585121155	0.0	0.5539435744285583	0.0	0.0	0.39371147751808167	0.07011682540178299	0.611636757850647	0.0	0.7357834577560425	0.0	0.0	0.0	0.0	0.6462433338165283	0.0	0.4446599781513214	0.0	0.34668856859207153	0.6727945804595947	0.48520627617836	0.0	0.2960057854652405	0.0	0.0	0.0	0.47023698687553406	0.0	0.0	0.34910130500793457	0.0	0.0	0.0	0.0	0.03119412437081337	0.0	0.0	0.0	0.0	0.2916928827762604	0.0	0.0	0.0	0.19462145864963531	0.45853930711746216	0.0	0.0	0.0	0.34639471769332886	0.0	0.0	0.0	0.0	0.10145660489797592	0.0	0.27761876583099365	0.0	0.0	0.1276150941848755	0.46323150396347046	0.0	0.0	0.019467344507575035	0.0	0.0	0.016790196299552917	1.1376423835754395	0.7684381604194641	0.0	0.3030529320240021	0.0	0.0	0.18508942425251007	0.0	0.008913913741707802	0.0	0.0	0.44070711731910706	0.0	0.0	0.5987127423286438	0.0	0.0	0.4532106816768646	0.5542815923690796	0.48435553908348083	0.5768992304801941	0.34303709864616394	0.0	0.10789275914430618	0.38794398307800293	0.0	0.0	0.0	0.0	0.23464292287826538	0.0	0.9098463654518127	0.06037316843867302	0.0	0.0	0.0	0.2273740917444229	0.45298483967781067	0.43544647097587585	0.0	0.0	0.5229374766349792	0.0	0.0	0.0	0.0	0.0	0.0	0.0	0.0	0.0	0.5789137482643127	0.0	0.5980484485626221	0.0	0.32856231927871704	0.5527622103691101	0.0	0.0	0.0	0.0	0.0	0.0	0.0	0.0	0.5189006924629211	0.0	0.1531938910484314	0.38092708587646484	0.47170430421829224	0.0	0.2623140215873718	0.0	0.0	0.0	0.7259345650672913	0.7333326935768127	0.07496098428964615	0.3461925983428955	0.0	0.0	0.0	0.1485361009836197	0.46966904401779175	0.4866659939289093	0.5926103591918945	0.0	0.0	0.0	0.2486914098262787	0.4113484025001526	0.0	0.0	0.0	0.0	0.2170320451259613	0.0	0.0	0.0	0.5410603284835815	0.0	0.8022931218147278	0.0	0.14995679259300232	0.0	0.47002583742141724	0.5249997973442078	0.0	0.617440938949585	0.0	0.0	0.0	0.0
0.0	0.0	0.0	0.0	0.8808413743972778	0.0	0.21080851554870605	0.0	0.38902565836906433	0.0	0.4461307227611542	0.0	0.0	0.0	0.5361537933349609	0.0	1.001319408416748	0.43377310037612915	0.7094392776489258	0.7022537589073181	0.6388247609138489	0.7110109925270081	0.0	0.7118040323257446	0.0	0.0	0.8328874707221985	0.13315418362617493	0.5795826315879822	0.0	0.0	1.736202359199524	0.0	1.3691411018371582	0.0	0.8870007395744324	0.7793030142784119	0.0	1.375331163406372	0.0	0.0	0.0	0.0	0.051751796156167984	0.0	0.0	0.9158065915107727	0.0	0.0	0.5798755288124084	0.0	0.0	0.0	0.826463520526886	0.6233603954315186	0.0	0.0	0.057280976325273514	0.9458314776420593	1.2161781787872314	0.0	0.0	0.0	0.2644484341144562	0.0	0.0	0.0	0.0	0.0	0.8983938694000244	0.4446316957473755	0.0	0.0	0.7621223330497742	0.0	0.0	0.21649320423603058	0.3299137055873871	0.0	1.0132126808166504	0.44125258922576904	0.0	0.0	0.26244327425956726	1.3862075805664062	0.0	0.842821478843689	0.0	0.0	0.0	0.0	0.0	0.0	2.1615149974823	0.0	1.044519305229187	0.3770716190338135	0.5721492171287537	0.0	0.0	0.0	0.1973385363817215	0.0	1.6321600675582886	0.0	0.0	0.21525980532169342	0.607070803642273	0.0	0.0	0.0	0.0	0.0	0.0	0.0	0.0	0.35824447870254517	0.0	0.4363304674625397	0.0	0.0	0.0	0.0	1.804210901260376	1.2480006217956543	0.3474182188510895	0.0	0.0	0.0	0.0	0.0	0.0	0.9807053804397583	0.0	0.0	0.7642066478729248	0.7716608643531799	0.0	0.0	0.5582025051116943	0.0	0.0	0.0	0.2759447991847992	0.06688571721315384	0.0	0.0	0.0	0.0	0.22424663603305817	0.0	0.0	0.0	0.0	1.2142527103424072	0.0	0.0	0.19836147129535675	0.0	0.0	1.4382375478744507	0.8403872847557068	0.8045047521591187	0.6885267496109009	0.8355286717414856	0.0	1.5307960510253906	0.7810320854187012	0.0	0.0	0.0	0.0	0.0	0.0	0.0	1.7344716787338257	0.17022474110126495	0.0	0.0	0.0	0.5376567840576172	0.5214760303497314	0.0	0.0	1.3229740858078003	0.0	0.0	0.0	0.0	0.0	0.0	0.0	0.0	0.0	0.002174048451706767	0.0	0.8782515525817871	0.0	0.0	0.8540467023849487	0.0	1.493669033050537	0.0	0.0	0.0	0.0	0.0	0.0	0.2033085972070694	0.0	0.4057546555995941	0.5420656800270081	0.0	0.0	0.5201170444488525	0.0	0.0	0.0	1.6891119480133057	0.45947712659835815	0.41262286901474	0.0	0.0	0.0	0.0	1.529809594154358	0.7267407178878784	0.0	0.28535258769989014	0.0	0.0	0.0	0.44916823506355286	0.0	0.0	0.0	0.0	0.0	0.12717416882514954	0.0	0.0	0.0	0.5303219556808472	0.5404868125915527	1.405018925666809	0.0	0.5402904748916626	0.0	0.44461891055107117	0.0	0.0	0.0	0.0	0.0	0.0	0.0
0.0	0.0	0.0	0.0	0.36535778641700745	0.0	1.9079748392105103	0.0	2.4196252822875977	0.0	1.9106621742248535	0.0	0.0	0.49588561058044434	0.11496804654598236	2.2549984455108643	2.603644609451294	1.2529913187026978	0.4047989547252655	0.0	2.0101962089538574	0.0	0.0	0.49364590644836426	0.0	0.0	0.8325597047805786	0.0	1.6052255630493164	0.5582722425460815	0.810822069644928	1.104007601737976	0.0	0.46143820881843567	0.0	0.0	0.0	0.0	1.0973238945007324	0.0	0.0	0.0	0.0	1.0206769704818726	0.0	0.0	2.3052656650543213	0.0	0.0	0.635769784450531	0.0	0.0	0.0	0.8670022487640381	0.0	0.0	0.0	0.14293140172958374	0.0	2.0392448902130127	0.0	0.0	0.0	0.0	0.0	0.0	0.0	0.0	0.0	0.0	0.6962586641311646	0.0	0.0	0.5302090644836426	0.0	0.0	0.49687659740448	0.07755560427904129	0.0	0.8405187129974365	0.0	0.0	2.069828510284424	0.17450553178787231	1.5004328489303589	0.0	1.4776078462600708	0.0	1.4045226573944092	0.0	0.0	0.0	0.0	0.0	0.0	0.0	1.2319903373718262	1.0550510883331299	0.0	0.0	0.0	1.1819225549697876	0.0	1.6241755485534668	0.0	0.0	2.234386682510376	1.5372575521469116	0.0	0.761870801448822	0.0	0.0	0.0	0.0	0.0	0.0	1.8177284002304077	0.0	0.5415072441101074	0.0	1.5409311056137085	1.5585469007492065	0.0	0.6659787893295288	1.1523226499557495	2.2889885902404785	0.0	0.0	0.0	0.5379061698913574	0.0	0.0	0.5778151750564575	0.0	0.0	2.248631238937378	0.993877649307251	0.0	0.0	0.0	0.0	0.0	0.0	0.5016681551933289	0.0	0.0	2.2951815128326416	0.0	0.0	0.5644941329956055	0.0	0.8194421529769897	0.0	0.0	0.0	0.0	0.0	2.9873886108398438	0.0	0.0	0.06719090789556503	0.988300621509552	0.8819724917411804	2.0471062660217285	0.0	0.0	0.0	1.178287386894226	0.0	0.0	0.0	0.0	0.4869409203529358	0.0	0.0	4.542543888092041	2.241903781890869	0.0	0.0	0.0	2.471876382827759	0.03127347305417061	0.0	0.0	0.0269786287099123	0.0	0.0	0.0	0.0	0.0	0.0	0.0	0.0	0.0	0.0	0.0	0.0	0.0	2.8849668502807617	0.0	0.0	2.5482261180877686	0.0	0.0	0.0	0.0	0.0	0.0	1.5122038125991821	0.0	2.869438409805298	2.93679141998291	0.5875260829925537	0.0	3.051687717437744	0.0	0.0	0.0	1.219645619392395	0.4193214774131775	2.4911203384399414	2.3412058353424072	0.0	0.0	0.0	0.5104716420173645	0.8944722414016724	1.2945494651794434	0.0	0.0	0.0	1.3627122640609741	2.4051074981689453	0.09054119139909744	0.0	0.0	0.0	0.0	2.0049989223480225	0.0	0.0	0.0	0.20167264342308044	2.2932310104370117	0.7647994160652161	0.0	1.5285224914550781	0.0	0.0	0.0	0.0	0.0	0.0	0.870722770690918	0.0	0.0
0.0	0.0	0.0	0.6681133508682251	0.0	0.0	2.3734960556030273	0.0	1.5649970769882202	1.0387141704559326	0.4437064826488495	0.0	0.9186539053916931	1.500625491142273	0.04375489056110382	2.2784764766693115	1.2701658010482788	1.5051822662353516	1.3853991031646729	0.0	2.113424777984619	0.4988546669483185	0.0	1.0368691682815552	0.0	0.0	1.5087093114852905	0.0	1.7734382152557373	1.0922178030014038	1.3666856288909912	0.5416578650474548	0.0	1.1084851026535034	0.0	0.22371940314769745	0.01083043497055769	0.0	1.929854393005371	1.0220564603805542	0.0	0.0	0.0	0.0	0.0	0.0	1.2965072393417358	0.0	0.0	0.0	0.0	0.0	0.0	0.8502441048622131	1.5417579412460327	0.0	0.0	0.45139944553375244	0.6637437343597412	1.0262889862060547	0.0	0.0	0.0	0.0	0.0	0.0	0.0	0.0	0.0	0.8348088264465332	0.9380114078521729	0.0	0.0	0.0	0.0	0.0	0.8918398022651672	0.4835852384567261	0.0	0.8713784217834473	0.18029117584228516	0.0	1.8232645988464355	1.2513659000396729	1.9190407991409302	0.0	2.2158315181732178	0.0	0.9362098574638367	0.0	0.0	0.008459801785647869	0.0	0.0	0.0	0.4577457308769226	1.5387424230575562	0.6563863158226013	0.0	0.0	0.0	0.0	0.0	1.6165587902069092	0.0	0.0	2.2521536350250244	0.2381526082754135	0.0	0.06066993996500969	0.0	0.0	0.0	0.0	0.0	0.0	1.584397315979004	0.0	0.0	0.0	0.8293261528015137	1.2116501331329346	0.0	0.0	0.7692953944206238	1.0099916458129883	0.0	0.0	0.0	0.0	0.0	0.0	0.3341451585292816	0.0	0.0	0.569294810295105	0.6920844316482544	0.0	0.0	1.1337634325027466	0.0	0.0	0.0	1.8294121026992798	0.7908901572227478	0.0	2.445554494857788	0.0	0.0	0.0	0.0	0.0	0.0	0.0	0.6434927582740784	0.0	0.0	2.443286895751953	0.0	0.0	0.6158113479614258	1.0133074522018433	1.0335233211517334	1.320824146270752	0.053522657603025436	0.0	0.0	1.0669500827789307	0.0	0.0	0.0	0.0	0.8633553385734558	0.0	0.27021268010139465	2.234349489212036	0.9294039011001587	0.0	0.0	0.0	1.537329912185669	1.2452503442764282	0.0	0.0	1.1450793743133545	0.0	0.0	0.0	0.0	0.0	0.0	0.0	0.0	0.0	0.6225501298904419	0.0	1.1287832260131836	0.0	1.7389461994171143	0.7294932007789612	0.0	1.2606648206710815	0.0	0.0	0.0	0.0	0.0	0.0	0.6916929483413696	0.0	1.1141411066055298	1.583808422088623	0.7819294929504395	0.0	2.337132215499878	0.0	0.0	0.0	1.7426629066467285	1.0000251531600952	1.6832804679870605	1.0297236442565918	0.0	0.0	0.0	1.1340808868408203	0.0	2.0626044273376465	1.2809714078903198	0.0	0.0	0.0	0.6821705102920532	0.37260857224464417	0.0	0.0	0.0	0.0	1.1538176536560059	0.0	0.0	0.0	0.3886064887046814	1.0905680656433105	1.817305564880371	0.0	0.41919443011283875	0.0	0.0	1.3294081687927246	0.0	0.0	0.0	0.2004278600215912	0.0	0.0
0.0	0.0	0.0	0.9788959622383118	0.0	0.0	1.6124985218048096	0.0	2.018211603164673	0.0	2.3481991291046143	0.0	0.8881885409355164	1.5298404693603516	0.4081120789051056	2.809857130050659	1.9474693536758423	1.3195079565048218	1.2630698680877686	0.08248646557331085	0.5427789688110352	0.25290411710739136	0.0	0.8388469219207764	0.0	0.0	1.1593223810195923	0.0	1.47141432762146	1.1195536851882935	1.5428149700164795	0.0	0.0	0.28649193048477173	0.0	0.0	0.13789136707782745	0.0	1.3641854524612427	1.2553662061691284	0.0	0.0	0.0	0.19053557515144348	0.0	0.0	2.000607490539551	0.0	0.0	0.06637831032276154	0.0	0.0	0.0	1.0068737268447876	0.3628427982330322	0.0	0.0	0.4086898863315582	0.11048290133476257	1.4142206907272339	0.0	0.0	0.0	0.0	0.0	0.0	0.0	0.0	0.0	0.22184769809246063	1.5090227127075195	0.0	0.0	0.6640775799751282	0.0	0.0	0.45312079787254333	0.0	0.0	0.4510090947151184	0.0	0.0	1.7729986906051636	1.0829353332519531	0.9306265115737915	0.0	1.1814385652542114	0.0	2.2139596939086914	0.0	0.0	0.0	0.0	0.0	0.0	0.0	0.5308483839035034	0.38972434401512146	0.0	0.0	0.0	0.38306862115859985	0.0	0.7173480987548828	0.0	0.0	2.291821002960205	0.6717122793197632	0.0	0.0	0.0	0.0	0.0	0.0	0.0	0.1593349575996399	1.7527124881744385	0.0	0.0	0.0	0.6144648194313049	1.9272078275680542	0.0	0.0	0.29814696311950684	1.9760878086090088	0.0	0.0	0.0	0.5576702356338501	0.0	0.0	1.1482512950897217	0.0	0.0	1.9204083681106567	0.8878981471061707	0.0	0.0	0.0	0.0	0.0	0.0	0.6403920650482178	0.24368828535079956	0.0	2.7000813484191895	0.0	0.0	0.6480473279953003	0.0	0.18759332597255707	0.0	0.0	0.0	0.0	0.0	3.5829758644104004	0.0	0.0	0.6190557479858398	0.072933629155159	1.0404915809631348	1.2864103317260742	0.0	0.0	0.0	0.8073439598083496	0.0	0.0	0.0	0.0	0.6562907695770264	0.0	0.02332215942442417	3.3512649536132812	1.615308165550232	0.0	0.0	0.0	1.6287429332733154	0.9826188087463379	0.0	0.0	1.5315372943878174	0.0	0.0	0.0	0.0	0.0	0.0	0.0	0.0	0.0	1.017300009727478	0.0	0.8142389059066772	0.0	2.273221731185913	0.0	0.0	2.091357469558716	0.0	0.0	0.0	0.0	0.0	0.0	0.36521998047828674	0.0	1.6846009492874146	2.426008939743042	0.33779919147491455	0.0	3.0163302421569824	0.0	0.0	0.0	1.416823387145996	0.4253692328929901	2.389901638031006	1.5062006711959839	0.0	0.0	0.0	0.6692723631858826	0.0	1.6765731573104858	0.4949239194393158	0.0	0.0	0.6496638059616089	0.6829128265380859	0.5955395102500916	0.0	0.0	0.0	0.0	2.1642491817474365	0.0	0.0	0.0	1.1331825256347656	1.8929399251937866	0.1704779863357544	0.0	1.6234545707702637	0.0	0.0	0.8299505710601807	0.0	0.0	0.0	0.21966886520385742	0.0	0.0
0.0	0.0	0.0	0.13157561421394348	1.241610050201416	0.0	0.995861291885376	0.0	1.2893356084823608	0.9205640554428101	0.22737453877925873	0.0	0.5859357714653015	1.1157588958740234	0.7843502163887024	1.4622395038604736	0.5885558724403381	0.34732821583747864	0.7039644122123718	0.5746955275535583	1.2979940176010132	0.0	0.0	1.522322654724121	0.0	0.0	0.925750732421875	0.2988241910934448	0.43515267968177795	0.6905412077903748	0.7657722234725952	0.7118129134178162	0.0	0.3181282579898834	0.0	0.8017570972442627	0.04753288999199867	0.0	0.8865965008735657	0.0	0.0	0.0	0.0	0.4366621971130371	0.0	0.0	0.08464211225509644	0.0	0.0	0.6980633735656738	0.0	0.0	0.0	0.3026584982872009	0.20497086644172668	0.0	0.0	0.8451078534126282	0.7344760894775391	0.0	0.0	0.0	0.0	0.35425737500190735	0.0	0.0	0.0	0.0	0.0	0.44604921340942383	1.3429003953933716	0.0	0.0	0.920967161655426	0.0	0.0	1.0797324180603027	0.8321872353553772	0.0	0.8226969838142395	0.0	0.0	0.8193283677101135	0.0	1.153908371925354	0.0	0.9961971044540405	0.0	0.38620027899742126	0.0	0.0	0.0	0.0	0.5315874814987183	0.0	0.48734307289123535	0.8915546536445618	1.6475374698638916	0.0	0.0	0.0	0.0	0.0	0.3656049966812134	0.0	0.0	0.8161337375640869	1.1390714645385742	0.0	0.0	0.0	0.0	0.0	0.0	0.0	0.0	1.6594969034194946	0.0	0.0	0.0	1.1049116849899292	1.3731229305267334	0.0	0.6640415191650391	0.0	1.3677036762237549	0.0	0.0	0.0	0.21630896627902985	0.0	0.0	1.3184642791748047	0.0	0.0	1.0002468824386597	1.3757719993591309	0.0	0.0	0.14706072211265564	0.0	0.0	0.0	1.2918083667755127	1.2369271516799927	0.0	1.2780653238296509	0.0	0.0	0.0	0.0	1.0947132110595703	0.0	0.0	0.22643783688545227	0.0	0.0	1.4818915128707886	0.0	0.0	0.8336970806121826	1.210286259651184	0.9466739892959595	1.707127332687378	0.34889543056488037	0.0	0.0	1.262162446975708	0.0	0.0	0.0	0.0	0.0	0.0	0.5909495949745178	1.1340289115905762	0.15974827110767365	0.0	0.0	0.0	1.9931029081344604	0.472566694021225	0.0	0.0	0.550225019454956	0.0	0.0	0.0	0.0	0.0	0.0	0.0	0.0	0.0	0.3984454274177551	0.0	0.22493596374988556	0.0	1.616001009941101	0.7269006371498108	0.0	0.4806056320667267	0.0	0.0	0.0	0.0	0.0	0.0	2.121704339981079	0.0	1.5437930822372437	2.230930805206299	0.8585180044174194	0.0	0.5552571415901184	0.0	0.0	0.0	0.405962735414505	1.1419636011123657	0.5237098932266235	1.6411948204040527	0.0	0.0	0.0	0.13332180678844452	1.8199282884597778	0.24511022865772247	0.6678930521011353	0.0	0.0	0.6948502659797668	1.792771577835083	0.06067986041307449	0.0	0.0	0.0	0.0	1.0533581972122192	0.0	0.0	0.0	0.2529565393924713	0.45194941759109497	1.128766417503357	0.0	1.4758310317993164	0.0	0.4392487108707428	0.0522880032658577	0.0	0.5831935405731201	0.0	0.03387507051229477	0.0	0.0
0.0	0.0	0.0	0.5980925559997559	0.004521234892308712	0.0	2.6834206581115723	0.0	2.293661594390869	0.41415172815322876	1.2688268423080444	0.0	0.40029048919677734	0.9554477334022522	0.00431867828592658	1.958330512046814	2.514021873474121	1.8489314317703247	1.5240849256515503	0.0	1.6839622259140015	0.03740130364894867	0.0	1.083426833152771	0.0	0.0	1.5404548645019531	0.0	2.4752306938171387	0.6567919254302979	1.3539459705352783	0.12340822070837021	0.0	2.0080761909484863	0.0	0.0	0.7909371852874756	0.0	1.9738293886184692	0.8730849623680115	0.0	0.0	0.0	0.0	0.0	0.0	1.944591999053955	0.0	0.0	0.0	0.0	0.0	0.0	1.1773184537887573	1.2441084384918213	0.0	0.0	1.158450961112976	0.0	1.9395225048065186	0.0	0.0	0.0	0.0	0.0	0.0	0.0	0.0	0.0	0.9744444489479065	1.3877367973327637	0.0	0.0	0.1990058273077011	0.0	0.0	0.0	0.38654664158821106	0.0	1.378556728363037	0.9299864172935486	0.0	2.8198230266571045	1.4286516904830933	1.9151346683502197	0.0	2.050286054611206	0.0	1.8675936460494995	0.0	0.0	0.0	0.0	0.525510311126709	0.0	0.14448657631874084	1.9374890327453613	0.6589953899383545	0.0	0.0	0.0	0.4800695776939392	0.0	2.3233389854431152	0.0	0.0	2.7620859146118164	0.570713222026825	0.0	0.0	0.0	0.0	0.0	0.0	0.0	0.0	2.041248083114624	0.0	0.0	0.0	0.4363514184951782	0.7947247624397278	0.0	0.6801884174346924	1.3428770303726196	1.5984845161437988	0.0	0.0	0.0	0.0	0.0	0.0	0.0	0.0	0.0	1.7540172338485718	1.3321877717971802	0.0	0.0	0.956505537033081	0.0	0.0	0.0	1.6342021226882935	0.0	0.0	2.131322145462036	0.0	0.0	0.879239022731781	0.0	0.28668150305747986	0.0	0.0	0.27238327264785767	0.0	0.0	2.856659173965454	0.0	0.0	1.0403409004211426	1.157804012298584	0.9268441200256348	1.6934219598770142	0.0	0.0	0.0	1.2318767309188843	0.0	0.0	0.0	0.0	1.0528056621551514	0.0	0.08208271116018295	3.674509286880493	1.5957167148590088	0.0	0.0	0.0	1.9838740825653076	0.44310691952705383	0.0	0.0	0.619423508644104	0.0	0.0	0.0	0.0	0.0	0.0	0.0	0.0	0.0	0.5519593954086304	0.0	0.8790631294250488	0.0	2.3982863426208496	0.0	0.0	1.941695213317871	0.0	0.0	0.0	0.0	0.0	0.0	1.1893136501312256	0.0	0.9734718203544617	2.4927074909210205	0.8629379272460938	0.0	2.7812445163726807	0.0	0.0	0.0	2.5759379863739014	0.7544609904289246	2.2174460887908936	1.3101834058761597	0.0	0.0	0.0	1.299668550491333	0.0	2.0831527709960938	0.9387855529785156	0.0	0.0	0.758411705493927	1.3954933881759644	0.04691102355718613	0.0	0.0	0.0	0.0	1.4843143224716187	0.0	0.0	0.0	1.3321738243103027	1.4775360822677612	1.471466302871704	0.0	1.243212103843689	0.0	0.0	0.5498895049095154	0.0	0.0	0.0	0.28723251819610596	0.0	0.0
0.0	0.0	0.0	0.0	1.1481289863586426	0.0	0.0	0.0	1.8777599334716797	0.0	2.821547031402588	0.0	0.0	0.0	0.7076531052589417	1.7603195905685425	2.6519932746887207	0.4232144355773926	0.4981236159801483	0.0	0.0	0.0	0.0	0.19199760258197784	0.0	0.0	0.48582690954208374	0.0	0.411353200674057	0.0	0.4554276764392853	1.289220929145813	0.0	0.3857455253601074	0.0	0.18800446391105652	0.0	0.0	0.3467521369457245	0.0	0.0	0.0	0.0	1.0394835472106934	0.0	0.0	2.3193976879119873	0.0	0.0	1.7595503330230713	0.0	0.0	0.0	0.7841023802757263	0.0	0.0	0.0	0.2822398245334625	0.0	1.4294646978378296	0.0	0.0	0.0	0.0	0.0	0.0	0.0	0.0	0.0	0.0	0.33321613073349	0.0	0.0	0.6796309351921082	0.0	0.0	0.37651893496513367	0.0	0.0	0.4527469873428345	0.13991695642471313	0.0	1.8687711954116821	0.0	0.09358278661966324	0.0	0.19864043593406677	0.0	1.322352409362793	0.0	0.0	0.0	0.0	0.6973364949226379	0.0	0.12303683161735535	0.0	0.06841849535703659	0.0	0.0	0.0	0.7843538522720337	0.0	0.5863293409347534	0.0	0.0	0.9110666513442993	1.481537103652954	0.0	0.7924103140830994	0.0	0.0	0.0	0.0	0.0	0.0	0.7357206344604492	0.0	1.1155447959899902	0.0	0.024372071027755737	0.6956648826599121	0.0	1.3207640647888184	0.90758216381073	1.146283745765686	0.0	0.0	0.0	1.92488694190979	0.0	0.0	1.0675897598266602	0.0	0.0	1.7321382761001587	1.3484090566635132	0.0	0.0	0.0	0.0	0.0	0.0	0.1381741166114807	0.0	0.0	1.4977413415908813	0.0	0.0	0.5940916538238525	0.0	0.6760237812995911	0.0	0.0	0.0	0.0	0.0	1.9992905855178833	0.0	0.0	0.3490280508995056	0.15867817401885986	0.21743781864643097	0.8591529726982117	0.0	0.0	0.0	0.840196430683136	0.0	0.0	0.0	0.0	0.0	0.0	0.0	3.1598598957061768	1.7441456317901611	0.0	0.0	0.0	1.696038007736206	0.0	0.0	0.0	0.0	0.0	0.0	0.0	0.0	0.0	0.0	0.0	0.0	0.0	0.0	0.0	0.0	0.0	1.4039000272750854	0.0	0.0	2.8505330085754395	0.0	0.0	0.0	0.0	0.0	0.0	0.35280361771583557	0.0	2.2603306770324707	2.137558698654175	0.25026562809944153	0.0	1.1631251573562622	0.0	0.0	0.0	0.5289844870567322	0.0	2.504911422729492	1.221029281616211	0.0	0.0	0.0	0.2683064043521881	0.18464261293411255	0.2667144536972046	0.0	0.0	0.0	1.3539817333221436	1.228484034538269	0.0	0.0	0.0	0.0	0.0	1.6311479806900024	0.0	0.0	0.0	0.17443445324897766	2.5097498893737793	0.2547955811023712	0.0	1.5543712377548218	0.0	0.0	0.0	0.0	0.0	0.0	1.0136730670928955	0.0	0.0
0.0	0.0	0.0	1.344516634941101	0.0	0.0	1.7502206563949585	0.0	1.4980729818344116	0.0	1.7365858554840088	0.0	0.041439179331064224	0.1711970865726471	0.0	1.8731814622879028	2.7632036209106445	1.6719834804534912	0.531653642654419	0.0	1.6102217435836792	0.0	0.0	0.0	0.0	0.0	0.47509703040122986	0.0	1.3225315809249878	0.0	1.326384425163269	0.3161931335926056	0.0	0.9441543221473694	0.0	0.0	0.0	0.0	0.4525042176246643	0.5461570620536804	0.0	0.0	0.0	0.3216899633407593	0.0	0.0	2.4376566410064697	0.0	0.0	0.0	0.0	0.0	0.0	0.7123603820800781	0.16787485778331757	0.0	0.0	0.09046041965484619	0.0	0.942043125629425	0.0	0.0	0.0	0.0	0.0	0.0	0.0	0.0	0.0	0.23122647404670715	0.6389755606651306	0.0	0.0	0.04237748682498932	0.0	0.0	0.02787374146282673	0.0	0.0	0.3771468997001648	0.0	0.0	1.9796974658966064	0.2810349464416504	0.5411523580551147	0.0	1.3238331079483032	0.0	2.3232672214508057	0.0	0.0	0.0	0.0	0.0	0.0	0.0	0.6599108576774597	0.6875755190849304	0.0	0.0	0.0	1.0576229095458984	0.0	0.6819012761116028	0.0	0.0	1.9291656017303467	0.3746011555194855	0.0	1.534210205078125	0.0	0.0	0.0	0.0	0.0	0.0	1.0301015377044678	0.0	0.06606623530387878	0.0	0.5541710257530212	1.1948531866073608	0.0	0.0	1.2240586280822754	1.1146255731582642	0.0	0.0	0.0	0.46632274985313416	0.0	0.0	0.0	0.0	0.0	1.0106840133666992	0.021336503326892853	0.0	0.0	0.0	0.0	0.0	0.0	0.04180888459086418	0.0	0.0	2.668750047683716	0.0	0.0	1.811142921447754	0.0	0.3990817666053772	0.0	0.0	0.0	0.0	0.0	2.448033094406128	0.0	0.0	0.0	0.0	0.2607669234275818	1.356985092163086	0.0	0.0	0.0	0.3746987581253052	0.0	0.0	0.0	0.0	0.8945503234863281	0.0	0.0	3.1992437839508057	1.709511399269104	0.0	0.0	0.0	1.1856606006622314	0.1878981590270996	0.0	0.0	0.0	0.0	0.0	0.0	0.0	0.0	0.0	0.0	0.0	0.0	0.0	0.0	0.17695774137973785	0.0	2.189232110977173	0.0	0.0	2.5119500160217285	0.0	0.0	0.0	0.0	0.0	0.0	0.9944990873336792	0.0	0.7663418054580688	1.8027856349945068	0.0	0.0	2.3535983562469482	0.0	0.0	0.0	1.2438650131225586	0.01571420580148697	2.422419786453247	0.8413456082344055	0.0	0.0	0.0	0.3441101610660553	0.0	1.843578815460205	0.5103927850723267	0.0	0.0	0.7561036944389343	1.0410088300704956	0.3826063275337219	0.0	0.0	0.0	0.0	1.3766803741455078	0.0	0.0	0.0	1.8739272356033325	1.434192419052124	0.0	0.0	0.6482482552528381	0.0	0.0	0.3353145122528076	0.0	0.0	0.0	1.3239147663116455	0.0	0.0
0.0	0.0	0.0	0.0	0.6151331663131714	0.0	1.5962806940078735	0.0	1.1145366430282593	0.7285194396972656	0.6820977330207825	0.0	0.6988161206245422	0.5547525882720947	0.14710234105587006	0.5679014921188354	1.4054876565933228	1.1314594745635986	1.3355849981307983	0.44089069962501526	2.4207990169525146	0.46815499663352966	0.0	0.6223037242889404	0.0	0.0	1.278131365776062	0.032317351549863815	1.3605979681015015	0.03942863643169403	0.8446749448776245	1.6989610195159912	0.0	1.4792568683624268	0.0	0.6382299065589905	0.5921504497528076	0.0	2.594071388244629	0.5352511405944824	0.0	0.0	0.0	0.0	0.0	0.0	1.7300989627838135	0.0	0.0	0.021746370941400528	0.0	0.0	0.0	1.3329219818115234	0.8718041181564331	0.0	0.0	0.6758814454078674	1.1500144004821777	1.304867148399353	0.0	0.0	0.0	0.0	0.0	0.0	0.0	0.0	0.0	0.9434740543365479	1.0422221422195435	0.0	0.0	0.6182251572608948	0.0	0.0	0.8890656232833862	0.4205290377140045	0.0	0.9676452875137329	0.013082928024232388	0.0	0.6799231171607971	0.25708186626434326	1.7795225381851196	0.0	1.6894725561141968	0.0	0.2634555697441101	0.0	0.0	0.0	0.0	1.1695196628570557	0.0	0.5398367047309875	1.3373810052871704	1.2130216360092163	0.0	0.0	0.0	0.2755409777164459	0.0	2.196909189224243	0.0	0.0	1.4416009187698364	0.5244354605674744	0.0	0.00481143593788147	0.0	0.0	0.0	0.0	0.0	0.0	1.1285735368728638	0.0	0.09126076102256775	0.0	0.36586472392082214	0.4999353885650635	0.0	1.0721169710159302	1.1392264366149902	0.7548519968986511	0.0	0.0	0.0	0.024044912308454514	0.0	0.0	0.13574600219726562	0.0	0.0	0.34884893894195557	0.6444121599197388	0.0	0.0	1.366668939590454	0.0	0.0	0.0	0.9910979270935059	0.6221334338188171	0.0	0.9845660328865051	0.0	0.0	0.08895076811313629	0.0	0.29186710715293884	0.0	0.0	0.7336642742156982	0.0	0.0	1.4775420427322388	0.0	0.0	1.3917779922485352	1.2513149976730347	1.1941813230514526	1.2964534759521484	0.09813182055950165	0.0	0.9362666010856628	0.949319064617157	0.0	0.0	0.0	0.0	0.5611904859542847	0.0	0.0	2.6510515213012695	0.7485495209693909	0.0	0.0	0.0	1.200661063194275	0.4038344919681549	0.0	0.0	1.4021683931350708	0.0	0.0	0.0	0.0	0.0	0.0	0.0	0.0	0.0	0.0	0.0	0.9380595684051514	0.0	1.1881797313690186	0.6789554357528687	0.0	1.561149001121521	0.0	0.0	0.0	0.0	0.0	0.0	0.5567678213119507	0.0	0.7750953435897827	2.002204418182373	0.612331748008728	0.0	1.5182507038116455	0.0	0.0	0.0	1.913416862487793	1.010152816772461	1.1698272228240967	1.0090967416763306	0.0	0.0	0.0	1.3744356632232666	0.535206139087677	1.010647177696228	0.6987476348876953	0.0	0.0	0.115481898188591	1.1215791702270508	0.13103707134723663	0.0	0.0	0.0	0.0	1.1040585041046143	0.0	0.0	0.0	0.34268108010292053	0.8339003920555115	1.4773519039154053	0.0	0.6817620992660522	0.0	0.5672293305397034	0.28522002696990967	0.0	0.0	0.0	0.0	0.0	0.0
0.0	0.0	0.0	0.6609500646591187	0.0	0.0	2.3201425075531006	0.0	2.146886110305786	1.3018239736557007	1.1828480958938599	0.0	0.8546167612075806	0.9305634498596191	0.49879640340805054	1.891893982887268	1.6008617877960205	1.8244690895080566	1.6595910787582397	0.08156192302703857	1.5973525047302246	0.41998928785324097	0.0	0.8695863485336304	0.0	0.0	1.7865865230560303	0.0	1.8982349634170532	0.5402930974960327	1.1812000274658203	0.6095346212387085	0.0	1.711669921875	0.0	0.19961579144001007	0.16118420660495758	0.0	2.2336044311523438	0.6007387638092041	0.0	0.0	0.0	0.0	0.0	0.0	2.4128105640411377	0.0	0.0	0.0	0.0	0.0	0.0	1.8504447937011719	1.3978248834609985	0.0	0.0	0.5358203649520874	0.6619728207588196	1.5889580249786377	0.0	0.0	0.0	0.0	0.0	0.0	0.0	0.0	0.0	0.7482332587242126	1.1704115867614746	0.0	0.0	0.367429256439209	0.0	0.0	0.40992704033851624	0.36495333909988403	0.0	0.7768024802207947	0.10129228979349136	0.0	2.152153491973877	1.0848898887634277	1.5112276077270508	0.0	2.0528457164764404	0.0	1.4715862274169922	0.0	0.0	0.0	0.0	0.4995899498462677	0.0	0.6317355036735535	1.6148258447647095	0.29090607166290283	0.0	0.0	0.0	0.23524649441242218	0.0	1.7692776918411255	0.0	0.0	2.343942880630493	0.5710565447807312	0.0	0.0	0.0	0.0	0.0	0.0	0.0	0.0	0.7635470628738403	0.0	0.0	0.0	0.6446172595024109	1.0136535167694092	0.0	0.004595720209181309	0.8470101356506348	0.629486620426178	0.0	0.0	0.0	0.0	0.0	0.0	0.28331974148750305	0.0	0.0	1.0164223909378052	0.7718704342842102	0.0	0.0	0.9862518310546875	0.0	0.0	0.0	1.2375737428665161	0.12368078529834747	0.0	1.620774507522583	0.0	0.0	0.6963769197463989	0.0	0.0	0.0	0.0	0.25102609395980835	0.0	0.0	1.6441583633422852	0.0	0.0	1.3940194845199585	0.9106202125549316	0.9610738158226013	1.037124514579773	0.0	0.0	0.08694113790988922	0.9549897313117981	0.0	0.0	0.0	0.0	0.9670363664627075	0.0	0.0	2.6342551708221436	0.5728254914283752	0.0	0.0	0.0	1.2097129821777344	0.9191731214523315	0.0	0.0	1.703392505645752	0.0	0.0	0.0	0.0	0.0	0.0	0.0	0.0	0.0	0.6716130971908569	0.0	1.0325839519500732	0.0	1.6790363788604736	0.5602238774299622	0.0	2.26369047164917	0.0	0.0	0.0	0.0	0.0	0.0	0.5041878819465637	0.0	1.0027828216552734	1.409436821937561	0.46617716550827026	0.0	2.230550527572632	0.0	0.0	0.0	2.1585545539855957	0.8605157136917114	2.199028968811035	0.6307251453399658	0.0	0.0	0.0	1.3962385654449463	0.0	2.035583734512329	1.3524264097213745	0.0	0.0	0.0	0.3967093825340271	0.3103727400302887	0.0	0.0	0.0	0.0	1.331099271774292	0.0	0.0	0.0	1.32456636428833	1.7443618774414062	1.8025380373001099	0.0	0.48930010199546814	0.0	0.0	0.7877511978149414	0.0	0.0	0.0	0.0	0.0	0.0
0.0	0.0	0.0	0.2494816780090332	0.7253586649894714	0.0	1.1722761392593384	0.0	0.3914501965045929	0.0	1.155583143234253	0.0	0.3505854904651642	0.0	0.5789567828178406	1.3065673112869263	1.2404943704605103	0.6805864572525024	0.5309165716171265	0.018343279138207436	1.2156027555465698	0.0	0.0	0.5567789673805237	0.0	0.0	0.3693907856941223	0.0	0.9053491353988647	0.25573819875717163	0.47603386640548706	0.9951795339584351	0.0	0.5616939663887024	0.0	0.3536550998687744	0.07036593556404114	0.0	0.7873652577400208	0.17551961541175842	0.0	0.0	0.0	0.44611141085624695	0.0	0.0	1.290769338607788	0.0	0.0	0.067390076816082	0.0	0.0	0.0	0.5520373582839966	0.25618845224380493	0.0	0.0	0.0	0.14824077486991882	0.963519811630249	0.0	0.0	0.0	0.0	0.0	0.0	0.0	0.0	0.0	0.0	0.37689444422721863	0.0	0.0	0.17215083539485931	0.0	0.0	0.7109140753746033	0.1320193111896515	0.0	0.39520859718322754	0.0	0.0	0.7733957171440125	0.4128986895084381	1.013688325881958	0.0	0.896254301071167	0.0	0.45013678073883057	0.0	0.0	0.0	0.0	0.9272515177726746	0.0	0.0008572745718993247	0.4108125865459442	0.5440114140510559	0.0	0.0	0.0	0.0	0.0	1.2949552536010742	0.0	0.0	0.5541467070579529	0.7011983394622803	0.0	0.0	0.0	0.0	0.0	0.0	0.0	0.0	1.026315689086914	0.0	0.5442830324172974	0.0	0.0	0.14012421667575836	0.0	0.7961584329605103	0.7321071624755859	0.4113917052745819	0.0	0.0	0.0	0.18857932090759277	0.0	0.0	0.8143019676208496	0.0	0.0	1.1258624792099	0.3259037435054779	0.0	0.0	0.3041536211967468	0.0	0.0	0.0	0.5808309316635132	0.0	0.0	1.346220850944519	0.0	0.0	0.4923364222049713	0.0	0.024891899898648262	0.0	0.0	0.0	0.0	0.0	1.4844495058059692	0.0	0.0	0.4924967586994171	0.6340547800064087	0.7020756602287292	1.3154300451278687	0.0	0.0	0.6025214195251465	0.6448811292648315	0.0	0.0	0.0	0.0	0.0	0.0	0.0	2.4185826778411865	0.8105952739715576	0.0	0.0	0.0	0.7379851341247559	0.0	0.0	0.0	0.7813118100166321	0.0	0.0	0.0	0.0	0.0	0.0	0.0	0.0	0.0	0.0	0.0	0.46418246626853943	0.0	1.4486950635910034	0.27448806166648865	0.0	1.6322383880615234	0.0	0.0	0.0	0.0	0.0	0.0	0.9380871653556824	0.0	1.4927806854248047	1.6303576231002808	0.2742627263069153	0.0	1.1920852661132812	0.0	0.0	0.0	1.22160005569458	0.45763686299324036	1.061679482460022	0.7220064401626587	0.0	0.0	0.0	0.48697829246520996	0.3943672776222229	0.40718212723731995	0.1376955658197403	0.0	0.0	0.2576698064804077	0.8053311705589294	0.0	0.0	0.0	0.0	0.0	1.1138185262680054	0.0	0.0	0.0	0.0034093342255800962	1.2673394680023193	0.8198601007461548	0.0	0.5941815376281738	0.0	0.0	0.18372222781181335	0.0	0.0	0.0	0.0	0.0	0.0
0.0	0.0	0.0	0.18032178282737732	0.0	0.0	1.8016325235366821	0.0	0.7466535568237305	1.0840089321136475	0.19809260964393616	0.0	1.1806541681289673	0.19638106226921082	0.08151920884847641	1.2889882326126099	0.08128835260868073	1.5584142208099365	1.265051245689392	0.5616370439529419	2.0641276836395264	0.7936344742774963	0.0	0.4523807466030121	0.0	0.0	1.1459873914718628	0.0	1.5763472318649292	0.31090307235717773	1.0720551013946533	0.418382853269577	0.0	1.622391939163208	0.0	0.14204438030719757	0.9666186571121216	0.0	2.102562427520752	1.27561354637146	0.0	0.0	0.0	0.0	0.0	0.0	0.752089262008667	0.0	0.0	0.0	0.0	0.0	0.0	1.1385080814361572	1.56173837184906	0.0	0.0	0.6576022505760193	1.0597416162490845	0.5806767344474792	0.0	0.0	0.0	0.2500818967819214	0.0	0.0	0.0	0.0	0.0	1.3084726333618164	0.6168252229690552	0.0	0.0	0.14446356892585754	0.0	0.0	1.3909982442855835	0.0	0.0	0.2977534234523773	0.0	0.0	0.7708465456962585	1.003434419631958	1.6856714487075806	0.0	1.821463942527771	0.0	0.1413813680410385	0.0	0.0	0.2458290010690689	0.0	1.2814605236053467	0.0	0.5946477055549622	1.1486549377441406	0.6771900057792664	0.0	0.0	0.0	0.0	0.0	1.444169044494629	0.0	0.0	0.8909128308296204	0.15288710594177246	0.0	0.0	0.0	0.0	0.0	0.0	0.0	0.0	0.9274080395698547	0.0	0.0	0.0	1.2840076684951782	0.3341785967350006	0.0	0.32478272914886475	0.6715105772018433	0.4137474298477173	0.0	0.0	0.0	0.0	0.0	0.0	1.0474942922592163	0.0	0.0	0.38160240650177	0.8535587191581726	0.0	0.0	1.1293996572494507	0.0	0.0	0.0	0.2255634367465973	0.5036253333091736	0.0	0.8012092709541321	0.0	0.0	0.8830618858337402	0.0	0.09234406799077988	0.0	0.0	1.2010982036590576	0.0	0.0	1.2657673358917236	0.0	0.0	0.909602165222168	1.0311866998672485	0.8823946714401245	1.0081809759140015	0.004057805519551039	0.0	0.6321656703948975	0.8184750080108643	0.0	0.0	0.0	0.0	1.3478423357009888	0.0	0.0	1.496075987815857	0.0	0.0	0.0	0.0	0.35595056414604187	1.0603491067886353	0.0	0.0	1.8884474039077759	0.0	0.0	0.0	0.0	0.0	0.0	0.0	0.0	0.0	0.6117120981216431	0.0	1.6094871759414673	0.0	0.8782728314399719	0.8158888220787048	0.0	0.805656373500824	0.0	0.0	0.0	0.0	0.0	0.0	0.430295467376709	0.0	0.43337109684944153	1.3904587030410767	0.0	0.0	1.47342848777771	0.0	0.0	0.0	1.5575834512710571	1.1118974685668945	0.8893944621086121	0.45314857363700867	0.0	0.0	0.0	1.5562667846679688	0.5350773334503174	1.2613286972045898	0.9684771299362183	0.0	0.0	0.0	0.6361029148101807	0.5400987863540649	0.0	0.0	0.0	0.0	0.4156944751739502	0.0	0.0	0.0	0.8917562365531921	0.5188199877738953	1.638650894165039	0.0	0.2960970997810364	0.0	0.09818809479475021	0.8228394389152527	0.0	0.0	0.0	0.0	0.0	0.0
0.0	0.0	0.0	0.2752477526664734	0.2851429879665375	0.0	2.5466666221618652	0.0	1.5319151878356934	0.0	0.6699224710464478	0.0	0.6338838934898376	0.0	0.0	0.7886317372322083	1.8183443546295166	1.4821094274520874	0.9402588605880737	0.0	2.1611275672912598	1.2769365310668945	0.0	0.6426520943641663	0.0	0.0	1.1999711990356445	0.0	2.064579725265503	0.46402180194854736	0.47374263405799866	1.626020908355713	0.0	2.5287060737609863	0.0	0.21287338435649872	1.2111414670944214	0.0	2.3576977252960205	0.6663511395454407	0.0	0.0	0.0	0.0	0.0	0.0	1.6728358268737793	0.0	0.0	0.11392594128847122	0.0	0.0	0.0	0.7146172523498535	1.896934986114502	0.0	0.0	0.024471040815114975	0.0	2.6889548301696777	0.0	0.0	0.0	0.0	0.0	0.0	0.0	0.0	0.0	2.205918788909912	0.0	0.0	0.0	0.0	0.0	0.0	0.0	0.20981132984161377	0.0	0.41744980216026306	1.38810133934021	0.0	1.736241102218628	1.6383552551269531	2.4957327842712402	0.0	2.9551632404327393	0.0	0.6862403154373169	0.0	0.0	0.0	0.0	1.5486332178115845	0.0	0.8371778726577759	1.87778902053833	0.9379903078079224	0.0	0.0	0.0	0.7285711765289307	0.0	2.991276979446411	0.0	0.0	1.6760196685791016	0.0	0.0	0.0	0.0	0.0	0.0	0.0	0.0	0.0	0.3747482895851135	0.0	0.7051787972450256	0.0	0.0	0.0	0.0	1.449219822883606	2.8608155250549316	0.32025209069252014	0.0	0.0	0.0	0.0	0.0	0.0	0.0	0.0	0.0	0.9455547332763672	0.24198639392852783	0.0	0.0	1.5302786827087402	0.0	0.0	0.0	0.9399163126945496	0.0	0.0	1.2105802297592163	0.0	0.0	0.0	0.0	0.0	0.0	0.0	1.423643946647644	0.0	0.0	0.6141497492790222	0.0	0.0	1.8364465236663818	0.8590130805969238	0.5879854559898376	1.71071195602417	0.2329324334859848	0.0	1.3593875169754028	0.6275529265403748	0.0	0.0	0.0	0.0	0.5358619093894958	0.0	0.0	3.703331708908081	0.835730791091919	0.0	0.0	0.0	0.7874637246131897	0.2929723858833313	0.0	0.0	1.0737124681472778	0.0	0.0	0.0	0.0	0.0	0.0	0.0	0.0	0.0	0.0	0.0	1.0284615755081177	0.0	1.1446834802627563	0.8913196325302124	0.0	1.424078345298767	0.0	0.0	0.0	0.0	0.0	0.0	0.14793817698955536	0.0	0.7676735520362854	0.9629865884780884	0.19111119210720062	0.0	1.83406662940979	0.0	0.0	0.0	2.971527576446533	0.10634014010429382	2.015974283218384	0.20518676936626434	0.0	0.0	0.0	1.5340176820755005	0.19879189133644104	1.5190032720565796	0.6920082569122314	0.0	0.0	0.3051976263523102	0.8222591280937195	0.0	0.0	0.0	0.0	0.0	0.4476182460784912	0.0	0.0	0.0	0.8224446773529053	0.8432140350341797	2.2709128856658936	0.0	0.4313729405403137	0.0	0.06348994374275208	0.0	0.0	0.0	0.0	0.0	0.0	0.0
0.0	0.0	0.07794328033924103	0.13774438202381134	0.27198219299316406	0.0	0.8070146441459656	0.0	0.6903417110443115	0.7417166233062744	0.0	0.0	0.7502101063728333	0.8630207777023315	0.3449779152870178	0.6444001793861389	0.27518218755722046	0.4818843603134155	0.7012478113174438	0.5357937812805176	0.8999942541122437	0.1349119246006012	0.0	1.0437239408493042	0.0	0.0	0.8399563431739807	0.713249146938324	0.7372182011604309	0.6363335847854614	0.6707918047904968	0.549625039100647	0.0	0.6205075979232788	0.0	0.700444757938385	0.48866426944732666	0.0	0.8528350591659546	0.4157308042049408	0.0	0.0	0.0	0.0	0.0	0.0	0.0	0.0	0.0	0.21916057169437408	0.0	0.0	0.0	0.0	0.4602113962173462	0.0	0.0	0.7388455867767334	0.9509187340736389	0.2329520434141159	0.0	0.0	0.0	0.3519396483898163	0.0	0.0	0.0	0.0	0.0	0.30980029702186584	0.8317833542823792	0.0	0.0	0.15323902666568756	0.0	0.0	0.637989342212677	0.5848015546798706	0.0	0.6421940326690674	0.3787590563297272	0.0	0.4855153262615204	0.08470890671014786	0.8682413101196289	0.0	0.8875258564949036	0.0	0.06823434680700302	0.0	0.0	0.4664336144924164	0.0	0.6103752851486206	0.0	0.5749340057373047	0.7335254549980164	0.8334875702857971	0.0	0.2727429270744324	0.0	0.0	0.0	0.5512779355049133	0.0	0.0	0.5155653357505798	0.3063729405403137	0.0	0.0	0.0	0.0	0.0	0.0	0.0	0.0	0.8580766320228577	0.0	0.0	0.0	0.2496280074119568	0.6264635324478149	0.0	0.0	0.0	0.6160079836845398	0.0	0.0	0.0	0.0	0.0	0.0	0.5046247839927673	0.0	0.0	0.463784396648407	0.7725895643234253	0.0	0.0	0.24148336052894592	0.0	0.0	0.0	1.306652307510376	0.7655732035636902	0.0	0.6430342793464661	0.0	0.0	0.21243254840373993	0.0	0.32731863856315613	0.0	0.0	0.4721978008747101	0.0	0.0	0.9601665139198303	0.0	0.0	0.7352546453475952	0.871805727481842	0.6782904863357544	0.8892824053764343	0.5010663866996765	0.0	0.12227189540863037	0.695456862449646	0.0	0.0	0.0	0.0	0.2938483953475952	0.0	0.8316382169723511	0.4717332720756531	0.0	0.0	0.0	0.2273082733154297	0.8059196472167969	0.5066690444946289	0.0	0.0	0.6491715312004089	0.0	0.0	0.0	0.0	0.0	0.0	0.0	0.0	0.0	0.5981134176254272	0.0	0.6456300616264343	0.0	0.5625284910202026	0.7015252709388733	0.0	0.005516543984413147	0.0	0.0	0.0	0.0	0.0	0.0	0.8771545886993408	0.0	0.49148470163345337	0.8175638318061829	0.6158113479614258	0.0	0.6026538014411926	0.0	0.0	0.0	0.9506932497024536	0.815064549446106	0.3175068199634552	0.6908918619155884	0.0	0.0	0.0	0.30824968218803406	0.6859378218650818	0.5782597661018372	0.6684759259223938	0.0	0.0	0.0	0.6693920493125916	0.4379522502422333	0.0	0.0	0.0	0.0	0.45295199751853943	0.0	0.0	0.0	0.5653378963470459	0.17815862596035004	0.9423190951347351	0.0	0.5468192100524902	0.0	0.633659303188324	0.5322856903076172	0.0	0.5857367515563965	0.0	0.0	0.0	0.0
0.0	0.0	0.0	0.0	1.0009567737579346	0.0	2.050698757171631	0.0	0.6879262924194336	0.16207194328308105	0.23201091587543488	0.0	0.6386351585388184	0.0	0.0	0.08465065807104111	1.327087163925171	1.1506379842758179	0.8738452196121216	0.09062311053276062	2.3026018142700195	1.433775782585144	0.0	0.6163533926010132	0.0	0.0	1.2555811405181885	0.0	1.3929128646850586	0.0	0.39429086446762085	1.9935208559036255	0.0	2.6085760593414307	0.0	0.4350787103176117	0.9804019331932068	0.0	2.2626235485076904	0.5290684700012207	0.0	0.0	0.0	0.0	0.0	0.0	0.6555883884429932	0.0	0.0	0.0	0.0	0.0	0.0	1.1523205041885376	1.5738736391067505	0.0	0.0	0.0899239256978035	0.5455307364463806	1.75124192237854	0.0	0.0	0.0	0.0	0.0	0.0	0.0	0.0	0.0	1.5500887632369995	0.09312355518341064	0.0	0.0	0.20950201153755188	0.0	0.0	0.16110536456108093	0.037559740245342255	0.0	0.5234025716781616	0.791332483291626	0.0	0.47026127576828003	1.5109314918518066	1.822287917137146	0.0	2.118434190750122	0.0	0.07025950402021408	0.0	0.0	0.0823061615228653	0.0	1.4091867208480835	0.0	0.6740788817405701	1.6323233842849731	0.8983522653579712	0.0	0.0	0.0	0.0	0.0	3.1365318298339844	0.0	0.0	0.7574952840805054	0.33003032207489014	0.0	0.0	0.0	0.0	0.0	0.0	0.0	0.0	0.9574291110038757	0.0	0.29864048957824707	0.0	0.0	0.0	0.0	2.1880099773406982	1.4139090776443481	0.0	0.0	0.0	0.0	0.0	0.0	0.0	0.0	0.0	0.0	0.2778925895690918	0.2899051308631897	0.0	0.0	2.3171238899230957	0.0	0.0	0.0	0.0	0.0	0.0	0.3664657175540924	0.0	0.0	0.0	0.0	0.0	0.0	0.0	1.4238131046295166	0.0	0.0	0.5721949338912964	0.0	0.0	1.484198808670044	0.5888891220092773	0.5895379185676575	0.9227887392044067	0.14572858810424805	0.0	1.663527250289917	0.060686200857162476	0.0	0.0	0.0	0.0	0.37727802991867065	0.0	0.0	2.4413058757781982	0.0	0.0	0.0	0.0	0.1620885580778122	0.47071573138237	0.0	0.0	1.6227442026138306	0.0	0.0	0.0	0.0	0.0	0.0	0.0	0.0	0.0	0.0	0.0	1.2500848770141602	0.0	0.06857245415449142	0.5004885792732239	0.0	0.5269964337348938	0.0	0.0	0.0	0.0	0.0	0.0	0.2677210867404938	0.0	0.0	0.9823741316795349	0.16962745785713196	0.0	1.0211875438690186	0.0	0.0	0.0	2.462261438369751	0.8392418026924133	0.7302674651145935	0.0	0.0	0.0	0.0	1.8054590225219727	0.217179536819458	0.660226583480835	0.9748231172561646	0.0	0.0	0.0	0.3532972037792206	0.0	0.0	0.0	0.0	0.0	0.06064274534583092	0.0	0.0	0.0	0.23144692182540894	0.10477803647518158	1.7660976648330688	0.0	0.06321197748184204	0.0	0.2653367817401886	0.0	0.0	0.0	0.0	0.0	0.0	0.0
0.0	0.0	0.0	0.8104782104492188	0.44518110156059265	0.0	2.1388051509857178	0.0	1.6280395984649658	0.0364115908741951	1.0075647830963135	0.0	1.010135293006897	0.0	0.0	1.8601568937301636	1.5310016870498657	1.652121901512146	1.429718255996704	0.0986216589808464	1.4619694948196411	0.7168722748756409	0.0	0.5262302756309509	0.0	0.0	0.43447059392929077	0.0	1.952512502670288	0.0	0.7411288619041443	0.39840948581695557	0.0	1.775787591934204	0.0	0.8721438050270081	0.3197413980960846	0.0	1.4000989198684692	0.0	0.0	0.0	0.0	0.2031746804714203	0.0	0.0	1.6978003978729248	0.0	0.0	0.0	0.0	0.0	0.0	1.4520561695098877	1.1860798597335815	0.0	0.0	0.41580405831336975	0.24322859942913055	1.8027024269104004	0.0	0.0	0.0	0.0	0.0	0.0	0.0	0.0	0.0	1.4111769199371338	0.33811166882514954	0.0	0.0	0.7414537668228149	0.0	0.0	0.16406553983688354	0.26549434661865234	0.0	0.0	0.48629188537597656	0.0	1.7293622493743896	0.9500980377197266	1.1537339687347412	0.0	2.0280137062072754	0.0	0.7198828458786011	0.0	0.0	0.0	0.0	0.5602648258209229	0.0	0.07218124717473984	1.3248240947723389	0.11877945810556412	0.0	0.0	0.0	0.2982318103313446	0.0	2.5532846450805664	0.0	0.0	1.9332624673843384	0.0	0.0	0.0	0.0	0.0	0.0	0.0	0.0	0.0	0.5339030623435974	0.0	0.39594659209251404	0.0	0.0	0.14857028424739838	0.0	0.6738780736923218	1.7856196165084839	0.8690240383148193	0.0	0.0	0.0	0.06435386091470718	0.0	0.0	0.29133689403533936	0.0	0.0	0.6573333740234375	0.2724125385284424	0.0	0.0	1.7633724212646484	0.0	0.0	0.0	1.2624486684799194	0.0	0.0	1.4864921569824219	0.0	0.0	0.0	0.0	0.0	0.0	0.0	0.7914960980415344	0.0	0.0	1.8622263669967651	0.0	0.0	0.9554474949836731	0.3618600368499756	0.4351632297039032	0.7086207270622253	0.0	0.0	0.12456975877285004	0.5517770051956177	0.0	0.0	0.0	0.0	0.41012120246887207	0.0	0.0	3.9845919609069824	1.4473586082458496	0.0	0.0	0.0	1.167448878288269	0.7865234613418579	0.0	0.0	0.9297139644622803	0.0	0.0	0.0	0.0	0.0	0.0	0.0	0.0	0.0	0.0	0.0	0.5580965876579285	0.0	1.2993806600570679	0.21035084128379822	0.0	1.647469401359558	0.0	0.0	0.0	0.0	0.0	0.0	0.499721884727478	0.0	0.64375239610672	1.0244343280792236	0.6031368374824524	0.0	1.8053016662597656	0.0	0.0	0.0	2.4772918224334717	0.854777455329895	1.6961618661880493	0.09535083919763565	0.0	0.0	0.0	1.9030585289001465	0.0	1.4189398288726807	0.6146836876869202	0.0	0.0	0.3599570691585541	0.9808577299118042	0.0	0.0	0.0	0.0	0.0	0.6064702868461609	0.0	0.0	0.0	0.7836154103279114	0.9743547439575195	1.3515985012054443	0.0	0.7426608204841614	0.0	0.0	0.06990620493888855	0.0	0.0	0.0	0.22504551708698273	0.0	0.0
0.0	0.0	0.22643615305423737	0.08073100447654724	0.5433415174484253	0.0	0.27333804965019226	0.0	0.5172626376152039	0.43616968393325806	0.3985535800457001	0.0	0.22139233350753784	0.7192468047142029	0.22388450801372528	0.5362067222595215	0.48064789175987244	0.3487200140953064	0.39398881793022156	0.5456284880638123	0.22916580736637115	0.06416928023099899	0.0	0.9123386144638062	0.0	0.0	0.560795783996582	0.5873780846595764	0.1909331977367401	0.1697530895471573	0.3529897928237915	0.647919774055481	0.0	0.48882341384887695	0.0	0.6632344722747803	0.2865719199180603	0.0	0.4161345958709717	0.0	0.0	0.0	0.0	0.0	0.0	0.0	0.03396892547607422	0.0	0.0	0.5293678641319275	0.0	0.0	0.0	0.0	0.1107930988073349	0.0	0.0	0.7648541331291199	0.7886134386062622	0.22660569846630096	0.0	0.0	0.0	0.2799759805202484	0.0	0.0	0.0	0.0	0.0	0.14861254394054413	0.695801854133606	0.0	0.0	0.36742934584617615	0.0	0.0	0.5434943437576294	0.48949262499809265	0.0	0.47299081087112427	0.07788798213005066	0.0	0.7106692790985107	0.0	0.5689016580581665	0.0	0.38558515906333923	0.0	0.3075923025608063	0.0	0.0	0.4471989572048187	0.0	0.20401878654956818	0.0	0.2148394137620926	0.2736750543117523	0.4244159758090973	0.0	0.44936010241508484	0.0	0.37451663613319397	0.0	0.3552285432815552	0.0	0.0	0.30541443824768066	0.4026663899421692	0.0	0.0	0.0	0.0	0.0	0.0	0.1450474113225937	0.0	0.7184367775917053	0.0	0.05315006896853447	0.0	0.37655505537986755	0.794766366481781	0.0	0.0	0.10101728141307831	0.6431611180305481	0.0	0.0	0.0	0.6374254822731018	0.07304658740758896	0.0	0.6597588062286377	0.0	0.0	0.43415313959121704	0.7000474333763123	0.0	0.0	0.0	0.0	0.0	0.0	0.896111786365509	0.8091591596603394	0.0	0.3811366558074951	0.0	0.0	0.8914936780929565	0.0	0.6121088266372681	0.0	0.0	0.02855096012353897	0.0	0.0	0.9846565127372742	0.0	0.0	0.30106449127197266	0.5860981941223145	0.3633934557437897	0.5534038543701172	0.3522755205631256	0.0	0.0597802959382534	0.9588409662246704	0.0	0.0	0.0	0.0	0.2940754294395447	0.0	0.8712180852890015	0.7564416527748108	0.38538163900375366	0.0	0.0	0.21064093708992004	0.8326560854911804	0.25138068199157715	0.0	0.0	0.38940858840942383	0.0	0.0	0.0	0.0	0.0	0.0	0.0	0.0	0.0	0.3940652012825012	0.0	0.4595370888710022	0.0	0.7811295986175537	0.38453662395477295	0.0	0.474814772605896	0.0	0.0	0.0	0.0	0.0	0.0	0.8500329852104187	0.0	0.6432628035545349	0.8489282131195068	0.5356675982475281	0.0	0.6010196805000305	0.0	0.0	0.0	0.5054905414581299	0.4666166603565216	0.3425650894641876	0.751524031162262	0.0	0.0	0.0	0.21988533437252045	0.8514397740364075	0.23772500455379486	0.5084673762321472	0.0	0.0	0.28026336431503296	0.7448140382766724	0.5267238616943359	0.0	0.0	0.0	0.0	0.5289459824562073	0.0	0.0	0.0	0.5298581123352051	0.5116685628890991	0.49557313323020935	0.0	0.5561217069625854	0.0	0.44063565135002136	0.17851777374744415	0.0	1.05760657787323	0.0	0.006884597707539797	0.0	0.0
0.0	0.0	0.0	0.8470304012298584	0.0	0.0	1.6319433450698853	0.0	1.9543904066085815	0.4897768795490265	1.766523003578186	0.0	0.4289560914039612	1.015738844871521	0.3617154657840729	2.1346187591552734	1.4646965265274048	1.1489111185073853	0.970658004283905	0.0	1.1292413473129272	0.0	0.0	0.6660710573196411	0.0	0.0	0.7409480810165405	0.0	1.5551313161849976	0.5026447176933289	1.3777995109558105	0.2624497711658478	0.0	0.43046513199806213	0.0	0.07787294685840607	0.0	0.0	0.6235583424568176	0.31674015522003174	0.0	0.0	0.0	0.5291083455085754	0.0	0.0	1.6585265398025513	0.0	0.0	0.27135416865348816	0.0	0.0	0.0	0.8804236054420471	0.0	0.0	0.0	0.5423414707183838	0.06494048982858658	0.8672494292259216	0.0	0.0	0.0	0.0	0.0	0.0	0.0	0.0	0.0	0.04352029412984848	1.2259392738342285	0.0	0.0	0.4560447633266449	0.0	0.0	0.6551720499992371	0.07011236250400543	0.0	0.2994604706764221	0.0	0.0	1.690408706665039	0.12403926998376846	0.6245404481887817	0.0	1.0639640092849731	0.0	1.7440778017044067	0.0	0.0	0.0	0.0	0.0	0.0	0.0	0.8893036246299744	0.5493923425674438	0.0	0.0	0.0	0.14345498383045197	0.0	0.5490360856056213	0.0	0.0	2.2689290046691895	0.9884653091430664	0.0	0.46181973814964294	0.0	0.0	0.0	0.0	0.0	0.0	1.2167158126831055	0.0	0.0	0.0	0.902296245098114	1.4900645017623901	0.0	0.0	0.6806830763816833	1.3256947994232178	0.0	0.0	0.0	0.6431517601013184	0.0	0.0	0.44010016322135925	0.0	0.0	1.176193118095398	1.2920876741409302	0.0	0.0	0.24626213312149048	0.0	0.0	0.0	0.8545171022415161	0.1789560317993164	0.0	2.6131999492645264	0.0	0.0	0.13047949969768524	0.0	1.068403959274292	0.0	0.0	0.0	0.0	0.0	3.0513954162597656	0.0	0.0	0.16437996923923492	0.3825935125350952	0.6855088472366333	1.272704839706421	0.0	0.0	0.0	0.9306455254554749	0.0	0.0	0.0	0.0	0.494975209236145	0.0	0.21177814900875092	2.795705556869507	1.2315304279327393	0.0	0.0	0.0	2.0312893390655518	0.44120848178863525	0.0	0.0	0.3880541920661926	0.0	0.0	0.0	0.0	0.0	0.0	0.0	0.0	0.0	0.018997276201844215	0.0	0.0	0.0	2.086514949798584	0.0	0.0	2.4269471168518066	0.0	0.0	0.0	0.0	0.0	0.0	1.155674934387207	0.0	2.0604333877563477	1.8331314325332642	0.6664198637008667	0.0	2.3708200454711914	0.0	0.0	0.0	0.940226137638092	0.827413022518158	2.2099533081054688	1.457844853401184	0.0	0.0	0.0	0.8013246655464172	0.08130399137735367	1.2028286457061768	0.226872056722641	0.0	0.0	0.966648280620575	1.388513445854187	0.2839375436306	0.0	0.0	0.0	0.0	1.7907215356826782	0.0	0.0	0.0	0.6830729842185974	1.9356887340545654	0.6054075956344604	0.0	1.1979542970657349	0.0	0.0	0.0	0.0	0.0	0.0	0.954350471496582	0.0	0.0
0.0	0.0	0.0	0.07791272550821304	0.6263681054115295	0.0	1.7837518453598022	0.0	1.1409424543380737	0.6027626395225525	1.2872315645217896	0.0	0.9446976184844971	0.9519223570823669	0.7121703028678894	1.232053279876709	1.5176745653152466	0.669143557548523	1.1256047487258911	0.1807703673839569	1.4939168691635132	0.8307251334190369	0.0	1.2263121604919434	0.0	0.0	0.8835617303848267	0.0	1.2924044132232666	0.623511016368866	0.15860627591609955	1.0611079931259155	0.0	0.8526684045791626	0.0	0.9549887776374817	0.7147525548934937	0.0	1.4760749340057373	0.6082425117492676	0.0	0.0	0.0	0.0	0.0	0.0	1.8827966451644897	0.0	0.0	0.46179017424583435	0.0	0.0	0.0	0.9042021632194519	1.0984852313995361	0.0	0.0	0.8226954936981201	0.5887481570243835	1.5842045545578003	0.0	0.0	0.0	0.0	0.0	0.0	0.0	0.0	0.0	1.1656817197799683	0.7991649508476257	0.0	0.0	0.44628992676734924	0.0	0.0	0.2967419922351837	0.518134593963623	0.0	1.1897650957107544	0.0	0.0	1.2869899272918701	0.9944651126861572	1.731845736503601	0.0	1.5458792448043823	0.0	0.6102514863014221	0.0	0.0	0.0	0.0	1.257733941078186	0.0	0.6080964803695679	1.3387879133224487	1.1403083801269531	0.0	0.0	0.0	0.0	0.0	1.9370296001434326	0.0	0.0	1.73872971534729	0.3450271785259247	0.0	0.0	0.0	0.0	0.0	0.0	0.0	0.0	0.8797130584716797	0.0	0.0	0.0	0.30250978469848633	0.3667886257171631	0.0	0.5841071009635925	0.6206119060516357	0.9179627895355225	0.0	0.0	0.0	0.0	0.0	0.0	0.6310302019119263	0.0	0.0	0.7936511635780334	1.0135387182235718	0.0	0.0	0.6615689992904663	0.0	0.0	0.0	1.8658394813537598	0.2780284583568573	0.0	1.2230130434036255	0.0	0.0	0.22244355082511902	0.0	0.0	0.0	0.0	0.8076952695846558	0.0	0.0	1.3716235160827637	0.0	0.0	1.305005431175232	0.8276907801628113	1.306002140045166	0.7347860336303711	0.6363540291786194	0.0	1.1273151636123657	1.1242046356201172	0.0	0.0	0.0	0.0	0.37334853410720825	0.0	0.477144330739975	2.231550693511963	0.3791967034339905	0.0	0.0	0.0	1.1293150186538696	0.5116742253303528	0.0	0.0	1.187829613685608	0.0	0.0	0.0	0.0	0.0	0.0	0.0	0.0	0.0	0.34988933801651	0.0	0.7859147787094116	0.0	0.9193118214607239	0.8962893486022949	0.0	1.7026500701904297	0.0	0.0	0.0	0.0	0.0	0.0	0.1851286143064499	0.0	0.7993494868278503	1.3728652000427246	0.7488863468170166	0.0	1.7102901935577393	0.0	0.0	0.0	1.8331512212753296	1.1041171550750732	1.2624375820159912	0.24118666350841522	0.0	0.0	0.0	1.2399753332138062	0.0	0.653449535369873	1.0782908201217651	0.0	0.0	0.0	0.40340015292167664	0.08276275545358658	0.0	0.0	0.0	0.0	1.0494072437286377	0.0	0.0	0.0	0.6942097544670105	0.4993986487388611	1.377200722694397	0.0	1.0450621843338013	0.0	0.4198222756385803	0.09614146500825882	0.0	0.0	0.0	0.0	0.0	0.0
0.0	0.0	0.0	0.27669087052345276	0.7416577339172363	0.0	1.0326378345489502	0.0	1.4923820495605469	0.8228484988212585	0.9304091930389404	0.0	0.0	0.38926881551742554	0.0	1.2763357162475586	1.818401575088501	0.5283021330833435	0.41441789269447327	0.0	1.2312382459640503	0.0	0.0	0.8128892183303833	0.0	0.0	0.48372313380241394	0.0	0.763688862323761	0.11662943661212921	0.9724154472351074	1.219712495803833	0.0	0.9143191576004028	0.0	0.02358447201550007	0.0	0.0	0.520771324634552	0.0	0.0	0.0	0.0	0.7119734287261963	0.0	0.0	0.9707743525505066	0.0	0.0	0.295356810092926	0.0	0.0	0.0	0.5529327392578125	0.18492230772972107	0.0	0.0	0.32059407234191895	0.0	0.9255826473236084	0.0	0.0	0.0	0.0	0.0	0.0	0.0	0.0	0.0	0.0	0.9347084164619446	0.0	0.0	0.5359508991241455	0.0	0.0	0.10377873480319977	0.600629985332489	0.0	0.3502389192581177	0.038579586893320084	0.0	1.3297512531280518	0.0	0.7173658609390259	0.0	1.0074063539505005	0.0	0.9044086337089539	0.0	0.0	0.0	0.0	0.13449867069721222	0.0	0.0	0.6583074927330017	0.63967365026474	0.0	0.0	0.0	0.5751765370368958	0.0	1.2791056632995605	0.0	0.0	1.1258453130722046	1.074745774269104	0.0	0.14407454431056976	0.0	0.0	0.0	0.0	0.0	0.0	1.3465019464492798	0.0	0.24218682944774628	0.0	0.0	1.1734158992767334	0.0	0.6809970736503601	0.34344062209129333	1.0949057340621948	0.0	0.0	0.0	0.35173431038856506	0.0	0.0	0.42222025990486145	0.0	0.0	0.873081624507904	0.6261707544326782	0.0	0.0	0.11662182211875916	0.0	0.0	0.0	1.402420997619629	0.07117269933223724	0.0	0.9080361127853394	0.0	0.0	0.0	0.0	0.7424677014350891	0.0	0.0	0.0	0.0	0.0	1.9146578311920166	0.0	0.0	0.41582903265953064	0.8971021175384521	0.24172565340995789	1.2103091478347778	0.0	0.0	0.0	1.0181031227111816	0.0	0.0	0.0	0.0	0.0	0.0	0.0	2.386465549468994	1.3499704599380493	0.0	0.0	0.0	1.41976797580719	0.0	0.0	0.0	0.17876332998275757	0.0	0.0	0.0	0.0	0.0	0.0	0.0	0.0	0.0	0.0	0.0	0.0	0.0	1.5971593856811523	0.25890052318573	0.0	1.3002957105636597	0.0	0.0	0.0	0.0	0.0	0.0	1.0307954549789429	0.0	1.2805254459381104	1.6989047527313232	0.9748048186302185	0.0	1.457383394241333	0.0	0.0	0.0	0.4443216025829315	0.1302596926689148	1.1444753408432007	1.2578903436660767	0.0	0.0	0.0	0.19635967910289764	0.4577665328979492	0.8174239993095398	0.020187513902783394	0.0	0.0	1.009145975112915	1.400108814239502	0.02441544085741043	0.0	0.0	0.0	0.0	1.0241011381149292	0.0	0.0	0.0	0.07278119772672653	1.0990538597106934	0.798627495765686	0.0	1.0470004081726074	0.0	0.0	0.366386353969574	0.0	0.0	0.0	0.5866438746452332	0.0	0.0
0.0	0.0	0.0	0.0	2.4214370250701904	0.0	0.14439857006072998	0.0	2.3885414600372314	0.0	2.6756088733673096	0.0	0.0	0.475764662027359	0.5996708869934082	2.6744742393493652	3.575068473815918	0.0	0.0	0.0	0.28745874762535095	0.0	0.0	0.3548319637775421	0.0	0.0	0.0	0.0	0.0	0.0	0.037153955549001694	1.9377267360687256	0.0	0.0	0.0	0.0	0.0	0.0	0.0	0.0	0.0	0.0	0.0	2.3487682342529297	0.0	0.0	1.7578303813934326	0.0	0.0	2.0503225326538086	0.0	0.0	0.0	0.0	0.0	0.0	0.0	0.563421368598938	0.0	0.05740844085812569	0.0	0.0	0.0	0.0	0.0	0.0	0.0	0.0	0.0	0.0	0.9486840963363647	0.0	0.0	1.852975606918335	0.0	0.0	0.0	1.135361671447754	0.0	0.0	0.5189923644065857	0.0	2.123522996902466	0.0	0.0	0.0	0.0	0.0	2.4997329711914062	0.0	0.0	0.0	0.0	0.0	0.0	0.0	0.0	1.7523781061172485	0.0	0.0	0.0	1.4692860841751099	0.0	0.0	0.0	0.0	1.0925447940826416	3.1878082752227783	0.0	1.712449550628662	0.0	0.0	0.0	0.0	0.0	0.0	2.6314327716827393	0.0	1.3138021230697632	0.0	0.22578540444374084	1.5560321807861328	0.0	1.6234899759292603	0.0	2.2055859565734863	0.0	0.0	0.0	3.170668601989746	0.0	0.0	1.5435121059417725	0.0	0.0	3.0608348846435547	2.084749698638916	0.0	0.0	0.0	0.0	0.0	0.0	0.023628700524568558	0.0	0.0	1.8288098573684692	0.0	0.0	0.0	0.0	2.7619597911834717	0.0	0.0	0.0	0.0	0.0	3.3932790756225586	0.0	0.0	0.0	0.5703845024108887	0.0	1.6990163326263428	0.0	0.0	0.0	1.3524497747421265	0.0	0.0	0.0	0.0	0.0	0.0	0.0	4.294846057891846	2.8776910305023193	0.0	0.0	0.0	2.1191229820251465	0.0	0.0	0.0	0.0	0.0	0.0	0.0	0.0	0.0	0.0	0.0	0.0	0.0	0.0	0.0	0.0	0.0	2.706836700439453	0.0	0.0	3.5544371604919434	0.0	0.0	0.0	0.0	0.0	0.0	2.8165283203125	0.0	3.5490963459014893	3.472564458847046	0.9365417957305908	0.0	1.6907870769500732	0.0	0.0	0.0	0.0	0.0	2.1928999423980713	3.2934868335723877	0.0	0.0	0.0	0.0	2.6985931396484375	0.0	0.0	0.0	0.0	3.516104221343994	3.6124627590179443	0.0	0.0	0.0	0.0	0.0	2.5160937309265137	0.0	0.0	0.0	0.0	2.410116195678711	0.0	0.0	3.2935712337493896	0.0	0.0	0.0	0.0	0.05477820709347725	0.0	2.4529309272766113	0.0	0.0
0.0	0.0	0.0	0.4450070858001709	0.0	0.0	2.827948570251465	0.0	1.0944771766662598	0.21082773804664612	0.8335490226745605	0.0	1.8381325006484985	0.0	0.0	0.8289890885353088	1.418257236480713	1.9524911642074585	1.651533842086792	0.15156914293766022	2.018031597137451	1.6602641344070435	0.0	0.7762755155563354	0.0	0.0	1.614208459854126	0.0	2.413778066635132	0.2572362422943115	1.008941411972046	0.6599101424217224	0.0	2.1237592697143555	0.0	0.8536079525947571	1.4948619604110718	0.0	2.0347342491149902	1.3510398864746094	0.0	0.0	0.0	0.0	0.0	0.0	2.1001980304718018	0.0	0.0	0.0	0.0	0.0	0.0	1.6876798868179321	1.8350160121917725	0.0	0.0	0.6245313286781311	0.529202938079834	2.004305362701416	0.0	0.0	0.0	0.0	0.0	0.0	0.0	0.0	0.0	2.2604622840881348	0.40933462977409363	0.0	0.0	0.3453116714954376	0.0	0.0	0.16197235882282257	0.0	0.0	1.3905245065689087	0.0	0.0	1.2524189949035645	1.5826445817947388	1.961811900138855	0.0	2.539555311203003	0.0	0.0	0.0	0.0	0.12347371876239777	0.0	1.3756028413772583	0.0	0.4571107029914856	1.872775673866272	0.36455732583999634	0.0	0.0	0.0	0.0	0.0	2.503223419189453	0.0	0.0	1.9025671482086182	0.0	0.0	0.0	0.0	0.0	0.0	0.0	0.0	0.0	0.0	0.0	0.0	0.0	0.4868054687976837	0.44586390256881714	0.0	0.32615864276885986	1.483553171157837	0.0187409445643425	0.0	0.0	0.0	0.0	0.0	0.0	0.375328004360199	0.0	0.0	0.0	0.5276737213134766	0.0	0.0	1.0243051052093506	0.0	0.0	0.0	0.40457814931869507	0.0739772766828537	0.0	1.454235553741455	0.0	0.0	0.0	0.0	0.0	0.0	0.0	1.4498847723007202	0.0	0.0	1.253425121307373	0.0	0.0	1.7174564599990845	0.6896709203720093	0.7284061312675476	0.8433274626731873	0.0	0.0	1.3274210691452026	0.30232760310173035	0.0	0.0	0.0	0.0	1.4189661741256714	0.0	0.0	2.6880242824554443	0.0	0.0	0.0	0.0	0.7758269309997559	1.7107539176940918	0.0	0.0	1.704494595527649	0.0	0.0	0.0	0.0	0.0	0.0	0.0	0.0	0.0	0.3520973324775696	0.0	1.4957939386367798	0.0	0.5754357576370239	0.3961574137210846	0.0	1.8867466449737549	0.0	0.0	0.0	0.0	0.0	0.0	0.0	0.0	0.0	0.4105052053928375	0.0	0.0	2.5443289279937744	0.0	0.0	0.0	2.7824907302856445	0.9240718483924866	2.0263731479644775	0.0	0.0	0.0	0.0	2.524312973022461	0.0	1.958143949508667	1.974822759628296	0.0	0.0	0.0	0.0	0.03162031248211861	0.0	0.0	0.0	0.0	1.1297752857208252	0.0	0.0	0.0	1.904650330543518	0.7421549558639526	2.0019075870513916	0.0	0.0	0.0	0.0	0.6855775713920593	0.0	0.0	0.0	0.0	0.0	0.0
0.0	0.0	0.0	0.0	0.0	0.0	1.3084354400634766	0.0	0.7120019197463989	0.534229040145874	0.5243291854858398	0.0	1.2757328748703003	0.15895427763462067	0.06104380264878273	1.3162083625793457	1.0828721523284912	2.0036020278930664	1.214064359664917	0.31773144006729126	1.6355955600738525	0.7201511263847351	0.0	0.30564647912979126	0.0	0.0	1.3847190141677856	0.0013693030923604965	1.8349155187606812	0.0	0.6056325435638428	0.6915456652641296	0.0	1.887056827545166	0.0	0.0	1.47162926197052	0.0	1.8998408317565918	0.7808874249458313	0.0	0.0	0.0	0.0	0.0	0.0	1.3854118585586548	0.0	0.0	0.0	0.0	0.0	0.0	1.5509239435195923	1.1300421953201294	0.0	0.0	0.09970168024301529	0.86439049243927	1.1406428813934326	0.0	0.0	0.0	0.0	0.0	0.0	0.0	0.0	0.0	1.5061508417129517	0.9999927878379822	0.0	0.0	0.9788650274276733	0.0	0.0	0.6385272741317749	0.6230745315551758	0.0	0.7914255261421204	0.36857372522354126	0.0	1.494184970855713	0.9386162757873535	2.132697343826294	0.0	1.6397175788879395	0.0	1.2636048793792725	0.0	0.0	0.4077458083629608	0.0	0.8208242058753967	0.0	0.7920124530792236	0.9126172065734863	0.5370815992355347	0.0	0.0	0.0	0.33405449986457825	0.0	2.1557819843292236	0.0	0.0	0.7642996907234192	0.47991740703582764	0.0	0.0	0.0	0.0	0.0	0.0	0.0	0.0	0.8769470453262329	0.0	0.0	0.0	0.741280734539032	0.2886784076690674	0.0	0.6947041153907776	1.560172200202942	0.8511403799057007	0.0	0.0	0.0	0.14165706932544708	0.0	0.0	0.8778741359710693	0.0	0.0	0.7737757563591003	0.4882282614707947	0.0	0.0	0.8062155842781067	0.0	0.0	0.0	0.0	0.8817181587219238	0.0	1.7656313180923462	0.0	0.0	1.4100285768508911	0.0	0.4691676199436188	0.0	0.0	1.1556873321533203	0.0	0.0	1.9383682012557983	0.0	0.0	1.2901136875152588	0.7866756916046143	0.43529823422431946	0.7323135733604431	0.3563666343688965	0.0	0.5579659938812256	1.138102412223816	0.0	0.0	0.0	0.0	1.018515944480896	0.0	0.0	3.366178274154663	0.25654861330986023	0.0	0.0	0.0	0.6917791366577148	1.1965738534927368	0.0	0.0	1.693445086479187	0.0	0.0	0.0	0.0	0.0	0.0	0.0	0.0	0.0	0.14693500101566315	0.0	1.6939423084259033	0.0	1.5843744277954102	0.6093508005142212	0.0	2.414846420288086	0.0	0.0	0.0	0.0	0.0	0.0	0.0	0.0	0.644694447517395	1.2880109548568726	0.0	0.0	2.4732017517089844	0.0	0.0	0.0	2.469677686691284	1.2678849697113037	1.3619548082351685	0.6122056841850281	0.0	0.0	0.0	2.1542582511901855	0.5080421566963196	1.1795741319656372	1.1972630023956299	0.0	0.0	0.1639498770236969	0.8523629903793335	0.6064156293869019	0.0	0.0	0.0	0.0	0.6613298654556274	0.0	0.0	0.0	1.2895535230636597	1.2633112668991089	1.4746308326721191	0.0	1.0405349731445312	0.0	0.42627742886543274	0.4810776114463806	0.0	0.0	0.0	0.0	0.0	0.0
0.0	0.0	0.0	0.8137367963790894	0.0	0.0	2.628206253051758	0.0	0.9190910458564758	0.34082311391830444	0.9072116613388062	0.0	1.3383269309997559	1.5475274324417114	0.2986946105957031	1.6953519582748413	1.3527262210845947	1.3115702867507935	1.5880664587020874	0.711624026298523	1.9580813646316528	0.9731959700584412	0.0	0.7725185751914978	0.0	0.0	1.5173511505126953	0.0	2.002190113067627	0.7881284952163696	1.283273458480835	0.9052615761756897	0.0	0.7772682309150696	0.0	0.0804106593132019	0.8198361396789551	0.0	2.0424978733062744	1.744996190071106	0.0	0.0	0.0	0.0	0.0	0.0	1.3884601593017578	0.0	0.0	0.0	0.0	0.0	0.0	0.6410124897956848	1.4617668390274048	0.0	0.0	0.9959173202514648	0.8543983101844788	0.9980342984199524	0.0	0.0	0.0	0.059828199446201324	0.0	0.0	0.0	0.0	0.0	1.1034173965454102	0.6337898373603821	0.0	0.0	0.4170417785644531	0.0	0.0	1.3587777614593506	0.04675097018480301	0.0	1.1406397819519043	0.0	0.0	1.3061271905899048	1.2595443725585938	1.519035816192627	0.0	1.9549736976623535	0.0	1.0123827457427979	0.0	0.0	0.0	0.0	0.7511081099510193	0.0	0.4990849196910858	0.8295354843139648	0.8892969489097595	0.0	0.0	0.0	0.0	0.0	1.6736253499984741	0.0	0.0	1.8418200016021729	0.3823998272418976	0.0	0.0	0.0	0.0	0.0	0.0	0.0	0.0	1.4582265615463257	0.0	0.0	0.0	1.5445491075515747	1.0467272996902466	0.0	0.512136697769165	0.7892612814903259	0.6144547462463379	0.0	0.0	0.0	0.0	0.0	0.0	0.9945172071456909	0.0	0.0	1.406504511833191	1.350477695465088	0.0	0.0	0.24096961319446564	0.0	0.0	0.0	0.0	0.006771056447178125	0.0	2.678973913192749	0.0	0.0	1.072715401649475	0.0	0.0	0.0	0.0	0.9477205276489258	0.0	0.0	2.377065658569336	0.0	0.0	1.0823147296905518	0.2530308961868286	1.5149149894714355	1.5418013334274292	0.0	0.0	0.7615469098091125	0.494087278842926	0.0	0.0	0.0	0.0	1.1998080015182495	0.0	0.0	3.0676398277282715	0.7898103594779968	0.0	0.0	0.0	1.7875107526779175	0.7718403935432434	0.0	0.0	2.021143674850464	0.0	0.0	0.0	0.0	0.0	0.0	0.0	0.0	0.0	1.1826478242874146	0.0	1.8953065872192383	0.0	1.752591848373413	0.7615927457809448	0.0	2.257495164871216	0.0	0.0	0.0	0.0	0.0	0.0	0.11062225699424744	0.0	0.8295416831970215	2.219608783721924	0.30734366178512573	0.0	1.9392726421356201	0.0	0.0	0.0	2.3105576038360596	0.8948603272438049	1.7803726196289062	0.6037612557411194	0.0	0.0	0.0	1.659613013267517	0.0	1.782816767692566	1.088636040687561	0.0	0.0	0.0	0.5827691555023193	0.06561228632926941	0.0	0.0	0.0	0.0	1.5688261985778809	0.0	0.0	0.0	1.1461536884307861	0.9716605544090271	1.230894923210144	0.0	0.9889758229255676	0.0	0.0	0.6818198561668396	0.0	0.0	0.0	0.0	0.0	0.0
0.0	0.0	0.0	0.6121833324432373	0.021849192678928375	0.0	2.406808853149414	0.0	1.8509808778762817	0.4767206311225891	1.3811025619506836	0.0	0.97882479429245	0.8578663468360901	0.3084222674369812	1.745713710784912	2.0675652027130127	1.2476789951324463	1.6099876165390015	0.21361692249774933	1.3511189222335815	0.29107797145843506	0.0	1.2058626413345337	0.0	0.0	1.4919346570968628	0.0	1.704648733139038	0.9887785911560059	0.976586103439331	0.8738250136375427	0.0	1.162980556488037	0.0	0.28805744647979736	0.13107240200042725	0.0	1.8134454488754272	1.106955885887146	0.0	0.0	0.0	0.12354815751314163	0.0	0.0	1.585069179534912	0.0	0.0	0.2821624279022217	0.0	0.0	0.0	0.8501707911491394	0.7616950273513794	0.0	0.0	0.9553641080856323	0.2153526246547699	1.0288771390914917	0.0	0.0	0.0	0.0	0.0	0.0	0.0	0.0	0.0	1.0334649085998535	1.062008023262024	0.0	0.0	0.8344177603721619	0.0	0.0	0.8956640362739563	0.6938636302947998	0.0	0.8657673001289368	0.5743824243545532	0.0	1.7086856365203857	0.7328521609306335	1.34389328956604	0.0	1.6506659984588623	0.0	0.9837442636489868	0.0	0.0	0.0	0.0	0.7102185487747192	0.0	0.0	1.4386961460113525	0.9617749452590942	0.0	0.0	0.0	0.009896249510347843	0.0	1.759678840637207	0.0	0.0	2.5792925357818604	0.33669930696487427	0.0	0.03946990147233009	0.0	0.0	0.0	0.0	0.0	0.0	1.5880297422409058	0.0	0.0	0.0	0.10635048151016235	0.9515923261642456	0.0	0.14037145674228668	0.808247983455658	1.1137526035308838	0.0	0.0	0.0	0.30610549449920654	0.0	0.0	0.5731502175331116	0.0	0.0	1.2174208164215088	0.9562894105911255	0.0	0.0	0.37874773144721985	0.0	0.0	0.0	1.1178051233291626	0.0	0.0	1.8663665056228638	0.0	0.0	0.09162703156471252	0.0	0.0	0.0	0.0	0.4068949818611145	0.0	0.0	1.8166542053222656	0.0	0.0	0.7423068881034851	0.9030336141586304	0.9476154446601868	1.3344159126281738	0.0	0.0	0.0	0.9464687705039978	0.0	0.0	0.0	0.0	0.8008348941802979	0.0	0.17242971062660217	2.672192335128784	0.8537722229957581	0.0	0.0	0.0	0.9583536982536316	0.9063349962234497	0.0	0.0	1.2666243314743042	0.0	0.0	0.0	0.0	0.0	0.0	0.0	0.0	0.0	0.3849693238735199	0.0	0.7085238099098206	0.0	1.7445546388626099	0.3639799952507019	0.0	1.1142178773880005	0.0	0.0	0.0	0.0	0.0	0.0	0.9350682497024536	0.0	0.6492182612419128	1.9534928798675537	0.2807098925113678	0.0	1.7371466159820557	0.0	0.0	0.0	1.7215251922607422	0.724094808101654	1.4860612154006958	0.9270182251930237	0.0	0.0	0.0	0.4793206751346588	0.03155561164021492	1.5404479503631592	0.8543370962142944	0.0	0.0	0.03484492376446724	1.312973976135254	0.7877466678619385	0.0	0.0	0.0	0.0	1.4900399446487427	0.0	0.0	0.0	0.9646917581558228	0.5904804468154907	1.6934196949005127	0.0	0.508974552154541	0.0	0.0	0.8743038773536682	0.0	0.0	0.0	0.0	0.0	0.0
0.0	0.0	0.0	0.24618874490261078	0.27982965111732483	0.0	1.6583243608474731	0.0	1.028403639793396	1.0088032484054565	0.0	0.0	1.2367761135101318	0.6667000651359558	0.0	0.8796869516372681	0.0	0.7762367129325867	1.2628670930862427	0.6500844359397888	1.4691762924194336	0.871681272983551	0.0	0.8568207025527954	0.0	0.0	1.1194812059402466	0.5972630977630615	1.2926808595657349	0.5802496075630188	0.6699000597000122	0.5446910858154297	0.0	0.9025487899780273	0.0	1.0003186464309692	0.7056218981742859	0.0	1.4884074926376343	0.46432846784591675	0.0	0.0	0.0	0.0	0.0	0.0	0.27232763171195984	0.0	0.0	0.0	0.0	0.0	0.0	0.908237874507904	1.1974670886993408	0.0	0.0	0.9619181752204895	1.4466630220413208	0.4837052524089813	0.0	0.0	0.0	0.0	0.0	0.0	0.0	0.0	0.0	1.2734078168869019	0.650111973285675	0.0	0.0	0.2104448825120926	0.0	0.0	0.6127819418907166	0.5232329368591309	0.0	0.9735989570617676	0.3011454939842224	0.0	0.5173521637916565	1.1204992532730103	1.6552283763885498	0.0	1.416446566581726	0.0	0.0	0.0	0.0	0.3608083128929138	0.0	0.9292595982551575	0.0	0.8005841374397278	1.4100521802902222	0.641699492931366	0.0	0.0	0.0	0.0	0.0	2.0164756774902344	0.0	0.0	1.2225581407546997	0.013730591163039207	0.0	0.0	0.0	0.0	0.0	0.0	0.0	0.0	0.6961759924888611	0.0	0.0	0.0	0.5769453644752502	0.898392379283905	0.0	0.18229569494724274	0.299163281917572	0.7363566756248474	0.0	0.0	0.0	0.0	0.0	0.0	0.8248127698898315	0.0	0.0	0.0	0.846977710723877	0.0	0.0	1.5006513595581055	0.0	0.0	0.0	1.61068594455719	0.9291325807571411	0.0	0.4963842034339905	0.0	0.0	0.0	0.0	0.0	0.0	0.0	1.2831448316574097	0.0	0.0	0.9259709119796753	0.0	0.0	1.099090576171875	1.08880615234375	0.7615987062454224	0.7887393832206726	0.6735992431640625	0.0	0.5660537481307983	0.5565939545631409	0.0	0.0	0.0	0.0	0.4899834394454956	0.0	1.0754815340042114	0.6383365988731384	0.0	0.0	0.0	0.0	0.7605961561203003	1.2274889945983887	0.0	0.0	1.2302298545837402	0.0	0.0	0.0	0.0	0.0	0.0	0.0	0.0	0.0	0.31324324011802673	0.0	0.9981260299682617	0.0	0.6344316005706787	0.9056010246276855	0.0	0.06259000301361084	0.0	0.0	0.0	0.0	0.0	0.0	0.13369455933570862	0.0	0.0	0.6672199964523315	0.6019181609153748	0.0	0.7418394088745117	0.0	0.0	0.0	1.6983762979507446	1.197669506072998	0.41889330744743347	0.24674977362155914	0.0	0.0	0.0	1.4576687812805176	0.23674078285694122	0.9601632952690125	1.03950035572052	0.0	0.0	0.0	0.778875470161438	0.9234700202941895	0.0	0.0	0.0	0.0	0.35735899209976196	0.0	0.0	0.0	0.4369273781776428	0.0765453428030014	1.5563642978668213	0.0	0.35508519411087036	0.0	0.6441764831542969	0.7828853130340576	0.0	0.0	0.0	0.0	0.0	0.0
0.0	0.0	0.0	0.0	1.1684155464172363	0.0	0.857629120349884	0.0	1.629107117652893	0.0	1.7391722202301025	0.0	0.0	0.0	0.21430765092372894	1.3668156862258911	2.0599098205566406	0.5693488121032715	0.059589311480522156	0.0	0.6662116646766663	0.0	0.0	0.5383618474006653	0.0	0.0	0.6143226027488708	0.0	0.9244819283485413	0.0	0.05885791406035423	1.853438377380371	0.0	0.4369487762451172	0.0	0.0	0.0	0.0	0.9635463953018188	0.0	0.0	0.0	0.0	1.0334019660949707	0.0	0.0	1.4305446147918701	0.0	0.0	0.8972889184951782	0.0	0.0	0.0	0.3939840495586395	0.2712681293487549	0.0	0.0	0.34943947196006775	0.0	1.3299381732940674	0.0	0.0	0.0	0.0	0.0	0.0	0.0	0.0	0.0	0.0	1.0155625343322754	0.0	0.0	1.0485687255859375	0.0	0.0	0.0	0.5727147459983826	0.0	0.3881329894065857	0.5742167830467224	0.0	1.598595380783081	0.24584372341632843	0.7352420687675476	0.0	0.7047924995422363	0.0	1.464158535003662	0.0	0.0	0.0	0.0	0.27281954884529114	0.0	0.0	0.4190555810928345	0.609673023223877	0.0	0.0	0.0	1.0062044858932495	0.0	1.443001627922058	0.0	0.0	1.051660180091858	1.3469204902648926	0.0	0.5398305654525757	0.0	0.0	0.0	0.0	0.0	0.0	1.3804564476013184	0.0	0.8428184390068054	0.0	0.0	0.7962724566459656	0.0	1.3106287717819214	0.7849162817001343	1.5339676141738892	0.0	0.0	0.0	1.6496548652648926	0.0	0.0	0.4883807301521301	0.0	0.0	2.203517436981201	0.7444086670875549	0.0	0.0	0.1414160579442978	0.0	0.0	0.0	0.0	0.0	0.0	1.3360214233398438	0.0	0.0	0.3216148614883423	0.0	0.7021633386611938	0.0	0.0	0.0	0.0	0.0	2.494892120361328	0.0	0.0	0.6889891028404236	0.5892184376716614	0.1506423056125641	0.8505925536155701	0.0	0.0	0.0	1.248464822769165	0.0	0.0	0.0	0.0	0.0	0.0	0.0	3.6427102088928223	2.2980196475982666	0.0	0.0	0.0	1.7923634052276611	0.0	0.0	0.0	0.2719420790672302	0.0	0.0	0.0	0.0	0.0	0.0	0.0	0.0	0.0	0.0	0.0	0.3804630935192108	0.0	1.4804623126983643	0.0	0.0	2.4741268157958984	0.0	0.0	0.0	0.0	0.0	0.0	0.6905642747879028	0.0	1.785300374031067	1.8918553590774536	0.7846093773841858	0.0	1.308057188987732	0.0	0.0	0.0	1.1456259489059448	0.0719856545329094	1.8534586429595947	1.0875757932662964	0.0	0.0	0.0	0.3556532561779022	0.4625892639160156	0.6138527393341064	0.0	0.0	0.0	1.7504991292953491	1.7180403470993042	0.0	0.0	0.0	0.0	0.0	1.744256615638733	0.0	0.0	0.0	0.06329234689474106	1.726696252822876	0.40644723176956177	0.0	1.516961932182312	0.0	0.0	0.0	0.0	0.0	0.0	0.7326815128326416	0.0	0.0
0.0	0.0	0.0	0.9143353700637817	0.0	0.0	1.9947903156280518	0.0	1.8340893983840942	0.0	1.8410779237747192	0.0	0.9079316854476929	0.32549163699150085	0.0	2.108161449432373	2.321537733078003	2.044029712677002	1.3794384002685547	0.0	1.4023449420928955	0.38162070512771606	0.0	0.0	0.0	0.0	0.8282442688941956	0.0	1.9906096458435059	0.23201769590377808	1.90409255027771	0.4545212984085083	0.0	1.0306154489517212	0.0	0.0	0.0	0.0	0.8174324035644531	1.0802314281463623	0.0	0.0	0.0	0.004297703504562378	0.0	0.0	3.4115986824035645	0.0	0.0	0.0	0.0	0.0	0.0	1.5730009078979492	0.5452925562858582	0.0	0.0	0.7240257263183594	0.0	2.1021721363067627	0.0	0.0	0.0	0.0	0.0	0.0	0.0	0.0	0.0	0.822239100933075	0.7422357201576233	0.0	0.0	0.05731401965022087	0.0	0.0	0.21226046979427338	0.0	0.0	0.21361438930034637	0.0	0.0	2.7463207244873047	0.6747642755508423	1.1691551208496094	0.0	2.0457663536071777	0.0	2.3315911293029785	0.0	0.0	0.0	0.0	0.0	0.0	0.0	0.7292013168334961	0.07152851670980453	0.0	0.0	0.0	0.9614938497543335	0.0	0.9420357942581177	0.0	0.0	2.411600351333618	0.24802403151988983	0.0	0.8026976585388184	0.0	0.0	0.0	0.0	0.0	0.0	0.27117297053337097	0.0	0.0	0.0	1.074398159980774	1.034600853919983	0.0	0.0	1.8337382078170776	1.014746069908142	0.0	0.0	0.0	0.43640846014022827	0.0	0.0	0.0	0.0	0.0	0.4459925591945648	0.7024432420730591	0.0	0.0	0.0	0.0	0.0	0.0	0.44668734073638916	0.10594486445188522	0.0	3.0479366779327393	0.0	0.0	1.5518431663513184	0.0	0.0	0.0	0.0	0.0	0.0	0.0	2.646613597869873	0.0	0.0	0.17408078908920288	0.0	0.4384057819843292	1.2769627571105957	0.0	0.0	0.0	0.27348726987838745	0.0	0.0	0.0	0.0	1.222261905670166	0.0	0.0	2.9365508556365967	1.451143741607666	0.0	0.0	0.0	1.2686265707015991	0.8773701786994934	0.0	0.0	0.6108366250991821	0.0	0.0	0.0	0.0	0.0	0.0	0.0	0.0	0.0	0.30698540806770325	0.0	0.8546670079231262	0.0	1.5541514158248901	0.0	0.0	3.0241153240203857	0.0	0.0	0.0	0.0	0.0	0.0	0.0	0.0	0.8978968858718872	1.9818475246429443	0.16265791654586792	0.0	2.6026463508605957	0.0	0.0	0.0	1.6908100843429565	0.1148940771818161	3.1124086380004883	0.7911915183067322	0.0	0.0	0.0	1.1374326944351196	0.0	1.841599464416504	0.7875648140907288	0.0	0.0	0.059346772730350494	0.041380979120731354	0.2792913317680359	0.0	0.0	0.0	0.0	1.2044401168823242	0.0	0.0	0.0	1.5441274642944336	2.179962396621704	0.0693766325712204	0.0	0.5889307856559753	0.0	0.0	0.6582599878311157	0.0	0.0	0.0	0.6539260149002075	0.0	0.0
0.0	0.0	0.0	0.16333523392677307	0.667052686214447	0.0	2.1111326217651367	0.0	1.2531858682632446	0.9913220405578613	0.0	0.0	1.2271283864974976	0.3935053050518036	0.0	0.6650372743606567	0.26445645093917847	0.9992042779922485	1.317703127861023	0.7093218564987183	1.8250352144241333	1.0237338542938232	0.0	1.5346704721450806	0.0	0.0	1.5811829566955566	0.15521937608718872	1.1219401359558105	0.7283734083175659	0.8061390519142151	0.7979634404182434	0.0	1.7706514596939087	0.0	1.339902400970459	0.7465065717697144	0.0	1.82203209400177	0.797071099281311	0.0	0.0	0.0	0.0	0.0	0.0	0.20542263984680176	0.0	0.0	0.0	0.0	0.0	0.0	1.0346287488937378	1.659340262413025	0.0	0.0	1.1919136047363281	1.216306209564209	1.1071038246154785	0.0	0.0	0.0	0.0	0.0	0.0	0.0	0.0	0.0	1.488616704940796	0.6881752610206604	0.0	0.0	0.0	0.0	0.0	0.5464034676551819	0.5244469046592712	0.0	0.7246012091636658	0.3485294282436371	0.0	0.7361266016960144	1.010680079460144	1.6028811931610107	0.0	2.151407480239868	0.0	0.017002269625663757	0.0	0.0	0.8007754683494568	0.0	1.1272211074829102	0.0	0.6891048550605774	1.8652995824813843	1.0086404085159302	0.0	0.0	0.0	0.0	0.0	2.1595306396484375	0.0	0.0	1.4380197525024414	0.0	0.0	0.0	0.0	0.0	0.0	0.0	0.0	0.0	0.6041335463523865	0.0	0.0	0.0	0.0	0.8011886477470398	0.0	0.2571074068546295	0.710471510887146	0.0	0.0	0.0	0.0	0.0	0.0	0.0	0.45641881227493286	0.0	0.0	0.0	0.9234052300453186	0.0	0.0	1.7162030935287476	0.0	0.0	0.0	1.962212085723877	0.7381225228309631	0.0	0.5372852683067322	0.0	0.0	0.0	0.0	0.0	0.0	0.0	1.5383083820343018	0.0	0.0	0.2257966846227646	0.0	0.0	1.4150454998016357	1.1011158227920532	1.1306722164154053	0.9517590403556824	0.23810338973999023	0.0	0.4886220693588257	0.5380497574806213	0.0	0.0	0.0	0.0	0.5642579197883606	0.0	1.0433342456817627	0.753342866897583	0.0	0.0	0.0	0.0	0.8683946132659912	1.053416132926941	0.0	0.0	1.7170710563659668	0.0	0.0	0.0	0.0	0.0	0.0	0.0	0.0	0.0	0.834314227104187	0.0	0.9567223191261292	0.0	0.7306861281394958	1.3517638444900513	0.0	0.11082178354263306	0.0	0.0	0.0	0.0	0.0	0.0	0.5972989201545715	0.0	0.0	0.47772666811943054	0.8980361223220825	0.0	0.6652831435203552	0.0	0.0	0.0	2.17084002494812	1.2121224403381348	0.23935112357139587	0.41330888867378235	0.0	0.0	0.0	1.230330467224121	0.3237990438938141	1.012269377708435	1.4308087825775146	0.0	0.0	0.0	0.45954418182373047	0.7585669159889221	0.0	0.0	0.0	0.0	0.24665121734142303	0.0	0.0	0.0	0.685321569442749	0.0	2.4989686012268066	0.0	0.18066757917404175	0.0	0.595606803894043	0.65555739402771	0.0	0.0	0.0	0.0	0.0	0.0
0.0	0.0	0.0	0.10530457645654678	0.3321196436882019	0.0	2.292384624481201	0.0	1.3142558336257935	0.6262593269348145	0.0	0.0	0.9709726572036743	1.247567892074585	0.0	1.6017262935638428	1.151811122894287	1.0053354501724243	1.19414222240448	0.707751989364624	2.8241379261016846	0.0	0.0	0.8868648409843445	0.0	0.0	1.3799351453781128	0.6323495507240295	1.6160019636154175	0.899948239326477	0.7778601050376892	0.6540572643280029	0.0	0.9425317049026489	0.0	0.7115551233291626	0.1788141280412674	0.0	1.8257848024368286	0.9330434203147888	0.0	0.0	0.0	0.0	0.0	0.0	0.7460808157920837	0.0	0.0	0.0	0.0	0.0	0.0	0.6550482511520386	0.8803718686103821	0.0	0.0	0.591489315032959	0.5879261493682861	0.43121761083602905	0.0	0.0	0.0	0.0	0.0	0.0	0.0	0.0	0.0	0.8236570358276367	1.0206749439239502	0.0	0.0	0.480600506067276	0.0	0.0	1.138551950454712	0.3655683100223541	0.0	1.0375967025756836	0.29044538736343384	0.0	0.6168935894966125	0.2987781763076782	1.7801488637924194	0.0	2.093831777572632	0.0	0.9655022621154785	0.0	0.0	0.0	0.0	0.0	0.0	0.13292235136032104	1.5502667427062988	1.804229974746704	0.0	0.0	0.0	0.0031778691336512566	0.0	1.6935181617736816	0.0	0.0	2.078254222869873	0.20767904818058014	0.0	0.23812417685985565	0.0	0.0	0.0	0.0	0.0	0.0	1.700252652168274	0.0	0.004139839671552181	0.0	1.1826330423355103	1.1390347480773926	0.0	0.1835796982049942	0.8622674942016602	1.4897761344909668	0.0	0.0	0.0	0.0	0.0	0.0	0.5323475003242493	0.0	0.0	0.6538012623786926	1.579859972000122	0.0	0.0	1.0012658834457397	0.0	0.0	0.0	1.5644629001617432	1.7329058647155762	0.0	1.9578864574432373	0.0	0.0	0.0	0.0	0.4842897057533264	0.0	0.0	0.8380605578422546	0.0	0.0	2.0842745304107666	0.0	0.0	0.9784361124038696	0.6119522452354431	0.8307044506072998	1.6561951637268066	0.0	0.0	0.004940005950629711	1.0428670644760132	0.0	0.0	0.0	0.0	0.46492472290992737	0.0	0.4487726092338562	2.377397298812866	0.3855138421058655	0.0	0.0	0.0	1.6655714511871338	0.7198655009269714	0.0	0.0	0.9252408146858215	0.0	0.0	0.0	0.0	0.0	0.0	0.0	0.0	0.0	0.0	0.0	0.8425670862197876	0.0	2.368088722229004	0.9853522777557373	0.0	0.9116091728210449	0.0	0.0	0.0	0.0	0.0	0.0	1.578307867050171	0.0	1.3112366199493408	2.0343213081359863	0.32625773549079895	0.0	1.3528478145599365	0.0	0.0	0.0	1.5750483274459839	1.3881422281265259	1.1470942497253418	1.5302414894104004	0.0	0.0	0.0	0.9856202006340027	1.1920286417007446	1.478487491607666	0.8809560537338257	0.0	0.0	0.21509753167629242	1.4170506000518799	0.4133564233779907	0.0	0.0	0.0	0.0	0.9846256375312805	0.0	0.0	0.0	0.9251444339752197	0.26872631907463074	1.688936710357666	0.0	0.3192806839942932	0.0	0.9010167121887207	1.3621903657913208	0.0	0.0	0.0	0.0	0.0	0.0
0.0	0.0	0.0	0.36313796043395996	0.9979408979415894	0.0	0.5667020082473755	0.0	1.7145214080810547	0.0	3.069293260574341	0.0	0.0	0.0	0.30038392543792725	2.1840150356292725	3.1909472942352295	1.038161277770996	0.233103409409523	0.0	0.18693292140960693	0.0	0.0	0.0	0.0	0.0	0.3005174398422241	0.0	1.2815611362457275	0.0	0.39041319489479065	0.9940328001976013	0.0	0.0	0.0	0.0	0.0	0.0	0.44968995451927185	0.0	0.0	0.0	0.0	1.1095898151397705	0.0	0.0	2.883384943008423	0.0	0.0	0.9577378630638123	0.0	0.0	0.0	0.7688652276992798	0.0	0.0	0.0	0.0	0.0	1.9214636087417603	0.0	0.0	0.0	0.0	0.0	0.0	0.0	0.0	0.0	0.0	1.0256534814834595	0.0	0.0	1.1266772747039795	0.0	0.0	0.0	0.0	0.0	0.0	0.0	0.0	2.3317880630493164	0.0	0.1599639654159546	0.0	0.38974231481552124	0.0	1.4372305870056152	0.0	0.0	0.0	0.0	0.0	0.0	0.0	0.0	0.348740816116333	0.0	0.0	0.0	1.2412067651748657	0.0	0.8301329016685486	0.0	0.0	1.2781497240066528	1.5454946756362915	0.0	0.7584846019744873	0.0	0.0	0.0	0.0	0.0	0.0	1.56571626663208	0.0	0.7551478147506714	0.0	0.0	0.6351011991500854	0.0	0.9735425114631653	0.7902658581733704	1.5821796655654907	0.0	0.0	0.0	1.5953431129455566	0.0	0.0	1.278848648071289	0.0	0.0	2.1336236000061035	0.23519714176654816	0.0	0.0	0.0	0.0	0.0	0.0	0.0	0.0	0.0	2.299952507019043	0.0	0.0	0.07851362973451614	0.0	1.2624144554138184	0.0	0.0	0.0	0.0	0.0	2.774881362915039	0.0	0.0	0.8437970280647278	0.3122637867927551	0.0	1.071230411529541	0.0	0.0	0.0	0.8820574283599854	0.0	0.0	0.0	0.0	0.0	0.0	0.0	4.714607238769531	2.8272387981414795	0.0	0.0	0.0	1.5887489318847656	0.0	0.0	0.0	0.3662543296813965	0.0	0.0	0.0	0.0	0.0	0.0	0.0	0.0	0.0	0.0	0.0	0.0	0.0	1.732590675354004	0.0	0.0	4.11731481552124	0.0	0.0	0.0	0.0	0.0	0.0	1.1096229553222656	0.0	2.6505119800567627	2.819159507751465	0.09319758415222168	0.0	3.021784543991089	0.0	0.0	0.0	1.077294111251831	0.0	2.4766085147857666	1.5781599283218384	0.0	0.0	0.0	0.7243445515632629	0.10326337814331055	0.658381998538971	0.0	0.0	0.0	1.8288397789001465	1.7148798704147339	0.0	0.0	0.0	0.0	0.0	2.4697792530059814	0.0	0.0	0.0	0.11669987440109253	2.971771717071533	0.0201810784637928	0.0	1.770671010017395	0.0	0.0	0.0	0.0	0.0	0.0	1.0802727937698364	0.0	0.0
0.0	0.0	0.0	0.0	0.4083676338195801	0.0	1.9154343605041504	0.0	0.8248518705368042	0.5551021695137024	0.40169093012809753	0.0	0.7015441060066223	0.0	0.45011094212532043	0.2818821370601654	1.3435662984848022	1.3214417695999146	1.27945077419281	0.6913952231407166	1.664076805114746	1.1270767450332642	0.0	0.821906328201294	0.0	0.0	1.3962537050247192	0.0	1.683674693107605	0.0	0.0	1.8086329698562622	0.0	1.96497642993927	0.0	1.1673842668533325	1.277168869972229	0.0	2.05649471282959	0.90634685754776	0.0	0.0	0.0	0.0	0.0	0.0	1.656219244003296	0.0	0.0	0.0	0.0	0.0	0.0	1.6365346908569336	1.3031784296035767	0.0	0.0	0.6261654496192932	1.065020203590393	1.6433629989624023	0.0	0.0	0.0	0.0	0.0	0.0	0.0	0.0	0.0	1.6024876832962036	0.4663187861442566	0.0	0.0	0.7484108209609985	0.0	0.0	0.3925257623195648	0.0	0.0	1.635719656944275	0.06614997982978821	0.0	1.1614681482315063	1.1259058713912964	1.833061933517456	0.0	2.2289531230926514	0.0	0.0	0.0	0.0	0.04054328054189682	0.0	1.393052577972412	0.0	0.6111252903938293	1.4330636262893677	0.7023038268089294	0.0	0.0	0.0	0.0	0.0	2.59425950050354	0.0	0.0	0.8979575037956238	0.19065992534160614	0.0	0.0	0.0	0.0	0.0	0.0	0.0	0.0	0.05797160789370537	0.0	0.06078754737973213	0.0	0.07427674531936646	0.13860861957073212	0.0	1.795784831047058	1.265021800994873	0.397877037525177	0.0	0.0	0.0	0.0	0.0	0.0	0.11993920803070068	0.0	0.0	0.4402945935726166	0.7025353908538818	0.0	0.0	1.7199318408966064	0.0	0.0	0.0	0.007609253283590078	0.0	0.0	0.7321105599403381	0.0	0.0	0.941017746925354	0.0	0.0	0.0	0.0	0.9508460164070129	0.0	0.0	0.7732855677604675	0.0	0.0	1.9677921533584595	0.8831222057342529	0.5696560144424438	0.7378705143928528	0.0	0.0	1.4494688510894775	0.7139424085617065	0.0	0.0	0.0	0.0	0.6557477712631226	0.0	0.0	3.1462316513061523	0.5419629216194153	0.0	0.0	0.0	0.364915668964386	1.086013674736023	0.0	0.0	1.7970945835113525	0.0	0.0	0.0	0.0	0.0	0.0	0.0	0.0	0.0	0.7352232933044434	0.0	1.2306333780288696	0.0	0.3573625087738037	0.848712682723999	0.0	1.927841305732727	0.0	0.0	0.0	0.0	0.0	0.0	0.0	0.0	0.0	0.7682571411132812	0.10459814965724945	0.0	1.3325761556625366	0.0	0.0	0.0	2.3788840770721436	0.6639924645423889	1.6631925106048584	0.0	0.0	0.0	0.0	2.5042829513549805	0.0	1.1780887842178345	1.1811069250106812	0.0	0.0	0.0	0.4236946105957031	0.0	0.0	0.0	0.0	0.0	0.6543031930923462	0.0	0.0	0.0	0.4455547034740448	0.31611552834510803	2.1355926990509033	0.0	0.2365845888853073	0.0	0.5253404974937439	0.0	0.0	0.0	0.0	0.0	0.0	0.0
0.0	0.0	0.0	0.6654382944107056	0.0	0.0	2.8762173652648926	0.0	1.0397425889968872	0.7858919501304626	0.0	0.0	2.0434000492095947	1.0689733028411865	0.02249152772128582	1.1323068141937256	0.2523688077926636	2.6885528564453125	2.5610342025756836	0.8023660778999329	2.658428192138672	1.7036865949630737	0.0	0.993768572807312	0.0	0.0	2.5348103046417236	0.0	2.800413131713867	0.9249257445335388	1.523313283920288	0.0	0.0	2.701754570007324	0.0	0.24468190968036652	1.9474647045135498	0.0	3.1677539348602295	1.9242078065872192	0.0	0.0	0.0	0.0	0.0	0.0	1.3536128997802734	0.0	0.0	0.0	0.0	0.0	0.0	1.7002792358398438	2.395012378692627	0.0	0.0	0.31410953402519226	1.5051922798156738	1.3323167562484741	0.0	0.0	0.0	0.1367804855108261	0.0	0.0	0.0	0.0	0.0	2.108672618865967	0.9379859566688538	0.0	0.0	0.0	0.0	0.0	1.480607271194458	0.4460872709751129	0.0	0.9864984154701233	0.6543188095092773	0.0	1.1927859783172607	1.8066554069519043	2.73549222946167	0.0	3.04201078414917	0.0	0.28432348370552063	0.0	0.0	1.1312788724899292	0.0	2.086928367614746	0.0	1.2934839725494385	2.065542697906494	0.5137097835540771	0.0	0.0	0.0	0.0	0.0	2.703432083129883	0.0	0.0	1.4236057996749878	0.0	0.0	0.0	0.0	0.0	0.0	0.0	0.0	0.0	1.181294560432434	0.0	0.0	0.0	1.3652544021606445	0.2921138107776642	0.0	0.18225044012069702	1.2849148511886597	0.17925859987735748	0.0	0.0	0.0	0.0	0.0	0.0	0.9044317603111267	0.0	0.0	0.6425209641456604	0.8788580298423767	0.0	0.0	1.4396227598190308	0.0	0.0	0.0	0.86887526512146	0.7799974083900452	0.0	2.236429452896118	0.0	0.0	0.20449009537696838	0.0	0.0	0.0	0.0	2.037388324737549	0.0	0.0	1.6339447498321533	0.0	0.0	2.1322898864746094	1.145903468132019	0.975305438041687	1.5145595073699951	0.42242395877838135	0.0	0.8691462874412537	1.1582766771316528	0.0	0.0	0.0	0.0	1.5398093461990356	0.0	0.0	2.2892556190490723	0.0	0.0	0.0	0.0	0.8943086862564087	1.7095181941986084	0.0	0.0	3.0809621810913086	0.0	0.0	0.0	0.0	0.0	0.0	0.0	0.0	0.0	1.4627110958099365	0.0	2.834282159805298	0.0	1.3953098058700562	1.2358349561691284	0.0	0.9149802327156067	0.0	0.0	0.0	0.0	0.0	0.0	0.03632444143295288	0.0	0.26776444911956787	1.4955466985702515	0.0	0.0	2.345118761062622	0.0	0.0	0.0	3.5904951095581055	1.4582223892211914	1.0756217241287231	0.0	0.0	0.0	0.0	2.6940324306488037	0.0	2.714493751525879	2.197277784347534	0.0	0.0	0.0	0.0	0.8193522095680237	0.0	0.0	0.0	0.0	0.3886857032775879	0.0	0.0	0.0	1.7803988456726074	0.29459264874458313	2.641878604888916	0.0	0.34456926584243774	0.0	0.40106213092803955	1.3896560668945312	0.0	0.0	0.0	0.0	0.0	0.0
0.0	0.0	0.0	0.6791985034942627	0.2176826298236847	0.0	2.1166608333587646	0.0	2.053419351577759	0.45729896426200867	1.6552315950393677	0.0	0.6917649507522583	0.7425536513328552	0.40145790576934814	2.1880064010620117	1.8581068515777588	1.784668207168579	1.2375507354736328	0.028792157769203186	1.3561936616897583	0.2191801816225052	0.0	0.8447705507278442	0.0	0.0	1.4299033880233765	0.0	1.7636176347732544	0.9170509576797485	1.463390827178955	0.7363799810409546	0.0	1.5633958578109741	0.0	0.0	0.0	0.0	2.1377055644989014	0.7749224305152893	0.0	0.0	0.0	0.0	0.0	0.0	2.308946132659912	0.0	0.0	0.35499367117881775	0.0	0.0	0.0	1.832973837852478	1.2239781618118286	0.0	0.0	0.29538121819496155	0.07350187003612518	2.239915370941162	0.0	0.0	0.0	0.0	0.0	0.0	0.0	0.0	0.0	0.7935045957565308	1.0842267274856567	0.0	0.0	0.7918556928634644	0.0	0.0	0.7350032925605774	0.8072118759155273	0.0	0.16860391199588776	0.0	0.0	1.9329620599746704	0.584445059299469	1.3014823198318481	0.0	1.8625595569610596	0.0	0.5257021188735962	0.0	0.0	0.0	0.0	0.24621941149234772	0.0	0.07671335339546204	1.6826908588409424	0.32781463861465454	0.0	0.0	0.0	0.7185959815979004	0.0	1.6715984344482422	0.0	0.0	1.7604689598083496	0.6390634179115295	0.0	0.0	0.0	0.0	0.0	0.0	0.0	0.0	1.464293360710144	0.0	0.0	0.0	0.0	0.9770537614822388	0.0	0.03632421791553497	1.1962476968765259	1.1774818897247314	0.0	0.0	0.0	0.3941376805305481	0.0	0.0	0.6776402592658997	0.0	0.0	1.1456085443496704	0.783506453037262	0.0	0.0	0.8076064586639404	0.0	0.0	0.0	0.43337443470954895	0.0	0.0	2.3649182319641113	0.0	0.0	0.7019019722938538	0.0	0.14769193530082703	0.0	0.0	0.0	0.0	0.0	2.812473773956299	0.0	0.0	1.1724164485931396	1.2848485708236694	0.9260404706001282	0.9614713191986084	0.0	0.0	0.0	1.3193943500518799	0.0	0.0	0.0	0.0	0.3753820061683655	0.0	0.0	3.47206711769104	0.9352937340736389	0.0	0.0	0.0	1.40966796875	0.42592576146125793	0.0	0.0	1.384155511856079	0.0	0.0	0.0	0.0	0.0	0.0	0.0	0.0	0.0	0.0	0.0	0.9647975564002991	0.0	1.852685570716858	0.6078011989593506	0.0	2.709894895553589	0.0	0.0	0.0	0.0	0.0	0.0	0.8417147994041443	0.0	1.7023584842681885	2.2102322578430176	0.9267926812171936	0.0	2.4517934322357178	0.0	0.0	0.0	2.1783571243286133	0.3693746328353882	2.5707497596740723	1.2257319688796997	0.0	0.0	0.0	1.4373105764389038	0.0	1.539227843284607	0.8713648915290833	0.0	0.0	0.32133761048316956	1.5315861701965332	0.0	0.0	0.0	0.0	0.0	1.8129428625106812	0.0	0.0	0.0	0.8622405529022217	2.591620683670044	1.336260437965393	0.0	0.8820040225982666	0.0	0.0	0.0	0.0	0.0	0.0	0.6285606622695923	0.0	0.0
0.0	0.0	0.0	0.0	0.6035860776901245	0.0	1.711782693862915	0.0	0.0	0.37516018748283386	0.0	0.0	0.7614638805389404	0.0	0.0	0.0	0.28997644782066345	1.9377491474151611	1.7260992527008057	1.3739770650863647	1.8686835765838623	2.3350648880004883	0.0	0.7425892949104309	0.0	0.0	1.9506853818893433	0.2861957252025604	1.3097212314605713	0.0	0.24794787168502808	1.5369786024093628	0.0	3.10288143157959	0.0	0.7027891874313354	1.6555163860321045	0.0	3.223092555999756	1.0811818838119507	0.0	0.0	0.0	0.0	0.0	0.0	0.8383224010467529	0.0	0.0	0.0	0.0	0.0	0.0	1.4795656204223633	2.242035150527954	0.0	0.0	0.10374347865581512	2.0978574752807617	1.4365546703338623	0.0	0.0	0.0	0.34836509823799133	0.0	0.0	0.0	0.0	0.0	1.9642452001571655	0.5334538817405701	0.0	0.0	0.8020514249801636	0.0	0.0	0.918475866317749	0.7481822967529297	0.0	0.5759580731391907	0.7971680164337158	0.0	0.0	1.4321554899215698	2.2925267219543457	0.0	1.804952621459961	0.0	0.0	0.0	0.0	1.3899259567260742	0.0	2.9358134269714355	0.0	1.2203317880630493	1.1241878271102905	0.7113012075424194	0.0	0.0	0.0	0.0	0.0	2.939013957977295	0.0	0.0	0.0	0.0	0.0	0.0	0.0	0.0	0.0	0.0	0.0	0.0	0.12342478334903717	0.0	0.0	0.0	0.0	0.0	0.0	1.6780931949615479	1.878548502922058	0.0	0.0	0.0	0.0	0.0	0.0	0.0	0.9227704405784607	0.0	0.0	0.34237128496170044	0.27232205867767334	0.0	0.0	1.8547147512435913	0.0	0.0	0.0	0.2424531728029251	0.21104812622070312	0.0	0.0	0.0	0.0	0.3047246038913727	0.0	0.0	0.0	0.0	2.4302759170532227	0.0	0.0	0.4297536611557007	0.0	0.0	2.4469430446624756	1.1163239479064941	1.0219424962997437	0.41822823882102966	0.5750765800476074	0.0	2.143303155899048	0.6941022872924805	0.0	0.0	0.0	0.0	0.8591873645782471	0.0	0.0	1.5988550186157227	0.0	0.0	0.0	0.0	0.0	0.8009240031242371	0.0	0.0	2.6610186100006104	0.0	0.0	0.0	0.0	0.0	0.0	0.0	0.0	0.0	0.5410475134849548	0.0	2.877480983734131	0.0	0.0	1.71514892578125	0.0	1.0488481521606445	0.0	0.0	0.0	0.0	0.0	0.0	0.0	0.0	0.0	0.9422300457954407	0.3617478609085083	0.0	0.6967823505401611	0.0	0.0	0.0	3.5027503967285156	1.3010854721069336	0.0	0.0	0.0	0.0	0.0	2.468724250793457	0.0	1.1260370016098022	1.0434613227844238	0.0	0.0	0.0	0.0	0.008415699005126953	0.0	0.0	0.0	0.0	0.0	0.0	0.0	0.0	0.6201068758964539	0.0	2.5594780445098877	0.0	0.0	0.0	1.3225617408752441	0.6735073328018188	0.0	0.0	0.0	0.0	0.0	0.0
0.0	0.0	0.0980842337012291	0.0	0.3141065835952759	0.0	0.7271881699562073	0.0	0.6072328090667725	0.6649131774902344	0.016345905140042305	0.0	0.576427698135376	0.5577144026756287	0.35722997784614563	0.5210258960723877	0.04215511679649353	0.5030699372291565	0.43225815892219543	0.3542102575302124	0.5133518576622009	0.21487611532211304	0.0	0.8281399011611938	0.0	0.0	0.6603521704673767	0.33732399344444275	0.2860468924045563	0.4200703203678131	0.5174164772033691	0.44989749789237976	0.0	0.5279248952865601	0.0	0.6348978281021118	0.2808946371078491	0.0	0.6392074227333069	0.2471878081560135	0.0	0.0	0.0	0.0	0.0	0.0	0.0	0.0	0.0	0.32213136553764343	0.0	0.0	0.0	0.0	0.39236053824424744	0.0	0.0	0.66929030418396	0.8615646958351135	0.0444893017411232	0.0	0.0	0.0	0.22675076127052307	0.0	0.0	0.0	0.0	0.0	0.20843923091888428	0.7019338607788086	0.0	0.0	0.4012342691421509	0.0	0.0	0.3854115307331085	0.6086323857307434	0.0	0.4916379153728485	0.0	0.0	0.3618297278881073	0.08466983586549759	0.6871469020843506	0.0	0.6799324154853821	0.0	0.032181546092033386	0.0	0.0	0.6130819320678711	0.0	0.472829669713974	0.0	0.3163212239742279	0.6950927972793579	0.6295126676559448	0.0	0.22629378736019135	0.0	0.0	0.0	0.5633173584938049	0.0	0.0	0.33504220843315125	0.10281157493591309	0.0	0.0	0.0	0.0	0.0	0.0	0.0	0.0	0.5961349606513977	0.0	0.0	0.0	0.0	0.6161548495292664	0.0	0.01826438121497631	0.09003397822380066	0.4435371458530426	0.0	0.0	0.0	0.11060622334480286	0.0	0.0	0.32355526089668274	0.0	0.0	0.3370089530944824	0.5794155597686768	0.0	0.0	0.15766064822673798	0.0	0.0	0.0	1.077562689781189	0.6747852563858032	0.0	0.2440241575241089	0.0	0.0	0.07687638700008392	0.0	0.2233327329158783	0.0	0.0	0.4162581264972687	0.0	0.0	0.7822380661964417	0.0	0.0	0.6054989695549011	0.7351545691490173	0.6476677656173706	0.5299971103668213	0.4830622971057892	0.0	0.2702060639858246	0.6118844151496887	0.0	0.0	0.0	0.0	0.057605985552072525	0.0	0.9819649457931519	0.35621383786201477	0.0	0.0	0.0	0.267167329788208	0.5555718541145325	0.4626512825489044	0.0	0.0	0.574120044708252	0.0	0.0	0.0	0.0	0.0	0.0	0.0	0.0	0.0	0.5312539935112	0.0	0.518084704875946	0.0	0.5224045515060425	0.5951157808303833	0.0	0.06790362298488617	0.0	0.0	0.0	0.0	0.0	0.0	0.7235748767852783	0.0	0.33953094482421875	0.5803878307342529	0.6374829411506653	0.0	0.4059014320373535	0.0	0.0	0.0	0.6440488696098328	0.5956617593765259	0.050407081842422485	0.46470826864242554	0.0	0.0	0.0	0.3207406997680664	0.5450792908668518	0.40703800320625305	0.6205829381942749	0.0	0.0	0.12139881402254105	0.5042600631713867	0.31534337997436523	0.0	0.0	0.0	0.0	0.47309374809265137	0.0	0.0	0.0	0.3206341862678528	0.1453993171453476	0.7221241593360901	0.0	0.4304947853088379	0.0	0.3869546949863434	0.41210949420928955	0.0	0.6462336778640747	0.0	0.0	0.0	0.0
0.0	0.0	0.0	0.0	1.0772374868392944	0.0	1.6323119401931763	0.0	1.3972599506378174	0.9312188625335693	0.38640081882476807	0.0	1.2933313846588135	0.16061554849147797	0.9181018471717834	0.8111198544502258	0.4900679886341095	0.1052413061261177	1.2787030935287476	0.4017154574394226	1.8471152782440186	0.3346323072910309	0.0	1.2085174322128296	0.0	0.0	0.9040362238883972	0.0	0.698081374168396	0.5827252864837646	0.5455964207649231	1.4803568124771118	0.0	1.0578985214233398	0.0	0.5480891466140747	0.5899443626403809	0.0	1.2260165214538574	0.49282991886138916	0.0	0.0	0.0	0.31055915355682373	0.0	0.0	0.24866452813148499	0.0	0.0	0.7107434868812561	0.0	0.0	0.0	1.023676872253418	0.6481351256370544	0.0	0.0	0.986979603767395	0.8548919558525085	0.6113286018371582	0.0	0.0	0.0	0.0	0.0	0.0	0.0	0.0	0.0	0.6830177903175354	0.7520593404769897	0.0	0.0	0.8269551396369934	0.0	0.0	1.1985796689987183	1.2385125160217285	0.0	0.7380059361457825	0.18278388679027557	0.0	0.8431298136711121	0.0	1.1830602884292603	0.0	1.5870583057403564	0.0	0.0	0.0	0.0	0.0	0.0	1.014971375465393	0.0	0.9110196232795715	1.673987865447998	1.3280959129333496	0.0	0.0	0.0	0.0	0.0	1.6872750520706177	0.0	0.0	0.6774188876152039	0.23460347950458527	0.0	0.0	0.0	0.0	0.0	0.0	0.0	0.0	1.08135986328125	0.0	0.0	0.0	0.0	1.041233777999878	0.0	0.621098518371582	0.24274328351020813	0.6292803883552551	0.0	0.0	0.0	0.0	0.0	0.0	1.551633358001709	0.0	0.0	1.029632806777954	1.1606740951538086	0.0	0.0	1.7790489196777344	0.0	0.0	0.0	1.6773616075515747	0.145432248711586	0.0	0.6608896851539612	0.0	0.0	0.0	0.0	0.1488768607378006	0.0	0.0	1.6854519844055176	0.0	0.0	1.2729294300079346	0.0	0.0	1.0247360467910767	1.7368592023849487	1.541340947151184	0.8418101668357849	0.3858020305633545	0.0	1.095016360282898	0.9945351481437683	0.0	0.0	0.0	0.0	0.43477603793144226	0.0	0.4469076097011566	1.6053990125656128	0.0	0.0	0.0	0.0	1.5028823614120483	0.5080652832984924	0.0	0.0	1.296892523765564	0.0	0.0	0.0	0.0	0.0	0.0	0.0	0.0	0.0	0.0	0.0	0.7249041795730591	0.0	0.9279377460479736	1.1545265913009644	0.0	1.0609291791915894	0.0	0.0	0.0	0.0	0.0	0.0	1.2772624492645264	0.0	1.09614896774292	1.3899269104003906	0.8095008730888367	0.0	1.3187421560287476	0.0	0.0	0.0	1.5998071432113647	1.0053337812423706	0.4013601839542389	0.7290301322937012	0.0	0.0	0.0	1.2281476259231567	0.49496906995773315	0.5608798265457153	0.8766376972198486	0.0	0.0	0.17851947247982025	1.3096721172332764	0.033386699855327606	0.0	0.0	0.0	0.0	0.7770941257476807	0.0	0.0	0.0	0.0	0.5876436829566956	1.8028818368911743	0.0	0.929486095905304	0.0	0.4914487600326538	0.0	0.0	0.0	0.0	0.0	0.0	0.0
0.0	0.0	0.0	0.7025989294052124	0.7225697040557861	0.0	1.1960630416870117	0.0	2.0450329780578613	0.3513508439064026	2.051530122756958	0.0	0.58552485704422	1.2168405055999756	1.18488347530365	2.4049205780029297	2.250911235809326	1.1239620447158813	1.1950886249542236	0.46042099595069885	0.8166279196739197	0.0	0.0	1.0461350679397583	0.0	0.0	1.4504673480987549	0.0	1.5002110004425049	0.6394463777542114	1.0320786237716675	0.732974648475647	0.0	0.23984548449516296	0.0	0.0	0.10664896667003632	0.0	1.7585397958755493	0.5899320840835571	0.0	0.0	0.0	0.0	0.0	0.0	1.2904406785964966	0.0	0.0	0.594585657119751	0.0	0.0	0.0	0.592093825340271	0.9781396985054016	0.0	0.0	1.057217001914978	0.0	1.5447359085083008	0.0	0.0	0.0	0.0	0.0	0.0	0.0	0.0	0.0	0.05595608428120613	1.4295296669006348	0.0	0.0	0.5384595990180969	0.0	0.0	0.38217446208000183	0.6069769263267517	0.0	1.145589828491211	0.0	0.0	2.1363131999969482	0.18018238246440887	1.1763651371002197	0.0	0.9532417058944702	0.0	0.9830692410469055	0.0	0.0	0.0	0.0	0.732903778553009	0.0	0.1438779979944229	1.0340728759765625	0.945658266544342	0.0	0.0	0.0	0.006187282036989927	0.0	0.8775371313095093	0.0	0.0	2.3222835063934326	1.0425896644592285	0.0	0.0	0.0	0.0	0.0	0.0	0.0	0.0	1.2112361192703247	0.0	0.0	0.0	0.6138534545898438	1.1014882326126099	0.0	0.4486050009727478	0.0	1.6180822849273682	0.0	0.0	0.0	0.6140241026878357	0.0	0.0	1.3354461193084717	0.0	0.0	2.1609787940979004	1.2532274723052979	0.0	0.0	0.0	0.0	0.0	0.0	1.3036863803863525	0.0	0.0	2.52239990234375	0.0	0.0	0.0	0.0	0.0	0.0	0.0	0.1540779322385788	0.0	0.0	2.6060850620269775	0.0	0.0	1.3001537322998047	1.2073537111282349	1.0902689695358276	1.3672850131988525	0.09373673051595688	0.0	0.0	1.040974497795105	0.0	0.0	0.0	0.0	0.410146564245224	0.0	0.09490319341421127	2.851011037826538	1.318601131439209	0.0	0.0	0.0	1.79921293258667	0.6714721322059631	0.0	0.0	1.2247657775878906	0.0	0.0	0.0	0.0	0.0	0.0	0.0	0.0	0.0	0.6864584684371948	0.0	0.25866255164146423	0.0	1.476131558418274	0.31746888160705566	0.0	2.070499897003174	0.0	0.0	0.0	0.0	0.0	0.0	1.021062970161438	0.0	1.769428014755249	2.3674521446228027	0.5705944895744324	0.0	1.9937688112258911	0.0	0.0	0.0	1.8519996404647827	0.0	1.8005259037017822	1.292897343635559	0.0	0.0	0.0	1.0388729572296143	0.2246667593717575	1.4437364339828491	0.4384802281856537	0.0	0.0	0.9811848402023315	1.3753966093063354	0.0	0.0	0.0	0.0	0.0	2.3267507553100586	0.0	0.0	0.0	0.5785210132598877	1.9902604818344116	1.080588698387146	0.0	1.417449712753296	0.0	0.0	0.48285984992980957	0.0	0.0	0.0	0.0	0.0	0.0
0.0	0.0	0.0	0.24424222111701965	0.14840766787528992	0.0	1.954657793045044	0.0	1.0260975360870361	1.1849205493927002	0.0	0.0	1.405954122543335	1.2613813877105713	0.0	1.128753900527954	0.0	1.2005150318145752	1.4571807384490967	0.5592698454856873	1.5533310174942017	0.5606664419174194	0.0	1.2698404788970947	0.0	0.0	1.2338086366653442	0.2410885989665985	0.8768910765647888	1.19179368019104	1.03305184841156	0.1740211546421051	0.0	1.1714575290679932	0.0	1.2220624685287476	0.8181934356689453	0.0	1.789903163909912	0.9686633944511414	0.0	0.0	0.0	0.0	0.0	0.0	0.1873350292444229	0.0	0.0	0.0	0.0	0.0	0.0	0.9351891875267029	1.2902348041534424	0.0	0.0	0.9533275961875916	1.5433275699615479	0.262332946062088	0.0	0.0	0.0	0.2897544801235199	0.0	0.0	0.0	0.0	0.0	1.246187448501587	1.180721640586853	0.0	0.0	0.23272915184497833	0.0	0.0	0.8129775524139404	0.9648966193199158	0.0	1.0147162675857544	0.0	0.0	0.9313766956329346	0.551086962223053	1.5786256790161133	0.0	1.4381201267242432	0.0	0.0	0.0	0.0	0.8514082431793213	0.0	0.6722630858421326	0.0	0.6851160526275635	1.7431498765945435	1.0643776655197144	0.0	0.0	0.0	0.0	0.0	1.331705927848816	0.0	0.0	1.3836227655410767	0.0	0.0	0.0	0.0	0.0	0.0	0.0	0.0	0.0	1.0937618017196655	0.0	0.0	0.0	0.22311539947986603	1.0003740787506104	0.0	0.0	0.0	0.6373945474624634	0.0	0.0	0.0	0.0	0.0	0.0	0.31446847319602966	0.0	0.0	0.0	0.8007546067237854	0.0	0.0	1.3109400272369385	0.0	0.0	0.0	1.7504154443740845	1.0983209609985352	0.0	0.7583084106445312	0.0	0.0	0.0	0.0	0.0	0.0	0.0	1.2060153484344482	0.0	0.0	0.8504194021224976	0.0	0.0	1.055370569229126	1.029482126235962	1.0452836751937866	0.6762716770172119	0.3642765283584595	0.0	0.08213382214307785	0.8347165584564209	0.0	0.0	0.0	0.0	0.5682896971702576	0.0	1.5602413415908813	0.5279985666275024	0.0	0.0	0.0	0.007691708859056234	0.8487290143966675	1.1461610794067383	0.0	0.0	1.406254529953003	0.0	0.0	0.0	0.0	0.0	0.0	0.0	0.0	0.0	0.7961963415145874	0.0	1.2391992807388306	0.0	1.0060341358184814	1.1709567308425903	0.0	0.22170953452587128	0.0	0.0	0.0	0.0	0.0	0.0	0.7418614029884338	0.0	0.0	0.5733329057693481	0.9337141513824463	0.0	1.0952327251434326	0.0	0.0	0.0	1.7299163341522217	1.3854094743728638	0.35168808698654175	0.42129090428352356	0.0	0.0	0.0	1.4168273210525513	0.5468976497650146	1.2022806406021118	1.3121726512908936	0.0	0.0	0.0	0.6323057413101196	1.1148332357406616	0.0	0.0	0.0	0.0	0.447538286447525	0.0	0.0	0.0	0.867148756980896	0.0	1.8801230192184448	0.0	0.3241017460823059	0.0	0.6538340449333191	0.9626849293708801	0.0	0.37609294056892395	0.0	0.0	0.0	0.0
0.0	0.0	0.04837827384471893	0.0	0.370097815990448	0.0	2.2608232498168945	0.0	0.9785858392715454	1.7262438535690308	0.0	0.0	1.4772210121154785	1.264064073562622	0.0	1.1338891983032227	0.0	1.1758216619491577	1.8090927600860596	0.8277071118354797	1.7820816040039062	1.0895304679870605	0.0	1.5706628561019897	0.0	0.0	1.6241824626922607	0.6095002293586731	1.2429661750793457	1.1460880041122437	1.0386559963226318	0.45760735869407654	0.0	1.5853943824768066	0.0	1.054659128189087	1.0897746086120605	0.0	2.276460886001587	1.1057891845703125	0.0	0.0	0.0	0.0	0.0	0.0	0.0	0.0	0.0	0.0	0.0	0.0	0.0	0.44836875796318054	1.2096173763275146	0.0	0.0	0.753224790096283	1.8374340534210205	0.402996689081192	0.0	0.0	0.0	0.39203348755836487	0.0	0.0	0.0	0.0	0.0	1.1699223518371582	1.5204766988754272	0.0	0.0	0.9422211050987244	0.0	0.0	1.3903511762619019	1.5095620155334473	0.0	0.9971297383308411	0.2838609218597412	0.0	0.8617147207260132	0.5202322602272034	1.772351622581482	0.0	2.0154318809509277	0.0	0.0	0.0	0.0	1.184510350227356	0.0	1.2131048440933228	0.0	0.9030053019523621	2.0015127658843994	1.6125915050506592	0.0	0.0	0.0	0.0	0.0	2.102243185043335	0.0	0.0	1.6743122339248657	0.0	0.0	0.0	0.0	0.0	0.0	0.0	0.0	0.0	1.1623988151550293	0.0	0.0	0.0	0.41126665472984314	1.5271568298339844	0.0	0.0	0.4004322588443756	0.40584132075309753	0.0	0.0	0.0	0.0	0.0	0.0	0.5506888031959534	0.0	0.0	0.4094809591770172	1.2324378490447998	0.0	0.0	1.163111925125122	0.0	0.0	0.0	2.6170597076416016	0.7171325087547302	0.0	0.961941123008728	0.0	0.0	0.0	0.0	0.0	0.0	0.0	1.379160761833191	0.0	0.0	1.3932151794433594	0.0	0.0	1.1944184303283691	1.4658247232437134	1.0725960731506348	1.1374343633651733	0.9655939936637878	0.0	0.771919846534729	0.7753651738166809	0.0	0.0	0.0	0.0	0.7472594380378723	0.0	1.1329060792922974	0.8063066005706787	0.0	0.0	0.0	0.32633140683174133	0.9507485628128052	1.0118144750595093	0.0	0.0	2.1602964401245117	0.0	0.0	0.0	0.0	0.0	0.0	0.0	0.0	0.0	0.9004679322242737	0.0	1.4690086841583252	0.0	1.0657966136932373	1.5680243968963623	0.0	0.10548433661460876	0.0	0.0	0.0	0.0	0.0	0.0	1.0356764793395996	0.0	0.2953570485115051	1.3419736623764038	0.7392907738685608	0.0	1.3502098321914673	0.0	0.0	0.0	2.2012035846710205	1.3223552703857422	0.15452207624912262	0.4551812708377838	0.0	0.0	0.0	1.8572543859481812	0.5010086894035339	1.1299810409545898	1.5756980180740356	0.0	0.0	0.0	0.6107525825500488	0.9366294145584106	0.0	0.0	0.0	0.0	0.8511744141578674	0.0	0.0	0.0	0.8189055323600769	0.0	2.293001651763916	0.0	0.49128320813179016	0.0	1.0060107707977295	1.0555415153503418	0.0	0.85113126039505	0.0	0.0	0.0	0.0
0.0	0.0	0.0	0.6929536461830139	0.0	0.0	2.5125732421875	0.0	1.394961953163147	0.7862834334373474	0.9915658831596375	0.0	1.0859339237213135	1.0677449703216553	0.12006460130214691	1.5403088331222534	1.6177595853805542	1.5606621503829956	1.504616141319275	0.637077271938324	1.4879823923110962	0.5987758040428162	0.0	1.2775866985321045	0.0	0.0	1.2740468978881836	0.0	1.5843815803527832	0.7671820521354675	1.371486783027649	0.3900916576385498	0.0	1.6698392629623413	0.0	0.7145873308181763	0.6544182300567627	0.0	1.9331363439559937	0.588595986366272	0.0	0.0	0.0	0.0	0.0	0.0	1.68942391872406	0.0	0.0	0.0	0.0	0.0	0.0	1.381528615951538	1.4102593660354614	0.0	0.0	0.5149638056755066	0.3563419580459595	1.2799837589263916	0.0	0.0	0.0	0.0	0.0	0.0	0.0	0.0	0.0	1.4315708875656128	1.426849126815796	0.0	0.0	0.027680130675435066	0.0	0.0	0.9204850196838379	0.598396897315979	0.0	0.8067610859870911	0.0	0.0	1.8323389291763306	0.5480810403823853	1.7063205242156982	0.0	2.1968297958374023	0.0	0.36787572503089905	0.0	0.0	0.2229139357805252	0.0	1.0967881679534912	0.0	0.5859636068344116	1.5628557205200195	1.349740743637085	0.0	0.0	0.0	0.0	0.0	1.3888003826141357	0.0	0.0	2.20902156829834	0.08170583099126816	0.0	0.0	0.0	0.0	0.0	0.0	0.0	0.0	1.0470830202102661	0.0	0.0	0.0	0.7835932374000549	0.7464265823364258	0.0	0.1559194177389145	0.5730850696563721	0.8163051009178162	0.0	0.0	0.0	0.0	0.0	0.0	0.377718448638916	0.0	0.0	0.4698173999786377	1.1374895572662354	0.0	0.0	0.8640730381011963	0.0	0.0	0.0	1.499249815940857	0.14388121664524078	0.0	2.142040967941284	0.0	0.0	0.0	0.0	0.0	0.0	0.0	0.9376862049102783	0.0	0.0	1.7668004035949707	0.0	0.0	1.1903669834136963	0.90828537940979	1.1134066581726074	1.4208378791809082	0.0	0.0	0.4104718863964081	0.8410720825195312	0.0	0.0	0.0	0.0	0.6692589521408081	0.0	0.028094571083784103	2.1403324604034424	0.2763495445251465	0.0	0.0	0.0	1.363764762878418	0.8077433109283447	0.0	0.0	1.4803955554962158	0.0	0.0	0.0	0.0	0.0	0.0	0.0	0.0	0.0	0.26117515563964844	0.0	1.2320713996887207	0.0	1.3374193906784058	0.7667275667190552	0.0	1.9388052225112915	0.0	0.0	0.0	0.0	0.0	0.0	0.5669503808021545	0.0	0.5506988167762756	1.5807791948318481	0.7037597298622131	0.0	1.7357134819030762	0.0	0.0	0.0	2.1830949783325195	0.9626563787460327	1.615211844444275	0.547163724899292	0.0	0.0	0.0	1.3987146615982056	0.08710010349750519	1.323653221130371	0.9076036214828491	0.0	0.0	0.0	0.3122501075267792	0.6608916521072388	0.0	0.0	0.0	0.0	1.4804438352584839	0.0	0.0	0.0	1.0529030561447144	0.6016294956207275	1.8967465162277222	0.0	0.716897189617157	0.0	0.0	0.5872318744659424	0.0	0.0	0.0	0.0	0.0	0.0
0.0	0.0	0.0	0.5711119771003723	0.0	0.0	1.8246817588806152	0.0	2.2238481044769287	0.8783965706825256	0.8977037072181702	0.0	0.43878039717674255	0.61932373046875	0.0	2.039454460144043	1.4224755764007568	1.3879319429397583	0.8097310066223145	0.0	1.454358458518982	0.0	0.0	0.9782231450080872	0.0	0.0	1.1471521854400635	0.0	1.7687530517578125	0.727144718170166	1.1230510473251343	0.0	0.0	0.9739235043525696	0.0	0.0	0.0	0.0	1.3882113695144653	0.25771892070770264	0.0	0.0	0.0	0.12159720808267593	0.0	0.0	0.9142805337905884	0.0	0.0	0.0	0.0	0.0	0.0	0.5011019706726074	0.9756375551223755	0.0	0.0	0.5297674536705017	0.0	1.3106073141098022	0.0	0.0	0.0	0.0	0.0	0.0	0.0	0.0	0.0	0.5043666362762451	0.8399310111999512	0.0	0.0	0.02827061526477337	0.0	0.0	0.13857236504554749	0.5384358763694763	0.0	0.685690701007843	0.7245991230010986	0.0	1.7476022243499756	0.7963705062866211	1.345007300376892	0.0	1.6526199579238892	0.0	1.4109630584716797	0.0	0.0	0.0	0.0	0.0	0.0	0.0664541944861412	1.5168943405151367	0.2481631487607956	0.0	0.0	0.0	0.3094445466995239	0.0	1.2415921688079834	0.0	0.0	2.0019285678863525	0.29944998025894165	0.0	0.0	0.0	0.0	0.0	0.0	0.0	0.0	1.5395959615707397	0.0	0.0	0.0	0.0	1.3308924436569214	0.0	0.15501093864440918	1.282125473022461	1.2697697877883911	0.0	0.0	0.0	0.0	0.0	0.0	0.2448110282421112	0.0	0.0	0.9932924509048462	0.8139559626579285	0.0	0.0	0.5689674019813538	0.0	0.0	0.0	1.1529263257980347	0.6118618845939636	0.0	1.87858247756958	0.0	0.0	0.0	0.0	0.29443594813346863	0.0	0.0	0.21072080731391907	0.0	0.0	2.2586710453033447	0.0	0.0	0.7113915085792542	1.4759471416473389	0.38101112842559814	1.2799893617630005	0.0	0.0	0.0	0.8814355134963989	0.0	0.0	0.0	0.0	0.8102467060089111	0.0	0.0	2.4965457916259766	0.9182083010673523	0.0	0.0	0.0	1.5359479188919067	0.6970171928405762	0.0	0.0	0.6975723505020142	0.0	0.0	0.0	0.0	0.0	0.0	0.0	0.0	0.0	0.0	0.0	0.7044496536254883	0.0	1.8744161128997803	0.30360814929008484	0.0	0.5724478960037231	0.0	0.0	0.0	0.0	0.0	0.0	1.1363812685012817	0.0	0.9603602886199951	1.998453140258789	0.7707503437995911	0.0	2.9734983444213867	0.0	0.0	0.0	1.423021912574768	0.3642306327819824	1.5592544078826904	1.3366998434066772	0.0	0.0	0.0	0.377004474401474	0.42174118757247925	1.871866226196289	0.5797253251075745	0.0	0.0	0.5871601700782776	0.7747036218643188	0.3262363374233246	0.0	0.0	0.0	0.0	1.5197278261184692	0.0	0.0	0.0	0.7310940027236938	1.224331021308899	1.3315542936325073	0.0	0.5296347737312317	0.0	0.0	0.4649217128753662	0.0	0.0	0.0	0.7255026698112488	0.0	0.0
0.0	0.0	0.0	0.0	1.006946325302124	0.0	0.473506361246109	0.0	1.5066533088684082	0.0	2.246994733810425	0.0	0.0	0.0	0.0	1.1644198894500732	3.1240222454071045	0.5350888967514038	0.0	0.0	0.24891409277915955	0.0	0.0	0.0	0.0	0.0	0.0	0.0	0.310465931892395	0.0	0.0	1.209591269493103	0.0	0.7408815622329712	0.0	0.0	0.0	0.0	0.0	0.0	0.0	0.0	0.0	1.4109156131744385	0.0	0.0	2.320540189743042	0.0	0.0	1.1013613939285278	0.0	0.0	0.0	0.5088779926300049	0.0	0.0	0.0	0.07326237857341766	0.0	1.3374873399734497	0.0	0.0	0.0	0.0	0.0	0.0	0.0	0.0	0.0	0.0	0.7068977952003479	0.0	0.0	1.0142159461975098	0.0	0.0	0.0	0.0	0.0	0.0	0.3917768597602844	0.0	1.52141535282135	0.0	0.0	0.0	0.10562541335821152	0.0	1.6032551527023315	0.0	0.0	0.0	0.0	0.0	0.0	0.0	0.0	0.0	0.0	0.0	0.0	1.654104232788086	0.0	0.8875058889389038	0.0	0.0	0.4167475402355194	1.223961591720581	0.0	1.6408166885375977	0.0	0.0	0.0	0.0	0.0	0.0	0.7323776483535767	0.0	1.1397576332092285	0.0	0.0	0.12352808564901352	0.0	1.2947641611099243	1.528479814529419	0.9884887933731079	0.0	0.0	0.0	1.4030946493148804	0.0	0.0	0.0	0.0	0.0	1.4265025854110718	0.4753590226173401	0.0	0.0	0.0	0.0	0.0	0.0	0.0	0.0	0.0	0.8870366215705872	0.0	0.0	1.8530346155166626	0.0	1.3091468811035156	0.0	0.0	0.0	0.0	0.0	1.6594096422195435	0.0	0.0	0.11161202937364578	0.5228086113929749	0.0	0.7654233574867249	0.0	0.0	0.0	0.47720134258270264	0.0	0.0	0.0	0.0	0.0	0.0	0.0	4.114992141723633	2.8167428970336914	0.0	0.0	0.0	0.4219276010990143	0.0	0.0	0.0	0.0	0.0	0.0	0.0	0.0	0.0	0.0	0.0	0.0	0.0	0.0	0.0	0.0	0.0	1.285240888595581	0.0	0.0	3.350454807281494	0.0	0.0	0.0	0.0	0.0	0.0	0.6818221211433411	0.0	1.5038987398147583	1.4008299112319946	0.10738232731819153	0.0	1.4270546436309814	0.0	0.0	0.0	0.41998904943466187	0.0	2.159311294555664	1.494801640510559	0.0	0.0	0.0	0.0	0.425033837556839	0.5502691268920898	0.0	0.0	0.0	2.3256680965423584	1.5503716468811035	0.0	0.0	0.0	0.0	0.0	1.1958677768707275	0.0	0.0	0.0	0.0	1.9032936096191406	0.0	0.0	1.2647384405136108	0.0	0.0	0.0	0.0	0.0	0.0	1.576863408088684	0.0	0.0
0.0	0.0	0.0	0.4337978661060333	1.0586014986038208	0.0	0.9919587969779968	0.0	1.6651134490966797	0.0	2.0296640396118164	0.0	0.0	0.4336596131324768	0.46422651410102844	1.5413919687271118	2.1618008613586426	0.8343115448951721	0.639885425567627	0.0	0.4618636965751648	0.0	0.0	0.8270456790924072	0.0	0.0	0.580047070980072	0.0	0.4575294852256775	0.22792614996433258	0.0849081426858902	0.9292251467704773	0.0	0.7955077886581421	0.0	0.4017981290817261	0.0	0.0	0.3539981544017792	0.0	0.0	0.0	0.0	0.43437957763671875	0.0	0.0	1.7552905082702637	0.0	0.0	1.7684836387634277	0.0	0.0	0.0	0.9240531325340271	0.0	0.0	0.0	0.49868443608283997	0.0	1.129757285118103	0.0	0.0	0.0	0.0	0.0	0.0	0.0	0.0	0.0	0.0	0.41097038984298706	0.0	0.0	0.6040356755256653	0.0	0.0	0.12326570600271225	0.33106672763824463	0.0	0.0	0.07620533555746078	0.0	1.7027701139450073	0.09105651080608368	0.0	0.0	0.4302087426185608	0.0	1.5459654331207275	0.0	0.0	0.0	0.0	0.3991668224334717	0.0	0.08320564776659012	0.07829231768846512	0.7101673483848572	0.0	0.0	0.0	0.9846044182777405	0.0	1.1734665632247925	0.0	0.0	1.1152942180633545	2.015131711959839	0.0	0.09043730795383453	0.0	0.0	0.0	0.0	0.0	0.0	1.63334321975708	0.0	0.8324926495552063	0.0	0.0	0.8693405985832214	0.0	1.2351633310317993	0.5504279732704163	1.2502317428588867	0.0	0.0	0.0	1.5794830322265625	0.0	0.0	0.7820971608161926	0.0	0.0	1.542454481124878	1.2191224098205566	0.0	0.0	0.0	0.0	0.0	0.0	0.7418932318687439	0.1788819134235382	0.0	1.3710576295852661	0.0	0.0	0.17417575418949127	0.0	0.6761960387229919	0.0	0.0	0.0	0.0	0.0	2.0433502197265625	0.0	0.0	0.5772501826286316	0.6973786950111389	0.1380113959312439	1.2498745918273926	0.0	0.0	0.040751129388809204	1.1553770303726196	0.0	0.0	0.0	0.0	0.0	0.0	0.0	2.7478740215301514	1.6951991319656372	0.0	0.0	0.0	1.8229036331176758	0.1152636781334877	0.0	0.0	0.4255620837211609	0.0	0.0	0.0	0.0	0.0	0.0	0.0	0.0	0.0	0.0	0.0	0.0	0.0	1.2829630374908447	0.0	0.0	1.9199073314666748	0.0	0.0	0.0	0.0	0.0	0.0	0.8463760018348694	0.0	1.5219045877456665	2.127283811569214	0.3529122471809387	0.0	1.2659506797790527	0.0	0.0	0.0	0.6113397479057312	0.0	1.7566465139389038	2.0558717250823975	0.0	0.0	0.0	0.0	0.6314823627471924	0.36168354749679565	0.0	0.0	0.0	1.274859070777893	1.797842264175415	0.0	0.0	0.0	0.0	0.0	1.864975094795227	0.0	0.0	0.0	0.0	1.9826114177703857	0.4290752112865448	0.0	1.1641392707824707	0.0	0.0	0.0	0.0	0.0	0.0	0.5369468331336975	0.0	0.0
0.0	0.0	0.0	0.0	0.27933767437934875	0.0	0.7599195241928101	0.0	1.5886892080307007	0.0	2.6749000549316406	0.0	0.0	0.0	0.3034311532974243	2.5021708011627197	2.777580976486206	0.7314533591270447	0.1575438380241394	0.0	1.0335742235183716	0.0	0.0	0.0	0.0	0.0	0.0	0.0	0.8080913424491882	0.0	0.5741368532180786	1.0765645503997803	0.0	0.2912899851799011	0.0	0.0	0.0	0.0	0.06785325706005096	0.0	0.0	0.0	0.0	1.2171440124511719	0.0	0.0	1.9003843069076538	0.0	0.0	0.5354801416397095	0.0	0.0	0.0	0.36568063497543335	0.09353984892368317	0.0	0.0	0.0012105864007025957	0.0	1.325690746307373	0.0	0.0	0.0	0.0	0.0	0.0	0.0	0.0	0.0	0.0	0.4538586139678955	0.0	0.0	1.0403568744659424	0.0	0.0	0.15314967930316925	0.0	0.0	0.14058059453964233	0.0	0.0	1.5101792812347412	0.0	0.1412353515625	0.0	0.8478567004203796	0.0	1.6716300249099731	0.0	0.0	0.0	0.0	0.0	0.0	0.0	0.12620611488819122	0.26074743270874023	0.0	0.0	0.0	0.7480635643005371	0.0	0.5196287631988525	0.0	0.0	1.5599558353424072	1.0784648656845093	0.0	0.6631156206130981	0.0	0.0	0.0	0.0	0.0	0.0	1.1921272277832031	0.0	1.250929832458496	0.0	0.0	1.0165027379989624	0.0	0.7420053482055664	1.035463809967041	1.6181553602218628	0.0	0.0	0.0	0.8559092283248901	0.0	0.0	1.1311304569244385	0.0	0.0	1.5921071767807007	0.7660913467407227	0.0	0.0	0.12761175632476807	0.0	0.0	0.0	0.11419355124235153	0.0	0.0	1.8739168643951416	0.0	0.0	0.0	0.0	1.165046215057373	0.0	0.0	0.0	0.0	0.0	2.312990427017212	0.0	0.0	0.0	0.013272682204842567	0.24967733025550842	1.154255747795105	0.0	0.0	0.0	0.47841677069664	0.0	0.0	0.0	0.0	0.0	0.0	0.0	3.771967649459839	2.0829148292541504	0.0	0.0	0.0	1.6558327674865723	0.0	0.0	0.0	0.0	0.0	0.0	0.0	0.0	0.0	0.0	0.0	0.0	0.0	0.0	0.0	0.0	0.0	1.6711206436157227	0.0	0.0	2.491509437561035	0.0	0.0	0.0	0.0	0.0	0.0	1.2461202144622803	0.0	2.315272808074951	2.0308761596679688	0.0	0.0	2.215898036956787	0.0	0.0	0.0	0.5692887902259827	0.0	2.259756326675415	1.6349176168441772	0.0	0.0	0.0	0.0048389313742518425	0.2726716995239258	0.6248490214347839	0.0	0.0	0.0	1.578497052192688	1.7094930410385132	0.0	0.0	0.0	0.0	0.0	2.144493341445923	0.0	0.0	0.0	0.20817789435386658	2.0939271450042725	0.0	0.0	1.352992296218872	0.0	0.0	0.0	0.0	0.0	0.0	1.4901760816574097	0.0	0.0
0.0	0.0	0.0	0.0	0.3295290768146515	0.0	1.121017575263977	0.0	1.0882799625396729	0.957617461681366	0.6583395004272461	0.0	0.41122323274612427	0.9330126047134399	0.7994688749313354	1.4930834770202637	1.3067024946212769	0.9918423295021057	0.7558847069740295	0.25061771273612976	0.8426731824874878	0.22452843189239502	0.0	0.8315426111221313	0.0	0.0	0.8276774883270264	0.0	1.3353228569030762	0.6353966593742371	0.1707962155342102	0.5697216987609863	0.0	0.8356389999389648	0.0	0.23658818006515503	0.348626971244812	0.0	1.5380305051803589	0.4244168996810913	0.0	0.0	0.0	0.0	0.0	0.0	0.7338923811912537	0.0	0.0	0.0	0.0	0.0	0.0	0.6133344769477844	0.5449660420417786	0.0	0.0	0.7493143677711487	0.16043038666248322	1.06532883644104	0.0	0.0	0.0	0.0	0.0	0.0	0.0	0.0	0.0	0.5083533525466919	0.8692253232002258	0.0	0.0	0.4066826105117798	0.0	0.0	0.636583149433136	0.9019593000411987	0.0	0.75193190574646	0.0	0.0	1.0426104068756104	0.5421429872512817	1.5565314292907715	0.0	1.0562782287597656	0.0	0.5960953831672668	0.0	0.0	0.0	0.0	0.7347044348716736	0.0	0.9701464176177979	0.8525607585906982	0.4998147487640381	0.0	0.0	0.0	0.0	0.0	0.9450382590293884	0.0	0.0	1.4292527437210083	0.4071209132671356	0.0	0.0	0.0	0.0	0.0	0.0	0.0	0.0	1.2120944261550903	0.0	0.0	0.0	0.37043121457099915	0.5596805214881897	0.0	0.33541038632392883	0.30516481399536133	1.3661433458328247	0.0	0.0	0.0	0.3188455104827881	0.0	0.0	1.012941598892212	0.0	0.0	1.142614722251892	0.6434047818183899	0.0	0.0	0.0	0.0	0.0	0.0	1.052369236946106	0.2938428521156311	0.0	1.283618688583374	0.0	0.0	0.27185431122779846	0.0	0.21436113119125366	0.0	0.0	0.7553225755691528	0.0	0.0	1.9880805015563965	0.0	0.0	1.265170693397522	1.3874576091766357	1.1455774307250977	0.6928096413612366	0.5832899212837219	0.0	0.0	1.0687494277954102	0.0	0.0	0.0	0.0	0.6720876693725586	0.0	0.0	1.8614147901535034	1.1443703174591064	0.0	0.0	0.0	1.0940335988998413	0.7495880722999573	0.0	0.0	0.7460702061653137	0.0	0.0	0.0	0.0	0.0	0.0	0.0	0.0	0.0	0.6871065497398376	0.0	0.6204084753990173	0.0	1.149827003479004	0.46456432342529297	0.0	1.1133990287780762	0.0	0.0	0.0	0.0	0.0	0.0	0.5818299651145935	0.0	1.2657674551010132	1.8733596801757812	0.23209001123905182	0.0	1.6501781940460205	0.0	0.0	0.0	1.013295292854309	0.8221657276153564	1.0762205123901367	1.0742170810699463	0.0	0.0	0.0	0.7490697503089905	0.5583112835884094	0.8903603553771973	0.5302977561950684	0.0	0.0	0.40009692311286926	1.0416735410690308	0.13039714097976685	0.0	0.0	0.0	0.0	1.0873414278030396	0.0	0.0	0.0	0.6658817529678345	1.0152397155761719	1.3683383464813232	0.0	0.8422107100486755	0.0	0.07886986434459686	0.2886981666088104	0.0	0.0	0.0	0.0	0.0	0.0
0.0	0.0	0.0	1.2624869346618652	0.4603768587112427	0.0	1.5125787258148193	0.0	1.6136277914047241	0.0	1.524411678314209	0.0	0.6575073003768921	0.40425562858581543	0.18470512330532074	1.7289857864379883	1.8608033657073975	1.2032121419906616	1.110124945640564	0.0	0.6976434588432312	0.3024081587791443	0.0	0.5751718878746033	0.0	0.0	0.6197780966758728	0.0	1.2298078536987305	0.32753750681877136	0.667229413986206	0.5536327958106995	0.0	0.7038540244102478	0.0	0.0	0.21134065091609955	0.0	1.194031834602356	0.4739888608455658	0.0	0.0	0.0	0.06254623085260391	0.0	0.0	1.7218596935272217	0.0	0.0	0.1286647766828537	0.0	0.0	0.0	0.9691632986068726	0.7202292084693909	0.0	0.0	0.43562033772468567	0.0	1.3778009414672852	0.0	0.0	0.0	0.0	0.0	0.0	0.0	0.0	0.0	0.6935225129127502	0.6051191091537476	0.0	0.0	0.6292480230331421	0.0	0.0	0.0	0.12949766218662262	0.0	0.06004314124584198	0.0	0.0	1.5509048700332642	0.0	0.905681312084198	0.0	1.079461693763733	0.0	1.3381969928741455	0.0	0.0	0.0	0.0	0.7430374622344971	0.0	0.0	0.5867981314659119	0.33873412013053894	0.0	0.0	0.0	0.4769287705421448	0.0	1.1347200870513916	0.0	0.0	1.149108648300171	0.6183084845542908	0.0	0.0	0.0	0.0	0.0	0.0	0.0	0.0	1.000076174736023	0.0	0.42542392015457153	0.0	0.14345242083072662	0.660227358341217	0.0	0.6187871098518372	0.6510656476020813	1.1058011054992676	0.0	0.0	0.0	0.6628804802894592	0.0	0.0	0.23069223761558533	0.0	0.0	1.6665370464324951	0.48046255111694336	0.0	0.0	0.0	0.0	0.0	0.0	0.9051823616027832	0.0	0.0	2.252143144607544	0.0	0.0	0.6119685173034668	0.0	0.21996095776557922	0.0	0.0	0.0612354651093483	0.0	0.0	1.769087791442871	0.0	0.0	0.48242226243019104	0.47125244140625	0.9375501871109009	1.447973370552063	0.0	0.0	0.0	0.531078040599823	0.0	0.0	0.0	0.0	0.4164315164089203	0.0	0.0	3.198259115219116	1.7304784059524536	0.0	0.0	0.0	1.2388821840286255	0.5956040024757385	0.0	0.0	0.7563647031784058	0.0	0.0	0.0	0.0	0.0	0.0	0.0	0.0	0.0	0.0	0.0	0.29425549507141113	0.0	1.506182312965393	0.0	0.0	2.4422450065612793	0.0	0.0	0.0	0.0	0.0	0.0	0.33341869711875916	0.0	1.3235100507736206	2.1649298667907715	0.05903029069304466	0.0	2.20047664642334	0.0	0.0	0.0	1.7134034633636475	0.29634010791778564	1.4153788089752197	0.9517567753791809	0.0	0.0	0.0	0.9780665636062622	0.0	1.3800402879714966	0.0	0.0	0.0	0.7165024876594543	1.1210274696350098	0.0	0.0	0.0	0.0	0.0	1.5241912603378296	0.0	0.0	0.0	0.718459963798523	1.6146914958953857	0.4807899594306946	0.0	0.5761260986328125	0.0	0.0	0.0	0.0	0.0	0.0	0.1214078813791275	0.0	0.0
0.0	0.0	0.0	0.3367994427680969	0.07686203718185425	0.0	1.2196052074432373	0.0	1.087106704711914	0.0	0.9910152554512024	0.0	0.16953539848327637	0.3102954030036926	0.0	1.5124822854995728	1.6631169319152832	1.1251453161239624	0.41738465428352356	0.0	1.5160560607910156	0.018976187333464622	0.0	0.0	0.0	0.0	0.7098711729049683	0.0	1.569151520729065	0.0	0.6385740637779236	0.7757769823074341	0.0	0.7274698615074158	0.0	0.1293451488018036	0.0	0.0	0.7500025629997253	0.0	0.0	0.0	0.0	0.24863047897815704	0.0	0.0	1.8200418949127197	0.0	0.0	0.20948408544063568	0.0	0.0	0.0	0.963866651058197	0.20780590176582336	0.0	0.0	0.09496502578258514	0.44177988171577454	1.0521266460418701	0.0	0.0	0.0	0.0	0.0	0.0	0.0	0.0	0.0	0.7365913391113281	0.2593262195587158	0.0	0.0	0.6828272342681885	0.0	0.0	0.0	0.0	0.0	0.31868767738342285	0.20325717329978943	0.0	1.2578835487365723	0.3519963324069977	1.1545324325561523	0.0	1.0274299383163452	0.0	1.1756657361984253	0.0	0.0	0.0	0.0	0.0	0.0	0.0	0.8693191409111023	0.5097752809524536	0.0	0.0	0.0	0.646312952041626	0.0	1.3146053552627563	0.0	0.0	1.6696559190750122	0.4267300069332123	0.0	0.40121349692344666	0.0	0.0	0.0	0.0	0.0	0.0	0.745318591594696	0.0	0.4285491704940796	0.0	0.0	0.6400921940803528	0.0	0.31900259852409363	1.1205229759216309	1.3987170457839966	0.0	0.0	0.0	0.2973753809928894	0.0	0.0	0.4864828586578369	0.0	0.0	0.9608490467071533	0.594497561454773	0.0	0.0	0.9896672964096069	0.0	0.0	0.0	0.18805550038814545	0.1668691486120224	0.0	1.3929718732833862	0.0	0.0	0.47578147053718567	0.0	0.4551428556442261	0.0	0.0	0.0	0.0	0.0	2.170809745788574	0.0	0.0	0.34328874945640564	0.3826303482055664	0.16015221178531647	0.8886501789093018	0.0	0.0	0.0	1.0192897319793701	0.0	0.0	0.0	0.0	0.5379369854927063	0.0	0.0	3.21679425239563	1.3628993034362793	0.0	0.0	0.0	1.0314538478851318	0.3142915666103363	0.0	0.0	0.03364640846848488	0.0	0.0	0.0	0.0	0.0	0.0	0.0	0.0	0.0	0.0	0.0	0.31029462814331055	0.0	1.205785870552063	0.0	0.0	2.1763699054718018	0.0	0.0	0.0	0.0	0.0	0.0	0.2257704734802246	0.0	1.105247139930725	0.9859602451324463	0.09796710312366486	0.0	1.7704846858978271	0.0	0.0	0.0	1.7129452228546143	0.05204824358224869	1.8798348903656006	0.8161786794662476	0.0	0.0	0.0	0.9215852618217468	0.0	1.0070518255233765	0.15890716016292572	0.0	0.0	0.5181747078895569	1.4075329303741455	0.4582759141921997	0.0	0.0	0.0	0.0	1.446803092956543	0.0	0.0	0.0	0.578789472579956	1.4844595193862915	0.5638681650161743	0.0	0.7810326218605042	0.0	0.0	0.0	0.0	0.0	0.0	0.1523149013519287	0.0	0.0
0.0	0.0	0.0	1.5745267868041992	0.0	0.0	2.8280632495880127	0.0	2.0537495613098145	0.0	1.7236268520355225	0.0	1.0154322385787964	0.8706072568893433	0.0	2.8535585403442383	2.481992483139038	2.475496530532837	1.6271114349365234	0.0	1.1736030578613281	0.5148619413375854	0.0	0.258026123046875	0.0	0.0	1.3736544847488403	0.0	2.5275886058807373	0.026882443577051163	1.979212760925293	0.0	0.0	0.7361568212509155	0.0	0.0	0.5037726163864136	0.0	1.3949156999588013	0.9052882790565491	0.0	0.0	0.0	0.0	0.0	0.0	3.060051918029785	0.0	0.0	0.0	0.0	0.0	0.0	1.3905738592147827	1.6010106801986694	0.0	0.0	0.7390376329421997	0.2069229930639267	1.6428697109222412	0.0	0.0	0.0	0.0	0.0	0.0	0.0	0.0	0.0	1.5373872518539429	1.8243781328201294	0.0	0.0	0.1957889199256897	0.0	0.0	0.0	0.0	0.0	0.4137859046459198	0.0	0.0	3.2354774475097656	0.4342901408672333	1.532671570777893	0.0	1.7551395893096924	0.0	2.1292591094970703	0.0	0.0	0.0	0.0	0.0	0.0	0.0	1.602285623550415	0.8777194619178772	0.0	0.0	0.0	0.9585587382316589	0.0	0.746893584728241	0.0	0.0	3.1389336585998535	0.0	0.0	0.48551690578460693	0.0	0.0	0.0	0.0	0.0	0.0	0.8644518852233887	0.0	0.0	0.0	0.8903394937515259	1.2129496335983276	0.0	0.0	1.1015815734863281	1.6524778604507446	0.0	0.0	0.0	0.13826929032802582	0.0	0.0	0.0	0.0	0.0	1.1098488569259644	0.551993191242218	0.0	0.0	0.0	0.0	0.0	0.0	0.46898266673088074	0.0	0.0	3.380966901779175	0.0	0.0	1.4862350225448608	0.0	0.08202904462814331	0.0	0.0	0.009366719983518124	0.0	0.0	2.8214993476867676	0.0	0.0	0.48533743619918823	0.5207034945487976	0.564232349395752	1.4455806016921997	0.0	0.0	0.0	0.7309104800224304	0.0	0.0	0.0	0.0	1.5129954814910889	0.0	0.0	3.239664077758789	1.2812761068344116	0.0	0.0	0.0	1.1479694843292236	0.7493163347244263	0.0	0.0	0.5286702513694763	0.0	0.0	0.0	0.0	0.0	0.0	0.0	0.0	0.0	0.7655363082885742	0.0	1.2941107749938965	0.0	2.145124673843384	0.0532253161072731	0.0	3.2874810695648193	0.0	0.0	0.0	0.0	0.0	0.0	0.062468308955430984	0.0	1.0427801609039307	1.8063329458236694	0.47979751229286194	0.0	3.318288803100586	0.0	0.0	0.0	2.562511682510376	0.6839310526847839	2.7171757221221924	0.7306130528450012	0.0	0.0	0.0	1.2270166873931885	0.0	2.4079408645629883	1.6317918300628662	0.0	0.0	0.149504154920578	0.6897802948951721	0.9220377206802368	0.0	0.0	0.0	0.0	2.558039903640747	0.0	0.0	0.0	2.3019423484802246	1.7809290885925293	1.4269071817398071	0.0	1.1638565063476562	0.0	0.0	0.9371155500411987	0.0	0.0	0.0	0.47467583417892456	0.0	0.0
0.0	0.0	0.0	0.0	0.10187175124883652	0.0	2.8033061027526855	0.0	1.7342249155044556	0.5348449349403381	1.1953753232955933	0.0	1.1151584386825562	0.43685245513916016	0.7158542275428772	2.066544532775879	1.6649281978607178	1.542273998260498	0.9692661166191101	0.0	2.126023530960083	0.3894751965999603	0.0	1.1942343711853027	0.0	0.0	1.5027343034744263	0.0	2.655733585357666	0.12363578379154205	0.619117259979248	0.42199450731277466	0.0	1.2493164539337158	0.0	0.422821044921875	0.9454216957092285	0.0	1.7666630744934082	0.47464901208877563	0.0	0.0	0.0	0.0	0.0	0.0	1.4345024824142456	0.0	0.0	0.0	0.0	0.0	0.0	0.6232905387878418	1.3859312534332275	0.0	0.0	0.4161813259124756	0.0	1.897676706314087	0.0	0.0	0.0	0.0	0.0	0.0	0.0	0.0	0.0	0.9929868578910828	0.9490817785263062	0.0	0.0	0.12559279799461365	0.0	0.0	0.5765395164489746	0.633169949054718	0.0	1.0818766355514526	1.018666386604309	0.0	2.0490353107452393	0.8521817922592163	2.3129494190216064	0.0	2.338090419769287	0.0	1.0006080865859985	0.0	0.0	0.0	0.0	0.9375882148742676	0.0	0.6737581491470337	1.7946438789367676	0.7821152210235596	0.0	0.0	0.0	0.04129180312156677	0.0	2.265028715133667	0.0	0.0	2.501973867416382	0.32969722151756287	0.0	0.0	0.0	0.0	0.0	0.0	0.0	0.0	1.022585153579712	0.0	0.0	0.0	0.42870184779167175	0.1839246302843094	0.0	0.7701948285102844	1.5903340578079224	1.486088752746582	0.0	0.0	0.0	0.0	0.0	0.0	0.5164849758148193	0.0	0.0	1.5401699542999268	1.5514845848083496	0.0	0.0	1.5388730764389038	0.0	0.0	0.0	1.0465930700302124	0.07333153486251831	0.0	2.0767745971679688	0.0	0.0	0.16892540454864502	0.0	0.10007926821708679	0.0	0.0	0.576920211315155	0.0	0.0	2.278590440750122	0.0	0.0	1.4206804037094116	1.4955168962478638	0.7633002996444702	1.9400070905685425	0.4191211760044098	0.0	0.4353536069393158	1.2119373083114624	0.0	0.0	0.0	0.0	0.6070858836174011	0.0	0.0	3.831881523132324	1.4509851932525635	0.0	0.0	0.0	1.364563226699829	0.10175227373838425	0.0	0.0	1.489698886871338	0.0	0.0	0.0	0.0	0.0	0.0	0.0	0.0	0.0	0.23340646922588348	0.0	1.2041397094726562	0.0	2.4488203525543213	0.7005713582038879	0.0	2.028470754623413	0.0	0.0	0.0	0.0	0.0	0.0	1.611905574798584	0.0	1.963424563407898	2.0039432048797607	0.19963438808918	0.0	2.384071111679077	0.0	0.0	0.0	2.942232847213745	0.5477361083030701	1.6957392692565918	0.9191522598266602	0.0	0.0	0.0	1.2589210271835327	0.37784597277641296	1.4668480157852173	0.7286537289619446	0.0	0.0	0.5685694217681885	1.298757553100586	0.0	0.0	0.0	0.0	0.0	1.2193613052368164	0.0	0.0	0.0	0.8232346773147583	1.2978154420852661	1.4904835224151611	0.0	1.2670120000839233	0.0	0.0	0.0	0.0	0.0	0.0	0.035662952810525894	0.0	0.0
0.0	0.0	0.0	0.06503171473741531	0.9494547247886658	0.0	0.7941276431083679	0.0	1.1817234754562378	0.0	1.687285304069519	0.0	0.0	0.3237743675708771	0.08354835957288742	2.0998804569244385	1.9525833129882812	0.5452244877815247	0.5638814568519592	0.0	1.4085493087768555	0.0	0.0	0.13349325954914093	0.0	0.0	0.536485493183136	0.0	0.26562198996543884	0.0	0.0520271435379982	1.1655722856521606	0.0	0.4618566930294037	0.0	0.07908686250448227	0.0	0.0	0.39371392130851746	0.0	0.0	0.0	0.0	1.1423635482788086	0.0	0.0	2.1451120376586914	0.0	0.0	1.0851308107376099	0.0	0.0	0.0	0.5310096144676208	0.49129366874694824	0.0	0.0	0.01958121731877327	0.0288594551384449	1.3853347301483154	0.0	0.0	0.0	0.0	0.0	0.0	0.0	0.0	0.0	0.1702059507369995	0.7561928629875183	0.0	0.0	0.7516915202140808	0.0	0.0	0.0	0.47590187191963196	0.0	0.08683764934539795	0.44534832239151	0.0	1.709383249282837	0.013236166909337044	0.7278279662132263	0.0	0.899935781955719	0.0	1.920448660850525	0.0	0.0	0.0	0.0	0.0	0.0	0.0	0.3705439865589142	0.5209792256355286	0.0	0.0	0.0	0.4751288890838623	0.0	0.7165223956108093	0.0	0.0	1.1372164487838745	1.260507583618164	0.0	0.9640401601791382	0.0	0.0	0.0	0.0	0.0	0.0	1.4390380382537842	0.0	0.718565046787262	0.0	0.0026106275618076324	0.49640756845474243	0.0	0.9517611861228943	0.7535825371742249	0.8470596075057983	0.0	0.0	0.0	1.0703165531158447	0.0	0.0	0.4286249876022339	0.0	0.0	2.0836822986602783	0.8514273762702942	0.0	0.0	0.0	0.0	0.0	0.0	0.21898911893367767	0.8413349390029907	0.0	1.819757103919983	0.0	0.0	0.09670794010162354	0.0	0.5852000117301941	0.0	0.0	0.0	0.0	0.0	1.7907212972640991	0.0	0.0	0.556233286857605	0.13063612580299377	0.30063238739967346	0.9846198558807373	0.0	0.0	0.0	1.2438668012619019	0.0	0.0	0.0	0.0	0.0	0.0	0.1623501479625702	2.850778818130493	1.217308521270752	0.0	0.0	0.0	1.335303783416748	0.0	0.0	0.0	0.0	0.0	0.0	0.0	0.0	0.0	0.0	0.0	0.0	0.0	0.0	0.0	0.017539724707603455	0.0	1.649525761604309	0.07580307126045227	0.0	2.498021125793457	0.0	0.0	0.0	0.0	0.0	0.0	0.9978008270263672	0.0	1.3338665962219238	1.7845733165740967	0.911422073841095	0.0	1.6287610530853271	0.0	0.0	0.0	0.6750584244728088	0.48385414481163025	1.8528900146484375	1.4060636758804321	0.0	0.0	0.0	0.5378446578979492	0.47484540939331055	0.9639231562614441	0.0	0.0	0.0	1.2335013151168823	1.4056386947631836	0.0	0.0	0.0	0.0	0.0	1.330263614654541	0.0	0.0	0.0	0.3532414138317108	1.6253443956375122	0.44956064224243164	0.0	1.700681447982788	0.0	0.0	0.0	0.0	0.0	0.0	0.9959650635719299	0.0	0.0
0.0	0.0	0.0	0.03661724179983139	0.0	0.0	2.224977731704712	0.0	1.689371109008789	0.9813037514686584	0.6287999153137207	0.0	1.768826961517334	0.36878618597984314	0.26632043719291687	1.5568181276321411	0.7460622191429138	1.6177537441253662	1.759594440460205	0.33510076999664307	2.1889872550964355	0.5615721940994263	0.0	1.1814113855361938	0.0	0.0	1.5859321355819702	0.0	1.7275530099868774	0.8782419562339783	1.6967653036117554	1.4250315427780151	0.0	2.053590774536133	0.0	0.0	0.8258274793624878	0.0	2.077969551086426	0.703608512878418	0.0	0.0	0.0	0.07664534449577332	0.0	0.0	1.8023910522460938	0.0	0.0	0.0	0.0	0.0	0.0	1.8255434036254883	1.202345371246338	0.0	0.0	0.6772454977035522	1.100935459136963	1.764648675918579	0.0	0.0	0.0	0.0	0.0	0.0	0.0	0.0	0.0	1.1802349090576172	0.6685476899147034	0.0	0.0	0.10115189850330353	0.0	0.0	1.1412551403045654	0.6054071187973022	0.0	0.5182523131370544	0.0	0.0	1.606441855430603	0.9765966534614563	1.5951488018035889	0.0	2.376201629638672	0.0	0.22287707030773163	0.0	0.0	0.0	0.0	1.1461715698242188	0.0	0.7794785499572754	2.0773966312408447	0.5656416416168213	0.0	0.0	0.0	0.0	0.0	2.2953333854675293	0.0	0.0	1.685998797416687	0.25026601552963257	0.0	0.0	0.0	0.0	0.0	0.0	0.0	0.0	0.8349154591560364	0.0	0.0	0.0	0.5970709919929504	0.39111965894699097	0.0	0.41679611802101135	1.0508204698562622	0.3987419009208679	0.0	0.0	0.0	0.0	0.0	0.0	0.9294288158416748	0.0	0.0	0.42844241857528687	0.8690880537033081	0.0	0.0	1.8426809310913086	0.0	0.0	0.0	1.4558380842208862	0.051087863743305206	0.0	1.645534634590149	0.0	0.0	0.03383506461977959	0.0	0.0	0.0	0.0	0.8399697542190552	0.0	0.0	1.6109592914581299	0.0	0.0	1.3062481880187988	1.3017274141311646	1.1443932056427002	1.0450801849365234	0.01357936393469572	0.0	1.227432370185852	0.4660274088382721	0.0	0.0	0.0	0.0	0.551145076751709	0.0	0.0	3.0618577003479004	0.3037662208080292	0.0	0.0	0.0	1.3726751804351807	1.01247239112854	0.0	0.0	1.3556499481201172	0.0	0.0	0.0	0.0	0.0	0.0	0.0	0.0	0.0	0.12666983902454376	0.0	1.0777864456176758	0.0	1.4685864448547363	1.023813009262085	0.0	2.10176420211792	0.0	0.0	0.0	0.0	0.0	0.0	0.4227531850337982	0.0	0.8125022053718567	1.783376932144165	0.4505745768547058	0.0	2.3557584285736084	0.0	0.0	0.0	2.207505226135254	0.8073211312294006	1.7982159852981567	0.9396265149116516	0.0	0.0	0.0	1.3939391374588013	0.0390852615237236	1.4869475364685059	1.2517011165618896	0.0	0.0	0.0	1.0420759916305542	0.0	0.0	0.0	0.0	0.0	0.8128128051757812	0.0	0.0	0.0	0.8036590814590454	0.9793182015419006	2.1057090759277344	0.0	0.46655863523483276	0.0	0.4258390963077545	0.13367994129657745	0.0	0.0	0.0	0.21497318148612976	0.0	0.0
0.0	0.0	0.0	0.6200299859046936	0.11740738898515701	0.0	2.1465861797332764	0.0	1.4774985313415527	0.9529761672019958	0.6358049511909485	0.0	1.1462082862854004	0.7508219480514526	0.7793238759040833	1.7115617990493774	1.3878511190414429	1.6837667226791382	1.9064065217971802	0.8653055429458618	1.5869364738464355	0.9021285772323608	0.0	0.7705234885215759	0.0	0.0	1.7840533256530762	0.0	2.3066391944885254	0.744158923625946	0.8643853068351746	0.128013476729393	0.0	1.4467418193817139	0.0	0.0	1.1641923189163208	0.0	2.2875852584838867	1.026432752609253	0.0	0.0	0.0	0.0	0.0	0.0	1.0632044076919556	0.0	0.0	0.0	0.0	0.0	0.0	1.1336729526519775	1.3004260063171387	0.0	0.0	0.9513222575187683	0.6943050622940063	1.0951207876205444	0.0	0.0	0.0	0.14332057535648346	0.0	0.0	0.0	0.0	0.0	0.9146720170974731	1.53450345993042	0.0	0.0	0.21569718420505524	0.0	0.0	1.1510653495788574	0.5805378556251526	0.0	0.9126019477844238	0.44794946908950806	0.0	1.4951081275939941	0.6705209016799927	1.7412512302398682	0.0	1.9816291332244873	0.0	0.17414192855358124	0.0	0.0	0.0836816132068634	0.0	1.4558677673339844	0.0	1.0639528036117554	1.3519444465637207	1.152207612991333	0.0	0.0	0.0	0.0	0.0	1.867647409439087	0.0	0.0	1.9515308141708374	0.4586506187915802	0.0	0.0	0.0	0.0	0.0	0.0	0.0	0.0	1.2697207927703857	0.0	0.0	0.0	1.13593590259552	1.1751420497894287	0.0	0.587995707988739	0.40085768699645996	1.1977088451385498	0.0	0.0	0.0	0.0	0.0	0.0	1.697548508644104	0.0	0.0	1.3164536952972412	1.572165608406067	0.0	0.0	0.6749027371406555	0.0	0.0	0.0	0.47050246596336365	0.0	0.0	1.9160267114639282	0.0	0.0	0.0	0.0	0.2010989636182785	0.0	0.0	1.0389217138290405	0.0	0.0	1.9587491750717163	0.0	0.0	1.8731237649917603	2.0506997108459473	1.1905558109283447	1.3965116739273071	0.14720472693443298	0.0	0.9262548089027405	1.358280062675476	0.0	0.0	0.0	0.0	0.8535706400871277	0.0	0.0	1.9147320985794067	0.0	0.0	0.0	0.0	0.7909326553344727	1.515667200088501	0.0	0.0	2.075103282928467	0.0	0.0	0.0	0.0	0.0	0.0	0.0	0.0	0.0	0.8659414052963257	0.0	1.264439582824707	0.0	1.1808364391326904	1.1390957832336426	0.0	1.5784441232681274	0.0	0.0	0.0	0.0	0.0	0.0	0.5831658840179443	0.0	1.0373831987380981	2.270401954650879	0.21662360429763794	0.0	2.009770154953003	0.0	0.0	0.0	2.8750815391540527	0.8044472932815552	0.9533219337463379	0.29701828956604004	0.0	0.0	0.0	1.6078531742095947	0.0	1.6037728786468506	1.360131025314331	0.0	0.0	0.1823795735836029	0.8067708611488342	0.6066678762435913	0.0	0.0	0.0	0.0	1.3270847797393799	0.0	0.0	0.0	1.114683747291565	0.912636399269104	2.047766923904419	0.0	0.9711707234382629	0.0	0.0	0.6826023459434509	0.0	0.0	0.0	0.0	0.0	0.0
0.0	0.0	0.0	0.2761123478412628	0.3529335856437683	0.0	1.7731674909591675	0.0	2.5884110927581787	0.22154463827610016	2.4680676460266113	0.0	0.6376524567604065	0.0	0.455409973859787	2.410015106201172	2.857989549636841	1.0363121032714844	0.6715958714485168	0.0	1.1570326089859009	0.0	0.0	0.7616829872131348	0.0	0.0	0.3806755244731903	0.0	1.7629724740982056	0.23920950293540955	0.7756039500236511	0.7086182236671448	0.0	0.7997313737869263	0.0	0.0	0.04376954957842827	0.0	0.9840923547744751	0.0	0.0	0.0	0.0	1.5217015743255615	0.0	0.0	2.5073776245117188	0.0	0.0	0.880029022693634	0.0	0.0	0.0	1.3831486701965332	0.6209765672683716	0.0	0.0	0.9871628284454346	0.0	1.9283546209335327	0.0	0.0	0.0	0.0	0.0	0.0	0.0	0.0	0.0	0.35304513573646545	0.24925938248634338	0.0	0.0	0.6100612878799438	0.0	0.0	0.0	0.0	0.0	0.6787523031234741	0.0	0.0	2.37504243850708	0.4907592833042145	0.9510135054588318	0.0	1.34982430934906	0.0	1.5338982343673706	0.0	0.0	0.0	0.0	0.0	0.0	0.0	1.275568962097168	0.20348119735717773	0.0	0.0	0.0	0.5963518619537354	0.0	1.4914664030075073	0.0	0.0	2.029240131378174	1.2133710384368896	0.0	0.5529885292053223	0.0	0.0	0.0	0.0	0.0	0.0	1.4963150024414062	0.0	0.5047537684440613	0.0	0.22885331511497498	0.7971124053001404	0.0	0.28265219926834106	1.3564969301223755	1.5843056440353394	0.0	0.0	0.0	0.33947789669036865	0.0	0.0	0.7882235050201416	0.0	0.0	2.293609857559204	0.9780697226524353	0.0	0.0	0.8643848896026611	0.0	0.0	0.0	0.0	0.0	0.0	2.199836015701294	0.0	0.0	0.08921411633491516	0.0	0.5510731339454651	0.0	0.0	0.0	0.0	0.0	2.6243436336517334	0.0	0.0	0.5192619562149048	0.6447230577468872	0.6621715426445007	0.5998228192329407	0.0	0.0	0.0	1.2145825624465942	0.0	0.0	0.0	0.0	0.8469298481941223	0.0	0.0	4.425144672393799	2.388892412185669	0.0	0.0	0.0	1.7443091869354248	0.7614761590957642	0.0	0.0	0.6399298906326294	0.0	0.0	0.0	0.0	0.0	0.0	0.0	0.0	0.0	0.0	0.0	0.0	0.0	2.1742260456085205	0.0	0.0	2.919048309326172	0.0	0.0	0.0	0.0	0.0	0.0	0.8374122381210327	0.0	1.888325572013855	1.9941935539245605	0.0	0.0	2.3829281330108643	0.0	0.0	0.0	1.1674067974090576	0.2127385139465332	2.7835593223571777	1.3936244249343872	0.0	0.0	0.0	0.6244080662727356	0.0	1.173516869544983	0.07052875310182571	0.0	0.0	1.2619768381118774	1.5482596158981323	0.0	0.0	0.0	0.0	0.0	2.3870341777801514	0.0	0.0	0.0	0.5848397016525269	2.4703209400177	1.0245782136917114	0.0	1.1930633783340454	0.0	0.0	0.0	0.0	0.0	0.0	0.586425244808197	0.0	0.0
0.0	0.0	0.0	0.275821328163147	0.6610777378082275	0.0	1.45555579662323	0.0	0.6856423616409302	0.36937081813812256	0.40341418981552124	0.0	0.6008828282356262	1.1518619060516357	0.2199900597333908	1.3110437393188477	0.9908852577209473	0.727734386920929	0.44897690415382385	0.7309738993644714	1.7559571266174316	0.0	0.0	0.7815336585044861	0.0	0.0	0.9533983469009399	0.7183494567871094	0.5593902468681335	0.3989621698856354	0.9782130122184753	1.0409473180770874	0.0	0.37397274374961853	0.0	0.9638268947601318	0.0	0.0	0.6324060559272766	0.3875215947628021	0.0	0.0	0.0	0.0363745391368866	0.0	0.0	0.6520292162895203	0.0	0.0	0.10170377790927887	0.0	0.0	0.0	0.0	0.33347952365875244	0.0	0.0	0.21140854060649872	0.49010398983955383	0.1475718766450882	0.0	0.0	0.0	0.2862620949745178	0.0	0.0	0.0	0.0	0.0	0.18074414134025574	0.6231902837753296	0.0	0.0	0.2620397210121155	0.0	0.0	1.1539440155029297	0.544756293296814	0.0	1.2096978425979614	0.0	0.0	0.8419135808944702	0.0	0.9465144276618958	0.0	0.9177903532981873	0.0	0.782634437084198	0.0	0.0	0.009301325306296349	0.0	0.338787317276001	0.0	0.020560910925269127	0.8711060285568237	1.3325234651565552	0.0	0.0	0.0	0.0	0.0	0.2845294773578644	0.0	0.0	0.8513666391372681	0.912631630897522	0.0	0.23011794686317444	0.0	0.0	0.0	0.0	0.0	0.0	1.2205865383148193	0.0	0.0	0.0	0.8568413257598877	0.6907111406326294	0.0	0.40962544083595276	0.0	0.7564893364906311	0.0	0.0	0.0	0.5433498024940491	0.0	0.0	0.5683513283729553	0.0	0.0	0.6279743909835815	1.1031137704849243	0.0	0.0	0.2417839765548706	0.0	0.0	0.0	1.243523120880127	1.2274162769317627	0.0	1.569814920425415	0.0	0.0	0.3555457592010498	0.0	0.7386420965194702	0.0	0.0	0.08697512745857239	0.0	0.0	1.3477884531021118	0.0	0.0	0.7189645767211914	0.34962645173072815	0.9184801578521729	1.8513989448547363	0.3048005998134613	0.0	0.015217630192637444	0.9107768535614014	0.0	0.0	0.0	0.0	0.13736079633235931	0.0	0.17118389904499054	1.534665584564209	0.39375147223472595	0.0	0.0	0.0	1.5467640161514282	0.24455158412456512	0.0	0.0	0.18706859648227692	0.0	0.0	0.0	0.0	0.0	0.0	0.0	0.0	0.0	0.2628967761993408	0.0	0.35989654064178467	0.0	1.3528590202331543	0.9574209451675415	0.0	1.0168412923812866	0.0	0.0	0.0	0.0	0.0	0.0	1.212282657623291	0.0	1.336219072341919	1.9842321872711182	0.7716085314750671	0.0	0.626800537109375	0.0	0.0	0.0	0.9202336668968201	1.0843886137008667	0.9909639954566956	1.1849775314331055	0.0	0.0	0.0	0.003143816255033016	1.1987682580947876	0.6656628251075745	0.4428841769695282	0.0	0.0	0.06030209735035896	1.0027276277542114	0.0	0.0	0.0	0.0	0.0	0.7894018888473511	0.0	0.0	0.0	0.5596113801002502	0.7088475823402405	1.109694242477417	0.0	0.8045560121536255	0.0	0.7606054544448853	0.7559816837310791	0.0	0.361356258392334	0.0	0.17732439935207367	0.0	0.0
0.0	0.0	0.0	0.0	0.041233595460653305	0.0	2.2710962295532227	0.0	1.090449571609497	0.8310844302177429	0.2693895399570465	0.0	1.2183637619018555	0.6965651512145996	0.8638041615486145	1.4887593984603882	0.602617084980011	1.801439642906189	1.2850267887115479	0.6166994571685791	2.0734996795654297	0.39523375034332275	0.0	0.6097389459609985	0.0	0.0	1.4876964092254639	0.0	2.1836631298065186	0.5195343494415283	1.2163679599761963	0.6807792782783508	0.0	1.2597776651382446	0.0	0.22973419725894928	1.249964714050293	0.0	1.8326572179794312	1.3417651653289795	0.0	0.0	0.0	0.0	0.0	0.0	0.8841990828514099	0.0	0.0	0.0	0.0	0.0	0.0	0.7233957648277283	1.3072763681411743	0.0	0.0	0.7199180126190186	0.8596535921096802	0.3944171667098999	0.0	0.0	0.0	0.8491285443305969	0.0	0.0	0.0	0.0	0.0	0.969781219959259	1.3417129516601562	0.0	0.0	0.22332219779491425	0.0	0.0	1.495908260345459	0.04844263568520546	0.0	1.1432064771652222	0.21587948501110077	0.0	1.25870943069458	0.7235201001167297	1.8263823986053467	0.0	1.472806692123413	0.0	0.23547403514385223	0.0	0.0	0.18139907717704773	0.0	1.3875384330749512	0.0	0.9380806684494019	1.1970919370651245	1.0515153408050537	0.0	0.0	0.0	0.0	0.0	1.63497793674469	0.0	0.0	1.4875632524490356	0.6259585022926331	0.0	0.0	0.0	0.0	0.0	0.0	0.0	0.14432264864444733	1.6014258861541748	0.0	0.0	0.0	2.177656650543213	0.853411078453064	0.0	0.10173057019710541	0.2670023739337921	1.080276370048523	0.0	0.0	0.0	0.0	0.0	0.0	1.4382120370864868	0.0	0.0	1.1054037809371948	1.2982710599899292	0.0	0.0	0.6261777281761169	0.0	0.0	0.0	0.0	0.37597718834877014	0.0	2.0494492053985596	0.0	0.0	0.0	0.0	0.6341462135314941	0.0	0.0	0.5751326680183411	0.0	0.0	2.1262917518615723	0.0	0.0	1.2350465059280396	1.0240181684494019	1.0805175304412842	1.7344818115234375	0.33092883229255676	0.0	0.4920154809951782	0.9351350665092468	0.0	0.0	0.0	0.0	1.0398365259170532	0.0	0.0	1.5293762683868408	0.0	0.0	0.0	0.0	1.1806491613388062	1.1266499757766724	0.0	0.0	1.6085411310195923	0.0	0.0	0.0	0.0	0.0	0.0	0.0	0.0	0.0	0.28268349170684814	0.0	1.3324137926101685	0.0	1.759747862815857	0.4462880790233612	0.0	1.0660157203674316	0.0	0.0	0.0	0.0	0.0	0.0	0.5907596945762634	0.0	1.2659975290298462	2.157712459564209	0.3428504168987274	0.0	1.3555368185043335	0.0	0.0	0.0	1.7587412595748901	1.4410457611083984	1.2709864377975464	0.8152742981910706	0.0	0.0	0.0	1.6211419105529785	0.493369996547699	1.6526063680648804	1.1767202615737915	0.0	0.0	0.15140464901924133	1.1621496677398682	0.42343440651893616	0.0	0.0	0.0	0.0	1.1496398448944092	0.0	0.0	0.0	0.7274254560470581	0.7574560046195984	1.650418996810913	0.0	0.8580014109611511	0.0	0.10969514399766922	0.910003125667572	0.0	0.0	0.0	0.0	0.0	0.0
0.0	0.0	0.0	0.829276978969574	0.0	0.0	2.221407651901245	0.0	1.4984138011932373	0.5425089597702026	0.9881792664527893	0.0	1.1337345838546753	0.359520822763443	0.0	2.0864386558532715	1.4430909156799316	2.468998908996582	1.6092276573181152	0.2951027452945709	1.2638523578643799	0.7761251330375671	0.0	0.3586198687553406	0.0	0.0	1.514692783355713	0.0	2.877021074295044	0.5550492405891418	1.2785229682922363	0.0	0.0	1.4208866357803345	0.0	0.0	1.1520802974700928	0.0	1.5917032957077026	0.687328577041626	0.0	0.0	0.0	0.0	0.0	0.0	2.1361496448516846	0.0	0.0	0.0	0.0	0.0	0.0	1.7291704416275024	1.3790538311004639	0.0	0.0	0.40737658739089966	0.14794526994228363	1.4126781225204468	0.0	0.0	0.0	0.0	0.0	0.0	0.0	0.0	0.0	1.116339921951294	1.170920491218567	0.0	0.0	0.3606238067150116	0.0	0.0	0.6850039958953857	0.02844221144914627	0.0	0.6394382119178772	0.050289083272218704	0.0	2.5002048015594482	0.699302613735199	2.288520574569702	0.0	1.6312947273254395	0.0	1.2039179801940918	0.0	0.0	0.0	0.0	0.9707221388816833	0.0	0.6080885529518127	1.2627885341644287	0.4508066475391388	0.0	0.0	0.0	0.0	0.0	1.3935738801956177	0.0	0.0	1.7191623449325562	0.2619122266769409	0.0	0.0	0.0	0.0	0.0	0.0	0.0	0.019535623490810394	0.8639091849327087	0.0	0.0	0.0	1.414001226425171	0.5350228548049927	0.0	0.0	0.8739042282104492	1.3600499629974365	0.0	0.0	0.0	0.0	0.0	0.0	1.3702553510665894	0.0	0.0	1.2335169315338135	0.523059606552124	0.0	0.0	0.4183184802532196	0.0	0.0	0.0	0.0	0.08886159956455231	0.0	2.623037099838257	0.0	0.0	0.21627534925937653	0.0	0.6323568224906921	0.0	0.0	0.4312311112880707	0.0	0.0	2.606382131576538	0.0	0.0	1.6497762203216553	1.0836700201034546	0.8105137944221497	1.0844768285751343	0.0	0.0	0.0	1.3436062335968018	0.0	0.0	0.0	0.0	1.2386083602905273	0.0	0.0	2.5730857849121094	0.47900792956352234	0.0	0.0	0.0	1.0179002285003662	1.6953339576721191	0.0	0.0	1.8865026235580444	0.0	0.0	0.0	0.0	0.0	0.0	0.0	0.0	0.0	0.5649434924125671	0.0	1.3511608839035034	0.0	1.6507785320281982	0.24440160393714905	0.0	2.5175628662109375	0.0	0.0	0.0	0.0	0.0	0.0	0.16505952179431915	0.0	1.155286431312561	1.823858380317688	0.0	0.0	3.10152530670166	0.0	0.0	0.0	2.4611148834228516	0.7299923300743103	2.420304775238037	0.8659806847572327	0.0	0.0	0.0	2.2407736778259277	0.0	2.2637414932250977	1.1597716808319092	0.0	0.0	0.15475371479988098	0.8040626645088196	0.7318664789199829	0.0	0.0	0.0	0.0	1.5470255613327026	0.0	0.0	0.0	1.732182502746582	1.398101806640625	1.503847360610962	0.0	0.6729549169540405	0.0	0.0	0.1770605742931366	0.0	0.0	0.0	0.0	0.0	0.0
0.0	0.0	0.0	0.6591680645942688	0.0	0.0	2.0161871910095215	0.0	2.576625347137451	0.6971219182014465	2.0208964347839355	0.0	0.8640177845954895	0.9950224757194519	0.40148690342903137	2.7229323387145996	2.0720763206481934	1.7611165046691895	1.3872225284576416	0.0	0.9712384939193726	0.32210108637809753	0.0	1.185241460800171	0.0	0.0	0.8613513708114624	0.0	2.209967851638794	0.5907171368598938	1.212737798690796	0.027284692972898483	0.0	0.9674862623214722	0.0	0.0	0.13033075630664825	0.0	1.1603693962097168	0.4232587218284607	0.0	0.0	0.0	0.0	0.0	0.0	2.780912160873413	0.0	0.0	0.4326794743537903	0.0	0.0	0.0	1.4339892864227295	0.6712030172348022	0.0	0.0	0.33874261379241943	0.0	1.5966253280639648	0.0	0.0	0.0	0.0	0.0	0.0	0.0	0.0	0.0	0.6515410542488098	1.4095109701156616	0.0	0.0	0.14689065515995026	0.0	0.0	0.5659686326980591	0.19538001716136932	0.0	0.15632890164852142	0.0	0.0	2.555882215499878	0.6063508987426758	1.7822623252868652	0.0	1.5209628343582153	0.0	1.6411566734313965	0.0	0.0	0.0	0.0	0.03576941415667534	0.0	0.3329339921474457	1.2181562185287476	0.18806029856204987	0.0	0.0	0.0	0.24159620702266693	0.0	1.3713021278381348	0.0	0.0	2.2493908405303955	0.8718876838684082	0.0	0.0	0.0	0.0	0.0	0.0	0.0	0.0	1.6320892572402954	0.0	0.0	0.0	0.7472240924835205	0.6848220229148865	0.0	0.0	0.7796973586082458	1.5556915998458862	0.0	0.0	0.0	0.11428704112768173	0.0	0.0	0.4090130031108856	0.0	0.0	1.936444878578186	1.0172452926635742	0.0	0.0	0.0	0.0	0.0	0.0	0.6918339729309082	0.06744513660669327	0.0	2.9457762241363525	0.0	0.0	0.006745294202119112	0.0	0.7801184058189392	0.0	0.0	0.0	0.0	0.0	2.9974615573883057	0.0	0.0	1.092816948890686	1.1189053058624268	0.7625171542167664	1.3133386373519897	0.0	0.0	0.0	1.369762897491455	0.0	0.0	0.0	0.0	0.6308098435401917	0.0	0.0	3.2044708728790283	1.1635732650756836	0.0	0.0	0.0	1.7146687507629395	0.4712762236595154	0.0	0.0	1.0695433616638184	0.0	0.0	0.0	0.0	0.0	0.0	0.0	0.0	0.0	0.28111740946769714	0.0	0.5795291066169739	0.0	1.917127013206482	0.0	0.0	2.896611213684082	0.0	0.0	0.0	0.0	0.0	0.0	0.9711096882820129	0.0	1.7138562202453613	2.105808734893799	0.5275437235832214	0.0	3.080066680908203	0.0	0.0	0.0	1.7241753339767456	0.5303661823272705	2.6470251083374023	0.8378250002861023	0.0	0.0	0.0	1.051758050918579	0.0	1.473889708518982	0.7818211913108826	0.0	0.0	0.8650447726249695	1.2435681819915771	0.20711854100227356	0.0	0.0	0.0	0.0	2.433504343032837	0.0	0.0	0.0	1.0917341709136963	2.18992280960083	1.0191298723220825	0.0	1.316544532775879	0.0	0.0	0.0	0.0	0.0	0.0	0.6910585761070251	0.0	0.0
0.0	0.0	0.0	0.7408609986305237	0.1162523627281189	0.0	1.7244656085968018	0.0	1.407591462135315	0.604234516620636	1.2984455823898315	0.0	0.8798905611038208	1.1502310037612915	0.3582722544670105	2.1633307933807373	1.3650580644607544	1.9580614566802979	1.5005805492401123	0.3350445032119751	1.2744145393371582	0.2606719136238098	0.0	0.5742508172988892	0.0	0.0	1.2289775609970093	0.0	1.5149462223052979	0.4759427011013031	1.009070634841919	0.558323085308075	0.0	1.5847132205963135	0.0	0.0	0.2984083294868469	0.0	1.7855191230773926	0.9845194220542908	0.0	0.0	0.0	0.0	0.0	0.0	1.3802006244659424	0.0	0.0	0.0	0.0	0.0	0.0	1.2992064952850342	0.9802170991897583	0.0	0.0	1.107011318206787	0.4298481345176697	1.195923089981079	0.0	0.0	0.0	0.0	0.0	0.0	0.0	0.0	0.0	0.439633846282959	1.3340047597885132	0.0	0.0	0.5451679825782776	0.0	0.0	0.777763843536377	0.2973126769065857	0.0	0.6602660417556763	0.0	0.0	1.6799882650375366	0.7763652205467224	1.160011649131775	0.0	1.7719486951828003	0.0	0.40324437618255615	0.0	0.0	0.0	0.0	0.720061719417572	0.0	0.0	1.0384405851364136	0.24747136235237122	0.0	0.0	0.0	0.24299699068069458	0.0	1.2230209112167358	0.0	0.0	1.652390480041504	0.2812192738056183	0.0	0.0	0.0	0.0	0.0	0.0	0.0	0.0	1.0691295862197876	0.0	0.0	0.0	0.7315046191215515	1.239297866821289	0.0	0.14881032705307007	0.35515424609184265	1.1972074508666992	0.0	0.0	0.0	0.0	0.0	0.0	1.1030223369598389	0.0	0.0	1.2201831340789795	0.8097003698348999	0.0	0.0	0.7709693312644958	0.0	0.0	0.0	0.8518795967102051	0.0	0.0	2.142346143722534	0.0	0.0	0.9023478031158447	0.0	0.08650020509958267	0.0	0.0	0.0	0.0	0.0	1.9716991186141968	0.0	0.0	0.8785774111747742	0.9785026907920837	0.679530143737793	0.8969917297363281	0.0	0.0	0.0	1.1246224641799927	0.0	0.0	0.0	0.0	0.6385373473167419	0.0	0.0	2.7251219749450684	1.102805495262146	0.0	0.0	0.0	1.2829636335372925	0.931408703327179	0.0	0.0	1.2290383577346802	0.0	0.0	0.0	0.0	0.0	0.0	0.0	0.0	0.0	0.48819637298583984	0.0	0.695257306098938	0.0	1.695263147354126	0.13742390275001526	0.0	2.141706705093384	0.0	0.0	0.0	0.0	0.0	0.0	0.60045325756073	0.0	1.1872059106826782	1.7401740550994873	0.250008761882782	0.0	2.1591646671295166	0.0	0.0	0.0	2.0244007110595703	0.4241390526294708	1.8476152420043945	0.6826232671737671	0.0	0.0	0.0	1.3194221258163452	0.0847315713763237	1.416537880897522	0.9813633561134338	0.0	0.0	0.2842121422290802	1.399025559425354	0.0	0.0	0.0	0.0	0.0	1.5203588008880615	0.0	0.0	0.0	0.9957786798477173	1.8012374639511108	1.0959293842315674	0.0	0.7365040183067322	0.0	0.0	0.5050795078277588	0.0	0.0	0.0	0.0	0.0	0.0
