0.0	0.0	0.0	1.1604701280593872	0.5993541479110718	0.0	1.5111764669418335	0.0	3.090137004852295	0.0	0.0	0.0	0.011011830531060696	0.5467800498008728	0.0	1.776048183441162	1.1530128717422485	0.9183342456817627	1.0352776050567627	0.16958948969841003	1.4815832376480103	1.112710952758789	0.0	1.305356740951538	0.0	0.0	0.0	1.0347833633422852	0.6656731963157654	0.1745642125606537	0.9680023789405823	0.22414766252040863	0.0	0.8435454368591309	0.0	0.0	1.1308101415634155	0.0	0.797408401966095	1.8200089931488037	0.0	0.0	0.0	0.21168169379234314	0.0	0.0	0.5206144452095032	0.0	0.0	1.6875720024108887	0.0	0.0	0.0	1.297650694847107	0.9153106212615967	0.0	0.0	0.0	0.6113521456718445	1.077884316444397	0.0	0.0	0.0	0.0	0.0	0.0	0.0	0.0	0.0	0.8840570449829102	0.7460505962371826	0.0	0.0	0.0	0.0	0.0	0.5627830028533936	0.0	0.0	1.1159896850585938	0.0	0.0	1.5606828927993774	0.0	1.3786522150039673	0.0	2.27978515625	0.0	1.5500030517578125	0.0	0.0	0.9966942667961121	0.0	0.723018229007721	0.0	0.4808982312679291	0.8660690784454346	0.0	0.0	0.0	0.0	0.2580084800720215	0.0	0.42217159271240234	0.0	0.0	0.838410496711731	0.050351422280073166	0.0	0.16312597692012787	0.0	0.0	0.0	0.0	0.0	0.0	0.7147291302680969	0.0	0.5370467901229858	0.0	0.6715985536575317	0.0	0.0	0.38410648703575134	0.36295413970947266	1.500710368156433	0.0	0.0	0.0	1.317379355430603	0.0	0.0	0.3337506651878357	0.0	0.0	0.6343558430671692	0.25960132479667664	0.0	0.0	1.0279616117477417	0.0	0.0	0.0	0.2389010339975357	0.6379560828208923	0.0	2.0506582260131836	0.0	0.0	0.0	0.0	0.019230090081691742	0.0	0.0	0.46373090147972107	0.0	0.0	1.0470412969589233	0.0	0.0	0.5506078600883484	0.0	0.11340922862291336	0.0	0.12676198780536652	0.0	0.0	2.0095627307891846	0.0	0.0	0.0	0.0	0.9030238389968872	0.0	0.0	2.668517827987671	0.5751875042915344	0.0	0.0	0.0	1.2577863931655884	0.664685070514679	0.0	0.0	0.8334795236587524	0.0	0.0	0.0	0.0	0.0	0.0	0.0	0.0	0.0	0.17229406535625458	0.0	0.4787658154964447	0.0	2.523730754852295	1.706339955329895	0.0	0.0	0.0	0.0	0.0	0.0	0.0	0.0	0.8151421546936035	0.0	1.9745850563049316	0.9090484976768494	0.0	0.0	1.517611026763916	0.0	0.0	0.0	1.8977241516113281	1.2599955797195435	1.8569321632385254	0.32758376002311707	0.0	0.0	0.0	1.694022297859192	1.233795166015625	0.7121195197105408	1.422996997833252	0.0	0.0	1.1885309219360352	0.3442620038986206	0.0	0.0	0.0	0.0	0.0	0.7863584756851196	0.0	0.0	0.0	0.6644945740699768	0.8298884630203247	0.6540977358818054	0.0	0.346963107585907	0.0	1.1462314128875732	1.233787178993225	0.0	0.0	0.0	1.1894629001617432	0.0	0.0
0.0	0.0	0.0	1.1298818588256836	0.0	0.0	1.6093802452087402	0.0	2.2797019481658936	0.2761213481426239	0.0	0.0	1.09603750705719	1.0445141792297363	0.0	1.347826600074768	0.13765515387058258	1.2741869688034058	1.477973461151123	0.5369904041290283	1.0285166501998901	1.4419931173324585	0.0	1.308173418045044	0.0	0.0	0.18472301959991455	0.6632831692695618	1.1697570085525513	0.7462993264198303	1.2939743995666504	0.31466007232666016	0.0	0.9981539249420166	0.0	0.21572831273078918	1.263318657875061	0.0	1.3336026668548584	1.3601254224777222	0.0	0.0	0.0	0.0	0.0	0.0	0.5377618074417114	0.0	0.0	0.2707913815975189	0.0	0.0	0.0	1.017173171043396	1.4654117822647095	0.0	0.0	0.1490536630153656	1.403941035270691	0.8192653656005859	0.0	0.0	0.0	0.0	0.0	0.0	0.0	0.0	0.0	1.3871382474899292	0.7497307062149048	0.0	0.0	0.0	0.0	0.0	0.7014332413673401	0.4212719202041626	0.0	0.7357020378112793	0.015353888273239136	0.0	1.1861358880996704	0.7481545805931091	1.543690800666809	0.0	1.9401832818984985	0.0	0.6539770364761353	0.0	0.0	0.9487931132316589	0.0	0.7672139406204224	0.0	0.7432736754417419	1.1427128314971924	0.06128634512424469	0.0	0.02432766556739807	0.0	0.0	0.0	0.7367921471595764	0.0	0.0	1.1120210886001587	0.0	0.0	0.0	0.0	0.0	0.0	0.0	0.0	0.0	0.37512481212615967	0.0	0.0	0.0	0.10989712923765182	0.4223029613494873	0.0	0.13566771149635315	0.509263813495636	0.4544196128845215	0.0	0.0	0.0	0.0	0.0	0.0	0.0	0.0	0.0	0.0	0.2067006677389145	0.0	0.0	1.2076359987258911	0.0	0.0	0.0	0.706929087638855	1.0180636644363403	0.0	1.4546505212783813	0.0	0.0	0.0	0.0	0.0	0.0	0.0	1.1127572059631348	0.0	0.0	0.4093555808067322	0.0	0.0	0.7832021117210388	0.5918086171150208	0.4202766716480255	0.0	0.4809246063232422	0.0	0.11381042748689651	1.1368829011917114	0.0	0.0	0.0	0.0	1.0129549503326416	0.0	0.6819230914115906	1.0269380807876587	0.052669867873191833	0.0	0.0	0.0	0.4822358191013336	1.2349196672439575	0.0	0.0	1.1318883895874023	0.0	0.0	0.0	0.0	0.0	0.0	0.0	0.0	0.0	0.6678392887115479	0.0	1.2879480123519897	0.0	1.2945373058319092	1.4561315774917603	0.0	0.0	0.0	0.0	0.0	0.0	0.0	0.0	0.0	0.0	0.3147403299808502	0.29787784814834595	0.015657205134630203	0.0	1.1807130575180054	0.0	0.0	0.0	2.1513795852661133	1.506758689880371	1.1526652574539185	0.0	0.0	0.0	0.0	1.6744866371154785	0.6043988466262817	1.1605463027954102	1.6410999298095703	0.0	0.0	0.0	0.0	0.7054893970489502	0.0	0.0	0.0	0.0	0.34245163202285767	0.0	0.0	0.0	1.0445530414581299	0.19121456146240234	1.4531656503677368	0.0	0.0	0.0	0.974724531173706	1.2368621826171875	0.0	0.06855104118585587	0.0	0.03067232295870781	0.0	0.0
0.0	0.0	0.0	0.5386897921562195	0.97181636095047	0.0	0.6734390258789062	0.0	2.5146055221557617	0.0	0.0	0.0	0.2615026533603668	0.05193950980901718	0.3296184241771698	1.7410961389541626	0.8409981727600098	0.26775237917900085	0.8294594287872314	0.020605405792593956	0.9069206118583679	1.1344252824783325	0.0	1.4399807453155518	0.0	0.0	0.0	0.9532138705253601	0.36773866415023804	0.0	0.19485917687416077	1.1342363357543945	0.0	0.7787320017814636	0.0	0.5315420031547546	0.3485339879989624	0.0	0.702464759349823	0.7985814809799194	0.0	0.0	0.0	0.4373798072338104	0.0	0.0	0.0	0.0	0.0	1.362850308418274	0.0	0.0	0.0	0.6050236225128174	1.0676932334899902	0.0	0.0	0.02136070281267166	0.6945860981941223	0.5934637784957886	0.0	0.0	0.0	0.0	0.0	0.0	0.0	0.0	0.0	0.5481659173965454	0.7921243906021118	0.0	0.0	0.0	0.0	0.0	0.28000301122665405	0.28634727001190186	0.0	0.9879367351531982	0.0	0.0	0.6935192346572876	0.0	0.8118302226066589	0.0	1.8918721675872803	0.0	1.310719609260559	0.0	0.0	0.13615280389785767	0.0	0.686216413974762	0.0	0.4757228493690491	0.6303423643112183	0.06563039124011993	0.0	0.0	0.0	0.2753266990184784	0.0	0.6810150742530823	0.0	0.0	0.9445875883102417	0.4910009503364563	0.0	0.4372997581958771	0.0	0.0	0.0	0.0	0.0	0.0	0.6202077269554138	0.0	0.8505091667175293	0.0	0.0	0.5433470606803894	0.0	0.9511385560035706	0.6318195462226868	1.021669864654541	0.0	0.0	0.0	1.2747960090637207	0.0	0.0	0.004029738251119852	0.0	0.0	0.9389601349830627	0.47177132964134216	0.0	0.0	0.9923366904258728	0.0	0.0	0.0	0.5102168321609497	0.8392137289047241	0.0	1.50240159034729	0.0	0.0	0.0	0.0	0.42348405718803406	0.0	0.0	0.8710615634918213	0.0	0.0	0.7290916442871094	0.0	0.0	0.7096529006958008	0.2472572922706604	0.1773442178964615	0.0	0.4096742272377014	0.0	0.1972709745168686	2.035804271697998	0.0	0.0	0.0	0.0	0.6052480936050415	0.0	1.0220130681991577	2.447317361831665	1.0989443063735962	0.0	0.0	0.0	0.8226526379585266	0.7094116806983948	0.0	0.0	0.6204428672790527	0.0	0.0	0.0	0.0	0.0	0.0	0.0	0.0	0.0	0.02089153602719307	0.0	0.42247992753982544	0.0	1.8540347814559937	1.308052897453308	0.0	0.0	0.0	0.0	0.0	0.0	0.0	0.0	0.7051184773445129	0.0	1.6079075336456299	0.5124219059944153	0.0	0.0	0.9978824257850647	0.0	0.0	0.0	1.3020899295806885	1.3848217725753784	1.2577546834945679	0.427925169467926	0.0	0.0	0.0	1.4256407022476196	1.386238932609558	0.07051364332437515	1.1007213592529297	0.0	0.0	1.3285365104675293	0.5960109233856201	0.0	0.0	0.0	0.0	0.0	0.888056218624115	0.0	0.0	0.0	0.3727993369102478	0.25475868582725525	0.6217195391654968	0.0	0.4059649705886841	0.0	0.8956775665283203	0.7034772038459778	0.0	0.08988785743713379	0.0	0.6715134978294373	0.0	0.0
0.0	0.0	0.0	0.5040222406387329	0.39920908212661743	0.0	1.3596994876861572	0.0	2.2412290573120117	0.6180212497711182	0.0	0.0	0.5548661947250366	1.0499998331069946	0.47795388102531433	1.310900092124939	0.09963260591030121	0.8972190618515015	1.076011300086975	1.1380283832550049	1.1870713233947754	1.2502968311309814	0.0	1.7388570308685303	0.0	0.0	0.16054736077785492	1.2798192501068115	0.5803118944168091	0.5683670043945312	0.9601116180419922	0.9017071723937988	0.0	1.317073941230774	0.0	0.2584007680416107	1.1774767637252808	0.0	0.7642546892166138	1.5171408653259277	0.0	0.0	0.0	0.05709010362625122	0.0	0.0	0.0	0.0	0.0	0.954882025718689	0.0	0.0	0.0	0.9408103227615356	1.3000047206878662	0.0	0.0	0.5117449164390564	1.228452444076538	0.4283074140548706	0.0	0.0	0.0	0.24495159089565277	0.0	0.0	0.0	0.0	0.0	1.0711148977279663	0.6450846195220947	0.0	0.0	0.0	0.0	0.0	0.6191877126693726	0.566766083240509	0.0	1.0595414638519287	0.0	0.0	0.6034303307533264	0.10545611381530762	1.0335829257965088	0.0	1.963015079498291	0.0	0.4133441150188446	0.0	0.0	0.7389474511146545	0.0	1.05177903175354	0.0	0.7315575480461121	0.6235716342926025	0.0	0.0	0.5114573836326599	0.0	0.0	0.0	0.6657267212867737	0.0	0.0	0.41617316007614136	0.29150813817977905	0.0	0.0	0.0	0.0	0.0	0.0	0.0	0.0	0.9516801238059998	0.0	0.23872756958007812	0.0	1.0068931579589844	0.27199405431747437	0.0	0.6856442093849182	0.2881622314453125	1.410996913909912	0.0	0.0	0.0	0.22402028739452362	0.0	0.0	0.5560957193374634	0.0	0.0	0.27083340287208557	0.676773190498352	0.0	0.0	0.7056688666343689	0.0	0.0	0.0	1.0954029560089111	1.8570650815963745	0.0	1.1876895427703857	0.0	0.0	0.0	0.0	0.0	0.0	0.0	1.2619105577468872	0.0	0.0	0.4712526798248291	0.0	0.0	0.8889049887657166	0.46026068925857544	0.26660823822021484	0.0	0.6457614302635193	0.0	0.3707634210586548	1.7317458391189575	0.0	0.0	0.0	0.0	0.8143978714942932	0.0	0.343589723110199	1.7892588376998901	0.0	0.0	0.0	0.0	0.17022991180419922	1.274080514907837	0.0	0.0	0.9679595828056335	0.0	0.0	0.0	0.0	0.0	0.0	0.0	0.0	0.0	0.6287050843238831	0.0	1.5233827829360962	0.0	1.95791757106781	1.2016112804412842	0.0	0.0	0.0	0.0	0.0	0.0	0.0	0.0	0.48155856132507324	0.0	1.1672422885894775	0.5593840479850769	0.0	0.0	0.6047492027282715	0.0	0.0	0.0	1.411871314048767	2.0693440437316895	0.8140556216239929	0.35793694853782654	0.0	0.0	0.0	1.4831494092941284	1.2610880136489868	0.33882665634155273	1.4053254127502441	0.0	0.0	0.4035990536212921	0.24588407576084137	0.0	0.0	0.0	0.0	0.0	0.5282633900642395	0.0	0.0	0.0	0.3938693106174469	0.1155603900551796	1.1357213258743286	0.0	0.0	0.0	1.4511334896087646	1.5983233451843262	0.0	0.41090941429138184	0.0	0.20235155522823334	0.0	0.0
0.0	0.0	0.0	0.0	1.291250228881836	0.0	0.6861867904663086	0.0	2.4467990398406982	0.0	0.008496806025505066	0.0	0.0	0.0	0.7268421053886414	0.7979621291160583	1.4395254850387573	0.6637750267982483	0.29399099946022034	0.40686261653900146	0.9075342416763306	1.2891744375228882	0.0	1.3877527713775635	0.0	0.0	0.0	1.7409411668777466	0.04542631655931473	0.0	0.0	1.8578037023544312	0.0	1.302269697189331	0.0	0.7557104229927063	0.9620376825332642	0.0	0.812938928604126	0.865871012210846	0.0	0.0	0.0	0.2956565022468567	0.0	0.0	0.45060551166534424	0.0	0.0	2.0478932857513428	0.0	0.0	0.0	0.6637759208679199	0.8522043228149414	0.0	0.0	0.0	0.3427450954914093	1.0269606113433838	0.0	0.0	0.0	0.0	0.0	0.0	0.0	0.0	0.0	0.9881942868232727	0.36747071146965027	0.0	0.0	0.0	0.0	0.0	0.005584845319390297	0.0	0.0	1.1281005144119263	0.0	0.0	0.7683132886886597	0.0	1.0456315279006958	0.0	1.4906622171401978	0.0	0.533117413520813	0.0	0.0	0.0	0.0	1.0753264427185059	0.0	0.2988108992576599	0.08454377949237823	0.0	0.0	0.0	0.0	0.8439757823944092	0.0	0.5924828052520752	0.0	0.0	0.2839745581150055	0.5174463391304016	0.0	0.4566613435745239	0.0	0.0	0.0	0.0	0.0	0.0	0.730824887752533	0.0	1.5059880018234253	0.0	0.0	0.0	0.0	1.3635865449905396	0.6826377511024475	1.283715009689331	0.0	0.0	0.0	1.4271336793899536	0.0	0.0	0.7205937504768372	0.0	0.0	0.8089953064918518	0.5189116597175598	0.0	0.0	0.7526536583900452	0.0	0.0	0.0	0.0	0.1560276597738266	0.0	1.1317439079284668	0.0	0.0	0.0	0.0	0.07761923968791962	0.0	0.0	1.1329792737960815	0.0	0.0	0.0	0.0	0.0	1.0134001970291138	0.0	0.0	0.0	0.6586048603057861	0.0	0.7017092704772949	2.1200759410858154	0.0	0.0	0.0	0.0	0.7813944816589355	0.0	0.0	2.9070417881011963	1.4045891761779785	0.0	0.0	0.0	0.1568373292684555	0.6547124981880188	0.0	0.0	0.759351372718811	0.0	0.0	0.0	0.0	0.0	0.0	0.0	0.0	0.0	0.12822845578193665	0.0	1.1314343214035034	0.0	1.6732981204986572	0.5619891285896301	0.0	0.0	0.0	0.0	0.0	0.0	0.0	0.0	0.18641650676727295	0.0	1.3595545291900635	0.24527134001255035	0.0	0.0	0.4286348521709442	0.0	0.0	0.0	1.7797141075134277	0.757411539554596	1.2835410833358765	0.0	0.0	0.0	0.0	1.4033695459365845	1.081872820854187	0.0	0.8729395866394043	0.0	0.0	0.6272262334823608	0.19716298580169678	0.0	0.0	0.0	0.0	0.0	0.49425628781318665	0.0	0.0	0.0	0.5078123211860657	0.3098307251930237	0.5422948598861694	0.0	0.2308417409658432	0.0	1.194737195968628	0.52684485912323	0.0	0.0	0.0	0.585880696773529	0.0	0.0
0.0	0.0	0.0	1.8927912712097168	0.0	0.0	1.122613787651062	0.0	3.7675704956054688	0.0	0.877307653427124	0.0	0.005947557277977467	0.6900680661201477	0.6642460823059082	3.175736427307129	2.796309232711792	1.5273290872573853	0.8984236717224121	0.0029651287477463484	0.8128923177719116	0.6747907996177673	0.0	1.1722537279129028	0.0	0.0	0.0	0.0	1.0224614143371582	0.0	1.1867190599441528	1.086218237876892	0.0	0.7506533265113831	0.0	0.0	0.5235779285430908	0.0	0.5587398409843445	1.4663304090499878	0.0	0.0	0.0	0.5409432053565979	0.0	0.0	1.1960595846176147	0.0	0.0	1.8132985830307007	0.0	0.0	0.0	0.8633401989936829	1.4734137058258057	0.0	0.0	0.0	0.06924418359994888	1.87761390209198	0.0	0.0	0.0	0.0	0.0	0.0	0.0	0.0	0.0	0.8038159608840942	0.5760486125946045	0.0	0.0	0.0	0.0	0.0	0.4129837453365326	0.0	0.0	0.7385521531105042	0.0	0.0	2.1139111518859863	0.0	0.5154893398284912	0.0	1.6510124206542969	0.0	2.7842140197753906	0.0	0.0	0.45932504534721375	0.0	0.25867655873298645	0.0	0.0	0.5953329801559448	0.0	0.0	0.0	0.0	1.0802514553070068	0.0	0.0	0.0	0.0	1.4724189043045044	0.1814582496881485	0.0	0.9435206055641174	0.0	0.0	0.0	0.0	0.0	0.0	0.4792047441005707	0.0	1.7283947467803955	0.0	0.8711315393447876	0.0	0.0	0.33618828654289246	0.7894341945648193	1.7138280868530273	0.0	0.0	0.0	1.5320324897766113	0.0	0.0	0.5716705322265625	0.0	0.0	0.7354180812835693	0.06576613336801529	0.0	0.0	0.0	0.0	0.0	0.0	0.0	0.32335570454597473	0.0	2.951723575592041	0.0	0.0	0.0	0.0	0.5573592782020569	0.0	0.0	0.0180063359439373	0.0	0.0	1.44524085521698	0.0	0.0	0.4096396863460541	0.0	0.0	0.0	0.0	0.0	0.0	2.1219515800476074	0.0	0.0	0.0	0.0	1.3132505416870117	0.0	0.0	3.9366543292999268	2.0831000804901123	0.0	0.0	0.0	1.2208408117294312	0.4932774305343628	0.0	0.0	1.291918396949768	0.0	0.0	0.0	0.0	0.0	0.0	0.0	0.0	0.0	0.17305485904216766	0.0	1.104718804359436	0.0	2.767515182495117	0.42219507694244385	0.0	0.0	0.0	0.0	0.0	0.0	0.0	0.0	0.1387713998556137	0.0	1.7628953456878662	1.2432870864868164	0.0	0.0	1.6391053199768066	0.0	0.0	0.0	1.7418686151504517	0.9115170240402222	2.712463140487671	0.06971169263124466	0.0	0.0	0.0	1.2373405694961548	0.8851866126060486	1.3054271936416626	0.5921199917793274	0.0	0.0	1.0436391830444336	0.13785885274410248	0.0	0.0	0.0	0.0	0.0	1.951262354850769	0.0	0.0	0.0	1.5422396659851074	1.8583208322525024	0.0	0.0	0.4662295877933502	0.0	0.5465825200080872	1.331497073173523	0.0	0.0	0.0	1.2466871738433838	0.0	0.0
0.0	0.0	0.0	0.18960583209991455	0.5327569842338562	0.0	0.660012423992157	0.0	1.093997836112976	0.4871373474597931	0.0	0.0	0.32724088430404663	0.8055117130279541	0.5958005785942078	0.5902789831161499	0.10518665611743927	0.28200075030326843	0.30064401030540466	0.572026789188385	0.5035478472709656	0.16086076200008392	0.0	1.327217936515808	0.0	0.0	0.1327885389328003	0.8995725512504578	0.4129945933818817	0.3594740033149719	0.6488540172576904	0.408153772354126	0.0	0.31779319047927856	0.0	0.4208327829837799	0.39553430676460266	0.0	0.5458366870880127	0.5551196336746216	0.0	0.0	0.0	0.0	0.0	0.0	0.0	0.0	0.0	0.8390768766403198	0.0	0.0	0.0	0.0	0.3500301241874695	0.0	0.0	0.6822004318237305	0.9344056844711304	0.0	0.0	0.0	0.0	0.34903714060783386	0.0	0.0	0.0	0.0	0.0	0.23648177087306976	0.7235339879989624	0.0	0.0	0.0019856251310557127	0.0	0.0	0.5730279684066772	0.5511095523834229	0.0	0.64251309633255	0.0	0.0	0.5174850225448608	0.0	0.7145066857337952	0.0	0.6778883337974548	0.0	0.16811305284500122	0.0	0.0	0.6041804552078247	0.0	0.6027923226356506	0.0	0.4962039589881897	0.5358320474624634	0.6956235766410828	0.0	0.37527281045913696	0.0	0.0	0.0	0.0	0.0	0.0	0.05320649594068527	0.49673986434936523	0.0	0.0	0.0	0.0	0.0	0.0	0.0	0.0	0.785679817199707	0.0	0.1369141787290573	0.0	0.15120276808738708	0.5308374762535095	0.0	0.28948503732681274	0.0	0.7114725708961487	0.0	0.0	0.0	0.3162515163421631	0.0	0.0	0.4158286154270172	0.0	0.0	0.5688406825065613	0.5585468411445618	0.0	0.0	0.0	0.0	0.0	0.0	0.8824015259742737	1.042386770248413	0.0	0.6587770581245422	0.0	0.0	0.0	0.0	0.34594017267227173	0.0	0.0	0.4890635013580322	0.0	0.0	0.5841553807258606	0.0	0.0	0.5139135718345642	0.4276062548160553	0.462161123752594	0.3973675072193146	0.4582812488079071	0.0	0.11726560443639755	1.0886919498443604	0.0	0.0	0.0	0.0	0.20286870002746582	0.0	0.671031653881073	0.41943106055259705	0.03449398651719093	0.0	0.0	0.5145469903945923	0.6358180642127991	0.3003471791744232	0.0	0.0	0.5187456011772156	0.0	0.0	0.0	0.0	0.0	0.0	0.0	0.0	0.0	0.4699263274669647	0.0	0.3505457639694214	0.0	0.8728954792022705	0.974072277545929	0.0	0.0	0.0	0.0	0.0	0.0	0.0	0.0	0.8817173838615417	0.0	0.7179968953132629	0.8313692212104797	0.37607696652412415	0.0	0.256088525056839	0.0	0.0	0.0	0.5909460186958313	0.9475282430648804	0.17979490756988525	0.41981279850006104	0.0	0.0	0.0	0.21608957648277283	0.9342947602272034	0.289095401763916	0.7365444302558899	0.0	0.0	0.268636554479599	0.6210981607437134	0.2618921995162964	0.0	0.0	0.0	0.0	0.6038725972175598	0.0	0.0	0.0	0.38873228430747986	0.11371981352567673	0.8575558662414551	0.0	0.509113609790802	0.0	0.5930110812187195	0.5847405791282654	0.0	0.8106441497802734	0.0	0.046987827867269516	0.0	0.0
0.0	0.0	0.0	0.15567003190517426	0.921128511428833	0.0	0.7746699452400208	0.0	2.5660834312438965	0.04779302701354027	0.0	0.0	0.10241695493459702	0.30551862716674805	0.17493197321891785	1.4062718152999878	0.7234260439872742	0.5722152590751648	0.48617905378341675	0.4634789526462555	1.234564185142517	0.8568912148475647	0.0	1.2495157718658447	0.0	0.0	0.0	1.3871281147003174	0.0	0.0	0.40434151887893677	1.0774999856948853	0.0	0.9585698246955872	0.0	0.6174815893173218	0.6416763663291931	0.0	0.8428579568862915	0.9153950214385986	0.0	0.0	0.0	0.08520354330539703	0.0	0.0	0.0	0.0	0.0	1.288776159286499	0.0	0.0	0.0	0.8201465010643005	1.063452124595642	0.0	0.0	0.0	1.1444671154022217	0.6244114637374878	0.0	0.0	0.0	0.0	0.0	0.0	0.0	0.0	0.0	1.109238624572754	0.7587449550628662	0.0	0.0	0.0	0.0	0.0	0.005095671862363815	0.0	0.0	1.176697850227356	0.0	0.0	0.6496782302856445	0.0	0.6531286835670471	0.0	1.9197934865951538	0.0	1.0838160514831543	0.0	0.0	0.41538718342781067	0.0	0.6936759352684021	0.0	0.1281750500202179	0.6111660599708557	0.2777308225631714	0.0	0.0	0.0	0.31107765436172485	0.0	0.6921352744102478	0.0	0.0	0.6569687128067017	0.06870169192552567	0.0	0.2458062320947647	0.0	0.0	0.0	0.0	0.0	0.0	0.4258826673030853	0.0	1.076209545135498	0.0	0.0	0.3215945363044739	0.0	1.0107008218765259	0.5029385685920715	1.0899678468704224	0.0	0.0	0.0	0.4493919610977173	0.0	0.0	0.5426474809646606	0.0	0.0	0.848395049571991	0.6189537644386292	0.0	0.0	0.9413742423057556	0.0	0.0	0.0	0.2058655470609665	0.6462565660476685	0.0	1.0851521492004395	0.0	0.0	0.0	0.0	0.0	0.0	0.0	0.9880763292312622	0.0	0.0	0.3579702377319336	0.0	0.0	0.7656524181365967	0.19485513865947723	0.09307650476694107	0.0	0.26644763350486755	0.0	0.3654760420322418	1.5760136842727661	0.0	0.0	0.0	0.0	0.35614487528800964	0.0	0.602338969707489	2.4386911392211914	0.8747815489768982	0.0	0.0	0.0	0.5735746026039124	0.8211863040924072	0.0	0.0	0.9711944460868835	0.0	0.0	0.0	0.0	0.0	0.0	0.0	0.0	0.0	0.006115627475082874	0.0	0.8917694091796875	0.0	2.039926767349243	1.2665148973464966	0.0	0.0	0.0	0.0	0.0	0.0	0.0	0.0	0.24417592585086823	0.0	1.1610177755355835	0.733256995677948	0.0	0.0	0.3854445517063141	0.0	0.0	0.0	1.6355563402175903	1.2079583406448364	0.8622815608978271	0.23204682767391205	0.0	0.0	0.0	1.4913378953933716	0.9877367615699768	0.0	1.1954246759414673	0.0	0.0	1.2005747556686401	0.5434718728065491	0.0	0.0	0.0	0.0	0.0	0.6586579084396362	0.0	0.0	0.0	0.3008311688899994	0.0	0.6511321663856506	0.0	0.39145877957344055	0.0	1.0119211673736572	0.8770241737365723	0.0	0.0	0.0	0.540480375289917	0.0	0.0
0.0	0.0	0.0	0.3472142219543457	0.6065850853919983	0.0	0.407559335231781	0.0	2.0307202339172363	0.0	0.3846918046474457	0.0	0.0	0.5411428213119507	0.24413545429706573	2.022639751434326	1.1813716888427734	0.4761686623096466	0.003987057600170374	0.006540230009704828	0.46460336446762085	0.34355857968330383	0.0	0.8342401385307312	0.0	0.0	0.0	0.9856125712394714	0.09679920971393585	0.0	0.051526013761758804	0.6637799143791199	0.0	0.21345627307891846	0.0	0.2595410943031311	0.09833194315433502	0.0	0.0	0.3344038128852844	0.0	0.0	0.0	0.711105227470398	0.0	0.0	0.5956088304519653	0.0	0.0	1.509441614151001	0.0	0.0	0.0	0.012074138037860394	0.21293604373931885	0.0	0.0	0.0005554729723371565	0.22230379283428192	0.5198167562484741	0.0	0.0	0.0	0.0	0.0	0.0	0.0	0.0	0.0	0.0	0.25357887148857117	0.0	0.0	0.0	0.0	0.0	0.0	0.34910476207733154	0.0	0.6713343262672424	0.20400936901569366	0.0	0.9808850884437561	0.0	0.33999311923980713	0.0	0.988511860370636	0.0	1.243447184562683	0.0	0.0	0.0	0.0	0.0	0.0	0.0	0.0	0.0	0.0	0.0	0.0	1.1799160242080688	0.0	0.0	0.0	0.0	0.3904951214790344	0.8844723105430603	0.0	0.9205350875854492	0.0	0.0	0.0	0.0	0.0	0.0	0.9312463998794556	0.0	0.9949157238006592	0.0	0.05056273937225342	0.20797207951545715	0.0	0.44602131843566895	0.4694102704524994	1.5303081274032593	0.0	0.0	0.0	1.5257320404052734	0.0	0.0	0.2647555470466614	0.0	0.0	1.0787326097488403	0.5142031908035278	0.0	0.0	0.13388216495513916	0.0	0.0	0.0	0.0	0.6110128164291382	0.0	1.477130651473999	0.0	0.0	0.0	0.0	1.1393327713012695	0.0	0.0	0.0	0.0	0.0	1.1010544300079346	0.0	0.0	0.1199336126446724	0.19119296967983246	0.0	0.0	0.148336261510849	0.0	0.0	1.4622057676315308	0.0	0.0	0.0	0.0	0.3114832043647766	0.0	0.0	3.1870126724243164	1.4875231981277466	0.0	0.0	0.0	0.6754648685455322	0.2390950471162796	0.0	0.0	0.0	0.0	0.0	0.0	0.0	0.0	0.0	0.0	0.0	0.0	0.0	0.0	0.0	0.0	1.9124255180358887	0.6570306420326233	0.0	0.2553352415561676	0.0	0.0	0.0	0.0	0.0	0.0	0.6449585556983948	0.0	2.016763210296631	1.1156947612762451	0.0	0.0	1.2711650133132935	0.0	0.0	0.0	0.5034306645393372	0.4765003025531769	1.5558207035064697	1.0779000520706177	0.0	0.0	0.0	0.3969341218471527	1.3769103288650513	0.0	0.0	0.0	0.0	1.3332849740982056	1.1242960691452026	0.0	0.0	0.0	0.0	0.0	1.0646014213562012	0.0	0.0	0.0	0.27049490809440613	1.00302255153656	0.0	0.0	0.8048815727233887	0.0	0.29426872730255127	0.0	0.0	0.0	0.0	1.3007856607437134	0.0	0.0
0.0	0.0	0.0	1.9870749711990356	0.0	0.0	1.7711050510406494	0.0	3.030054807662964	0.0	0.0	0.0	0.6108691096305847	1.2578625679016113	0.351139634847641	2.3078224658966064	1.154021978378296	1.3472756147384644	0.9134066700935364	0.12148389220237732	1.1731059551239014	1.327398657798767	0.0	1.751625895500183	0.0	0.0	0.09354543685913086	0.7653131484985352	1.5592907667160034	0.44778528809547424	0.8266121745109558	0.0882122814655304	0.0	0.6908603310585022	0.0	0.09870760142803192	1.0829647779464722	0.0	1.0503487586975098	1.5503500699996948	0.0	0.0	0.0	0.0	0.0	0.0	0.6615645289421082	0.0	0.0	1.2578046321868896	0.0	0.0	0.0	0.8389816284179688	1.5478640794754028	0.0	0.0	0.15015636384487152	0.3596086800098419	1.145560383796692	0.0	0.0	0.0	0.0	0.0	0.0	0.0	0.0	0.0	1.0192925930023193	0.6556113958358765	0.0	0.0	0.0	0.0	0.0	0.24277734756469727	0.0	0.0	0.7889541387557983	0.0	0.0	1.7784987688064575	0.46324947476387024	1.6245630979537964	0.0	1.792353868484497	0.0	1.8254882097244263	0.0	0.0	0.5244700312614441	0.0	0.13668034970760345	0.0	0.4068516492843628	1.2144888639450073	0.0	0.0	0.0	0.0	0.737291157245636	0.0	0.7075818777084351	0.0	0.0	1.2972315549850464	0.46525004506111145	0.0	0.062009889632463455	0.0	0.0	0.0	0.0	0.0	0.0	0.727832019329071	0.0	0.6863471269607544	0.0	0.7691007256507874	0.015979493036866188	0.0	0.0	0.5148605704307556	1.4538097381591797	0.0	0.0	0.0	0.566332221031189	0.0	0.0	0.0	0.0	0.0	0.560287356376648	0.06813820451498032	0.0	0.0	0.5626488327980042	0.0	0.0	0.0	0.0	0.4436153769493103	0.0	2.472297430038452	0.0	0.0	0.0	0.0	0.0	0.0	0.0	0.6230082511901855	0.0	0.0	0.8565586805343628	0.0	0.0	0.5662147998809814	0.0	0.0	0.0	0.20092718303203583	0.0	0.0	1.622266411781311	0.0	0.0	0.0	0.0	0.8460813164710999	0.0	0.0	2.5274710655212402	0.5760498046875	0.0	0.0	0.0	0.8752800822257996	1.0730016231536865	0.0	0.0	0.8027967810630798	0.0	0.0	0.0	0.0	0.0	0.0	0.0	0.0	0.0	0.545106053352356	0.0	1.0399055480957031	0.0	2.1401150226593018	0.9551824331283569	0.0	0.0	0.0	0.0	0.0	0.0	0.0	0.0	0.368444561958313	0.0	0.8794171214103699	0.8324688673019409	0.0	0.0	1.7731575965881348	0.0	0.0	0.0	1.9265882968902588	1.4145115613937378	1.7448619604110718	0.2662191092967987	0.0	0.0	0.0	1.6091840267181396	0.6719920635223389	1.165785551071167	1.0743755102157593	0.0	0.0	0.5257551670074463	0.12701097130775452	0.3287104666233063	0.0	0.0	0.0	0.0	1.353337049484253	0.0	0.0	0.0	1.6064176559448242	0.6558312773704529	0.811268150806427	0.0	0.3617366552352905	0.0	1.0144426822662354	1.035833477973938	0.0	0.0	0.0	1.0883461236953735	0.0	0.0
0.0	0.0	0.0	0.48613685369491577	1.029837727546692	0.0	0.5153215527534485	0.0	3.4727261066436768	0.0	1.340085744857788	0.0	0.0	1.0429052114486694	1.0769100189208984	2.9472265243530273	2.4212899208068848	0.7744613289833069	0.361906498670578	0.0	0.8653866052627563	0.0	0.0	1.6950769424438477	0.0	0.0	0.0	0.19605065882205963	0.2265661209821701	0.0	0.8127896189689636	1.0677729845046997	0.0	0.06622720509767532	0.0	0.0	0.02651386335492134	0.0	0.0	0.32751792669296265	0.0	0.0	0.0	1.3703174591064453	0.0	0.0	1.3846043348312378	0.0	0.0	2.3906869888305664	0.0	0.0	0.0	0.9137763977050781	0.08161100745201111	0.0	0.0	0.0	0.22726009786128998	0.975671648979187	0.0	0.0	0.0	0.0	0.0	0.0	0.0	0.0	0.0	0.0	0.7927970886230469	0.0	0.0	0.0	0.0	0.0	0.5087506175041199	0.0	0.0	0.7197115421295166	0.0	0.0	1.8854387998580933	0.0	0.035473816096782684	0.0	1.3889617919921875	0.0	2.637333869934082	0.0	0.0	0.024503856897354126	0.0	0.0	0.0	0.0	0.32570773363113403	0.0	0.0	0.0	0.0	0.7514549493789673	0.0	0.0	0.0	0.0	1.1863912343978882	0.8888866901397705	0.0	1.0137771368026733	0.0	0.0	0.0	0.0	0.0	0.0	0.5173038840293884	0.0	1.2784031629562378	0.0	0.5061963796615601	0.695972204208374	0.0	0.5004066824913025	0.5668333768844604	2.284158229827881	0.0	0.0	0.0	2.026315689086914	0.0	0.0	0.3167388439178467	0.0	0.0	1.2825947999954224	0.7407757639884949	0.0	0.0	0.0	0.0	0.0	0.0	0.0	0.9589939117431641	0.0	2.593090772628784	0.0	0.0	0.0	0.0	1.1408870220184326	0.0	0.0	0.0	0.0	0.0	1.399052619934082	0.0	0.0	0.0	0.0	0.0	0.0	0.0	0.0	0.0	2.0609538555145264	0.0	0.0	0.0	0.0	0.4898609220981598	0.0	0.0	3.27624249458313	1.7412662506103516	0.0	0.0	0.0	1.4948493242263794	0.11627048999071121	0.0	0.0	0.2193712741136551	0.0	0.0	0.0	0.0	0.0	0.0	0.0	0.0	0.0	0.0	0.0	0.004608778282999992	0.0	2.6261038780212402	0.42524734139442444	0.0	0.0	0.0	0.0	0.0	0.0	0.0	0.0	1.023482322692871	0.0	3.1975083351135254	1.4555965662002563	0.0	0.0	1.4759315252304077	0.0	0.0	0.0	0.8922014236450195	0.9964345693588257	2.6535985469818115	1.1584136486053467	0.0	0.0	0.0	0.770069420337677	1.488349437713623	0.509773850440979	0.3753321170806885	0.0	0.0	1.929506540298462	0.6978248953819275	0.0	0.0	0.0	0.0	0.0	1.946355938911438	0.0	0.0	0.0	0.5370165109634399	1.9823721647262573	0.0713992491364479	0.0	0.7414418458938599	0.0	0.28696781396865845	0.6640405058860779	0.0	0.0	0.0	1.4703140258789062	0.0	0.0
0.0	0.0	0.0	1.4305955171585083	0.2690585255622864	0.0	1.1515334844589233	0.0	3.3163161277770996	0.0	0.3457687199115753	0.0	0.0	1.164345145225525	0.5576621294021606	3.003310203552246	1.9208800792694092	0.6358963251113892	0.22692902386188507	0.02388238161802292	0.9187600016593933	0.0	0.0	1.7315912246704102	0.0	0.0	0.0	0.5530610084533691	0.3130866587162018	0.4031544029712677	0.6823650598526001	0.7901999950408936	0.0	0.0	0.0	0.0	0.0	0.0	0.0	1.5339925289154053	0.0	0.0	0.0	1.0193047523498535	0.0	0.0	1.2008975744247437	0.0	0.0	2.2386741638183594	0.0	0.0	0.0	0.19106237590312958	0.07504403591156006	0.0	0.0	0.0	0.0	1.1573206186294556	0.0	0.0	0.0	0.0	0.0	0.0	0.0	0.0	0.0	0.0	0.4338913559913635	0.0	0.0	0.0	0.0	0.0	0.3214591145515442	0.0	0.0	0.619749903678894	0.0	0.0	1.4884642362594604	0.0	0.4919931888580322	0.0	1.6714072227478027	0.0	2.122499465942383	0.0	0.0	0.0	0.0	0.0	0.0	0.0	0.10866160690784454	0.1317366510629654	0.0	0.0	0.0	0.5166947841644287	0.0	0.0	0.0	0.0	0.7739549279212952	0.8957859873771667	0.0	1.238595724105835	0.0	0.0	0.0	0.0	0.0	0.0	1.2492796182632446	0.0	1.550248622894287	0.0	0.47695690393447876	0.043675243854522705	0.0	0.7561109066009521	0.5835030674934387	2.018839120864868	0.0	0.0	0.0	1.7412773370742798	0.0	0.0	0.16314895451068878	0.0	0.0	1.138493537902832	0.08931934833526611	0.0	0.0	0.0	0.0	0.0	0.0	0.3479882776737213	0.8656936883926392	0.0	2.9102654457092285	0.0	0.0	0.0	0.0	1.0034290552139282	0.0	0.0	0.0	0.0	0.0	1.015832781791687	0.0	0.0	0.0	0.0	0.25880753993988037	0.0	0.0	0.0	0.0	2.064710855484009	0.0	0.0	0.0	0.0	0.37331685423851013	0.0	0.0	3.287444829940796	1.2106828689575195	0.0	0.0	0.0	1.513128638267517	0.0	0.0	0.0	0.0	0.0	0.0	0.0	0.0	0.0	0.0	0.0	0.0	0.0	0.0	0.0	0.0	0.0	2.725109100341797	1.0792946815490723	0.0	0.0	0.0	0.0	0.0	0.0	0.0	0.0	1.0865620374679565	0.0	3.0202906131744385	1.5220816135406494	0.0	0.0	1.200195074081421	0.0	0.0	0.0	1.0373432636260986	1.1544585227966309	2.4842286109924316	1.4760024547576904	0.0	0.0	0.0	0.41920363903045654	1.744877815246582	0.31106844544410706	0.13076406717300415	0.0	0.0	1.4540150165557861	0.7581578493118286	0.0	0.0	0.0	0.0	0.0	1.6142032146453857	0.0	0.0	0.0	0.5804076194763184	1.358150839805603	0.0	0.0	0.8102825880050659	0.0	0.7253506183624268	0.6809884309768677	0.0	0.0	0.0	2.0860724449157715	0.0	0.0
0.0	0.0	0.0	1.1118797063827515	0.0	0.0	2.2479047775268555	0.0	2.92915415763855	0.5565482974052429	0.0	0.0	1.0633877515792847	0.7418602705001831	1.016364336013794	1.8649694919586182	0.8659498691558838	1.4776983261108398	1.4050151109695435	0.9489842057228088	1.1003178358078003	1.5187933444976807	0.0	1.8231627941131592	0.0	0.0	0.06230242922902107	0.9520930647850037	1.202300786972046	0.6717779636383057	1.221605896949768	1.0008597373962402	0.0	1.826827883720398	0.0	0.0	2.073945999145508	0.0	1.5374860763549805	2.219388484954834	0.0	0.0	0.0	0.0	0.0	0.0	0.0	0.0	0.0	1.1994173526763916	0.0	0.0	0.0	1.037213683128357	2.586073875427246	0.0	0.0	0.10075933486223221	0.8575441837310791	0.9652951955795288	0.0	0.0	0.0	0.236174538731575	0.0	0.0	0.0	0.0	0.0	1.4148805141448975	0.6536083817481995	0.0	0.0	0.0	0.0	0.0	1.3209048509597778	0.0	0.0	1.1218034029006958	0.0	0.0	1.255541205406189	0.002033264609053731	2.088155508041382	0.0	2.0192630290985107	0.0	1.145595669746399	0.0	0.0	1.598264455795288	0.0	1.6100883483886719	0.0	0.9538797736167908	1.0974583625793457	0.0	0.0	0.0	0.0	0.1635839343070984	0.0	0.8228661417961121	0.0	0.0	1.1599626541137695	0.0871298536658287	0.0	0.0	0.0	0.0	0.0	0.0	0.0	0.0	0.916954755783081	0.0	0.11929842829704285	0.0	0.9850006699562073	0.3000085651874542	0.0	0.8781455755233765	0.2837456166744232	1.603329062461853	0.0	0.0	0.0	0.37000706791877747	0.0	0.0	0.9808847904205322	0.0	0.0	0.4449792802333832	0.5923359990119934	0.0	0.0	0.6487190127372742	0.0	0.0	0.0	0.0	0.0	0.0	2.2802574634552	0.0	0.0	0.0	0.0	0.0	0.0	0.0	1.586280107498169	0.0	0.0	0.6500119566917419	0.0	0.0	1.2872496843338013	0.46255064010620117	0.6035324335098267	0.0	0.7761246562004089	0.0	0.43218937516212463	1.7966688871383667	0.0	0.0	0.0	0.0	1.5455294847488403	0.0	0.0	2.168469190597534	0.2494393289089203	0.0	0.0	0.0	1.0740807056427002	1.5588256120681763	0.0	0.0	2.195150375366211	0.0	0.0	0.0	0.0	0.0	0.0	0.0	0.0	0.0	1.3069508075714111	0.0	2.08481502532959	0.0	2.1672677993774414	1.1249964237213135	0.0	0.0	0.0	0.0	0.0	0.0	0.0	0.0	0.0	0.0	0.9709205031394958	1.1643245220184326	0.0	0.0	0.9958803057670593	0.0	0.0	0.0	2.4582512378692627	2.209076404571533	1.53119695186615	0.0	0.0	0.0	0.0	2.627570390701294	1.091410756111145	1.178349256515503	1.5194860696792603	0.0	0.0	0.4931240677833557	0.3470066785812378	0.0	0.0	0.0	0.0	0.0	0.7117692828178406	0.0	0.0	0.0	1.3067764043807983	0.769993782043457	1.1520016193389893	0.0	0.39522960782051086	0.0	1.163679599761963	1.6610361337661743	0.0	0.0	0.0	0.0	0.0	0.0
0.0	0.0	0.0	1.245996117591858	0.0	0.0	2.4114270210266113	0.0	3.687061309814453	0.695582389831543	0.0	0.0	1.0683341026306152	1.473734974861145	0.39048850536346436	3.070892095565796	0.9970775246620178	1.5158343315124512	1.3928093910217285	0.501900851726532	2.5442655086517334	1.7743891477584839	0.0	2.1980597972869873	0.0	0.0	0.0	1.5267963409423828	1.6867834329605103	1.0346254110336304	1.1293654441833496	0.6789376735687256	0.0	0.7822310328483582	0.0	0.1779952049255371	1.804020881652832	0.0	1.535864233970642	2.5428738594055176	0.0	0.0	0.0	0.0	0.0	0.0	0.0	0.0	0.0	1.565599799156189	0.0	0.0	0.0	0.9375575184822083	1.7286288738250732	0.0	0.0	0.0	1.4442379474639893	1.1373748779296875	0.0	0.0	0.0	0.0	0.0	0.0	0.0	0.0	0.0	1.166214108467102	1.4137821197509766	0.0	0.0	0.0	0.0	0.0	1.246280550956726	0.17555241286754608	0.0	1.1658575534820557	0.0	0.0	1.5888495445251465	0.0	1.970038652420044	0.0	2.9855270385742188	0.0	1.800723671913147	0.0	0.0	1.085647463798523	0.0	0.3815516531467438	0.0	1.2995070219039917	1.1314424276351929	0.10889635980129242	0.0	0.0	0.0	0.0	0.0	0.6365817785263062	0.0	0.0	1.8894567489624023	0.0	0.0	0.008599886670708656	0.0	0.0	0.0	0.0	0.0	0.0	1.3008848428726196	0.0	0.39599111676216125	0.0	0.46955329179763794	0.780685544013977	0.0	0.0	0.5666350722312927	2.1587817668914795	0.0	0.0	0.0	0.4103337824344635	0.0	0.0	0.510372519493103	0.0	0.0	0.2687198519706726	0.7395198345184326	0.0	0.0	1.551252007484436	0.0	0.0	0.0	1.0705881118774414	1.5016205310821533	0.0	2.9544363021850586	0.0	0.0	0.0	0.0	0.0	0.0	0.0	1.2664462327957153	0.0	0.0	1.575283408164978	0.0	0.0	0.9837063550949097	0.7755998969078064	0.6233693361282349	0.15379716455936432	0.004641261417418718	0.0	0.0	2.2768125534057617	0.0	0.0	0.0	0.0	1.6588349342346191	0.0	0.0	2.714757204055786	0.38853245973587036	0.0	0.0	0.0	1.3164186477661133	1.4325119256973267	0.0	0.0	1.6648365259170532	0.0	0.0	0.0	0.0	0.0	0.0	0.0	0.0	0.0	0.6186987161636353	0.0	1.2556041479110718	0.0	2.784714937210083	1.9464375972747803	0.0	0.0	0.0	0.0	0.0	0.0	0.0	0.0	0.7110216617584229	0.0	1.6782522201538086	1.3801685571670532	0.0	0.0	1.906232237815857	0.0	0.0	0.0	2.393047571182251	2.1583797931671143	2.375778913497925	0.2761647701263428	0.0	0.0	0.0	2.0322842597961426	1.4409126043319702	1.3251926898956299	1.8598474264144897	0.0	0.0	0.8957483768463135	0.850678563117981	0.17837344110012054	0.0	0.0	0.0	0.0	1.3921618461608887	0.0	0.0	0.0	1.4859187602996826	0.5611681342124939	0.9248047471046448	0.0	0.4770413935184479	0.0	1.3706661462783813	1.764419436454773	0.0	0.0	0.0	0.936993420124054	0.0	0.0
0.0	0.0	0.0	1.72616708278656	0.0	0.0	1.7307692766189575	0.0	3.377244710922241	0.43320751190185547	0.0	0.0	0.5658876895904541	1.1393319368362427	0.24918605387210846	2.381525993347168	0.8729456663131714	1.6212762594223022	0.9900014996528625	0.43285414576530457	1.5427722930908203	1.229162573814392	0.0	1.638706922531128	0.0	0.0	0.22424393892288208	1.3535804748535156	1.5792018175125122	0.9374285340309143	1.4858835935592651	0.0	0.0	0.7166026830673218	0.0	0.1570228785276413	1.443273663520813	0.0	1.0491172075271606	1.7182273864746094	0.0	0.0	0.0	0.0	0.0	0.0	0.3141839802265167	0.0	0.0	0.8458489179611206	0.0	0.0	0.0	0.7583839893341064	1.9280673265457153	0.0	0.0	0.0	0.287291944026947	1.2357583045959473	0.0	0.0	0.0	0.0	0.0	0.0	0.0	0.0	0.0	1.4057462215423584	0.5775012373924255	0.0	0.0	0.0	0.0	0.0	0.7298028469085693	0.2739435136318207	0.0	1.236710548400879	0.0	0.0	1.9864898920059204	0.0	1.7402079105377197	0.0	2.1393253803253174	0.0	1.7071106433868408	0.0	0.0	0.8164269328117371	0.0	0.2132510393857956	0.0	0.7451180815696716	1.0199956893920898	0.0	0.0	0.0	0.0	0.5542186498641968	0.0	0.34400102496147156	0.0	0.0	1.5366218090057373	0.0	0.0	0.24794377386569977	0.0	0.0	0.0	0.0	0.0	0.0	1.289156436920166	0.0	0.01521460060030222	0.0	0.9298079609870911	0.2710922062397003	0.0	0.0	1.0302112102508545	1.9275912046432495	0.0	0.0	0.0	0.5690003633499146	0.0	0.0	0.014473977498710155	0.0	0.0	0.4207795262336731	0.6738224625587463	0.0	0.0	1.1240431070327759	0.0	0.0	0.0	0.2349105328321457	1.4333534240722656	0.0	2.4480350017547607	0.0	0.0	0.0	0.0	0.28244924545288086	0.0	0.0	0.4351717531681061	0.0	0.0	1.6119771003723145	0.0	0.0	0.6304009556770325	0.556717038154602	0.0	0.22245870530605316	0.5876296162605286	0.0	0.0	1.834415078163147	0.0	0.0	0.0	0.0	1.5241422653198242	0.0	0.0	2.591127872467041	0.972362756729126	0.0	0.0	0.0	1.0365275144577026	1.6485925912857056	0.0	0.0	0.8299480080604553	0.0	0.0	0.0	0.0	0.0	0.0	0.0	0.0	0.0	0.6051262021064758	0.0	1.294959306716919	0.0	2.7378218173980713	1.4339686632156372	0.0	0.0	0.0	0.0	0.0	0.0	0.0	0.0	0.5006425380706787	0.0	1.614295244216919	0.7177097201347351	0.0	0.0	2.1940319538116455	0.0	0.0	0.0	2.1678273677825928	1.371440052986145	1.9347707033157349	0.40866819024086	0.0	0.0	0.0	1.6433287858963013	1.1854852437973022	1.579594612121582	1.591440200805664	0.0	0.0	0.6022987365722656	0.4727775454521179	0.2667746841907501	0.0	0.0	0.0	0.0	0.8594691753387451	0.0	0.0	0.0	1.4136333465576172	0.6110520958900452	1.0182621479034424	0.0	0.5534065365791321	0.0	1.3529877662658691	1.2152222394943237	0.0	0.1341647207736969	0.0	1.1850688457489014	0.0	0.0
0.0	0.0	0.0	0.29482170939445496	1.1126641035079956	0.0	1.046189546585083	0.0	3.6749913692474365	0.0	0.0	0.0	0.0	0.5582624673843384	0.4557937681674957	1.6038521528244019	1.182502269744873	1.0058497190475464	0.7969009280204773	0.08358491212129593	1.427390217781067	1.356955647468567	0.0	1.9775248765945435	0.0	0.0	0.0	1.2670636177062988	0.32330864667892456	0.0	0.18179632723331451	1.4580233097076416	0.0	1.2557628154754639	0.0	0.17045851051807404	0.4474375247955322	0.0	1.1700797080993652	1.4422792196273804	0.0	0.0	0.0	0.7082573771476746	0.0	0.0	0.0	0.0	0.0	2.186265468597412	0.0	0.0	0.0	1.0330071449279785	1.2194334268569946	0.0	0.0	0.0	0.0	1.0769069194793701	0.0	0.0	0.0	0.0	0.0	0.0	0.0	0.0	0.0	0.8112005591392517	0.7622260451316833	0.0	0.0	0.0	0.0	0.0	0.0	0.0	0.0	0.9618359208106995	0.0	0.0	1.328473687171936	0.0	0.9174841642379761	0.0	2.6572399139404297	0.0	1.3439847230911255	0.0	0.0	0.0	0.0	0.5668028593063354	0.0	0.021232806146144867	0.1528778225183487	0.0	0.0	0.09544071555137634	0.0	0.592404305934906	0.0	0.689106285572052	0.0	0.0	0.6868119835853577	0.23367764055728912	0.0	0.7528659105300903	0.0	0.0	0.0	0.0	0.0	0.0	1.284567952156067	0.0	1.303777813911438	0.0	0.0765623077750206	0.2709232270717621	0.0	0.8186726570129395	0.8552548289299011	1.5845118761062622	0.0	0.0	0.0	1.7846006155014038	0.0	0.0	0.0	0.0	0.0	1.3316446542739868	0.2573713958263397	0.0	0.0	1.0034726858139038	0.0	0.0	0.0	0.12349706143140793	1.3513120412826538	0.0	1.942585825920105	0.0	0.0	0.0	0.0	0.0	0.0	0.0	0.6104896068572998	0.0	0.0	0.5042628049850464	0.0	0.0	0.5917961597442627	0.0	0.0	0.0	0.0	0.0	0.0	2.6932854652404785	0.0	0.0	0.0	0.0	0.29480066895484924	0.0	0.20362716913223267	3.924429416656494	1.2388769388198853	0.0	0.0	0.0	1.4561759233474731	0.6770504713058472	0.0	0.0	0.9571799039840698	0.0	0.0	0.0	0.0	0.0	0.0	0.0	0.0	0.0	0.22565722465515137	0.0	1.0259783267974854	0.0	2.7255825996398926	1.6269510984420776	0.0	0.0	0.0	0.0	0.0	0.0	0.0	0.0	0.38830292224884033	0.0	2.3048744201660156	0.14255237579345703	0.0	0.0	1.4063313007354736	0.0	0.0	0.0	1.8219126462936401	1.5666921138763428	2.2053370475769043	0.40024951100349426	0.0	0.0	0.0	2.044428586959839	1.977491021156311	0.2481004148721695	1.3025221824645996	0.0	0.0	1.903475046157837	0.7898447513580322	0.0	0.0	0.0	0.0	0.0	1.3041504621505737	0.0	0.0	0.0	0.2538187801837921	0.3445824682712555	0.24749648571014404	0.0	0.5510273575782776	0.0	0.8545107841491699	1.0515034198760986	0.0	0.0	0.0	1.3689707517623901	0.0	0.0
0.0	0.0	0.0	0.0	1.0932350158691406	0.0	0.665205180644989	0.0	1.8749428987503052	0.0	0.0	0.0	0.0670032873749733	0.0	0.7742178440093994	0.8764618635177612	0.5908419489860535	0.10870148986577988	0.42855361104011536	0.0	0.3434823751449585	0.6619678735733032	0.0	1.383697271347046	0.0	0.0	0.0	1.3122440576553345	0.0	0.0	0.16958880424499512	1.8643395900726318	0.0	0.8422762751579285	0.0	0.36722299456596375	0.6587736010551453	0.0	0.5102642774581909	0.8230239152908325	0.0	0.0	0.0	0.41036924719810486	0.0	0.0	0.0	0.0	0.0	1.6284635066986084	0.0	0.0	0.0	0.23281638324260712	0.9174596071243286	0.0	0.0	0.0	0.29704567790031433	0.6085524559020996	0.0	0.0	0.0	0.0	0.0	0.0	0.0	0.0	0.0	0.6385630965232849	0.6027612090110779	0.0	0.0	0.0	0.0	0.0	0.0	0.44381776452064514	0.0	0.9460382461547852	0.0	0.0	0.4631520211696625	0.0	0.38409876823425293	0.0	1.6477080583572388	0.0	0.28693658113479614	0.0	0.0	0.10097178816795349	0.0	1.0449178218841553	0.0	0.4927099943161011	0.23582807183265686	0.0	0.0	0.0	0.0	0.0045129950158298016	0.0	0.7493396997451782	0.0	0.0	0.23439395427703857	0.390330046415329	0.0	0.0	0.0	0.0	0.0	0.0	0.0	0.0	0.9300995469093323	0.0	0.8055422306060791	0.0	0.0	0.13177888095378876	0.0	1.3691357374191284	0.7182322144508362	1.00942862033844	0.0	0.0	0.0	1.3301379680633545	0.0	0.0	0.2927408218383789	0.0	0.0	0.6789762377738953	0.770248532295227	0.0	0.0	1.0187938213348389	0.0	0.0	0.0	0.49629929661750793	0.41211727261543274	0.0	0.5989112257957458	0.0	0.0	0.0	0.0	0.0	0.0	0.0	1.2169463634490967	0.0	0.0	0.0	0.0	0.0	0.7148834466934204	0.35958752036094666	0.0	0.0	0.37736135721206665	0.0	0.9298914074897766	1.4998579025268555	0.0	0.0	0.0	0.0	0.3347177803516388	0.0	0.12917307019233704	2.1200966835021973	0.7641580700874329	0.0	0.0	0.0	0.46354734897613525	0.4334423840045929	0.0	0.0	0.6218387484550476	0.0	0.0	0.0	0.0	0.0	0.0	0.0	0.0	0.0	0.0	0.0	0.9114822149276733	0.0	1.5494529008865356	0.9581052660942078	0.0	0.0	0.0	0.0	0.0	0.0	0.0	0.0	0.4657004773616791	0.0	0.961066722869873	0.3589768707752228	0.0	0.0	0.48869410157203674	0.0	0.0	0.0	1.1316782236099243	0.6503176689147949	0.8680241703987122	0.13965006172657013	0.0	0.0	0.0	1.1117215156555176	1.5006437301635742	0.0	0.6866281032562256	0.0	0.0	0.7587637901306152	0.5485361814498901	0.0	0.0	0.0	0.0	0.0	0.8980878591537476	0.0	0.0	0.0	0.0	0.0	0.7348260879516602	0.0	0.11035803705453873	0.0	0.8369590044021606	0.39190924167633057	0.0	0.13496319949626923	0.0	0.26458585262298584	0.0	0.0
0.0	0.0	0.0	1.1417865753173828	0.45385533571243286	0.0	1.4494242668151855	0.0	3.1218173503875732	0.0	0.12991777062416077	0.0	0.017134733498096466	1.2170369625091553	0.4636197090148926	2.06997013092041	1.4934114217758179	1.0005364418029785	0.6844144463539124	0.44031673669815063	0.6523594260215759	0.8256919384002686	0.0	1.4734530448913574	0.0	0.0	0.0	0.7559292316436768	0.9964308142662048	0.35897499322891235	0.907497763633728	0.8182541728019714	0.0	0.21724632382392883	0.0	0.0	0.650148868560791	0.0	0.5500455498695374	1.5188822746276855	0.0	0.0	0.0	0.3211005926132202	0.0	0.0	0.650550127029419	0.0	0.0	1.6875838041305542	0.0	0.0	0.0	0.7813998460769653	0.789688766002655	0.0	0.0	0.05378561094403267	0.0	1.0290217399597168	0.0	0.0	0.0	0.0	0.0	0.0	0.0	0.0	0.0	0.9785422086715698	1.0074437856674194	0.0	0.0	0.0	0.0	0.0	0.13375484943389893	0.0	0.0	0.7664567232131958	0.0	0.0	1.884769082069397	0.0	0.6936365365982056	0.0	1.7798364162445068	0.0	1.9298492670059204	0.0	0.0	0.031273260712623596	0.0	0.0	0.0	0.2019173949956894	0.6711552739143372	0.0	0.0	0.0	0.0	0.4253532588481903	0.0	0.0	0.0	0.0	1.4044617414474487	0.24482585489749908	0.0	0.4098319113254547	0.0	0.0	0.0	0.0	0.0	0.0	1.0844197273254395	0.0	0.735980212688446	0.0	0.9115738272666931	0.26073509454727173	0.0	0.15414808690547943	0.36009031534194946	1.650950312614441	0.0	0.0	0.0	1.4537067413330078	0.0	0.0	0.17426608502864838	0.0	0.0	0.7519651055335999	0.31093376874923706	0.0	0.0	0.19427667558193207	0.0	0.0	0.0	0.0878375917673111	0.49890679121017456	0.0	2.256146192550659	0.0	0.0	0.0	0.0	0.11816012114286423	0.0	0.0	0.2070244550704956	0.0	0.0	0.9511348009109497	0.0	0.0	0.4870325028896332	0.0	0.0	0.0	0.0	0.0	0.0	2.1012182235717773	0.0	0.0	0.0	0.0	0.9974024891853333	0.0	0.0	3.136021375656128	1.0278031826019287	0.0	0.0	0.0	1.5282158851623535	0.3436749279499054	0.0	0.0	0.7623422741889954	0.0	0.0	0.0	0.0	0.0	0.0	0.0	0.0	0.0	0.5232057571411133	0.0	0.8966132402420044	0.0	2.920001268386841	0.7375443577766418	0.0	0.0	0.0	0.0	0.0	0.0	0.0	0.0	0.07660091668367386	0.0	2.2150940895080566	0.7464733123779297	0.0	0.0	1.1409448385238647	0.0	0.0	0.0	1.8367433547973633	0.8740347623825073	2.191803455352783	0.3362921178340912	0.0	0.0	0.0	1.2140928506851196	1.1384984254837036	0.8072835206985474	0.8295787572860718	0.0	0.0	1.0897183418273926	0.5876914262771606	0.0	0.0	0.0	0.0	0.0	1.649187684059143	0.0	0.0	0.0	0.5901885032653809	1.0356390476226807	0.3793574273586273	0.0	0.5296725034713745	0.0	0.5686442255973816	1.4106857776641846	0.0	0.0	0.0	1.2943695783615112	0.0	0.0
0.0	0.0	0.0	1.126556396484375	0.601610004901886	0.0	0.5620594024658203	0.0	3.379744052886963	0.0	1.1553295850753784	0.0	0.0	0.2048628330230713	0.3659156858921051	3.119406223297119	2.1664652824401855	1.0402624607086182	0.27651992440223694	0.0	0.916329562664032	0.19373568892478943	0.0	1.255613923072815	0.0	0.0	0.0	0.5889529585838318	0.0	0.0	0.7111258506774902	1.2088894844055176	0.0	0.04100793972611427	0.0	0.0	0.1867922842502594	0.0	0.0	0.5032962560653687	0.0	0.0	0.0	1.0134576559066772	0.0	0.0	1.2895373106002808	0.0	0.0	2.1985223293304443	0.0	0.0	0.0	0.5812303423881531	0.42755162715911865	0.0	0.0	0.0	0.0	0.8844782114028931	0.0	0.0	0.0	0.0	0.0	0.0	0.0	0.0	0.0	0.22846531867980957	0.1493406444787979	0.0	0.0	0.0	0.0	0.0	0.0	0.0	0.0	0.8694556951522827	0.0	0.0	2.248699188232422	0.0	0.16566647589206696	0.0	1.2847055196762085	0.0	2.2484676837921143	0.0	0.0	0.19119267165660858	0.0	0.0	0.0	0.0	0.08088258653879166	0.0	0.0	0.0	0.0	0.8432219624519348	0.0	0.0	0.0	0.0	0.6673693060874939	0.9392642974853516	0.0	1.6834832429885864	0.0	0.0	0.0	0.0	0.0	0.0	1.5172696113586426	0.0	1.4539130926132202	0.0	0.6610872745513916	0.15856315195560455	0.0	0.9427905678749084	0.553076446056366	2.16695237159729	0.0	0.0	0.0	2.0541574954986572	0.0	0.0	0.03057675063610077	0.0	0.0	1.0522938966751099	0.2942759692668915	0.0	0.0	0.32286733388900757	0.0	0.0	0.0	0.0	0.5995446443557739	0.0	2.954115152359009	0.0	0.0	0.0	0.0	1.4974457025527954	0.0	0.0	0.0	0.0	0.0	1.913809895515442	0.0	0.0	0.0	0.0	0.0	0.0	0.0	0.0	0.0	2.1079607009887695	0.0	0.0	0.0	0.0	0.0	0.0	0.0	4.550959587097168	1.8049999475479126	0.0	0.0	0.0	1.561022162437439	0.0	0.0	0.0	0.0725681260228157	0.0	0.0	0.0	0.0	0.0	0.0	0.0	0.0	0.0	0.0	0.0	0.2710104286670685	0.0	2.8286356925964355	0.7037315964698792	0.0	0.4113377630710602	0.0	0.0	0.0	0.0	0.0	0.0	0.3780684173107147	0.0	3.2024199962615967	1.7623405456542969	0.0	0.0	1.8483389616012573	0.0	0.0	0.0	0.9440823793411255	0.8588966131210327	2.6663663387298584	1.4554396867752075	0.0	0.0	0.0	1.000699520111084	1.7937504053115845	0.33434543013572693	0.4326876401901245	0.0	0.0	2.0348658561706543	1.2555522918701172	0.0	0.0	0.0	0.0	0.0	1.9062825441360474	0.0	0.0	0.0	0.6421719789505005	2.221233367919922	0.0	0.0	1.1744933128356934	0.0	0.1898612380027771	0.5966273546218872	0.0	0.0	0.0	1.937212347984314	0.0	0.0
0.0	0.0	0.0	1.209748387336731	0.0	0.0	1.6987954378128052	0.0	2.338127613067627	0.2664431929588318	0.0	0.0	0.7703232765197754	0.8413465023040771	0.0	1.0970561504364014	0.35904282331466675	1.2894834280014038	1.0364274978637695	0.37164369225502014	1.799869179725647	1.603410005569458	0.0	1.828866958618164	0.0	0.0	0.5330020189285278	1.4214861392974854	1.1332924365997314	0.5729991793632507	1.064785122871399	0.9118674397468567	0.0	1.774407982826233	0.0	0.734679639339447	1.3241989612579346	0.0	1.4385217428207397	1.9836454391479492	0.0	0.0	0.0	0.0	0.0	0.0	0.0	0.0	0.0	0.5621894001960754	0.0	0.0	0.0	1.2962653636932373	1.620154857635498	0.0	0.0	0.0	1.0858699083328247	0.9625666737556458	0.0	0.0	0.0	0.19250743091106415	0.0	0.0	0.0	0.0	0.0	1.5504875183105469	0.32882657647132874	0.0	0.0	0.0	0.0	0.0	0.45007169246673584	0.5312026739120483	0.0	0.6258299350738525	0.0	0.0	0.7717905640602112	0.8178203105926514	1.6832318305969238	0.0	2.4751672744750977	0.0	0.8156434893608093	0.0	0.0	1.3193044662475586	0.0	0.5086815357208252	0.0	0.9178061485290527	1.0392459630966187	0.0	0.0	0.0	0.0	0.0	0.0	0.9934020638465881	0.0	0.0	0.9470916986465454	0.0	0.0	0.0	0.0	0.0	0.0	0.0	0.0	0.0	0.5082836747169495	0.0	0.4632946848869324	0.0	0.3448794484138489	0.0	0.0	0.619134783744812	0.4103912115097046	0.6391941905021667	0.0	0.0	0.0	0.0	0.0	0.0	0.0	0.0	0.0	0.0	0.0	0.0	0.0	1.2941551208496094	0.0	0.0	0.0	0.42516028881073	1.4050335884094238	0.0	1.3939515352249146	0.0	0.0	0.0	0.0	0.0	0.0	0.0	1.2652223110198975	0.0	0.0	0.40857449173927307	0.0	0.0	0.8093534111976624	0.3844747543334961	0.4915257692337036	0.0	0.8837175965309143	0.0	0.4213907718658447	1.2926807403564453	0.0	0.0	0.0	0.0	0.7582159638404846	0.0	0.187840074300766	1.5378434658050537	0.0	0.0	0.0	0.0	0.0	1.4847486019134521	0.0	0.0	1.474441409111023	0.0	0.0	0.0	0.0	0.0	0.0	0.0	0.0	0.0	0.24033266305923462	0.0	1.5553059577941895	0.0	1.2428995370864868	0.9874117374420166	0.0	0.0	0.0	0.0	0.0	0.0	0.0	0.0	0.14774608612060547	0.0	0.0	0.4413635730743408	0.0	0.0	0.8092588782310486	0.0	0.0	0.0	1.7871360778808594	1.768369197845459	1.1822060346603394	0.0	0.0	0.0	0.0	1.6834278106689453	1.0650200843811035	0.7629875540733337	1.4893215894699097	0.0	0.0	0.0	0.0	0.5619242191314697	0.0	0.0	0.0	0.0	0.0	0.0	0.0	0.0	1.269593358039856	0.0	1.277392029762268	0.0	0.0	0.0	1.6225926876068115	1.1012200117111206	0.0	0.3745904564857483	0.0	0.3507115840911865	0.0	0.0
0.0	0.0	0.0	1.7776771783828735	0.08360029011964798	0.0	1.6448076963424683	0.0	2.2300617694854736	0.11244231462478638	0.0	0.0	0.6536177396774292	0.6563361287117004	0.7349239587783813	2.1408557891845703	0.6146702170372009	1.1351187229156494	1.1495572328567505	0.6999802589416504	1.8422143459320068	1.6937092542648315	0.0	1.8351365327835083	0.0	0.0	0.35595273971557617	1.5554856061935425	0.9683564901351929	0.9222219586372375	0.7728996276855469	0.8381496071815491	0.0	1.144419550895691	0.0	0.31373876333236694	1.3216465711593628	0.0	1.2285346984863281	2.3971385955810547	0.0	0.0	0.0	0.0	0.0	0.0	0.0	0.0	0.0	0.8909510970115662	0.0	0.0	0.0	0.4369761645793915	1.5928621292114258	0.0	0.0	0.0	1.2789640426635742	0.4967164099216461	0.0	0.0	0.0	0.4391075372695923	0.0	0.0	0.0	0.0	0.0	1.3572965860366821	0.6503868699073792	0.0	0.0	0.0	0.0	0.0	1.2626324892044067	0.0	0.0	1.4051109552383423	0.0	0.0	1.0552184581756592	0.1254052370786667	1.8445606231689453	0.0	2.247377634048462	0.0	0.8379991054534912	0.0	0.0	1.4364880323410034	0.0	0.9650586247444153	0.0	0.8815978169441223	0.9157259464263916	0.042047206312417984	0.0	0.0	0.0	0.0	0.0	0.8302579522132874	0.0	0.0	0.8070624470710754	0.0	0.0	0.0	0.0	0.0	0.0	0.0	0.0	0.0	0.8725228905677795	0.0	0.3750128448009491	0.0	0.8262404799461365	0.0	0.0	0.46646153926849365	0.0	0.5744467973709106	0.0	0.0	0.0	0.08768240362405777	0.0	0.0	0.4341491162776947	0.0	0.0	0.4574301838874817	0.6048972010612488	0.0	0.0	1.2441314458847046	0.0	0.0	0.0	0.28459852933883667	0.644961416721344	0.0	2.204893112182617	0.0	0.0	0.0	0.0	0.0	0.0	0.0	0.823307991027832	0.0	0.0	1.0192512273788452	0.0	0.0	0.8304110169410706	0.0	0.3310590386390686	0.20485517382621765	1.1805144548416138	0.0	0.4011790156364441	1.5770788192749023	0.0	0.0	0.0	0.0	0.9178144931793213	0.0	0.0	1.541640043258667	0.0	0.0	0.0	0.0	0.8412675857543945	1.103966236114502	0.0	0.0	2.155611276626587	0.0	0.0	0.0	0.0	0.0	0.0	0.0	0.0	0.0	0.5445119738578796	0.0	1.736814022064209	0.0	1.9681848287582397	1.4790854454040527	0.0	0.0	0.0	0.0	0.0	0.0	0.0	0.0	0.09256080538034439	0.0	1.5773664712905884	0.8452089428901672	0.0	0.0	0.4718466103076935	0.0	0.0	0.0	2.4472367763519287	1.7692101001739502	1.2513209581375122	0.0	0.0	0.0	0.0	1.9432052373886108	1.4755042791366577	0.8916641473770142	1.2345592975616455	0.0	0.0	0.10617628693580627	0.06589964032173157	0.0	0.0	0.0	0.0	0.0	0.5056822299957275	0.0	0.0	0.0	0.8536664843559265	0.2050483673810959	1.4723191261291504	0.0	0.24236592650413513	0.0	1.380035400390625	1.6113380193710327	0.0	0.0	0.0	0.17903193831443787	0.0	0.0
0.0	0.0	0.0	2.224998950958252	0.0	0.0	1.8939625024795532	0.0	3.0955755710601807	0.004383843392133713	0.0	0.0	0.7132684588432312	0.6610730290412903	0.16768962144851685	2.422281265258789	1.5210174322128296	1.9070541858673096	1.4550001621246338	0.4199644923210144	2.062488079071045	1.6569619178771973	0.0	1.273866891860962	0.0	0.0	0.0	1.0392851829528809	1.4065219163894653	0.4100196659564972	1.3801003694534302	0.1125602126121521	0.0	1.2014790773391724	0.0	0.0	1.5006757974624634	0.0	1.332140326499939	2.269495725631714	0.0	0.0	0.0	0.0	0.0	0.0	0.6258041262626648	0.0	0.0	0.6182336807250977	0.0	0.0	0.0	0.9490441083908081	1.7460572719573975	0.0	0.0	0.0	0.6934124231338501	1.306654691696167	0.0	0.0	0.0	0.05674883350729942	0.0	0.0	0.0	0.0	0.0	1.599651575088501	0.3926660120487213	0.0	0.0	0.0	0.0	0.0	0.7155299186706543	0.0	0.0	0.9086946845054626	0.0	0.0	1.625253438949585	0.0	1.275258183479309	0.0	2.350656747817993	0.0	1.9671356678009033	0.0	0.0	1.027206301689148	0.0	0.3634878396987915	0.0	0.2333800345659256	0.9435829520225525	0.0	0.0	0.0	0.0	0.5006536245346069	0.0	0.5312764048576355	0.0	0.0	1.585379958152771	0.0	0.0	0.48127707839012146	0.0	0.0	0.0	0.0	0.0	0.0	0.5803340077400208	0.0	0.6012574434280396	0.0	1.0847426652908325	0.0	0.0	0.09502945095300674	1.18018639087677	1.4268884658813477	0.0	0.0	0.0	0.3961217999458313	0.0	0.0	0.07129114121198654	0.0	0.0	0.03140845149755478	0.0	0.0	0.0	0.7536665797233582	0.0	0.0	0.0	0.0	0.8575083613395691	0.0	3.3576881885528564	0.0	0.0	0.0	0.0	0.0	0.0	0.0	0.47248461842536926	0.0	0.0	0.8944310545921326	0.0	0.0	0.7812744975090027	0.0	0.020260587334632874	0.0	0.18637706339359283	0.0	0.0	1.686328649520874	0.0	0.0	0.0	0.0	1.4660500288009644	0.0	0.0	3.0710434913635254	0.6639981269836426	0.0	0.0	0.0	1.0447838306427002	1.1258610486984253	0.0	0.0	1.544717788696289	0.0	0.0	0.0	0.0	0.0	0.0	0.0	0.0	0.0	0.6749372482299805	0.0	1.8697152137756348	0.0	2.630474805831909	1.6361380815505981	0.0	0.0	0.0	0.0	0.0	0.0	0.0	0.0	0.0	0.0	1.2827894687652588	0.9592045545578003	0.0	0.0	1.6367895603179932	0.0	0.0	0.0	2.5243966579437256	1.7064580917358398	2.183023452758789	0.0	0.0	0.0	0.0	2.2019033432006836	0.6819717288017273	1.7748366594314575	1.4381186962127686	0.0	0.0	0.4274258017539978	0.044041115790605545	0.0	0.0	0.0	0.0	0.0	0.6322864294052124	0.0	0.0	0.0	2.1052191257476807	0.7897874116897583	0.7017781138420105	0.0	0.0	0.0	1.2896841764450073	1.7511051893234253	0.0	0.0	0.0	1.176343321800232	0.0	0.0
0.0	0.0	0.0	1.803610920906067	0.8626013994216919	0.0	0.9021376371383667	0.0	3.556199789047241	0.0	0.896307110786438	0.0	0.0	0.883848249912262	0.6609719395637512	3.1325037479400635	2.5683677196502686	0.5586282014846802	0.0	0.6171908378601074	0.92765212059021	0.016742361709475517	0.0	1.2745227813720703	0.0	0.0	0.0	0.5111985802650452	0.7593026161193848	0.049194782972335815	0.949695885181427	1.2997348308563232	0.0	0.0	0.0	0.0	0.11765953153371811	0.0	0.0	0.9340105652809143	0.0	0.0	0.0	1.104874610900879	0.0	0.0	1.0129693746566772	0.0	0.0	2.9105210304260254	0.0	0.0	0.0	0.0	0.3552209436893463	0.0	0.0	0.0	0.0	0.6265040636062622	0.0	0.0	0.0	0.0	0.0	0.0	0.0	0.0	0.0	0.13341104984283447	0.9452477693557739	0.0	0.0	0.0	0.0	0.0	0.18430618941783905	0.0	0.0	0.7983835935592651	0.0	0.0	2.119326591491699	0.0	0.4387704133987427	0.0	0.9223742485046387	0.0	2.4573161602020264	0.0	0.0	0.0	0.0	0.018000707030296326	0.0	0.0	0.0	0.12164684385061264	0.0	0.0	0.0	1.501762866973877	0.0	0.0	0.0	0.0	1.0662860870361328	1.0229060649871826	0.0	1.3755148649215698	0.0	0.0	0.0	0.0	0.0	0.0	1.637434482574463	0.0	1.6577999591827393	0.0	0.7229976654052734	0.6410371661186218	0.0	0.5681714415550232	0.0	2.8702914714813232	0.0	0.0	0.0	2.3809516429901123	0.0	0.0	1.3683044910430908	0.0	0.0	1.466767430305481	0.623651385307312	0.0	0.0	0.0	0.0	0.0	0.0	0.0	0.0	0.0	3.16671085357666	0.0	0.0	0.0	0.0	1.261332631111145	0.0	0.0	0.0	0.0	0.0	1.7619998455047607	0.0	0.0	0.0	0.0	0.0	0.0	0.0	0.0	0.0	2.384474277496338	0.0	0.0	0.0	0.0	0.5652443170547485	0.0	0.0	3.9565036296844482	2.001760959625244	0.0	0.0	0.0	2.0421721935272217	0.0	0.0	0.0	0.24601168930530548	0.0	0.0	0.0	0.0	0.0	0.0	0.0	0.0	0.0	0.3715466558933258	0.0	0.18811486661434174	0.0	3.331993818283081	0.470760703086853	0.0	0.0	0.0	0.0	0.0	0.0	0.0	0.0	0.5740904808044434	0.0	3.4648289680480957	2.3038837909698486	0.0	0.0	1.4499679803848267	0.0	0.0	0.0	1.3327412605285645	0.4173339009284973	2.2036375999450684	1.260945200920105	0.0	0.0	0.0	0.4930248558521271	2.0066261291503906	0.367438405752182	0.21345101296901703	0.0	0.0	2.6386234760284424	1.087296724319458	0.0	0.0	0.0	0.0	0.0	2.5076658725738525	0.0	0.0	0.0	0.603676974773407	2.3924295902252197	0.0	0.0	1.2631886005401611	0.0	0.3502502143383026	1.0922164916992188	0.0	0.0	0.0	1.6468087434768677	0.0	0.0
0.0	0.0	0.0	0.37772366404533386	0.48300740122795105	0.0	0.8150482177734375	0.0	1.7412606477737427	0.40719321370124817	0.0	0.0	0.4160897433757782	1.342254638671875	0.5041414499282837	1.2644766569137573	0.2506473660469055	0.46203917264938354	0.5290500521659851	0.6870254874229431	1.360949993133545	0.3712155520915985	0.0	1.717291235923767	0.0	0.0	0.1662834733724594	1.4820477962493896	0.15811461210250854	0.7223455309867859	0.7101243734359741	0.8033599257469177	0.0	0.49969005584716797	0.0	0.8591825366020203	0.8289050459861755	0.0	0.6568632125854492	1.1164157390594482	0.0	0.0	0.0	0.0	0.0	0.0	0.0	0.0	0.0	0.9591906666755676	0.0	0.0	0.0	0.0	0.7502917051315308	0.0	0.0	0.6604555249214172	1.1331229209899902	0.0	0.0	0.0	0.0	0.5626091957092285	0.0	0.0	0.0	0.0	0.0	0.8701632022857666	0.8938323259353638	0.0	0.0	0.0	0.0	0.0	0.7610212564468384	0.38385382294654846	0.0	1.1168415546417236	0.0	0.0	0.7796874642372131	0.0	1.0582444667816162	0.0	1.3148144483566284	0.0	0.7035232186317444	0.0	0.0	0.8217167258262634	0.0	0.34490177035331726	0.0	0.7329960465431213	0.5993182063102722	0.7870012521743774	0.0	0.5234165787696838	0.0	0.0	0.0	0.0	0.0	0.0	0.7393620014190674	0.29359713196754456	0.0	0.08852137625217438	0.0	0.0	0.0	0.0	0.0	0.0	0.929259181022644	0.0	0.4254992604255676	0.0	0.5292068719863892	0.8973610997200012	0.0	0.49325597286224365	0.0	1.2490625381469727	0.0	0.0	0.0	0.7119663953781128	0.0	0.0	0.6531316041946411	0.0	0.0	0.6084704399108887	0.8044366836547852	0.0	0.0	0.4325900673866272	0.0	0.0	0.0	1.1830779314041138	1.6581249237060547	0.0	1.4341570138931274	0.0	0.0	0.0	0.0	0.3680141270160675	0.0	0.0	0.8359971642494202	0.0	0.0	0.7475394606590271	0.0	0.0	0.6871181130409241	0.42061352729797363	0.6387044787406921	0.3122979402542114	0.7776589393615723	0.0	0.0	1.4797855615615845	0.0	0.0	0.0	0.0	0.6313985586166382	0.0	1.0085563659667969	1.0993796586990356	0.0	0.0	0.0	0.24873267114162445	1.2110083103179932	0.6119793057441711	0.0	0.0	0.7997947931289673	0.0	0.0	0.0	0.0	0.0	0.0	0.0	0.0	0.0	0.5075283050537109	0.0	0.5505962371826172	0.0	1.4398980140686035	1.0964550971984863	0.0	0.0	0.0	0.0	0.0	0.0	0.0	0.0	0.8241093158721924	0.0	1.207060694694519	0.9647645950317383	0.07808539271354675	0.0	0.320509135723114	0.0	0.0	0.0	0.9238565564155579	1.5809955596923828	0.7817164063453674	0.5044217705726624	0.0	0.0	0.0	0.8322794437408447	1.266455054283142	0.2673572599887848	0.8629488945007324	0.0	0.0	0.6764881014823914	1.030726432800293	0.503646731376648	0.0	0.0	0.0	0.0	0.6819141507148743	0.0	0.0	0.0	0.5100896954536438	0.15425489842891693	0.995745837688446	0.0	0.8411117196083069	0.0	1.278951644897461	0.7554041147232056	0.0	1.1334543228149414	0.0	0.2139570116996765	0.0	0.0
0.0	0.0	0.0	1.8753713369369507	0.0	0.0	0.9448806047439575	0.0	3.5779459476470947	0.0	1.36920964717865	0.0	0.0	0.40761685371398926	0.0	3.0415570735931396	2.820091485977173	1.348586082458496	0.008611487224698067	0.0	0.537246584892273	0.9973892569541931	0.0	0.9343196153640747	0.0	0.0	0.0	0.0	0.4734700322151184	0.0	0.5988172888755798	0.9083295464515686	0.0	0.0643097460269928	0.0	0.0	0.0	0.0	0.0	1.2580615282058716	0.0	0.0	0.0	1.0451115369796753	0.0	0.0	1.7163102626800537	0.0	0.0	2.114173412322998	0.0	0.0	0.0	0.7442280650138855	0.548545777797699	0.0	0.0	0.0	0.0	2.012702465057373	0.0	0.0	0.0	0.0	0.0	0.0	0.0	0.0	0.0	0.4208279252052307	0.11868033558130264	0.0	0.0	0.0	0.0	0.0	0.0	0.0	0.0	0.1362924724817276	0.0	0.0	2.3748230934143066	0.0	0.1165398582816124	0.0	1.8953827619552612	0.0	3.196800470352173	0.0	0.0	0.0	0.0	0.0	0.0	0.0	0.0	0.0	0.0	0.0	0.0	1.2534621953964233	0.0	0.0	0.0	0.0	1.599223256111145	0.30320894718170166	0.0	1.7798514366149902	0.0	0.0	0.0	0.0	0.0	0.0	0.30430448055267334	0.0	1.63375985622406	0.0	0.15159279108047485	0.0	0.0	0.0	1.6060051918029785	1.5826284885406494	0.0	0.0	0.0	1.7704617977142334	0.0	0.0	0.0	0.0	0.0	0.7987372279167175	0.0	0.0	0.0	0.0	0.0	0.0	0.0	0.0	0.4426876902580261	0.0	3.276777505874634	0.0	0.0	0.0	0.0	0.7434685230255127	0.0	0.0	0.0	0.0	0.0	1.1528916358947754	0.0	0.0	0.0	0.0	0.0	0.0	0.0	0.0	0.0	1.6111347675323486	0.0	0.0	0.0	0.0	0.5570979714393616	0.0	0.0	4.528815746307373	2.766486644744873	0.0	0.0	0.0	0.809755265712738	0.08408865332603455	0.0	0.0	0.09660045802593231	0.0	0.0	0.0	0.0	0.0	0.0	0.0	0.0	0.0	0.0	0.0	0.09865754842758179	0.0	2.691251516342163	0.0	0.0	0.0	0.0	0.0	0.0	0.0	0.0	0.0	0.1255899965763092	0.0	1.9908303022384644	0.8976783752441406	0.0	0.0	2.1338374614715576	0.0	0.0	0.0	0.9589595198631287	0.23358199000358582	3.2110633850097656	0.8163182139396667	0.0	0.0	0.0	0.9021676778793335	0.8232693076133728	1.0367623567581177	0.0	0.0	0.0	1.6256791353225708	0.39843881130218506	0.0	0.0	0.0	0.0	0.0	1.9053879976272583	0.0	0.0	0.0	1.379752516746521	1.9353783130645752	0.0	0.0	0.0	0.0	0.0	0.728751540184021	0.0	0.0	0.0	2.4106147289276123	0.0	0.0
0.0	0.0	0.0	0.7006244659423828	0.491273432970047	0.0	1.1285771131515503	0.0	3.202605724334717	0.0	0.21523144841194153	0.0	0.0	0.7214094400405884	0.4031166136264801	1.7873870134353638	1.578356146812439	1.1970621347427368	0.5484887361526489	0.20616939663887024	1.0438709259033203	1.0250003337860107	0.0	1.2729400396347046	0.0	0.0	0.0	0.6570473313331604	0.04934585466980934	0.2462492287158966	1.0031460523605347	1.2039458751678467	0.0	0.7608293294906616	0.0	0.0	0.47317349910736084	0.0	0.46389108896255493	0.6971034407615662	0.0	0.0	0.0	0.5644709467887878	0.0	0.0	0.6478298306465149	0.0	0.0	2.0300333499908447	0.0	0.0	0.0	0.9345084428787231	1.045109748840332	0.0	0.0	0.0	0.6539701819419861	1.10462486743927	0.0	0.0	0.0	0.0	0.0	0.0	0.0	0.0	0.0	0.3913072347640991	0.7307106852531433	0.0	0.0	0.0	0.0	0.0	0.14449071884155273	0.0574125275015831	0.0	0.7736840844154358	0.0	0.0	1.4095194339752197	0.0	0.99965500831604	0.0	1.8076549768447876	0.0	1.2195115089416504	0.0	0.0	0.6822048425674438	0.0	0.42950934171676636	0.0	0.052519671618938446	0.6945133209228516	0.11335612833499908	0.0	0.0	0.0	0.6982921957969666	0.0	0.5591075420379639	0.0	0.0	0.12571625411510468	0.24074824154376984	0.0	0.41922304034233093	0.0	0.0	0.0	0.0	0.0	0.0	0.8145917057991028	0.0	1.2029634714126587	0.0	0.0	0.12332168221473694	0.0	0.8952192068099976	0.5145888924598694	1.6659728288650513	0.0	0.0	0.0	1.5473212003707886	0.0	0.0	0.302887886762619	0.0	0.0	0.0737440213561058	0.02186715602874756	0.0	0.0	1.0596592426300049	0.0	0.0	0.0	0.0	0.9017833471298218	0.0	2.0602784156799316	0.0	0.0	0.0	0.0	0.5856581330299377	0.0	0.0	0.0	0.0	0.0	0.9974465370178223	0.0	0.0	0.46439558267593384	0.17089955508708954	0.07889296114444733	0.0	0.0	0.0	0.0	1.9828238487243652	0.0	0.0	0.0	0.0	0.4556252956390381	0.0	0.0	3.453378200531006	1.2848910093307495	0.0	0.0	0.0	0.8310152292251587	0.4779416024684906	0.0	0.0	0.32680878043174744	0.0	0.0	0.0	0.0	0.0	0.0	0.0	0.0	0.0	0.0	0.0	0.48513856530189514	0.0	2.06911039352417	1.3012415170669556	0.0	0.0	0.0	0.0	0.0	0.0	0.0	0.0	0.5302855372428894	0.0	1.6244797706604004	0.9611104726791382	0.0	0.0	1.5397896766662598	0.0	0.0	0.0	1.566959261894226	1.237425684928894	1.7918193340301514	0.5245994925498962	0.0	0.0	0.0	1.4024513959884644	1.3197251558303833	0.6894726753234863	0.764601469039917	0.0	0.0	1.1629122495651245	0.2781122028827667	0.0	0.0	0.0	0.0	0.0	1.208328127861023	0.0	0.0	0.0	0.3322176933288574	1.2992888689041138	0.443645179271698	0.0	0.5656212568283081	0.0	0.8369091749191284	0.9750608205795288	0.0	0.0	0.0	1.1805421113967896	0.0	0.0
0.0	0.0	0.0	0.8588939905166626	0.24228782951831818	0.0	1.1820498704910278	0.0	2.151921033859253	0.0	0.0	0.0	0.5270398855209351	0.45062750577926636	0.0	1.1780892610549927	0.4444834887981415	1.4205793142318726	1.1529430150985718	0.8556463718414307	1.3954988718032837	1.3503832817077637	0.0	1.3415690660476685	0.0	0.0	0.5483004450798035	1.039844274520874	0.6783427596092224	0.0	0.5217582583427429	1.0338059663772583	0.0	1.2778918743133545	0.0	0.08608033508062363	1.5854198932647705	0.0	1.1213432550430298	1.5875322818756104	0.0	0.0	0.0	0.0	0.0	0.0	0.0	0.0	0.0	0.7105388641357422	0.0	0.0	0.0	1.269487738609314	1.2872251272201538	0.0	0.0	0.0	1.0562978982925415	1.1420477628707886	0.0	0.0	0.0	0.0	0.0	0.0	0.0	0.0	0.0	1.3051354885101318	0.009096737951040268	0.0	0.0	0.0	0.0	0.0	1.0137661695480347	0.12088039517402649	0.0	1.1745052337646484	0.0	0.0	0.9587122797966003	0.2987997233867645	1.1952946186065674	0.0	1.7371923923492432	0.0	0.31715041399002075	0.0	0.0	1.3018386363983154	0.0	1.1710193157196045	0.0	0.7416583895683289	1.1273553371429443	0.0	0.0	0.0	0.0	0.0	0.0	0.9347479939460754	0.0	0.0	1.1824493408203125	0.0	0.0	0.0	0.0	0.0	0.0	0.0	0.0	0.0	0.11360858380794525	0.0	0.5562956929206848	0.0	0.00971598643809557	0.0	0.0	0.4383203983306885	0.01177836861461401	0.8644512891769409	0.0	0.0	0.0	0.7379596829414368	0.0	0.0	0.0	0.0	0.0	0.15600639581680298	0.17521454393863678	0.0	0.0	1.0262657403945923	0.0	0.0	0.0	0.1380889117717743	0.536521852016449	0.0	1.4919730424880981	0.0	0.0	0.0	0.0	0.0	0.0	0.0	0.9609205722808838	0.0	0.0	0.6784044504165649	0.0	0.0	0.7287297248840332	0.0	0.56336510181427	0.0	0.40571537613868713	0.0	0.6311257481575012	1.4307124614715576	0.0	0.0	0.0	0.0	0.8756107091903687	0.0	0.0	1.6059672832489014	0.11898621171712875	0.0	0.0	0.0	0.5616721510887146	1.2832521200180054	0.0	0.0	1.479918360710144	0.0	0.0	0.0	0.0	0.0	0.0	0.0	0.0	0.0	0.6561471819877625	0.0	1.3080947399139404	0.0	1.125331163406372	1.2573944330215454	0.0	0.0	0.0	0.0	0.0	0.0	0.0	0.0	0.13110670447349548	0.0	0.571016252040863	0.5292313694953918	0.0	0.0	0.6964799165725708	0.0	0.0	0.0	2.1040353775024414	1.0783236026763916	1.2375470399856567	0.0	0.0	0.0	0.0	2.0102720260620117	0.590466320514679	0.8374559879302979	0.6580524444580078	0.0	0.0	0.11809669435024261	0.3856872320175171	0.23881570994853973	0.0	0.0	0.0	0.0	0.4269566833972931	0.0	0.0	0.0	0.670721709728241	0.12989363074302673	0.9121012687683105	0.0	0.0	0.0	1.4732961654663086	1.055065631866455	0.0	0.10686207562685013	0.0	0.0	0.0	0.0
0.0	0.0	0.0	0.858295738697052	1.187408208847046	0.0	0.6262878775596619	0.0	3.6252353191375732	0.0	1.1915932893753052	0.0	0.0	0.6018332839012146	0.9539226293563843	2.859895706176758	2.7400197982788086	0.850658118724823	0.17206880450248718	0.05215999856591225	0.0	0.0	0.0	1.1785781383514404	0.0	0.0	0.0	0.0	0.3991089463233948	0.0	0.47510090470314026	0.8971986174583435	0.0	0.0	0.0	0.0	0.0	0.0	0.0	0.868872880935669	0.0	0.0	0.0	0.8701485991477966	0.0	0.0	1.2927730083465576	0.0	0.0	2.613706350326538	0.0	0.0	0.0	0.0	0.7318698763847351	0.0	0.0	0.0	0.0	0.9698190689086914	0.0	0.0	0.0	0.0	0.0	0.0	0.0	0.0	0.0	0.0	0.5688462257385254	0.0	0.0	0.0	0.0	0.0	0.14909985661506653	0.0	0.0	0.7739895582199097	0.0	0.0	1.64324152469635	0.0	0.21468240022659302	0.0	0.6176912188529968	0.0	2.4660654067993164	0.0	0.0	0.08969472348690033	0.0	0.15576517581939697	0.0	0.0	0.0	0.0	0.0	0.0	0.0	1.3826254606246948	0.0	0.0	0.0	0.0	0.7380454540252686	0.977094829082489	0.0	1.1408666372299194	0.0	0.0	0.0	0.0	0.0	0.0	1.5033098459243774	0.0	1.8747577667236328	0.0	0.1794389933347702	0.17217911779880524	0.0	0.5656076669692993	0.18348540365695953	2.0654819011688232	0.0	0.0	0.0	2.765969753265381	0.0	0.0	0.6465663313865662	0.0	0.0	1.7334343194961548	0.2363279163837433	0.0	0.0	0.0	0.0	0.0	0.0	0.0	0.0	0.0	2.525838851928711	0.0	0.0	0.0	0.0	1.1686190366744995	0.0	0.0	0.0	0.0	0.0	1.8678452968597412	0.0	0.0	0.0	0.0	0.08779752254486084	0.0	0.0	0.0	0.0	2.0921542644500732	0.0	0.0	0.0	0.0	0.28811389207839966	0.0	0.0	4.0541791915893555	2.7675390243530273	0.0	0.0	0.0	1.501507043838501	0.0	0.0	0.0	0.07627947628498077	0.0	0.0	0.0	0.0	0.0	0.0	0.0	0.0	0.0	0.0	0.0	0.0	0.0	3.063161849975586	0.11276905238628387	0.0	0.11093483865261078	0.0	0.0	0.0	0.0	0.0	0.0	0.554222047328949	0.0	3.4891202449798584	1.7439998388290405	0.0	0.0	1.437690019607544	0.0	0.0	0.0	1.0706777572631836	0.2975921332836151	2.354381799697876	1.3291935920715332	0.0	0.0	0.0	0.5480090975761414	1.8700695037841797	0.4387429356575012	0.0	0.0	0.0	2.3120851516723633	1.1763107776641846	0.0	0.0	0.0	0.0	0.0	2.259932518005371	0.0	0.0	0.0	0.03227151185274124	2.3605868816375732	0.0	0.0	1.2547532320022583	0.0	0.0	0.32647228240966797	0.0	0.0	0.0	2.1786277294158936	0.0	0.0
0.0	0.0	0.0	1.1927366256713867	0.3309500813484192	0.0	1.2988134622573853	0.0	2.5216774940490723	0.0	0.0	0.0	0.26464179158210754	0.7260281443595886	0.0	1.8257999420166016	0.9221655130386353	1.3572200536727905	0.8670700788497925	0.7977315783500671	1.5695663690567017	0.9791539311408997	0.0	1.5474562644958496	0.0	0.0	0.20349465310573578	0.9999048113822937	0.3021851181983948	0.29226574301719666	1.1053078174591064	0.8228115439414978	0.0	1.1992244720458984	0.0	0.579422116279602	0.8081520199775696	0.0	1.2834266424179077	1.5876820087432861	0.0	0.0	0.0	0.0	0.0	0.0	0.2343064844608307	0.0	0.0	1.2074151039123535	0.0	0.0	0.0	0.7342966794967651	1.6393769979476929	0.0	0.0	0.0	1.1714800596237183	1.1863453388214111	0.0	0.0	0.0	0.0	0.0	0.0	0.0	0.0	0.0	1.1449921131134033	0.2638340890407562	0.0	0.0	0.0	0.0	0.0	0.7206079363822937	0.029291829094290733	0.0	1.1184852123260498	0.0	0.0	1.445174217224121	0.1850498467683792	0.952023446559906	0.0	2.1039323806762695	0.0	0.849661111831665	0.0	0.0	1.6084904670715332	0.0	1.0339409112930298	0.0	0.7457542419433594	0.863502562046051	0.0	0.0	0.0	0.0	0.0	0.0	0.7022837996482849	0.0	0.0	0.7492247819900513	0.00876604113727808	0.0	0.0	0.0	0.0	0.0	0.0	0.0	0.0	0.0	0.0	0.8647475838661194	0.0	0.0	0.2931429445743561	0.0	0.03926120698451996	0.32765957713127136	0.6182224154472351	0.0	0.0	0.0	0.6408937573432922	0.0	0.0	0.0	0.0	0.0	0.09134507924318314	0.0	0.0	0.0	1.0737693309783936	0.0	0.0	0.0	0.5847628712654114	0.060194000601768494	0.0	1.7333588600158691	0.0	0.0	0.0	0.0	0.0	0.0	0.0	1.1543903350830078	0.0	0.0	0.35161879658699036	0.0	0.0	0.8704521656036377	0.0	0.3587838411331177	0.0	0.0	0.0	0.16975143551826477	1.4000344276428223	0.0	0.0	0.0	0.0	0.9228094816207886	0.0	0.09954988211393356	1.9349974393844604	0.05792729929089546	0.0	0.0	0.0	1.000671148300171	0.4649112820625305	0.0	0.0	1.7997945547103882	0.0	0.0	0.0	0.0	0.0	0.0	0.0	0.0	0.0	0.6282049417495728	0.0	1.1740237474441528	0.0	1.4925187826156616	1.7202271223068237	0.0	0.0	0.0	0.0	0.0	0.0	0.0	0.0	0.41643738746643066	0.0	0.7615543007850647	0.2739674746990204	0.0	0.0	0.18851584196090698	0.0	0.0	0.0	1.7734816074371338	1.11631441116333	1.3179773092269897	0.15041323006153107	0.0	0.0	0.0	1.5730366706848145	0.9369665384292603	0.7207905054092407	1.2434170246124268	0.0	0.0	0.6030225157737732	0.2510024309158325	0.0	0.0	0.0	0.0	0.0	1.0050742626190186	0.0	0.0	0.0	0.8338170647621155	0.269834041595459	0.7074989080429077	0.0	0.0	0.0	1.1684004068374634	1.0802218914031982	0.0	0.0	0.0	0.5855417251586914	0.0	0.0
0.0	0.0	0.0	0.555488646030426	0.261171817779541	0.0	1.7867703437805176	0.0	2.4715123176574707	0.4181298315525055	0.0	0.0	1.4256948232650757	0.10768918693065643	0.5580558776855469	0.26908957958221436	0.08521619439125061	1.7648831605911255	1.7855684757232666	1.2780368328094482	1.8825091123580933	2.5320303440093994	0.0	1.4942586421966553	0.0	0.0	0.3448386490345001	2.186347484588623	1.7499226331710815	0.29470351338386536	0.3699197471141815	1.1458086967468262	0.0	2.125884771347046	0.0	0.025538047775626183	1.9443292617797852	0.0	2.1858596801757812	2.2421531677246094	0.0	0.0	0.0	0.0	0.0	0.0	0.0	0.0	0.0	0.4574296474456787	0.0	0.0	0.0	1.4122992753982544	2.5763657093048096	0.0	0.0	0.0	1.4943740367889404	1.055972695350647	0.0	0.0	0.0	0.2613607347011566	0.0	0.0	0.0	0.0	0.0	1.702340841293335	0.0	0.0	0.0	0.0	0.0	0.0	1.5857261419296265	0.3611128628253937	0.0	1.2671029567718506	0.04380609467625618	0.0	0.6874578595161438	0.3183802664279938	2.6925532817840576	0.0	2.491467237472534	0.0	0.09268924593925476	0.0	0.0	1.6802372932434082	0.0	2.53883695602417	0.0	1.4898741245269775	0.7978973984718323	0.0	0.0	0.0	0.0	0.2215661257505417	0.0	1.600873589515686	0.0	0.0	0.3540278971195221	0.0	0.0	0.0	0.0	0.0	0.0	0.0	0.0	0.0	1.322265863418579	0.0	0.9636668562889099	0.0	0.8334164023399353	0.0	0.0	1.1676440238952637	0.7534845471382141	0.8410617709159851	0.0	0.0	0.0	0.6406809091567993	0.0	0.0	0.9182437062263489	0.0	0.0	0.34189102053642273	0.7406319379806519	0.0	0.0	1.446143388748169	0.0	0.0	0.0	0.0	0.5269841551780701	0.0	1.427638053894043	0.0	0.0	0.0	0.0	0.0	0.0	0.0	1.7567309141159058	0.0	0.0	0.2383345067501068	0.0	0.0	1.6816564798355103	0.37935972213745117	0.20036187767982483	0.0	1.4333319664001465	0.0	1.5534709692001343	1.944544792175293	0.0	0.0	0.0	0.0	1.610405445098877	0.0	0.0	2.0935354232788086	0.0	0.0	0.0	0.0	0.5156621932983398	1.6181631088256836	0.0	0.0	2.592146635055542	0.0	0.0	0.0	0.0	0.0	0.0	0.0	0.0	0.0	1.1888593435287476	0.0	2.9230356216430664	0.0	2.1901047229766846	1.7601181268692017	0.0	0.0	0.0	0.0	0.0	0.0	0.0	0.0	0.0	0.0	0.029477141797542572	0.35633599758148193	0.0	0.0	1.2798956632614136	0.0	0.0	0.0	3.448855400085449	2.5730390548706055	1.2755171060562134	0.0	0.0	0.0	0.0	3.10673189163208	1.024654746055603	0.9162684679031372	1.5068660974502563	0.0	0.0	0.0	0.01953325979411602	0.4231669008731842	0.0	0.0	0.0	0.0	0.0	0.0	0.0	0.0	1.4249427318572998	0.0	2.0236146450042725	0.0	0.0020326634403318167	0.0	2.3172757625579834	1.4042553901672363	0.0	0.0	0.0	0.0	0.0	0.0
0.0	0.0	0.0	0.06607819348573685	1.4552932977676392	0.0	0.0	0.0	3.7986021041870117	0.0	1.2449324131011963	0.0	0.0	0.0	1.3400729894638062	2.4528183937072754	2.0489277839660645	0.0	0.0	0.0	0.1278902292251587	0.0	0.0	0.714749813079834	0.0	0.0	0.0	1.0984159708023071	0.3231672942638397	0.0	0.0	2.30019211769104	0.0	0.0	0.0	0.0	0.0	0.0	0.0	0.39517340064048767	0.0	0.0	0.0	1.4598135948181152	0.0	0.0	0.8827463984489441	0.0	0.0	3.303574323654175	0.0	0.0	0.0	0.20301704108715057	0.618699312210083	0.0	0.0	0.0	0.0	1.169283390045166	0.0	0.0	0.0	0.0	0.0	0.0	0.0	0.0	0.0	0.0	0.46196383237838745	0.0	0.0	0.0	0.0	0.0	0.0	0.0	0.0	0.35341721773147583	0.0	0.0	1.319704294204712	0.0	0.08099592477083206	0.0	0.4493115246295929	0.0	1.9391838312149048	0.0	0.0	0.0	0.0	0.0	0.0	0.0	0.0	0.0	0.0	0.0	0.0	1.5557926893234253	0.0	0.0	0.0	0.0	0.17153175175189972	1.7907546758651733	0.0	1.6211130619049072	0.0	0.0	0.0	0.0	0.0	0.0	1.8204244375228882	0.0	1.9104011058807373	0.0	0.0	0.0	0.0	1.2820651531219482	0.6522918343544006	2.4423930644989014	0.0	0.0	0.0	3.3039228916168213	0.0	0.0	0.7742042541503906	0.0	0.0	2.499450922012329	0.6002197265625	0.0	0.0	0.2958000600337982	0.0	0.0	0.0	0.0	0.0	0.0	1.9756122827529907	0.0	0.0	0.0	0.0	1.2954905033111572	0.0	0.0	0.0	0.0	0.0	1.720810890197754	0.0	0.0	0.2744711637496948	0.0	0.0	0.05804043263196945	0.10002543777227402	0.0	0.0	2.733304738998413	0.0	0.0	0.0	0.0	0.0	0.0	0.0	4.539838790893555	3.309870481491089	0.0	0.0	0.0	1.1503549814224243	0.13449852168560028	0.0	0.0	0.0	0.0	0.0	0.0	0.0	0.0	0.0	0.0	0.0	0.0	0.0	0.0	0.07393908500671387	0.0	3.2497951984405518	0.2619158625602722	0.0	0.6516809463500977	0.0	0.0	0.0	0.0	0.0	0.0	0.6514641642570496	0.0	3.4384636878967285	1.5497941970825195	0.0	0.0	1.4897912740707397	0.0	0.0	0.0	0.8180675506591797	0.35077542066574097	2.946814775466919	1.4964194297790527	0.0	0.0	0.0	0.34643372893333435	1.4610093832015991	0.17294110357761383	0.0	0.0	0.0	2.454078197479248	1.9602147340774536	0.0	0.0	0.0	0.0	0.0	1.9730560779571533	0.0	0.0	0.0	0.0	1.855742335319519	0.0	0.0	1.5224095582962036	0.0	0.5639298558235168	0.0	0.0	0.0	0.0	2.3571736812591553	0.0	0.0
0.0	0.0	0.0	0.7453609108924866	0.07929161936044693	0.0	1.1847352981567383	0.0	2.0069875717163086	0.0	0.0	0.0	0.821002185344696	0.11304012686014175	0.17754364013671875	0.8202317953109741	0.4127980172634125	1.0893158912658691	0.7600851655006409	0.740424633026123	1.093709945678711	1.8341509103775024	0.0	1.2139966487884521	0.0	0.0	0.0	1.3451143503189087	0.8183736801147461	0.2003684639930725	0.41306114196777344	1.2309746742248535	0.0	1.423098087310791	0.0	0.369528204202652	1.4271440505981445	0.0	1.174426555633545	1.6905286312103271	0.0	0.0	0.0	0.0	0.0	0.0	0.0	0.0	0.0	0.7945420742034912	0.0	0.0	0.0	0.6188833117485046	1.8991426229476929	0.0	0.0	0.0	0.836688756942749	0.9919891953468323	0.0	0.0	0.0	0.23237068951129913	0.0	0.0	0.0	0.0	0.0	1.4375295639038086	0.16243666410446167	0.0	0.0	0.0	0.0	0.0	0.7066506147384644	0.0	0.0	1.3675727844238281	0.0	0.0	0.5441867113113403	0.0	1.3633768558502197	0.0	1.5526372194290161	0.0	0.38426899909973145	0.0	0.0	0.9234338402748108	0.0	1.536301612854004	0.0	0.9388234615325928	0.5537508726119995	0.0	0.0	0.0	0.0	0.1216854378581047	0.0	1.030621886253357	0.0	0.0	0.42940235137939453	0.0	0.0	0.0	0.0	0.0	0.0	0.0	0.0	0.0	0.8879987001419067	0.0	0.7909302711486816	0.0	0.24247872829437256	0.0	0.0	1.0302221775054932	0.8619379997253418	0.5296343564987183	0.0	0.0	0.0	0.8524305820465088	0.0	0.0	0.34848737716674805	0.0	0.0	0.37336114048957825	0.0	0.0	0.0	0.886250376701355	0.0	0.0	0.0	0.0	0.5602453947067261	0.0	1.3822054862976074	0.0	0.0	0.0	0.0	0.0	0.0	0.0	1.2638882398605347	0.0	0.0	0.10217005759477615	0.0	0.0	0.8194183111190796	0.0	0.20047920942306519	0.0	0.6660267114639282	0.0	0.861378014087677	1.1244726181030273	0.0	0.0	0.0	0.0	0.6144201159477234	0.0	0.0	1.9841511249542236	0.0	0.0	0.0	0.0	0.4011475741863251	0.9179489016532898	0.0	0.0	1.6128751039505005	0.0	0.0	0.0	0.0	0.0	0.0	0.0	0.0	0.0	0.4126739501953125	0.0	1.745214819908142	0.0	1.1184909343719482	1.4012733697891235	0.0	0.0	0.0	0.0	0.0	0.0	0.0	0.0	0.0	0.0	0.384758323431015	0.1944637894630432	0.0	0.0	0.5052671432495117	0.0	0.0	0.0	2.1172189712524414	1.3421270847320557	0.8721086978912354	0.0	0.0	0.0	0.0	1.756804347038269	0.9996673464775085	0.5090729594230652	1.1253317594528198	0.0	0.0	0.09427608549594879	0.1035391092300415	0.0	0.0	0.0	0.0	0.0	0.0	0.0	0.0	0.0	0.8207147717475891	0.0	1.1113345623016357	0.0	0.06947840005159378	0.0	1.4516924619674683	0.6926721334457397	0.0	0.0	0.0	0.22109271585941315	0.0	0.0
0.0	0.0	0.0	0.32903507351875305	0.29678067564964294	0.0	1.0888828039169312	0.0	1.3974021673202515	0.5250536203384399	0.0	0.0	0.7614558339118958	0.980546772480011	0.34085023403167725	0.7286427617073059	0.055016305297613144	0.2921612560749054	0.6964128017425537	0.5489528775215149	0.8041394352912903	0.578694760799408	0.0	1.1957298517227173	0.0	0.0	0.34047821164131165	1.026852011680603	0.5257444977760315	0.29430389404296875	0.4619636833667755	0.5559706091880798	0.0	0.5309104919433594	0.0	0.5356315970420837	0.6028139591217041	0.0	0.7720135450363159	0.9672869443893433	0.0	0.0	0.0	0.0	0.0	0.0	0.0	0.0	0.0	0.7601121664047241	0.0	0.0	0.0	0.2562892735004425	0.8075278997421265	0.0	0.0	0.2638462781906128	1.07435142993927	0.00653782207518816	0.0	0.0	0.0	0.23583006858825684	0.0	0.0	0.0	0.0	0.0	0.565392255783081	0.5900571346282959	0.0	0.0	0.0	0.0	0.0	0.64533931016922	0.2873533070087433	0.0	0.5532187223434448	0.0	0.0	0.6349449157714844	0.0	0.9053027033805847	0.0	1.1388609409332275	0.0	0.2818244397640228	0.0	0.0	0.6256903409957886	0.0	0.6238073110580444	0.0	0.5518589615821838	0.4738072454929352	0.20001807808876038	0.0	0.10343092679977417	0.0	0.0	0.0	0.40779271721839905	0.0	0.0	0.3767052888870239	0.12320893257856369	0.0	0.0	0.0	0.0	0.0	0.0	0.0	0.0	0.6438587307929993	0.0	0.2765359580516815	0.0	0.6766507625579834	0.3289308249950409	0.0	0.39417240023612976	0.0	0.7413114905357361	0.0	0.0	0.0	0.309630811214447	0.0	0.0	0.4840008616447449	0.0	0.0	0.17718811333179474	0.602721095085144	0.0	0.0	0.40296050906181335	0.0	0.0	0.0	0.36518552899360657	1.0050156116485596	0.0	0.8904576301574707	0.0	0.0	0.0	0.0	0.26996996998786926	0.0	0.0	0.6605422496795654	0.0	0.0	0.5988548994064331	0.0	0.0	0.7355121970176697	0.36604124307632446	0.06650406122207642	0.0	0.6676051020622253	0.0	0.18679603934288025	1.1424925327301025	0.0	0.0	0.0	0.0	0.4333091080188751	0.0	0.8556162118911743	1.0624058246612549	0.0	0.0	0.0	0.0	0.6811899542808533	0.8078933954238892	0.0	0.0	0.6965347528457642	0.0	0.0	0.0	0.0	0.0	0.0	0.0	0.0	0.0	0.6117345690727234	0.0	0.9075415730476379	0.0	0.9213901162147522	0.8191753625869751	0.0	0.0	0.0	0.0	0.0	0.0	0.0	0.0	0.42626577615737915	0.0	0.5263203382492065	0.5143427848815918	0.0	0.0	0.4239741265773773	0.0	0.0	0.0	0.9800578951835632	1.2842944860458374	0.5377414226531982	0.14772769808769226	0.0	0.0	0.0	0.9274798631668091	0.8812143206596375	0.2923327386379242	1.0508882999420166	0.0	0.0	0.04111091420054436	0.3816387951374054	0.3446269929409027	0.0	0.0	0.0	0.0	0.4197565019130707	0.0	0.0	0.0	0.6788834929466248	0.13810917735099792	0.8629383444786072	0.0	0.3875240087509155	0.0	1.026856780052185	0.7254186868667603	0.0	0.6104476451873779	0.0	0.0	0.0	0.0
0.0	0.0	0.0	0.5971057415008545	0.0	0.0	2.3842787742614746	0.0	2.6197116374969482	0.5375695824623108	0.0	0.0	1.9677815437316895	0.8763505816459656	0.6321320533752441	1.219860315322876	0.0	1.7889695167541504	2.0017387866973877	1.185123085975647	1.849134087562561	2.530099630355835	0.0	2.3905818462371826	0.0	0.0	0.8695396184921265	1.3601094484329224	1.7753065824508667	0.6912592649459839	1.188868522644043	0.3054887652397156	0.0	1.7044541835784912	0.0	0.3164308965206146	2.865776538848877	0.0	2.2539334297180176	3.1591954231262207	0.0	0.0	0.0	0.0	0.0	0.0	0.0	0.0	0.0	0.5278846025466919	0.0	0.0	0.0	1.0276904106140137	2.8032989501953125	0.0	0.0	0.5201283693313599	1.62836754322052	0.9459052681922913	0.0	0.0	0.0	0.3004841208457947	0.0	0.0	0.0	0.0	0.0	2.4171388149261475	0.7497825622558594	0.0	0.0	0.0	0.0	0.0	1.86333167552948	0.0	0.0	1.6876686811447144	0.0	0.0	0.7375757694244385	0.8579022884368896	2.288335084915161	0.0	2.9698758125305176	0.0	0.4728338420391083	0.0	0.0	2.539412021636963	0.0	2.456244468688965	0.0	1.8146922588348389	1.4612890481948853	0.0	0.0	0.0	0.0	0.0	0.0	1.5640573501586914	0.0	0.0	0.9764152765274048	0.0	0.0	0.0	0.0	0.0	0.0	0.0	0.0	0.0	0.5010400414466858	0.0	0.10423469543457031	0.0	1.4939627647399902	0.0	0.0	0.7731989026069641	0.23371686041355133	0.8609949946403503	0.0	0.0	0.0	0.0	0.0	0.0	0.45261839032173157	0.0	0.0	0.2771201729774475	0.6357831954956055	0.0	0.0	1.5863691568374634	0.0	0.0	0.0	0.0	0.8398908376693726	0.0	2.218390941619873	0.0	0.0	0.0	0.0	0.0	0.0	0.0	2.4606316089630127	0.0	0.0	0.13026513159275055	0.0	0.0	1.9071314334869385	0.0	0.518413245677948	0.06815185397863388	0.8580697774887085	0.0	1.2479829788208008	1.9053871631622314	0.0	0.0	0.0	0.0	1.675516128540039	0.0	0.07313667237758636	1.6838204860687256	0.0	0.0	0.0	0.0	0.8985572457313538	1.8935580253601074	0.0	0.0	3.3316760063171387	0.0	0.0	0.0	0.0	0.0	0.0	0.0	0.0	0.0	1.581404685974121	0.0	3.0813512802124023	0.0	1.8898513317108154	1.5152679681777954	0.0	0.0	0.0	0.0	0.0	0.0	0.0	0.0	0.031181801110506058	0.0	0.4711264967918396	0.39669013023376465	0.0	0.0	0.9120349884033203	0.0	0.0	0.0	3.144839286804199	2.8022778034210205	1.3615632057189941	0.0	0.0	0.0	0.0	3.3099265098571777	1.1916189193725586	1.4384256601333618	2.3976752758026123	0.0	0.0	0.13544979691505432	0.07755329459905624	0.247727632522583	0.0	0.0	0.0	0.0	0.3315194845199585	0.0	0.0	0.0	1.5820460319519043	0.0	2.235046625137329	0.0	0.21936079859733582	0.0	1.7337812185287476	1.9667726755142212	0.0	0.0	0.0	0.0	0.0	0.0
0.0	0.0	0.0	0.10742692649364471	1.4534578323364258	0.0	0.08599266409873962	0.0	2.757974624633789	0.0	0.993206799030304	0.0	0.0	0.18513531982898712	0.9701367616653442	1.9738560914993286	1.4789928197860718	0.010168877430260181	0.0	0.0	0.05832139030098915	0.0	0.0	1.1210819482803345	0.0	0.0	0.0	0.7885149121284485	0.0	0.0	0.2624942362308502	1.2277616262435913	0.0	0.13270054757595062	0.0	0.0	0.0	0.0	0.0	0.6271476745605469	0.0	0.0	0.0	0.9407026767730713	0.0	0.0	0.4497368037700653	0.0	0.0	2.6187973022460938	0.0	0.0	0.0	0.0	0.022061984986066818	0.0	0.0	0.0	0.0	0.38320156931877136	0.0	0.0	0.0	0.0	0.0	0.0	0.0	0.0	0.0	0.0	0.4703441560268402	0.0	0.0	0.0	0.0	0.0	0.4154373109340668	0.0	0.0	0.23598672449588776	0.0	0.0	1.0931951999664307	0.0	0.20734070241451263	0.0	0.9936771392822266	0.0	1.8378641605377197	0.0	0.0	0.0	0.0	0.31242838501930237	0.0	0.0	0.0	0.0	0.0	0.0	0.0	0.7410258054733276	0.0	0.0	0.0	0.0	0.18118087947368622	1.1321574449539185	0.0	0.9203261137008667	0.0	0.0	0.0	0.0	0.0	0.0	0.6628721952438354	0.0	1.6914390325546265	0.0	0.3595185875892639	0.25709182024002075	0.0	1.0005059242248535	0.2736204266548157	1.334357738494873	0.0	0.0	0.0	2.2995004653930664	0.0	0.0	0.31824830174446106	0.0	0.0	1.785112977027893	0.676429808139801	0.0	0.0	0.0	0.0	0.0	0.0	0.06020747497677803	0.716572105884552	0.0	1.8032232522964478	0.0	0.0	0.0	0.0	1.0754462480545044	0.0	0.0	0.03975307196378708	0.0	0.0	1.060799241065979	0.0	0.0	0.0	0.0	0.0172023493796587	0.0	0.10678529739379883	0.0	0.0	1.7295689582824707	0.0	0.0	0.0	0.0	0.0	0.0	0.31182196736335754	2.7979612350463867	1.603735327720642	0.0	0.0	0.0	1.2734946012496948	0.0	0.0	0.0	0.16125357151031494	0.0	0.0	0.0	0.0	0.0	0.0	0.0	0.0	0.0	0.0	0.0	0.0	0.0	2.248243808746338	0.5755349397659302	0.0	0.0	0.0	0.0	0.0	0.0	0.0	0.0	1.0970265865325928	0.0	2.8709945678710938	1.131500244140625	0.0	0.0	0.6546539068222046	0.0	0.0	0.0	0.36711493134498596	0.9925983548164368	1.626846432685852	1.2954163551330566	0.0	0.0	0.0	0.4482344090938568	1.7382653951644897	0.0	0.0579848438501358	0.0	0.0	2.166077136993408	1.128371000289917	0.0	0.0	0.0	0.0	0.0	1.6216455698013306	0.0	0.0	0.0	0.0	1.0692777633666992	0.0	0.0	0.9155774712562561	0.0	0.14739276468753815	0.0	0.0	0.0	0.0	1.6625992059707642	0.0	0.0
0.0	0.0	0.0	0.4241734743118286	1.4049164056777954	0.0	1.4368709325790405	0.0	2.5641415119171143	0.31556159257888794	0.0	0.0	0.2911624312400818	0.9892721176147461	0.44173383712768555	1.3675428628921509	0.5967876315116882	0.8004962205886841	0.7044381499290466	0.30360081791877747	1.0937355756759644	1.5208070278167725	0.0	2.198348045349121	0.0	0.0	0.0	1.4623278379440308	0.6203958988189697	0.4186096489429474	0.5907227993011475	1.4937028884887695	0.0	1.130555272102356	0.0	0.7750681638717651	0.8855147957801819	0.0	1.3947958946228027	1.5476515293121338	0.0	0.0	0.0	0.0	0.0	0.0	0.0	0.0	0.0	1.5583595037460327	0.0	0.0	0.0	0.503361165523529	1.308859944343567	0.0	0.0	0.36925607919692993	0.942559003829956	0.42727357149124146	0.0	0.0	0.0	0.0	0.0	0.0	0.0	0.0	0.0	0.9795878529548645	1.0047247409820557	0.0	0.0	0.0	0.0	0.0	0.4938925802707672	0.6082230806350708	0.0	0.8752930760383606	0.0	0.0	0.5621602535247803	0.0	1.2666370868682861	0.0	2.2171850204467773	0.0	0.7120335102081299	0.0	0.0	0.8720499277114868	0.0	0.8347225785255432	0.0	0.7106007933616638	0.9012719392776489	0.5100806951522827	0.0	0.34327489137649536	0.0	0.0	0.0	0.4770909249782562	0.0	0.0	0.28612008690834045	0.15597154200077057	0.0	0.0	0.0	0.0	0.0	0.0	0.0	0.0	0.6149651408195496	0.0	0.6943978667259216	0.0	0.1017933264374733	0.4952693581581116	0.0	0.9627689719200134	0.36818256974220276	1.309566855430603	0.0	0.0	0.0	0.8666709661483765	0.0	0.0	0.03316430374979973	0.0	0.0	0.11161892861127853	0.30783000588417053	0.0	0.0	0.9180903434753418	0.0	0.0	0.0	0.9715465307235718	1.411575436592102	0.0	1.347126841545105	0.0	0.0	0.0	0.0	0.0	0.0	0.0	1.2924728393554688	0.0	0.0	0.43827566504478455	0.0	0.0	1.0956770181655884	0.1946379393339157	0.3615787625312805	0.0	0.6522371768951416	0.0	0.5615020394325256	1.8797723054885864	0.0	0.0	0.0	0.0	0.33674365282058716	0.0	0.7465338706970215	1.9223474264144897	0.3952833116054535	0.0	0.0	0.0	0.5720624923706055	1.2131227254867554	0.0	0.0	1.4556277990341187	0.0	0.0	0.0	0.0	0.0	0.0	0.0	0.0	0.0	0.295946329832077	0.0	1.0886391401290894	0.0	1.616607666015625	1.5555073022842407	0.0	0.0	0.0	0.0	0.0	0.0	0.0	0.0	0.1966993808746338	0.0	1.0085058212280273	0.7463796734809875	0.0	0.0	0.4981042146682739	0.0	0.0	0.0	1.5923715829849243	1.4488928318023682	0.888232409954071	0.03157646209001541	0.0	0.0	0.0	1.5075299739837646	1.5112954378128052	0.3149324059486389	1.4587256908416748	0.0	0.0	0.5457253456115723	0.21269242465496063	0.0	0.0	0.0	0.0	0.0	0.8939710259437561	0.0	0.0	0.0	0.4826716482639313	0.17534823715686798	1.1460291147232056	0.0	0.09267707169055939	0.0	1.0080454349517822	0.89720618724823	0.0	0.3969012498855591	0.0	0.2100955992937088	0.0	0.0
0.0	0.0	0.0	0.9145888686180115	0.3705334961414337	0.0	0.46164757013320923	0.0	2.1317737102508545	0.0	0.41844481229782104	0.0	0.3707195222377777	0.8781922459602356	0.8392748236656189	1.8751928806304932	0.8529289960861206	0.706871747970581	0.5907211303710938	0.2795758843421936	0.39079973101615906	0.45827165246009827	0.0	1.3986835479736328	0.0	0.0	0.0	0.7601153254508972	0.2961651682853699	0.39181050658226013	0.8157528638839722	0.41773557662963867	0.0	0.15070609748363495	0.0	0.0	0.8425203561782837	0.0	0.16075976192951202	1.2773886919021606	0.0	0.0	0.0	0.0	0.0	0.0	0.18351057171821594	0.0	0.0	1.2392138242721558	0.0	0.0	0.0	0.2774869501590729	0.7949713468551636	0.0	0.0	0.0	0.6015104651451111	0.600493311882019	0.0	0.0	0.0	0.0	0.0	0.0	0.0	0.0	0.0	0.3442351818084717	0.6565956473350525	0.0	0.0	0.0	0.0	0.0	0.843826949596405	0.0	0.0	0.82752525806427	0.0	0.0	1.0882917642593384	0.0	0.7987608313560486	0.0	1.0220866203308105	0.0	1.3187048435211182	0.0	0.0	0.6066211462020874	0.0	0.2840145528316498	0.0	0.14519838988780975	0.26452699303627014	0.0	0.0	0.056651365011930466	0.0	0.07307073473930359	0.0	0.06761451810598373	0.0	0.0	0.9411720037460327	0.46296611428260803	0.0	0.10399382561445236	0.0	0.0	0.0	0.0	0.0	0.0	0.6332617998123169	0.0	0.7750521302223206	0.0	1.0356276035308838	0.29434090852737427	0.0	0.33607882261276245	0.0	1.073539137840271	0.0	0.0	0.0	1.2701818943023682	0.0	0.0	0.44030824303627014	0.0	0.0	0.9388713240623474	0.5582764148712158	0.0	0.0	0.0	0.0	0.0	0.0	0.058485422283411026	0.7047433257102966	0.0	1.7573727369308472	0.0	0.0	0.0	0.0	0.23202714323997498	0.0	0.0	0.1719670593738556	0.0	0.0	0.9095277786254883	0.0	0.0	0.5449678897857666	0.0	0.30263957381248474	0.14237840473651886	0.43761998414993286	0.0	0.0	1.316732406616211	0.0	0.0	0.0	0.0	0.6336500644683838	0.0	0.3762717545032501	1.8341814279556274	0.614886462688446	0.0	0.0	0.0	1.2002146244049072	0.49857351183891296	0.0	0.0	0.8690144419670105	0.0	0.0	0.0	0.0	0.0	0.0	0.0	0.0	0.0	0.5156941413879395	0.0	0.5317728519439697	0.0	1.5973955392837524	0.30504631996154785	0.0	0.0	0.0	0.0	0.0	0.0	0.0	0.0	0.5830749273300171	0.0	1.5430315732955933	0.8850262761116028	0.0	0.0	0.46448829770088196	0.0	0.0	0.0	1.1906713247299194	0.9080604314804077	1.5437759160995483	0.41376379132270813	0.0	0.0	0.0	0.8486024141311646	1.0204517841339111	0.5356779098510742	0.5343074798583984	0.0	0.0	0.8193804621696472	0.4602968990802765	0.0725260004401207	0.0	0.0	0.0	0.0	1.134084939956665	0.0	0.0	0.0	0.6804884076118469	0.7542491555213928	0.3348711133003235	0.0	0.6736266613006592	0.0	0.8508322238922119	0.9595914483070374	0.0	0.0	0.0	0.5830851197242737	0.0	0.0
0.0	0.0	0.0	0.8556968569755554	0.4903823137283325	0.0	1.8226144313812256	0.0	4.166350364685059	0.0	0.0	0.0	0.22348544001579285	1.618439793586731	0.7810317873954773	2.668553113937378	1.290791392326355	1.4569569826126099	1.2124744653701782	0.2091008424758911	2.031177043914795	1.5926110744476318	0.0	2.0466127395629883	0.0	0.0	0.0	1.3954249620437622	0.7373682856559753	0.7340741157531738	0.9993874430656433	1.6857147216796875	0.0	1.6519956588745117	0.0	0.17159585654735565	1.333544135093689	0.0	1.4003145694732666	2.3159329891204834	0.0	0.0	0.0	0.43415236473083496	0.0	0.0	0.0	0.0	0.0	2.421999931335449	0.0	0.0	0.0	1.1652475595474243	1.4896963834762573	0.0	0.0	0.0	0.5512003898620605	1.5171592235565186	0.0	0.0	0.0	0.0	0.0	0.0	0.0	0.0	0.0	1.3582067489624023	0.5813930630683899	0.0	0.0	0.0	0.0	0.0	0.4550629258155823	0.11674799770116806	0.0	0.8818052411079407	0.0	0.0	1.7250927686691284	0.19631138443946838	1.3560822010040283	0.0	2.8184924125671387	0.0	1.8103351593017578	0.0	0.0	1.0437958240509033	0.0	1.1076641082763672	0.0	0.9657397270202637	1.3552051782608032	0.0	0.0	0.0	0.0	0.24727798998355865	0.0	0.9246491193771362	0.0	0.0	0.772007167339325	0.04214323312044144	0.0	0.0	0.0	0.0	0.0	0.0	0.0	0.0	1.1166332960128784	0.0	0.8411373496055603	0.0	0.37291577458381653	0.10821472853422165	0.0	0.6419700384140015	1.1464016437530518	1.5608946084976196	0.0	0.0	0.0	1.3788148164749146	0.0	0.0	0.0	0.0	0.0	0.3581370413303375	0.1512216031551361	0.0	0.0	0.8896498084068298	0.0	0.0	0.0	0.5233398675918579	1.2048296928405762	0.0	2.7631680965423584	0.0	0.0	0.0	0.0	0.0	0.0	0.0	1.3048533201217651	0.0	0.0	0.7523509860038757	0.0	0.0	0.8751019239425659	0.0	0.3782978057861328	0.0	0.4051704406738281	0.0	0.40875378251075745	2.6264231204986572	0.0	0.0	0.0	0.0	0.8451412916183472	0.0	0.0	3.6587305068969727	0.7098343372344971	0.0	0.0	0.0	1.0064469575881958	0.8971235156059265	0.0	0.0	1.3716386556625366	0.0	0.0	0.0	0.0	0.0	0.0	0.0	0.0	0.0	0.17080216109752655	0.0	1.3520121574401855	0.0	2.7291886806488037	1.4928594827651978	0.0	0.0	0.0	0.0	0.0	0.0	0.0	0.0	0.411891371011734	0.0	1.7230861186981201	1.0530409812927246	0.0	0.0	1.4784064292907715	0.0	0.0	0.0	2.4050707817077637	2.3925280570983887	2.1370530128479004	0.10965019464492798	0.0	0.0	0.0	2.3651976585388184	1.905177354812622	0.9606086611747742	1.6890534162521362	0.0	0.0	0.9753702282905579	0.10334128886461258	0.0	0.0	0.0	0.0	0.0	1.111147165298462	0.0	0.0	0.0	1.4200067520141602	0.6671290397644043	0.772240936756134	0.0	0.33171001076698303	0.0	1.3697993755340576	1.6592485904693604	0.0	0.0	0.0	1.4993029832839966	0.0	0.0
0.0	0.0	0.0	1.7784782648086548	0.0	0.0	2.16951060295105	0.0	3.8230342864990234	0.0	0.0	0.0	0.374782919883728	1.3998806476593018	0.0	2.1339762210845947	1.161040186882019	1.727319359779358	1.4090996980667114	0.3833286464214325	2.044589042663574	2.081144094467163	0.0	2.011720895767212	0.0	0.0	0.29236090183258057	0.3607953190803528	0.5825513005256653	0.4699274003505707	1.1263896226882935	0.6998427510261536	0.0	1.6053849458694458	0.0	0.4250592291355133	1.0165987014770508	0.0	1.3366467952728271	2.675114154815674	0.0	0.0	0.0	0.06482218950986862	0.0	0.0	0.009311498142778873	0.0	0.0	1.4433884620666504	0.0	0.0	0.0	1.6046608686447144	1.9659430980682373	0.0	0.0	0.0	0.7349838018417358	1.7220735549926758	0.0	0.0	0.0	0.0	0.0	0.0	0.0	0.0	0.0	1.514829397201538	0.47549426555633545	0.0	0.0	0.0	0.0	0.0	0.5142878293991089	0.034548066556453705	0.0	0.8119104504585266	0.0	0.0	1.9063867330551147	0.7928427457809448	1.1119663715362549	0.0	3.148167848587036	0.0	1.6349033117294312	0.0	0.0	1.5012152194976807	0.0	0.4416566789150238	0.0	0.3201710879802704	1.1119892597198486	0.0	0.0	0.0	0.0	0.0	0.0	1.104174017906189	0.0	0.0	1.202372670173645	0.0	0.0	0.0	0.0	0.0	0.0	0.0	0.0	0.0	0.6702054738998413	0.0	1.4203402996063232	0.0	0.2787400484085083	0.23683759570121765	0.0	0.13210724294185638	1.5829159021377563	0.33734366297721863	0.0	0.0	0.0	0.9174848198890686	0.0	0.0	0.0	0.0	0.0	0.0	0.07614143937826157	0.0	0.0	1.2635948657989502	0.0	0.0	0.0	0.9686490893363953	1.378371000289917	0.0	2.0585591793060303	0.0	0.0	0.0	0.0	0.0	0.0	0.0	1.1984853744506836	0.0	0.0	0.61994868516922	0.0	0.0	0.599449098110199	0.0	0.36056530475616455	0.0	0.014477136544883251	0.0	0.040438976138830185	1.7305740118026733	0.0	0.0	0.0	0.0	1.1779838800430298	0.0	0.0	3.1769092082977295	0.33982476592063904	0.0	0.0	0.0	0.5902559757232666	1.2204103469848633	0.0	0.0	1.6381410360336304	0.0	0.0	0.0	0.0	0.0	0.0	0.0	0.0	0.0	0.2981874346733093	0.0	1.671376347541809	0.0	2.2481272220611572	1.5831564664840698	0.0	0.0	0.0	0.0	0.0	0.0	0.0	0.0	0.034419141709804535	0.0	0.7388622164726257	0.0068377163261175156	0.0	0.0	1.2674999237060547	0.0	0.0	0.0	2.5366733074188232	2.119776487350464	2.082994222640991	0.18058940768241882	0.0	0.0	0.0	1.98944890499115	1.3747198581695557	1.2787909507751465	1.1277787685394287	0.0	0.0	0.2096244990825653	0.0	0.2792632579803467	0.0	0.0	0.0	0.0	0.8963041305541992	0.0	0.0	0.0	1.4473451375961304	0.5871618390083313	1.2099716663360596	0.0	0.0	0.0	1.4264960289001465	1.5065926313400269	0.0	0.0	0.0	0.9707657694816589	0.0	0.0
0.0	0.0	0.0	1.4946041107177734	0.17416173219680786	0.0	1.3781803846359253	0.0	3.0644171237945557	0.3339066505432129	0.0	0.0	0.07507680356502533	0.8981311321258545	0.3717361390590668	2.3873848915100098	1.0567530393600464	1.3399068117141724	0.6461111307144165	0.37000057101249695	1.4842191934585571	1.2625858783721924	0.0	1.7693331241607666	0.0	0.0	0.1241951435804367	0.6942142248153687	0.6422048211097717	0.3317781984806061	0.9249683618545532	0.8939606547355652	0.0	0.7890918254852295	0.0	0.0	0.7358278632164001	0.0	1.2709441184997559	1.5928205251693726	0.0	0.0	0.0	0.17621999979019165	0.0	0.0	0.6141496300697327	0.0	0.0	1.0305068492889404	0.0	0.0	0.0	1.026846170425415	1.742767333984375	0.0	0.0	0.0	0.7427913546562195	0.9039630889892578	0.0	0.0	0.0	0.0	0.0	0.0	0.0	0.0	0.0	1.1216696500778198	1.062476396560669	0.0	0.0	0.0	0.0	0.0	0.4937187135219574	0.08170011639595032	0.0	1.27519690990448	0.0	0.0	1.7601618766784668	0.0549364797770977	0.8897128105163574	0.0	1.7154653072357178	0.0	1.376150131225586	0.0	0.0	0.7585158348083496	0.0	0.1722588688135147	0.0	0.377998948097229	0.9344969987869263	0.0	0.0	0.0	0.0	0.203822523355484	0.0	0.4140104055404663	0.0	0.0	1.1483533382415771	0.11400769650936127	0.0	0.0	0.0	0.0	0.0	0.0	0.0	0.0	0.9863373041152954	0.0	0.5239339470863342	0.0	0.32797175645828247	0.4280627369880676	0.0	0.0	0.6245937943458557	0.9663119912147522	0.0	0.0	0.0	0.7002631425857544	0.0	0.0	0.0	0.0	0.0	0.4778362214565277	0.09044211357831955	0.0	0.0	1.568055272102356	0.0	0.0	0.0	0.0	0.8736324310302734	0.0	1.6761747598648071	0.0	0.0	0.0	0.0	0.1023101955652237	0.0	0.0	0.6477757692337036	0.0	0.0	0.9683266878128052	0.0	0.0	0.6126869916915894	0.1971992552280426	0.0	0.0	0.0	0.0	0.0	1.78483247756958	0.0	0.0	0.0	0.0	0.7354143857955933	0.0	0.0	2.7642018795013428	0.459204763174057	0.0	0.0	0.0	1.1325478553771973	1.0328320264816284	0.0	0.0	1.352195382118225	0.0	0.0	0.0	0.0	0.0	0.0	0.0	0.0	0.0	0.7189158797264099	0.0	1.2983691692352295	0.0	2.1968278884887695	0.998166561126709	0.0	0.0	0.0	0.0	0.0	0.0	0.0	0.0	0.15532249212265015	0.0	1.5545092821121216	0.789543867111206	0.0	0.0	1.5662190914154053	0.0	0.0	0.0	1.6327320337295532	1.6765328645706177	2.0304880142211914	0.2553703784942627	0.0	0.0	0.0	1.6943862438201904	1.3571323156356812	1.0442262887954712	1.5584076642990112	0.0	0.0	1.1825910806655884	0.6627465486526489	0.37542420625686646	0.0	0.0	0.0	0.0	1.3725426197052002	0.0	0.0	0.0	1.2471696138381958	0.7252135872840881	0.36688393354415894	0.0	0.2163209319114685	0.0	0.736414909362793	1.2814260721206665	0.0	0.0	0.0	0.7685329914093018	0.0	0.0
0.0	0.0	0.0	0.1311555653810501	0.259333074092865	0.0	0.7626908421516418	0.0	1.0708104372024536	0.5376142263412476	0.0	0.0	0.5921052098274231	0.6940191984176636	0.46305933594703674	0.6876090168952942	0.0	0.3952710032463074	0.3999863862991333	0.46818724274635315	0.45564499497413635	0.3781766891479492	0.0	0.9711952209472656	0.0	0.0	0.26639309525489807	0.7740696668624878	0.40553703904151917	0.4531974494457245	0.5045248866081238	0.4511070251464844	0.0	0.28864583373069763	0.0	0.3519532382488251	0.534902036190033	0.0	0.532328724861145	0.3993377983570099	0.0	0.0	0.0	0.0	0.0	0.0	0.0	0.0	0.0	0.44069287180900574	0.0	0.0	0.0	0.151963472366333	0.5842034220695496	0.0	0.0	0.4707008898258209	1.0519853830337524	0.0	0.0	0.0	0.0	0.24321886897087097	0.0	0.0	0.0	0.0	0.0	0.4586348831653595	0.6948148608207703	0.0	0.0	0.0	0.0	0.0	0.5857035517692566	0.584089457988739	0.0	0.7800855040550232	0.0	0.0	0.3541785478591919	0.0	0.8926492929458618	0.0	0.6102016568183899	0.0	0.11966017633676529	0.0	0.0	0.4779619574546814	0.0	0.6376368999481201	0.0	0.3364154100418091	0.7099935412406921	0.4576225280761719	0.0	0.27342846989631653	0.0	0.0	0.0	0.214840829372406	0.0	0.0	0.2365361899137497	0.08682271838188171	0.0	0.0	0.0	0.0	0.0	0.0	0.0	0.0	0.4956933557987213	0.0	0.0	0.0	0.12336224317550659	0.426652193069458	0.0	0.06501898169517517	0.0	0.557221531867981	0.0	0.0	0.0	0.22189347445964813	0.0	0.0	0.4311359226703644	0.0	0.0	0.36556243896484375	0.45811840891838074	0.0	0.0	0.3256469666957855	0.0	0.0	0.0	0.757459282875061	0.7561543583869934	0.0	0.552851676940918	0.0	0.0	0.0	0.0	0.2683197557926178	0.0	0.0	0.5191238522529602	0.0	0.0	0.6276642680168152	0.0	0.0	0.5898246169090271	0.5199305415153503	0.4351016581058502	0.08337675780057907	0.43807482719421387	0.0	0.16533634066581726	0.7935253381729126	0.0	0.0	0.0	0.0	0.23112927377223969	0.0	0.8376936316490173	0.6277814507484436	0.015330138616263866	0.0	0.0	0.29107019305229187	0.4918566346168518	0.5587558150291443	0.0	0.0	0.48354852199554443	0.0	0.0	0.0	0.0	0.0	0.0	0.0	0.0	0.0	0.49265047907829285	0.0	0.5621448159217834	0.0	0.8439195156097412	0.8695152401924133	0.0	0.0	0.0	0.0	0.0	0.0	0.0	0.0	0.6177027821540833	0.0	0.4242459237575531	0.5685271620750427	0.15027445554733276	0.0	0.34620124101638794	0.0	0.0	0.0	0.6522030830383301	1.035780906677246	0.2582949697971344	0.22473695874214172	0.0	0.0	0.0	0.4590584635734558	0.6728014945983887	0.2899598777294159	0.7938076853752136	0.0	0.0	0.13765984773635864	0.48219478130340576	0.4771549701690674	0.0	0.0	0.0	0.0	0.4826585054397583	0.0	0.0	0.0	0.4231686592102051	0.08306310325860977	0.8049932718276978	0.0	0.3147805631160736	0.0	0.8092586994171143	0.6014294028282166	0.0	0.554059624671936	0.0	0.0	0.0	0.0
0.0	0.0	0.0	0.8965867161750793	0.0	0.0	0.7254810929298401	0.0	1.5223826169967651	0.26973795890808105	0.0	0.0	0.41054144501686096	0.0850071907043457	0.0	0.6688138246536255	0.4671688377857208	1.0576106309890747	0.7858870625495911	0.5009623169898987	0.6411147117614746	1.2020015716552734	0.0	0.845156729221344	0.0	0.0	0.01753431372344494	0.6310804486274719	0.9026709198951721	0.03162515535950661	0.7751976847648621	0.6190242171287537	0.0	1.1960569620132446	0.0	0.3711552023887634	0.6725062131881714	0.0	0.7040396332740784	0.3723823130130768	0.0	0.0	0.0	0.0	0.0	0.0	0.43174946308135986	0.0	0.0	0.18413610756397247	0.0	0.0	0.0	0.7305441498756409	1.1286855936050415	0.0	0.0	0.0	1.0438271760940552	0.8133094906806946	0.0	0.0	0.0	0.11362376809120178	0.0	0.0	0.0	0.0	0.0	0.746925413608551	0.22708535194396973	0.0	0.0	0.0	0.0	0.0	0.5274646878242493	0.0	0.0	0.6453614234924316	0.0	0.0	0.686088502407074	0.0	0.8707043528556824	0.0	0.9781843423843384	0.0	0.21820653975009918	0.0	0.0	0.864988386631012	0.0	0.8270918130874634	0.0	0.26990798115730286	0.5242533683776855	0.0	0.0	0.0	0.0	0.7641628980636597	0.0	0.5616888403892517	0.0	0.0	0.15719354152679443	0.0	0.0	0.0596173033118248	0.0	0.0	0.0	0.0	0.0	0.0	0.14145471155643463	0.0	0.2287113219499588	0.0	0.0	0.0	0.0	0.15583795309066772	0.8504598140716553	0.4516020715236664	0.0	0.0	0.0	0.5974442958831787	0.0	0.0	0.21700893342494965	0.0	0.0	0.0	0.0	0.0	0.0	0.5285702347755432	0.0	0.0	0.0	0.0	0.4591991901397705	0.0	0.8454710841178894	0.0	0.0	0.0	0.0	0.0	0.0	0.0	0.43861907720565796	0.0	0.0	0.34613361954689026	0.0	0.0	0.44677919149398804	0.20576471090316772	0.0	0.0	0.4435986280441284	0.0	0.31858885288238525	1.0361900329589844	0.0	0.0	0.0	0.0	0.7534502148628235	0.0	0.0	1.4774317741394043	0.4020017981529236	0.0	0.0	0.0	0.0	0.7558870911598206	0.0	0.0	0.9749965071678162	0.0	0.0	0.0	0.0	0.0	0.0	0.0	0.0	0.0	0.4620312452316284	0.0	1.2402746677398682	0.0	0.9117818474769592	0.8659183382987976	0.0	0.3878270387649536	0.0	0.0	0.0	0.0	0.0	0.0	0.0	0.0	0.3817259967327118	0.026251496747136116	0.0	0.0	1.2622177600860596	0.0	0.0	0.0	1.5338293313980103	0.7424905896186829	0.8348060846328735	0.0	0.0	0.0	0.0	1.3901504278182983	0.45096319913864136	0.7789438962936401	0.9696930646896362	0.0	0.0	0.0	0.0907236635684967	0.17161357402801514	0.0	0.0	0.0	0.0	0.0	0.0	0.0	0.0	1.0966951847076416	0.7013852596282959	0.7035641670227051	0.0	0.0	0.0	0.5857757329940796	0.44734665751457214	0.0	0.2068442553281784	0.0	0.0	0.0	0.0
0.0	0.0	0.0	0.7396402955055237	0.0	0.0	1.9781891107559204	0.0	2.2641258239746094	0.3618895709514618	0.0	0.0	1.5723631381988525	0.262227863073349	0.12808875739574432	0.4634707570075989	0.058628275990486145	2.1337153911590576	2.0678517818450928	1.504489779472351	2.0499072074890137	2.9866294860839844	0.0	1.8268725872039795	0.0	0.0	0.8109788298606873	1.7143374681472778	1.853925108909607	0.0	0.3282829523086548	1.0701322555541992	0.0	2.422886371612549	0.0	0.21418163180351257	2.6969521045684814	0.0	2.259207248687744	2.131404161453247	0.0	0.0	0.0	0.0	0.0	0.0	0.6180877089500427	0.0	0.0	0.15518297255039215	0.0	0.0	0.0	1.9027800559997559	3.3737943172454834	0.0	0.0	0.0	1.7919069528579712	1.258219838142395	0.0	0.0	0.0	0.6969463229179382	0.0	0.0	0.0	0.0	0.0	2.673872470855713	0.0833248645067215	0.0	0.0	0.0	0.0	0.0	1.4960198402404785	0.0	0.0	1.1906934976577759	0.0	0.0	0.8325862288475037	0.44406577944755554	2.4866349697113037	0.0	2.403829336166382	0.0	0.15037986636161804	0.0	0.0	2.7017765045166016	0.0	2.6981587409973145	0.0	1.4881632328033447	1.235489010810852	0.0	0.0	0.0	0.0	0.0	0.0	1.6070044040679932	0.0	0.0	0.7741228342056274	0.0	0.0	0.0	0.0	0.0	0.0	0.0	0.0	0.0	0.26038408279418945	0.0	0.6269160509109497	0.0	1.597657561302185	0.0	0.0	1.1757670640945435	0.8875207304954529	0.8372989892959595	0.0	0.0	0.0	0.0	0.0	0.0	0.8067976832389832	0.0	0.0	0.0	0.27761006355285645	0.0	0.0	1.2662584781646729	0.0	0.0	0.0	0.0	0.5343152284622192	0.0	1.947853922843933	0.0	0.0	0.0	0.0	0.0	0.0	0.0	2.3680217266082764	0.0	0.0	0.0	0.0	0.0	1.9213905334472656	0.0	0.22980928421020508	0.0	1.1609004735946655	0.0	1.8687500953674316	1.837896466255188	0.0	0.0	0.0	0.0	1.7427310943603516	0.0	0.0	1.7838529348373413	0.0	0.0	0.0	0.0	0.3227417767047882	1.8333286046981812	0.0	0.0	3.569640636444092	0.0	0.0	0.0	0.0	0.0	0.0	0.0	0.0	0.0	1.293468713760376	0.0	3.608083724975586	0.0	1.8015116453170776	1.242751121520996	0.0	0.0	0.0	0.0	0.0	0.0	0.0	0.0	0.0	0.0	0.0	0.3098023235797882	0.0	0.0	0.6771333813667297	0.0	0.0	0.0	3.663602590560913	2.700836181640625	1.2995942831039429	0.0	0.0	0.0	0.0	3.6343557834625244	0.2427973747253418	1.1598944664001465	1.9193668365478516	0.0	0.0	0.0	0.0	0.5339853763580322	0.0	0.0	0.0	0.0	0.0	0.0	0.0	0.0	1.9137609004974365	0.0	2.429560899734497	0.0	0.0	0.0	2.0156898498535156	1.8959828615188599	0.0	0.0	0.0	0.0	0.0	0.0
0.0	0.0	0.0	1.4738764762878418	0.5983963012695312	0.0	1.0487792491912842	0.0	3.4909067153930664	0.0	0.0	0.0	0.0	1.2346347570419312	0.807467520236969	2.371504068374634	1.8122600317001343	0.5335703492164612	0.5327624082565308	0.0	0.857563853263855	0.7271647453308105	0.0	1.4959101676940918	0.0	0.0	0.0	0.6378990411758423	0.4039130210876465	0.21998727321624756	0.8876196146011353	1.4578630924224854	0.0	0.748309314250946	0.0	0.0	0.12309157103300095	0.0	0.25593313574790955	1.6668847799301147	0.0	0.0	0.0	0.8496853709220886	0.0	0.0	0.2937357723712921	0.0	0.0	2.4901535511016846	0.0	0.0	0.0	1.003514051437378	0.6592875123023987	0.0	0.0	0.0	0.0	1.2919552326202393	0.0	0.0	0.0	0.0	0.0	0.0	0.0	0.0	0.0	0.7916904091835022	0.6578978896141052	0.0	0.0	0.0	0.0	0.0	0.055769629776477814	0.0	0.0	0.5200217962265015	0.0	0.0	2.070563554763794	0.0	0.512091875076294	0.0	1.9920096397399902	0.0	2.3577463626861572	0.0	0.0	0.5285165309906006	0.0	0.0	0.0	0.0	0.37831276655197144	0.0	0.0	0.0	0.0	0.7246121764183044	0.0	0.07506315410137177	0.0	0.0	0.720439612865448	0.5172574520111084	0.0	0.7974033355712891	0.0	0.0	0.0	0.0	0.0	0.0	0.4834209978580475	0.0	1.7606745958328247	0.0	0.46893179416656494	0.41274571418762207	0.0	0.3118911683559418	0.7687084078788757	1.1645605564117432	0.0	0.0	0.0	2.2146472930908203	0.0	0.0	0.03494460508227348	0.0	0.0	0.9623307585716248	0.0	0.0	0.0	0.13850726187229156	0.0	0.0	0.0	0.48905453085899353	0.9094576239585876	0.0	2.4928739070892334	0.0	0.0	0.0	0.0	0.13236279785633087	0.0	0.0	0.4416433572769165	0.0	0.0	0.8603790998458862	0.0	0.0	0.20790687203407288	0.0	0.0	0.0	0.38181090354919434	0.0	0.0	1.9715691804885864	0.0	0.0	0.0	0.0	0.4405425488948822	0.0	0.35024362802505493	3.2823898792266846	1.162833333015442	0.0	0.0	0.0	1.4011873006820679	0.0	0.0	0.0	0.5736508965492249	0.0	0.0	0.0	0.0	0.0	0.0	0.0	0.0	0.0	0.0	0.0	0.48573553562164307	0.0	2.4922215938568115	0.7373762726783752	0.0	0.0	0.0	0.0	0.0	0.0	0.0	0.0	0.4356006681919098	0.0	2.314859628677368	0.856530487537384	0.0	0.0	1.1671339273452759	0.0	0.0	0.0	1.6121773719787598	1.2159157991409302	2.197218656539917	0.5085139870643616	0.0	0.0	0.0	1.071224331855774	1.676277995109558	0.4203564524650574	0.519569456577301	0.0	0.0	1.460539698600769	0.4381009340286255	0.0	0.0	0.0	0.0	0.0	1.3861935138702393	0.0	0.0	0.0	0.5838981866836548	1.2919330596923828	0.2774515748023987	0.0	0.6305259466171265	0.0	0.5401860475540161	0.994573712348938	0.0	0.0	0.0	1.8910388946533203	0.0	0.0
0.0	0.0	0.0	0.0	1.208864688873291	0.0	0.0842074304819107	0.0	4.0466108322143555	0.0	2.0128591060638428	0.0	0.0	0.18796946108341217	0.696058452129364	3.067465305328369	2.9812049865722656	0.4552667438983917	0.0	0.0	0.0	0.0	0.0	0.7909793853759766	0.0	0.0	0.0	0.7216758131980896	0.0	0.0	0.17360199987888336	1.9705637693405151	0.0	0.0	0.0	0.0	0.0	0.0	0.0	0.24496732652187347	0.0	0.0	0.0	1.9671411514282227	0.0	0.0	1.8779866695404053	0.0	0.0	3.462395429611206	0.0	0.0	0.0	0.0	0.16042669117450714	0.0	0.0	0.0	0.0	1.052238941192627	0.0	0.0	0.0	0.0	0.0	0.0	0.0	0.0	0.0	0.0	0.30514854192733765	0.0	0.0	0.0	0.0	0.0	0.0	0.0	0.0	0.569033145904541	0.0	0.0	1.801751971244812	0.0	0.0	0.0	0.42785465717315674	0.0	3.0272839069366455	0.0	0.0	0.0	0.0	0.0	0.0	0.0	0.0	0.0	0.0	0.0	0.0	2.2933592796325684	0.0	0.0	0.0	0.0	0.6457217931747437	2.042421340942383	0.0	2.6250367164611816	0.0	0.0	0.0	0.0	0.0	0.0	1.6623378992080688	0.0	2.003330707550049	0.0	0.0	0.28032973408699036	0.0	0.9294595718383789	0.8858232498168945	2.981025218963623	0.0	0.0	0.0	3.3223531246185303	0.0	0.0	0.6680435538291931	0.0	0.0	2.3709049224853516	0.7988300323486328	0.0	0.0	0.0	0.0	0.0	0.0	0.0	0.47038397192955017	0.0	2.640679359436035	0.0	0.0	0.0	0.0	2.4021337032318115	0.0	0.0	0.0	0.0	0.0	2.324397563934326	0.0	0.0	0.0	0.0	0.0	0.0	0.0	0.0	0.0	2.649787187576294	0.0	0.0	0.0	0.0	0.0	0.0	0.0	4.866291522979736	3.5168492794036865	0.0	0.0	0.0	1.2606498003005981	0.0	0.0	0.0	0.0	0.0	0.0	0.0	0.0	0.0	0.0	0.0	0.0	0.0	0.0	0.0	0.0	0.0	3.219524383544922	0.0	0.0	1.4731742143630981	0.0	0.0	0.0	0.0	0.0	0.0	1.751983642578125	0.0	4.311058521270752	1.5375745296478271	0.0	0.0	2.2336018085479736	0.0	0.0	0.0	0.0	0.0	2.878480911254883	2.2266340255737305	0.0	0.0	0.0	0.1648280769586563	2.2736194133758545	0.0	0.0	0.0	0.0	3.364511251449585	2.125150203704834	0.0	0.0	0.0	0.0	0.0	2.2647693157196045	0.0	0.0	0.0	0.0	2.815699815750122	0.0	0.0	1.8204015493392944	0.0	0.0	0.0	0.0	0.0	0.0	2.8057589530944824	0.0	0.0
0.0	0.0	0.0	1.0298151969909668	0.16901317238807678	0.0	1.7648271322250366	0.0	4.1234354972839355	0.25957784056663513	0.0	0.0	0.43192481994628906	0.9832670092582703	0.34168484807014465	2.382316827774048	1.984343409538269	1.8313746452331543	0.6536967754364014	0.0	1.0105531215667725	0.9800690412521362	0.0	1.3131643533706665	0.0	0.0	0.0	0.9625776410102844	1.0129446983337402	0.2108960896730423	1.2329448461532593	0.859683632850647	0.0	1.1826475858688354	0.0	0.0	0.6576108336448669	0.0	0.5977985858917236	1.7833747863769531	0.0	0.0	0.0	0.4098673462867737	0.0	0.0	0.9219788908958435	0.0	0.0	1.9637726545333862	0.0	0.0	0.0	0.9164432883262634	1.0006344318389893	0.0	0.0	0.0	0.0	1.6361563205718994	0.0	0.0	0.0	0.0	0.0	0.0	0.0	0.0	0.0	0.8324915766716003	0.7446363568305969	0.0	0.0	0.0	0.0	0.0	0.0	0.041104383766651154	0.0	0.6780043840408325	0.0	0.0	2.0506246089935303	0.0	0.843994140625	0.0	2.051482677459717	0.0	2.1780056953430176	0.0	0.0	0.012983517721295357	0.0	0.014155439101159573	0.0	0.12255804985761642	0.8185040950775146	0.0	0.0	0.0	0.0	1.2877813577651978	0.0	0.0	0.0	0.0	1.782423496246338	0.037754300981760025	0.0	0.8462777733802795	0.0	0.0	0.0	0.0	0.0	0.0	1.349505066871643	0.0	0.41959312558174133	0.0	0.8439611792564392	0.0	0.0	0.42315223813056946	0.9330155849456787	1.7004528045654297	0.0	0.0	0.0	1.9399175643920898	0.0	0.0	0.0	0.0	0.0	0.4662741422653198	0.5713055729866028	0.0	0.0	1.1166002750396729	0.0	0.0	0.0	0.0	0.7595548629760742	0.0	2.0705208778381348	0.0	0.0	0.0	0.0	0.7894881367683411	0.0	0.0	0.0	0.0	0.0	1.6874089241027832	0.0	0.0	0.43256762623786926	0.27489662170410156	0.0	0.0	0.0	0.0	0.0	2.154721975326538	0.0	0.0	0.0	0.0	1.3668447732925415	0.0	0.0	4.050983428955078	2.028235673904419	0.0	0.0	0.0	0.7500296831130981	0.7399291396141052	0.0	0.0	0.0	0.0	0.0	0.0	0.0	0.0	0.0	0.0	0.0	0.0	0.2893696427345276	0.0	0.40334993600845337	0.0	2.8607301712036133	0.4801441431045532	0.0	0.0	0.0	0.0	0.0	0.0	0.0	0.0	0.1188182681798935	0.0	2.0037364959716797	0.6864067316055298	0.0	0.0	2.06036639213562	0.0	0.0	0.0	2.0212295055389404	0.58251953125	3.0864827632904053	0.4943532943725586	0.0	0.0	0.0	1.2778733968734741	0.9531503319740295	0.9239833950996399	0.47367051243782043	0.0	0.0	1.1373463869094849	0.6174321174621582	0.0	0.0	0.0	0.0	0.0	1.3326354026794434	0.0	0.0	0.0	1.2654047012329102	1.4467201232910156	0.586818516254425	0.0	0.35236191749572754	0.0	0.4275248348712921	0.7023558616638184	0.0	0.0	0.0	1.927746295928955	0.0	0.0
0.0	0.0	0.0	1.6933722496032715	0.0	0.0	1.3869906663894653	0.0	3.123476982116699	0.0	0.0	0.0	0.6879928112030029	1.3068196773529053	0.2070271223783493	2.7731165885925293	1.5477721691131592	1.3267379999160767	1.2776949405670166	0.48702123761177063	1.532867670059204	1.4324045181274414	0.0	1.7541486024856567	0.0	0.0	0.0	0.8203109502792358	1.6259673833847046	0.459195077419281	1.6250250339508057	0.4222855865955353	0.0	0.7231389284133911	0.0	0.0	1.095465064048767	0.0	0.9254461526870728	2.544790267944336	0.0	0.0	0.0	0.0	0.0	0.0	0.04787713661789894	0.0	0.0	0.9702794551849365	0.0	0.0	0.0	0.4427386522293091	1.4324090480804443	0.0	0.0	0.0	0.08285156637430191	1.3784343004226685	0.0	0.0	0.0	0.0	0.0	0.0	0.0	0.0	0.0	0.9476825594902039	0.7781474590301514	0.0	0.0	0.0	0.0	0.0	1.0363281965255737	0.0	0.0	0.8714196085929871	0.0	0.0	1.609015703201294	0.0	0.8861532807350159	0.0	2.0783236026763916	0.0	2.0554451942443848	0.0	0.0	1.319864273071289	0.0	0.19304072856903076	0.0	0.9191771149635315	0.7016679048538208	0.0	0.0	0.10982766002416611	0.0	0.0	0.0	0.22596319019794464	0.0	0.0	1.3499423265457153	0.0	0.0	0.26058781147003174	0.0	0.0	0.0	0.0	0.0	0.0	0.43104812502861023	0.0	0.31096160411834717	0.0	1.0792206525802612	0.11383239179849625	0.0	0.0	0.9343346357345581	1.3548550605773926	0.0	0.0	0.0	0.8171872496604919	0.0	0.0	0.0	0.0	0.0	0.04294363409280777	0.39216727018356323	0.0	0.0	0.2738415002822876	0.0	0.0	0.0	0.30778396129608154	1.3910738229751587	0.0	2.793462038040161	0.0	0.0	0.0	0.0	0.0	0.0	0.0	1.1659355163574219	0.0	0.0	0.79982990026474	0.0	0.0	0.42489999532699585	0.0	0.5378539562225342	0.0	0.1413728892803192	0.0	0.0	1.7250884771347046	0.0	0.0	0.0	0.0	1.2447457313537598	0.0	0.0	2.735671281814575	0.0884835422039032	0.0	0.0	0.0	1.0346051454544067	0.7243562340736389	0.0	0.0	1.742448329925537	0.0	0.0	0.0	0.0	0.0	0.0	0.0	0.0	0.0	0.2722059488296509	0.0	1.1137547492980957	0.0	2.399050712585449	0.5567653775215149	0.0	0.0	0.0	0.0	0.0	0.0	0.0	0.0	0.2293943166732788	0.0	1.3815433979034424	0.7996312379837036	0.0	0.0	1.2164186239242554	0.0	0.0	0.0	1.8041579723358154	1.6712470054626465	2.2975921630859375	0.10395670682191849	0.0	0.0	0.0	1.6498222351074219	1.1690715551376343	1.6839996576309204	1.2928484678268433	0.0	0.0	0.6914584040641785	0.4620834290981293	0.0	0.0	0.0	0.0	0.0	1.083477258682251	0.0	0.0	0.0	1.824626088142395	0.7293763160705566	0.5983496308326721	0.0	0.16599497199058533	0.0	0.9010553359985352	1.768867015838623	0.0	0.0	0.0	0.6881293654441833	0.0	0.0
0.0	0.0	0.0	0.5758535861968994	1.3316011428833008	0.0	0.0	0.0	2.778862714767456	0.0	1.187516212463379	0.0	0.0	0.0	0.8115793466567993	1.8674582242965698	2.036162853240967	0.451802134513855	0.0	0.23659390211105347	0.0	0.0	0.0	1.164692997932434	0.0	0.0	0.0	0.9637879133224487	0.11648303270339966	0.0	0.08590017259120941	1.834409236907959	0.0	0.0	0.0	0.33113449811935425	0.0	0.0	0.0	0.2723742425441742	0.0	0.0	0.0	1.2040374279022217	0.0	0.0	1.2744123935699463	0.0	0.0	2.3476531505584717	0.0	0.0	0.0	0.0	0.39602601528167725	0.0	0.0	0.0	0.0	0.8082631826400757	0.0	0.0	0.0	0.0	0.0	0.0	0.0	0.0	0.0	0.0	0.4532424807548523	0.0	0.0	0.0	0.0	0.0	0.0	0.0	0.0	0.7425397634506226	0.0	0.0	1.4819704294204712	0.0	0.0	0.0	0.15400467813014984	0.0	1.6245018243789673	0.0	0.0	0.0	0.0	0.33929458260536194	0.0	0.0	0.0	0.0	0.0	0.0	0.0	1.8507492542266846	0.0	0.0	0.0	0.0	0.03030889853835106	1.294166088104248	0.0	1.5026034116744995	0.0	0.0	0.0	0.0	0.0	0.0	1.5130118131637573	0.0	1.6991426944732666	0.0	0.0	0.43197736144065857	0.0	1.3087754249572754	0.11888552457094193	2.130472183227539	0.0	0.0	0.0	3.1624889373779297	0.0	0.0	0.6791343092918396	0.0	0.0	1.9178130626678467	0.7425316572189331	0.0	0.0	0.0	0.0	0.0	0.0	0.0	0.0	0.0	1.7572987079620361	0.0	0.0	0.0	0.0	1.6905547380447388	0.0	0.0	0.0	0.0	0.0	1.376615285873413	0.0	0.0	0.03178531304001808	0.0	0.0	0.048993248492479324	0.0	0.0	0.0	1.9623074531555176	0.0	0.0	0.0	0.0	0.04751156270503998	0.0	0.0	3.7146036624908447	2.310361623764038	0.0	0.0	0.0	1.3127963542938232	0.0	0.0	0.0	0.0	0.0	0.0	0.0	0.0	0.0	0.0	0.0	0.0	0.0	0.0	0.0	0.13597196340560913	0.0	2.364077568054199	0.16390776634216309	0.0	1.1800237894058228	0.0	0.0	0.0	0.0	0.0	0.0	0.40108025074005127	0.0	2.815415620803833	1.3418844938278198	0.0	0.0	1.1232976913452148	0.0	0.0	0.0	0.3188748359680176	0.09212878346443176	1.8425724506378174	0.9981585144996643	0.0	0.0	0.0	0.4045239984989166	1.5902494192123413	0.0	0.0	0.0	0.0	2.1475682258605957	1.5164064168930054	0.0	0.0	0.0	0.0	0.0	1.8987003564834595	0.0	0.0	0.0	0.009441263973712921	1.7981956005096436	0.0	0.0	1.6485236883163452	0.0	0.01430376898497343	0.0	0.0	0.0	0.0	1.6016427278518677	0.0	0.0
0.0	0.0	0.0	0.0918942391872406	0.15122200548648834	0.0	0.5431208610534668	0.0	0.6735593676567078	0.3640921413898468	0.0	0.0	0.4219706654548645	0.4414132237434387	0.12930114567279816	0.48542967438697815	0.0	0.375550240278244	0.2823551595211029	0.39521852135658264	0.3316957354545593	0.23542019724845886	0.0	0.7555103302001953	0.0	0.0	0.21437819302082062	0.5028818249702454	0.3414364755153656	0.3712010383605957	0.5360527038574219	0.3256087303161621	0.0	0.4247611463069916	0.0	0.17141354084014893	0.38873782753944397	0.0	0.41544339060783386	0.3421943783760071	0.0	0.0	0.0	0.0	0.0	0.0	0.0	0.0	0.0	0.24702462553977966	0.0	0.0	0.0	0.0	0.34731045365333557	0.0	0.0	0.22660577297210693	0.7533266544342041	0.0	0.0	0.0	0.0	0.20758655667304993	0.0	0.0	0.0	0.0	0.0	0.24572767317295074	0.3993321359157562	0.0	0.0	0.0	0.0	0.0	0.38065510988235474	0.2254745066165924	0.0	0.4544607102870941	0.0	0.0	0.2784055471420288	0.04630591720342636	0.6549409627914429	0.0	0.566708505153656	0.0	0.0	0.0	0.0	0.45525938272476196	0.0	0.4335022270679474	0.0	0.2799411714076996	0.5035127997398376	0.3615441620349884	0.0	0.1564977467060089	0.0	0.0	0.0	0.20186394453048706	0.0	0.0	0.16276514530181885	0.037508267909288406	0.0	0.0	0.0	0.008561189286410809	0.0	0.0	0.0	0.0	0.28574278950691223	0.0	0.0	0.0	0.1972007304430008	0.2729403078556061	0.0	0.06500518321990967	0.0	0.2503388822078705	0.0	0.0	0.0	0.18279525637626648	0.0	0.0	0.18047800660133362	0.0	0.0	0.12062371522188187	0.37414687871932983	0.0	0.0	0.10574153065681458	0.0	0.0	0.0	0.5906129479408264	0.602674663066864	0.0	0.3002914786338806	0.0	0.0	0.0	0.0	0.1232450008392334	0.0	0.0	0.3904545307159424	0.0	0.0	0.2863246202468872	0.0	0.0	0.3037639260292053	0.23694129288196564	0.29626062512397766	0.09837088733911514	0.3383098840713501	0.0	0.1205185279250145	0.6995632648468018	0.0	0.0	0.0	0.0	0.14124125242233276	0.0	0.6028981804847717	0.3481326401233673	0.09690876305103302	0.0	0.0	0.32070159912109375	0.2932714819908142	0.44083231687545776	0.0	0.0	0.3711366057395935	0.0	0.0	0.0	0.0	0.0	0.0	0.0	0.0	0.0	0.33722102642059326	0.0	0.28173425793647766	0.0	0.6066206693649292	0.5600403547286987	0.0	0.0	0.0	0.0	0.0	0.0	0.0	0.0	0.3463880717754364	0.0	0.21500052511692047	0.30273935198783875	0.12429805099964142	0.0	0.3584955036640167	0.0	0.0	0.0	0.5633650422096252	0.544171154499054	0.23421239852905273	0.16187375783920288	0.0	0.0	0.0	0.4243510663509369	0.38894227147102356	0.17644670605659485	0.5643674731254578	0.0	0.0	0.0	0.2877197861671448	0.33767715096473694	0.0	0.0	0.0	0.0	0.1954994797706604	0.0	0.0	0.0	0.42955586314201355	0.06667409837245941	0.5966812968254089	0.0	0.14533226191997528	0.0	0.5055481791496277	0.49327701330184937	0.0	0.3673222064971924	0.0	0.0	0.0	0.0
0.0	0.0	0.0	1.2876282930374146	0.0	0.0	2.126753330230713	0.0	2.517954111099243	0.40653151273727417	0.0	0.0	1.081050157546997	0.42941343784332275	0.35382992029190063	1.2488107681274414	0.668857991695404	2.182560920715332	1.9135956764221191	1.158779501914978	2.1965768337249756	2.4974043369293213	0.0	1.5317496061325073	0.0	0.0	0.5831459760665894	1.639472484588623	1.857967734336853	0.0	0.654199481010437	0.8314967751502991	0.0	2.1101253032684326	0.0	0.22595758736133575	2.5610408782958984	0.0	2.2420058250427246	2.4612181186676025	0.0	0.0	0.0	0.0	0.0	0.0	0.5633090138435364	0.0	0.0	0.19959001243114471	0.0	0.0	0.0	1.5931897163391113	3.126161575317383	0.0	0.0	0.0	1.7474138736724854	1.0553077459335327	0.0	0.0	0.0	0.7826224565505981	0.0	0.0	0.0	0.0	0.0	2.5168473720550537	0.15875864028930664	0.0	0.0	0.0	0.0	0.0	1.3576735258102417	0.0	0.0	0.9347695708274841	0.0	0.0	1.0894567966461182	0.4122512936592102	1.9929882287979126	0.0	2.469860792160034	0.0	0.6350910663604736	0.0	0.0	2.362617254257202	0.0	2.197333335876465	0.0	1.4533960819244385	1.4499281644821167	0.015340505167841911	0.0	0.0	0.0	0.0	0.0	1.3216235637664795	0.0	0.0	1.0536011457443237	0.0	0.0	0.0	0.0	0.0	0.0	0.0	0.0	0.0	0.36673688888549805	0.0	0.4184611737728119	0.0	1.4101293087005615	0.0	0.0	0.9350493550300598	1.0852950811386108	0.8193238377571106	0.0	0.0	0.0	0.0	0.0	0.0	0.6474281549453735	0.0	0.0	0.0	0.129561185836792	0.0	0.0	1.2157976627349854	0.0	0.0	0.0	0.0	0.6432825326919556	0.0	2.3059022426605225	0.0	0.0	0.0	0.0	0.0	0.0	0.0	1.7902061939239502	0.0	0.0	0.3172180950641632	0.0	0.0	1.6346445083618164	0.0	0.250440776348114	0.0	1.121891975402832	0.0	1.4036999940872192	1.715710163116455	0.0	0.0	0.0	0.0	1.4838459491729736	0.0	0.0	1.4596813917160034	0.0	0.0	0.0	0.0	0.4712608754634857	1.711859107017517	0.0	0.0	2.827043294906616	0.0	0.0	0.0	0.0	0.0	0.0	0.0	0.0	0.0	0.9404388070106506	0.0	2.938685417175293	0.0	1.859858751296997	1.3587138652801514	0.0	0.0	0.0	0.0	0.0	0.0	0.0	0.0	0.0	0.0	0.0	0.5361077189445496	0.0	0.0	0.7719695568084717	0.0	0.0	0.0	3.0883660316467285	2.5353875160217285	1.4676722288131714	0.0	0.0	0.0	0.0	2.7170095443725586	0.21530210971832275	1.6462836265563965	1.9994901418685913	0.0	0.0	0.0	0.0	0.2417529821395874	0.0	0.0	0.0	0.0	0.0	0.0	0.0	0.0	2.086639642715454	0.16192862391471863	2.119459390640259	0.0	0.0	0.0	1.9478423595428467	1.834254503250122	0.0	0.0	0.0	0.0	0.0	0.0
0.0	0.0	0.0	1.828208327293396	0.0	0.0	1.5081348419189453	0.0	3.8952744007110596	0.0	0.0	0.0	0.48396652936935425	1.270694375038147	0.6173295378684998	2.624342918395996	1.5603748559951782	1.580670952796936	1.3602933883666992	0.21877773106098175	1.4959278106689453	1.096719741821289	0.0	2.0646750926971436	0.0	0.0	0.0	0.4760069251060486	1.150054693222046	0.45737168192863464	1.7360187768936157	0.7690706253051758	0.0	1.0188629627227783	0.0	0.0	1.235275149345398	0.0	0.9183666110038757	1.9988114833831787	0.0	0.0	0.0	0.0	0.0	0.0	0.8143420815467834	0.0	0.0	1.8536977767944336	0.0	0.0	0.0	1.2734873294830322	1.5434366464614868	0.0	0.0	0.0	0.6381643414497375	1.5322185754776	0.0	0.0	0.0	0.0	0.0	0.0	0.0	0.0	0.0	1.1081799268722534	0.9630598425865173	0.0	0.0	0.0	0.0	0.0	1.0963988304138184	0.0	0.0	1.2467353343963623	0.0	0.0	2.101973295211792	0.0	1.2676081657409668	0.0	2.3586032390594482	0.0	2.1342859268188477	0.0	0.0	1.3140043020248413	0.0	0.8239617943763733	0.0	0.6128513813018799	1.0094051361083984	0.0	0.0	0.0	0.0	0.15049618482589722	0.0	0.5202294588088989	0.0	0.0	1.541985273361206	0.28679925203323364	0.0	0.08019977807998657	0.0	0.0	0.0	0.0	0.0	0.0	0.5501390695571899	0.0	0.9878366589546204	0.0	1.2863843441009521	0.024736234918236732	0.0	0.1270361840724945	0.3220300078392029	1.6533241271972656	0.0	0.0	0.0	1.4936103820800781	0.0	0.0	0.23595526814460754	0.0	0.0	0.6438459157943726	0.027767732739448547	0.0	0.0	0.31442999839782715	0.0	0.0	0.0	0.35296177864074707	1.0002537965774536	0.0	3.1419918537139893	0.0	0.0	0.0	0.0	0.0	0.0	0.0	0.7457470297813416	0.0	0.0	1.2280774116516113	0.0	0.0	0.968907356262207	0.0	0.2795387804508209	0.0	0.11189758032560349	0.0	0.0	1.9991620779037476	0.0	0.0	0.0	0.0	1.004568338394165	0.0	0.0	2.6338257789611816	0.8130630254745483	0.0	0.0	0.0	1.515631079673767	1.1823701858520508	0.0	0.0	1.5785293579101562	0.0	0.0	0.0	0.0	0.0	0.0	0.0	0.0	0.0	0.5660442113876343	0.0	1.4445847272872925	0.0	3.03994083404541	1.2970439195632935	0.0	0.0	0.0	0.0	0.0	0.0	0.0	0.0	0.4934423863887787	0.0	2.069964647293091	1.0673319101333618	0.0	0.0	1.7188479900360107	0.0	0.0	0.0	2.425107002258301	1.9459149837493896	2.0249884128570557	0.4347740113735199	0.0	0.0	0.0	2.014275074005127	1.616661548614502	1.4494633674621582	1.3391070365905762	0.0	0.0	1.065359115600586	0.11824680864810944	0.0	0.0	0.0	0.0	0.0	1.1973942518234253	0.0	0.0	0.0	1.071000099182129	0.9862837791442871	1.0657434463500977	0.0	0.6811624765396118	0.0	1.384842038154602	1.9252671003341675	0.0	0.0	0.0	1.1871449947357178	0.0	0.0
0.0	0.0	0.0	0.4399815499782562	0.8236402273178101	0.0	1.3762304782867432	0.0	3.6765635013580322	0.0	0.11276792734861374	0.0	0.0	0.5908879041671753	0.6006960868835449	2.0077106952667236	1.14603853225708	0.752081573009491	0.8755176663398743	0.2422947883605957	0.984069287776947	1.3939186334609985	0.0	1.0414893627166748	0.0	0.0	0.0	1.302321434020996	1.1321536302566528	0.0	0.5367861986160278	1.1076526641845703	0.0	0.8597393035888672	0.0	0.5502314567565918	1.209545373916626	0.0	0.6303465962409973	1.4022270441055298	0.0	0.0	0.0	0.34135231375694275	0.0	0.0	0.1388751119375229	0.0	0.0	1.854615330696106	0.0	0.0	0.0	0.6300944089889526	2.0466299057006836	0.0	0.0	0.0	0.021483857184648514	1.1287199258804321	0.0	0.0	0.0	0.0	0.0	0.0	0.0	0.0	0.0	0.8932792544364929	0.6064859628677368	0.0	0.0	0.0	0.0	0.0	0.265846848487854	0.2781524658203125	0.0	0.7200040817260742	0.0	0.0	1.4571856260299683	0.0	0.5851072669029236	0.0	1.8298712968826294	0.0	1.1745030879974365	0.0	0.0	0.03977830708026886	0.0	1.230777621269226	0.0	0.08807612955570221	0.14324425160884857	0.0	0.0	0.0	0.0	0.599742591381073	0.0	0.0	0.0	0.0	0.5252501964569092	0.5016767978668213	0.0	0.5956489443778992	0.0	0.0	0.0	0.0	0.0	0.0	2.1276228427886963	0.0	1.1313867568969727	0.0	0.5901876091957092	0.0	0.0	0.8868323564529419	0.8934842944145203	2.208256483078003	0.0	0.0	0.0	1.7420172691345215	0.0	0.0	0.8775842189788818	0.0	0.0	1.0919479131698608	0.8388556241989136	0.0	0.0	0.9197087287902832	0.0	0.0	0.0	0.0	0.30959418416023254	0.0	2.265118360519409	0.0	0.0	0.0	0.0	1.0490689277648926	0.0	0.0	0.7032959461212158	0.0	0.0	1.2854914665222168	0.0	0.0	0.27444037795066833	0.3299325406551361	0.0	0.0	0.17429335415363312	0.0	0.0	2.6254470348358154	0.0	0.0	0.0	0.0	0.7972338795661926	0.0	0.0	3.8267593383789062	1.674804449081421	0.0	0.0	0.0	0.7544271349906921	0.8056787848472595	0.0	0.0	0.6400611400604248	0.0	0.0	0.0	0.0	0.0	0.0	0.0	0.0	0.0	0.0	0.0	0.8231555223464966	0.0	2.9849853515625	1.2417620420455933	0.0	0.0	0.0	0.0	0.0	0.0	0.0	0.0	1.1258442401885986	0.0	2.5249154567718506	0.716476321220398	0.0	0.0	1.4505598545074463	0.0	0.0	0.0	1.6849689483642578	1.380824327468872	1.826095461845398	0.7715559601783752	0.0	0.0	0.0	2.056612730026245	2.0324652194976807	1.0562455654144287	0.798061728477478	0.0	0.0	1.599736213684082	1.1259249448776245	0.0	0.0	0.0	0.0	0.0	0.7510698437690735	0.0	0.0	0.0	0.911493718624115	0.7245953679084778	0.808725893497467	0.0	1.4016304016113281	0.0	0.8892073631286621	0.44681915640830994	0.0	0.0	0.0	1.6124975681304932	0.0	0.0
0.0	0.0	0.0	1.450578212738037	0.7599417567253113	0.0	1.3704960346221924	0.0	3.0332143306732178	0.07998213171958923	0.24855560064315796	0.0	0.1779906004667282	1.6885733604431152	0.8552854061126709	2.7683703899383545	1.655124545097351	1.0790177583694458	0.7304407358169556	0.7317801713943481	1.1525882482528687	0.7065805196762085	0.0	1.7969112396240234	0.0	0.0	0.0	1.0873115062713623	1.0611120462417603	0.5742660760879517	0.3927463889122009	0.2576637864112854	0.0	0.31034016609191895	0.0	0.0	0.8303020596504211	0.0	0.7950767874717712	1.8548789024353027	0.0	0.0	0.0	0.0	0.0	0.0	0.24515889585018158	0.0	0.0	1.6817269325256348	0.0	0.0	0.0	0.0	0.7453693151473999	0.0	0.0	0.43329477310180664	0.530049204826355	0.7233180403709412	0.0	0.0	0.0	0.0	0.0	0.0	0.0	0.0	0.0	0.4829815626144409	1.0136661529541016	0.0	0.0	0.0	0.0	0.0	1.033374547958374	0.47783902287483215	0.0	0.9414753317832947	0.0	0.0	1.455377459526062	0.0	1.2825580835342407	0.0	1.2264724969863892	0.0	1.6151986122131348	0.0	0.0	0.6125467419624329	0.0	0.2801523804664612	0.0	0.3443455398082733	0.4318981170654297	0.0	0.0	0.0	0.0	0.18476881086826324	0.0	0.02868618816137314	0.0	0.0	1.1781368255615234	0.0	0.0	0.4706788957118988	0.0	0.0	0.0	0.0	0.0	0.0	1.6183642148971558	0.0	0.9800888299942017	0.0	0.9038811922073364	0.45396313071250916	0.0	0.0	0.0	2.091827630996704	0.0	0.0	0.0	1.549561619758606	0.0	0.0	0.8863210678100586	0.0	0.0	1.4623734951019287	0.689216673374176	0.0	0.0	0.0	0.0	0.0	0.0	0.0	0.6241726279258728	0.0	2.755721092224121	0.0	0.0	0.0	0.0	0.16809172928333282	0.0	0.0	0.116675965487957	0.0	0.0	1.6144462823867798	0.0	0.0	0.8059121966362	0.0	0.4504515826702118	0.0	0.43345871567726135	0.0	0.0	2.1232755184173584	0.0	0.0	0.0	0.0	1.2044968605041504	0.0	0.0	3.093312978744507	0.9045542478561401	0.0	0.0	0.0	1.5717625617980957	0.21012642979621887	0.0	0.0	0.9402219653129578	0.0	0.0	0.0	0.0	0.0	0.0	0.0	0.0	0.0	0.8378886580467224	0.0	1.1607441902160645	0.0	2.8945577144622803	1.1637623310089111	0.0	0.0	0.0	0.0	0.0	0.0	0.0	0.0	0.5184641480445862	0.0	2.5856661796569824	1.855223298072815	0.0	0.0	1.1368098258972168	0.0	0.0	0.0	1.6425118446350098	1.540396809577942	1.8668022155761719	0.8863152861595154	0.0	0.0	0.0	1.2736005783081055	1.6274964809417725	0.8007063269615173	0.4087280333042145	0.0	0.0	1.2775503396987915	0.7341079115867615	0.0	0.0	0.0	0.0	0.0	1.9537614583969116	0.0	0.0	0.0	0.3384748101234436	1.1902015209197998	0.5829023122787476	0.0	0.9295587539672852	0.0	0.5921036005020142	1.1872228384017944	0.0	0.0	0.0	0.6734041571617126	0.0	0.0
0.0	0.0	0.0	0.7168848514556885	0.2810603976249695	0.0	0.8957298398017883	0.0	2.1978118419647217	0.0	0.734039843082428	0.0	0.3923114538192749	0.7520244717597961	0.6465017795562744	1.908828854560852	1.6901272535324097	0.7553721070289612	0.7151068449020386	0.5065745115280151	0.631895899772644	0.6318968534469604	0.0	1.3489809036254883	0.0	0.0	0.0	0.7112072706222534	0.7900176048278809	0.028133127838373184	0.3584529757499695	1.1748456954956055	0.0	0.30752208828926086	0.0	0.0	0.8063595294952393	0.0	0.2321026623249054	1.0857750177383423	0.0	0.0	0.0	0.0	0.0	0.0	0.7708802223205566	0.0	0.0	1.5380260944366455	0.0	0.0	0.0	0.8997324109077454	0.7906699776649475	0.0	0.0	0.2667636573314667	0.44466114044189453	1.1395622491836548	0.0	0.0	0.0	0.0	0.0	0.0	0.0	0.0	0.0	0.8515433669090271	0.5011154413223267	0.0	0.0	0.0	0.0	0.0	0.6264966130256653	0.0	0.0	0.7131282091140747	0.0	0.0	1.2142671346664429	0.0	0.808655321598053	0.0	1.3014003038406372	0.0	1.706505537033081	0.0	0.0	0.24992260336875916	0.0	0.5426921844482422	0.0	0.5282034873962402	0.2624339163303375	0.0	0.0	0.0	0.0	0.683255136013031	0.0	0.0	0.0	0.0	1.1347686052322388	0.6215392351150513	0.0	0.6464739441871643	0.0	0.0	0.0	0.0	0.0	0.0	0.5289473533630371	0.0	0.615497350692749	0.0	1.0918772220611572	0.33706408739089966	0.0	0.800920844078064	0.4499638080596924	1.1879737377166748	0.0	0.0	0.0	1.1287314891815186	0.0	0.0	0.6676145792007446	0.0	0.0	0.4195210039615631	0.8983982801437378	0.0	0.0	0.0	0.0	0.0	0.0	0.0	0.6489328742027283	0.0	1.978232502937317	0.0	0.0	0.0	0.0	0.4811181128025055	0.0	0.0	0.4701511561870575	0.0	0.0	0.8712546229362488	0.0	0.0	0.6788588762283325	0.0	0.24730877578258514	0.027800895273685455	0.19560545682907104	0.0	0.43747377395629883	1.6395926475524902	0.0	0.0	0.0	0.0	0.7666335105895996	0.0	0.0	2.482250690460205	0.7973284721374512	0.0	0.0	0.0	1.1845626831054688	0.4655771255493164	0.0	0.0	0.8642221689224243	0.0	0.0	0.0	0.0	0.0	0.0	0.0	0.0	0.0	0.6050301194190979	0.0	0.7162321209907532	0.0	2.2174272537231445	0.3636873662471771	0.0	0.0	0.0	0.0	0.0	0.0	0.0	0.0	0.4766397476196289	0.0	1.3686891794204712	0.9547866582870483	0.0	0.0	0.937982976436615	0.0	0.0	0.0	1.3459155559539795	1.143803596496582	1.8357957601547241	0.22979122400283813	0.0	0.0	0.0	1.1778383255004883	0.7141043543815613	0.6414269208908081	0.5870116949081421	0.0	0.0	0.9249418377876282	0.5200533270835876	0.0	0.0	0.0	0.0	0.0	1.0028939247131348	0.0	0.0	0.0	1.3659679889678955	1.2511026859283447	0.35464075207710266	0.0	0.5265142321586609	0.0	1.3371165990829468	0.7951405048370361	0.0	0.0	0.0	0.5360699892044067	0.0	0.0
0.0	0.0	0.0	0.8638882637023926	0.09736772626638412	0.0	1.603677749633789	0.0	2.9202358722686768	0.0	0.2042090892791748	0.0	0.25359973311424255	1.1619350910186768	0.26811936497688293	2.4874415397644043	1.469835877418518	1.0330113172531128	0.8284236192703247	0.0	0.6974765658378601	1.1137338876724243	0.0	1.308135747909546	0.0	0.0	0.0	0.5345996618270874	1.0388933420181274	0.1507600098848343	0.9543483853340149	0.18578961491584778	0.0	0.8048875331878662	0.0	0.17581301927566528	0.7676424980163574	0.0	0.595446765422821	1.6218096017837524	0.0	0.0	0.0	0.24185915291309357	0.0	0.0	0.1819988638162613	0.0	0.0	1.6314243078231812	0.0	0.0	0.0	0.6912159323692322	1.4498447179794312	0.0	0.0	0.20407940447330475	0.0	1.3505967855453491	0.0	0.0	0.0	0.0	0.0	0.0	0.0	0.0	0.0	0.9049755334854126	0.898261547088623	0.0	0.0	0.0	0.0	0.0	0.3000025451183319	0.0	0.0	0.6381267309188843	0.0	0.0	1.7246761322021484	0.04806846007704735	0.4899555444717407	0.0	1.9492862224578857	0.0	1.9312840700149536	0.0	0.0	0.6167586445808411	0.0	0.3757208585739136	0.0	0.49537011981010437	0.6677462458610535	0.0	0.0	0.0	0.0	0.5369763970375061	0.0	0.10573279112577438	0.0	0.0	1.5711411237716675	0.39382362365722656	0.0	0.2437014877796173	0.0	0.0	0.0	0.0	0.0	0.0	0.7282158732414246	0.0	0.5497311949729919	0.0	0.49304133653640747	0.3954162001609802	0.0	0.2812958359718323	0.9160861968994141	1.1932830810546875	0.0	0.0	0.0	0.9170392751693726	0.0	0.0	0.0	0.0	0.0	0.7636635899543762	0.17972694337368011	0.0	0.0	0.5594576597213745	0.0	0.0	0.0	0.802693784236908	1.1693463325500488	0.0	2.2172629833221436	0.0	0.0	0.0	0.0	0.045831937342882156	0.0	0.0	1.0045620203018188	0.0	0.0	0.713131844997406	0.0	0.0	0.3056706190109253	0.0	0.0	0.0	0.4342963993549347	0.0	0.0	1.7744568586349487	0.0	0.0	0.0	0.0	0.9355214238166809	0.0	0.0	2.6079719066619873	1.0470722913742065	0.0	0.0	0.0	0.7134789824485779	1.1712777614593506	0.0	0.0	0.728725254535675	0.0	0.0	0.0	0.0	0.0	0.0	0.0	0.0	0.0	0.06072431802749634	0.0	1.0082461833953857	0.0	2.2281038761138916	0.3785887658596039	0.0	0.0	0.0	0.0	0.0	0.0	0.0	0.0	0.24785804748535156	0.0	1.1625175476074219	0.7020735144615173	0.0	0.0	1.4057177305221558	0.0	0.0	0.0	1.6868150234222412	0.953296422958374	2.4517252445220947	0.5449196100234985	0.0	0.0	0.0	1.4851794242858887	1.1703916788101196	0.7947230935096741	1.0219675302505493	0.0	0.0	0.8639768362045288	0.4280107915401459	0.07751842588186264	0.0	0.0	0.0	0.0	1.4671212434768677	0.0	0.0	0.0	1.0800845623016357	0.612246036529541	0.5926481485366821	0.0	0.1173010841012001	0.0	0.33757755160331726	0.8304736018180847	0.0	0.0	0.0	1.332813024520874	0.0	0.0
0.0	0.0	0.0	2.505110025405884	0.0	0.0	1.6763278245925903	0.0	3.6104984283447266	0.0	0.40792396664619446	0.0	0.09263288229703903	1.4541302919387817	0.5099373459815979	3.23007869720459	2.655350685119629	1.536434531211853	1.027800440788269	0.41053450107574463	2.0249104499816895	1.3431507349014282	0.0	1.8148696422576904	0.0	0.0	0.0	1.2518614530563354	1.4428150653839111	0.586615264415741	1.2160398960113525	0.31807681918144226	0.0	0.08464401960372925	0.0	0.0	0.40233170986175537	0.0	1.041365623474121	2.1781058311462402	0.0	0.0	0.0	0.4590032398700714	0.0	0.0	1.3444576263427734	0.0	0.0	1.0857536792755127	0.0	0.0	0.0	0.5639452338218689	1.3434470891952515	0.0	0.0	0.0	0.13526521623134613	1.4499653577804565	0.0	0.0	0.0	0.0	0.0	0.0	0.0	0.0	0.0	0.5321981310844421	0.6626484990119934	0.0	0.0	0.0	0.0	0.0	0.6705354452133179	0.0	0.0	0.7793776392936707	0.0	0.0	2.2025792598724365	0.0	0.8914178609848022	0.0	2.37152361869812	0.0	2.6921565532684326	0.0	0.0	0.9258137345314026	0.0	0.0	0.0	0.2570129930973053	0.9460799694061279	0.0	0.0	0.0	0.0	0.03523943945765495	0.0	0.0	0.0	0.0	1.7001547813415527	0.07511657476425171	0.0	1.298569917678833	0.0	0.0	0.0	0.0	0.0	0.0	1.114506721496582	0.0	1.2149147987365723	0.0	1.1350502967834473	0.14311222732067108	0.0	0.0	0.8991852402687073	1.8034145832061768	0.0	0.0	0.0	0.9028355479240417	0.0	0.0	0.13588444888591766	0.0	0.0	0.4706784188747406	0.27622875571250916	0.0	0.0	0.6358684301376343	0.0	0.0	0.0	0.2757284641265869	1.2659398317337036	0.0	3.508584499359131	0.0	0.0	0.0	0.0	0.6080582737922668	0.0	0.0	0.15052732825279236	0.0	0.0	1.5452485084533691	0.0	0.0	0.21106819808483124	0.0	0.0	0.0	0.0	0.0	0.0	1.8517781496047974	0.0	0.0	0.0	0.0	1.2400405406951904	0.0	0.0	4.042530536651611	1.2165868282318115	0.0	0.0	0.0	1.559781789779663	0.6818350553512573	0.0	0.0	1.1788256168365479	0.0	0.0	0.0	0.0	0.0	0.0	0.0	0.0	0.0	0.08932362496852875	0.0	0.8217893838882446	0.0	2.8660800457000732	1.3863621950149536	0.0	0.0	0.0	0.0	0.0	0.0	0.0	0.0	0.5358477234840393	0.0	2.0560948848724365	1.9420878887176514	0.0	0.0	2.02028751373291	0.0	0.0	0.0	1.9316400289535522	1.5349961519241333	2.5916690826416016	0.8523051142692566	0.0	0.0	0.0	1.3625833988189697	1.7695497274398804	1.7113803625106812	0.6024277210235596	0.0	0.0	0.9312348365783691	0.7265345454216003	0.0	0.0	0.0	0.0	0.0	1.4302070140838623	0.0	0.0	0.0	1.7888476848602295	1.2906866073608398	0.7240575551986694	0.0	0.438917875289917	0.0	1.2324120998382568	1.6444213390350342	0.0	0.0	0.0	1.8338781595230103	0.0	0.0
0.0	0.0	0.0	0.10380677133798599	0.6925726532936096	0.0	0.5558604598045349	0.0	3.1519742012023926	0.0	0.3438369333744049	0.0	0.0	0.23563535511493683	0.4018438160419464	2.0066545009613037	1.6111488342285156	0.7432410717010498	0.0	0.0	0.0	0.4701234698295593	0.0	0.8031014204025269	0.0	0.0	0.0	0.554040789604187	0.5212839841842651	0.08025536686182022	0.46953633427619934	1.1020328998565674	0.0	0.322415292263031	0.0	0.0	0.28575894236564636	0.0	0.20702114701271057	0.6852858662605286	0.0	0.0	0.0	1.008744716644287	0.0	0.0	0.7776004076004028	0.0	0.0	2.2247116565704346	0.0	0.0	0.0	0.3918220102787018	0.9291571974754333	0.0	0.0	0.0	0.0	1.0623934268951416	0.0	0.0	0.0	0.0	0.0	0.0	0.0	0.0	0.0	0.32860082387924194	0.7416967153549194	0.0	0.0	0.0	0.0	0.0	0.0	0.3120201528072357	0.0	0.3432520925998688	0.0	0.0	1.6031380891799927	0.0	0.5116698741912842	0.0	0.8505440354347229	0.0	1.6040918827056885	0.0	0.0	0.0	0.0	0.260863333940506	0.0	0.0	0.0	0.0	0.0	0.0	0.0	0.8066411018371582	0.0	0.0	0.0	0.0	0.45902785658836365	0.9575485587120056	0.0	1.1136854887008667	0.0	0.0	0.0	0.0	0.0	0.0	1.558949589729309	0.0	1.2210099697113037	0.0	0.5305654406547546	0.0	0.0	0.9924103617668152	0.2420996129512787	2.6466853618621826	0.0	0.0	0.0	2.371335744857788	0.0	0.0	0.44091901183128357	0.0	0.0	1.5221589803695679	0.1947256624698639	0.0	0.0	0.32556766271591187	0.0	0.0	0.0	0.0	0.17203651368618011	0.0	1.7565820217132568	0.0	0.0	0.0	0.0	1.2627127170562744	0.0	0.0	0.0	0.0	0.0	1.59086275100708	0.0	0.0	0.2913253903388977	0.3010496497154236	0.0	0.0	0.0	0.0	0.0	2.3356740474700928	0.0	0.0	0.0	0.0	0.5182995796203613	0.0	0.0	3.8019824028015137	2.223493814468384	0.0	0.0	0.0	0.8805832862854004	0.26950475573539734	0.0	0.0	0.0	0.0	0.0	0.0	0.0	0.0	0.0	0.0	0.0	0.0	0.0	0.0	0.0	0.0	2.8227293491363525	0.31817853450775146	0.0	0.42782503366470337	0.0	0.0	0.0	0.0	0.0	0.0	0.5678234100341797	0.0	2.688997745513916	0.8940008878707886	0.0	0.0	1.8204171657562256	0.0	0.0	0.0	0.7450733184814453	0.2041732519865036	1.8506112098693848	1.0597810745239258	0.0	0.0	0.0	0.9758269786834717	1.4584746360778809	0.10549721121788025	0.0	0.0	0.0	1.8780806064605713	1.4711039066314697	0.0	0.0	0.0	0.0	0.0	1.4982091188430786	0.0	0.0	0.0	0.16366703808307648	1.284663438796997	0.0	0.0	1.0809533596038818	0.0	0.22032131254673004	0.1973693072795868	0.0	0.0	0.0	1.6496739387512207	0.0	0.0
0.0	0.0	0.0	0.8925915360450745	0.3154118061065674	0.0	1.3743044137954712	0.0	2.326960325241089	0.0	0.0	0.0	0.7227263450622559	0.8030694723129272	0.005691718775779009	1.8660905361175537	0.8003041744232178	0.9227254986763	0.8887026906013489	0.6334084868431091	1.290629506111145	0.8893200755119324	0.0	1.2499812841415405	0.0	0.0	0.11301693320274353	1.0072808265686035	0.3181231617927551	0.43944352865219116	0.7227625846862793	0.5463864207267761	0.0	0.829939067363739	0.0	0.09550052136182785	1.0257824659347534	0.0	0.6851181983947754	1.7494299411773682	0.0	0.0	0.0	0.010805971920490265	0.0	0.0	0.12648817896842957	0.0	0.0	1.2828727960586548	0.0	0.0	0.0	0.9335363507270813	0.9929777979850769	0.0	0.0	0.0	0.7540820240974426	0.9977075457572937	0.0	0.0	0.0	0.0	0.0	0.0	0.0	0.0	0.0	1.061672329902649	0.3212820589542389	0.0	0.0	0.0	0.0	0.0	0.8555176854133606	0.0	0.0	0.7238954305648804	0.0	0.0	1.28645658493042	0.07962094992399216	0.7839574217796326	0.0	2.245877504348755	0.0	1.2292916774749756	0.0	0.0	1.1123905181884766	0.0	0.6651303768157959	0.0	0.6069427132606506	0.8858678340911865	0.0	0.0	0.0	0.0	0.07227518409490585	0.0	0.7807790637016296	0.0	0.0	0.6398839950561523	0.06324250251054764	0.0	0.015181086957454681	0.0	0.0	0.0	0.0	0.0	0.0	0.2795458734035492	0.0	0.6779884099960327	0.0	0.5067456364631653	0.19677095115184784	0.0	0.18244034051895142	0.4379581809043884	0.46031424403190613	0.0	0.0	0.0	0.7530489563941956	0.0	0.0	0.0	0.0	0.0	0.764892578125	0.2943141758441925	0.0	0.0	0.7392790913581848	0.0	0.0	0.0	0.16989539563655853	0.6864054203033447	0.0	1.6468255519866943	0.0	0.0	0.0	0.0	0.0	0.0	0.0	0.7769502997398376	0.0	0.0	0.6110473871231079	0.0	0.0	0.4237622320652008	0.0	0.5239436030387878	0.0	0.35956406593322754	0.0	0.07893230766057968	1.609167218208313	0.0	0.0	0.0	0.0	0.7119609713554382	0.0	0.23184484243392944	1.9516671895980835	0.06652446836233139	0.0	0.0	0.0	0.8316586017608643	0.8827415108680725	0.0	0.0	1.0107536315917969	0.0	0.0	0.0	0.0	0.0	0.0	0.0	0.0	0.0	0.2030484974384308	0.0	1.1828867197036743	0.0	1.8278846740722656	1.0368021726608276	0.0	0.0	0.0	0.0	0.0	0.0	0.0	0.0	0.397189199924469	0.0	0.9480839967727661	0.40622562170028687	0.0	0.0	0.7599287629127502	0.0	0.0	0.0	1.6467608213424683	1.6943832635879517	1.6331501007080078	0.0	0.0	0.0	0.0	1.7462297677993774	1.1728515625	0.24254386126995087	1.0690698623657227	0.0	0.0	0.5808272957801819	0.25428175926208496	0.280242919921875	0.0	0.0	0.0	0.0	0.6924181580543518	0.0	0.0	0.0	1.1021037101745605	0.3443846106529236	0.8529715538024902	0.0	0.3283891975879669	0.0	1.018335223197937	1.0692096948623657	0.0	0.0	0.0	0.6123250126838684	0.0	0.0
0.0	0.0	0.0	0.5509352087974548	0.6505316495895386	0.0	1.4308867454528809	0.0	2.6629550457000732	0.8123403787612915	0.0	0.0	0.5189347863197327	0.6148635149002075	0.6529248952865601	1.6185400485992432	0.504372239112854	0.6288660764694214	1.1682018041610718	1.0721170902252197	1.3048020601272583	1.2183798551559448	0.0	2.207918167114258	0.0	0.0	0.3216574490070343	1.9756221771240234	1.0475633144378662	0.5007370710372925	1.0858027935028076	0.7592209577560425	0.0	1.2145347595214844	0.0	0.5447704792022705	1.5561034679412842	0.0	1.000119686126709	1.772027850151062	0.0	0.0	0.0	0.0	0.0	0.0	0.0	0.0	0.0	1.7168179750442505	0.0	0.0	0.0	0.6027499437332153	1.73850679397583	0.0	0.0	0.12543217837810516	0.9418745040893555	0.6975486278533936	0.0	0.0	0.0	0.26670417189598083	0.0	0.0	0.0	0.0	0.0	1.0529518127441406	0.7552382946014404	0.0	0.0	0.0	0.0	0.0	0.7123872637748718	0.6061491966247559	0.0	1.3018685579299927	0.0	0.0	1.3229402303695679	0.0	1.1910895109176636	0.0	2.134486675262451	0.0	0.7322279810905457	0.0	0.0	1.3473284244537354	0.0	1.5244174003601074	0.0	0.8362219333648682	1.083261251449585	0.2858525812625885	0.0	0.0	0.0	0.12213563174009323	0.0	0.7875980734825134	0.0	0.0	0.6013644337654114	0.24389725923538208	0.0	0.0	0.0	0.0	0.0	0.0	0.0	0.0	0.7743746042251587	0.0	0.17877469956874847	0.0	0.18744754791259766	0.5470799803733826	0.0	0.4933682382106781	0.4074179232120514	1.3010183572769165	0.0	0.0	0.0	0.6579482555389404	0.0	0.0	0.6531965732574463	0.0	0.0	0.3681395351886749	0.7608541250228882	0.0	0.0	1.1033917665481567	0.0	0.0	0.0	1.0739768743515015	1.0888667106628418	0.0	1.590096116065979	0.0	0.0	0.0	0.0	0.0	0.0	0.0	1.5981999635696411	0.0	0.0	0.6940527558326721	0.0	0.0	0.7030128836631775	0.6151407361030579	0.2934444844722748	0.0	0.6083547472953796	0.0	0.031062722206115723	1.9606983661651611	0.0	0.0	0.0	0.0	0.6543762683868408	0.0	0.21744590997695923	2.1591928005218506	0.1346627026796341	0.0	0.0	0.0	1.0352706909179688	0.9360832571983337	0.0	0.0	1.4944782257080078	0.0	0.0	0.0	0.0	0.0	0.0	0.0	0.0	0.0	0.5612524151802063	0.0	1.4210256338119507	0.0	2.017071008682251	1.7401667833328247	0.0	0.0	0.0	0.0	0.0	0.0	0.0	0.0	0.45399272441864014	0.0	1.3240612745285034	0.5290243029594421	0.0	0.0	0.9775320887565613	0.0	0.0	0.0	1.9568321704864502	1.8046590089797974	1.2864357233047485	0.0	0.0	0.0	0.0	2.043567419052124	1.5999678373336792	0.6141419410705566	1.5825170278549194	0.0	0.0	0.6875801086425781	0.2861332595348358	0.0	0.0	0.0	0.0	0.0	0.855760931968689	0.0	0.0	0.0	0.7505553364753723	0.2282290905714035	1.2186424732208252	0.0	0.7129336595535278	0.0	1.5206655263900757	1.3866955041885376	0.0	0.027794476598501205	0.0	0.5525380969047546	0.0	0.0
0.0	0.0	0.0	0.8952292799949646	0.8225676417350769	0.0	0.6000044941902161	0.0	3.1225249767303467	0.0	0.8810787200927734	0.0	0.0	0.6950697898864746	1.1396573781967163	2.8075592517852783	1.7219254970550537	0.5178005695343018	0.12136801332235336	0.0072480617091059685	0.2779240906238556	0.20455196499824524	0.0	1.3019487857818604	0.0	0.0	0.0	0.07169143110513687	0.17342637479305267	0.37378183007240295	1.2690098285675049	0.8725481033325195	0.0	0.0	0.0	0.0	0.16378140449523926	0.0	0.0	0.9447180032730103	0.0	0.0	0.0	0.9650610089302063	0.0	0.0	0.7383217215538025	0.0	0.0	1.9552050828933716	0.0	0.0	0.0	0.3509988784790039	0.20908679068088531	0.0	0.0	0.0	0.2388623207807541	0.8993411660194397	0.0	0.0	0.0	0.0	0.0	0.0	0.0	0.0	0.0	0.0	0.940662682056427	0.0	0.0	0.0	0.0	0.0	0.5413658618927002	0.05979960411787033	0.0	0.7106490731239319	0.0	0.0	1.8541598320007324	0.0	0.6489509344100952	0.0	1.2404117584228516	0.0	1.6611909866333008	0.0	0.0	0.2272617220878601	0.0	0.0	0.0	0.0	0.3768639862537384	0.06161747872829437	0.0	0.0	0.0	0.34061339497566223	0.0	0.0	0.0	0.0	0.6409081816673279	0.8375274538993835	0.0	0.8004018664360046	0.0	0.0	0.0	0.0	0.0	0.0	0.42444154620170593	0.0	1.326930046081543	0.0	0.0	0.4655243158340454	0.0	0.2566787004470825	0.09129679948091507	1.4146203994750977	0.0	0.0	0.0	1.6652636528015137	0.0	0.0	0.1253439337015152	0.0	0.0	1.3738595247268677	0.15089721977710724	0.0	0.0	0.5109552145004272	0.0	0.0	0.0	0.32499080896377563	0.9854355454444885	0.0	2.1739799976348877	0.0	0.0	0.0	0.0	0.5649331212043762	0.0	0.0	0.0	0.0	0.0	1.2879078388214111	0.0	0.0	0.0	0.0	0.29475149512290955	0.0	0.2882995307445526	0.0	0.0	1.8893303871154785	0.0	0.0	0.0	0.0	0.0	0.0	0.0	2.9645819664001465	1.0702784061431885	0.0	0.0	0.0	1.185926079750061	0.08612838387489319	0.0	0.0	0.30873358249664307	0.0	0.0	0.0	0.0	0.0	0.0	0.0	0.0	0.0	0.0	0.0	0.018631603568792343	0.0	2.2898812294006348	0.8474904298782349	0.0	0.0	0.0	0.0	0.0	0.0	0.0	0.0	0.4910163879394531	0.0	2.5648603439331055	1.1988534927368164	0.0	0.0	1.2636544704437256	0.0	0.0	0.0	0.6676954627037048	0.6950151920318604	2.121103286743164	1.330275058746338	0.0	0.0	0.0	0.6715595722198486	1.620753288269043	0.42704060673713684	0.5003225803375244	0.0	0.0	1.9618310928344727	0.6076749563217163	0.0	0.0	0.0	0.0	0.0	1.9592617750167847	0.0	0.0	0.0	0.0489761084318161	1.6757726669311523	0.10765326023101807	0.0	0.7471827268600464	0.0	0.22427266836166382	0.6672725081443787	0.0	0.0	0.0	1.5527600049972534	0.0	0.0
0.0	0.0	0.0	1.0634764432907104	0.7087306976318359	0.0	0.9557723999023438	0.0	4.7660322189331055	0.0	1.5003809928894043	0.0	0.0	0.6019850373268127	0.4123103618621826	3.7506637573242188	2.988774299621582	0.5674449801445007	0.21671094000339508	0.0	1.8416599035263062	0.5579277873039246	0.0	1.6098971366882324	0.0	0.0	0.0	1.0869431495666504	0.47307515144348145	0.0	0.7234391570091248	1.8341407775878906	0.0	0.2853690981864929	0.0	0.0	0.4566363990306854	0.0	0.0	1.585435152053833	0.0	0.0	0.0	1.3779395818710327	0.0	0.0	1.5898765325546265	0.0	0.0	3.258082866668701	0.0	0.0	0.0	1.4390292167663574	0.6817582249641418	0.0	0.0	0.0	0.0	1.7799595594406128	0.0	0.0	0.0	0.0	0.0	0.0	0.0	0.0	0.0	0.6233595013618469	0.3877372741699219	0.0	0.0	0.0	0.0	0.0	0.6460193395614624	0.0	0.0	0.4439416825771332	0.0	0.0	2.6816976070404053	0.0	0.49373772740364075	0.0	2.020735263824463	0.0	3.7576138973236084	0.0	0.0	0.0	0.0	0.0	0.0	0.0	0.2626917362213135	0.0	0.0	0.0	0.0	1.375506043434143	0.0	0.0	0.0	0.0	1.6143105030059814	0.3808732032775879	0.0	2.5013184547424316	0.0	0.0	0.0	0.0	0.0	0.0	0.7954729199409485	0.0	1.9557263851165771	0.0	1.375327467918396	0.0	0.0	1.1274324655532837	1.6116844415664673	2.3257739543914795	0.0	0.0	0.0	3.3068313598632812	0.0	0.0	0.05963132530450821	0.0	0.0	0.9778055548667908	0.31385141611099243	0.0	0.0	0.3529684841632843	0.0	0.0	0.0	0.0	1.2594343423843384	0.0	4.043004035949707	0.0	0.0	0.0	0.0	1.5267424583435059	0.0	0.0	0.0	0.0	0.0	1.2912677526474	0.0	0.0	0.0	0.0	0.0	0.0	0.0	0.0	0.0	2.672095775604248	0.0	0.0	0.0	0.0	0.20755955576896667	0.0	0.0	5.118090629577637	2.6503610610961914	0.0	0.0	0.0	1.7532923221588135	0.0	0.0	0.0	0.4668252468109131	0.0	0.0	0.0	0.0	0.0	0.0	0.0	0.0	0.0	0.0	0.0	0.2691288888454437	0.0	3.5923855304718018	0.4694906771183014	0.0	0.0	0.0	0.0	0.0	0.0	0.0	0.0	0.21181848645210266	0.0	3.6267590522766113	1.8437203168869019	0.0	0.0	1.8900418281555176	0.0	0.0	0.0	1.1261204481124878	1.8301875591278076	3.8824965953826904	1.2236673831939697	0.0	0.0	0.0	1.2397884130477905	2.1499204635620117	1.0495707988739014	0.6794037222862244	0.0	0.0	2.857623338699341	1.1145899295806885	0.0	0.0	0.0	0.0	0.0	1.9036322832107544	0.0	0.0	0.0	0.9928653836250305	2.7528254985809326	0.0	0.0	0.8286729454994202	0.0	0.5506466627120972	0.6597071290016174	0.0	0.0	0.0	2.9409704208374023	0.0	0.0
0.0	0.0	0.0	1.16973876953125	0.9385960102081299	0.0	0.42338308691978455	0.0	3.068955898284912	0.0	0.6957552433013916	0.0	0.0	1.1837178468704224	1.2175812721252441	2.9295437335968018	1.85405695438385	0.35272300243377686	0.0	0.03993558511137962	0.7636663913726807	0.23805727064609528	0.0	1.6839251518249512	0.0	0.0	0.0	0.6719550490379333	0.2795816957950592	0.0	0.9494689106941223	1.3207252025604248	0.0	0.0	0.0	0.0	0.0	0.0	0.0	1.2904001474380493	0.0	0.0	0.0	0.912022590637207	0.0	0.0	0.4909355044364929	0.0	0.0	2.3509604930877686	0.0	0.0	0.0	0.0	0.5483933687210083	0.0	0.0	0.0	0.09707658737897873	0.6179401278495789	0.0	0.0	0.0	0.0	0.0	0.0	0.0	0.0	0.0	0.0	0.945923388004303	0.0	0.0	0.0	0.0	0.0	0.37899020314216614	0.0	0.0	0.7494117021560669	0.0	0.0	1.921976923942566	0.0	0.38964030146598816	0.0	1.319679856300354	0.0	2.340200662612915	0.0	0.0	0.39059799909591675	0.0	0.013900001533329487	0.0	0.0	0.13593125343322754	0.0	0.0	0.0	0.0	0.3290448784828186	0.0	0.0	0.0	0.0	0.9689087271690369	0.8436527848243713	0.0	0.9184072017669678	0.0	0.0	0.0	0.0	0.0	0.0	1.2373199462890625	0.0	1.5605825185775757	0.0	0.3391416370868683	0.81858891248703	0.0	0.4812490940093994	0.14929787814617157	1.7316938638687134	0.0	0.0	0.0	1.643998146057129	0.0	0.0	0.5971534848213196	0.0	0.0	1.614249587059021	0.8589253425598145	0.0	0.0	0.0	0.0	0.0	0.0	0.5252972841262817	0.48749440908432007	0.0	2.5223498344421387	0.0	0.0	0.0	0.0	0.6087962985038757	0.0	0.0	0.0	0.0	0.0	1.1777558326721191	0.0	0.0	0.0	0.0	0.0	0.19483157992362976	0.057617202401161194	0.0	0.0	1.8725959062576294	0.0	0.0	0.0	0.0	0.32642075419425964	0.0	0.0	2.635270595550537	1.0720487833023071	0.0	0.0	0.0	2.010124683380127	0.0	0.0	0.0	0.7034323811531067	0.0	0.0	0.0	0.0	0.0	0.0	0.0	0.0	0.0	0.11249187588691711	0.0	0.059386201202869415	0.0	2.5245556831359863	0.9173627495765686	0.0	0.0	0.0	0.0	0.0	0.0	0.0	0.0	0.7451322078704834	0.0	3.014338731765747	1.5159339904785156	0.0	0.0	0.7163175940513611	0.0	0.0	0.0	0.7727251648902893	0.91063392162323	2.0923635959625244	1.2260266542434692	0.0	0.0	0.0	0.3728927969932556	1.9707520008087158	0.2300126701593399	0.500973641872406	0.0	0.0	2.1186163425445557	0.6781360507011414	0.0	0.0	0.0	0.0	0.0	1.9859120845794678	0.0	0.0	0.0	0.14570419490337372	1.2600435018539429	0.0	0.0	1.2883765697479248	0.0	0.07504536956548691	0.8946512341499329	0.0	0.0	0.0	1.133815884590149	0.0	0.0
0.0	0.0	0.0	0.46847426891326904	0.4685650169849396	0.0	1.8594037294387817	0.0	3.83475923538208	0.0	0.0	0.0	0.0	1.3132199048995972	0.5917806029319763	2.6808180809020996	1.445177435874939	0.9112617373466492	0.5942984223365784	0.07972666621208191	1.6216686964035034	1.124202013015747	0.0	2.098661184310913	0.0	0.0	0.0	0.5788015723228455	0.7448244690895081	0.654854953289032	1.0972816944122314	1.6973819732666016	0.0	0.6240728497505188	0.0	0.019416555762290955	0.39462345838546753	0.0	1.130448579788208	1.4732853174209595	0.0	0.0	0.0	0.6965014934539795	0.0	0.0	0.10049033910036087	0.0	0.0	2.218693733215332	0.0	0.0	0.0	0.9501317739486694	0.8861022591590881	0.0	0.0	0.022705700248479843	0.44166308641433716	1.145033359527588	0.0	0.0	0.0	0.0	0.0	0.0	0.0	0.0	0.0	1.16861891746521	1.0021053552627563	0.0	0.0	0.0	0.0	0.0	0.0	0.0	0.0	1.0813237428665161	0.0	0.0	1.697501540184021	0.0	1.2127615213394165	0.0	2.34501051902771	0.0	1.625067949295044	0.0	0.0	0.2895451784133911	0.0	0.1398766040802002	0.0	0.0	0.9918208718299866	0.0	0.0	0.0	0.0	0.7370793223381042	0.0	0.0	0.0	0.0	1.1598061323165894	0.2760449945926666	0.0	0.16447529196739197	0.0	0.0	0.0	0.0	0.0	0.0	0.8754673004150391	0.0	1.1074060201644897	0.0	0.5842376351356506	0.6687666177749634	0.0	0.6776414513587952	0.682148814201355	1.6892472505569458	0.0	0.0	0.0	1.8490548133850098	0.0	0.0	0.4073096215724945	0.0	0.0	0.30812492966651917	0.2810562252998352	0.0	0.0	0.9120373129844666	0.0	0.0	0.0	0.19382387399673462	1.2108030319213867	0.0	2.08662486076355	0.0	0.0	0.0	0.0	0.7718026638031006	0.0	0.0	0.40976619720458984	0.0	0.0	0.7851860523223877	0.0	0.0	0.6660711765289307	0.0	0.15626662969589233	0.0	0.09074822813272476	0.0	0.0	2.6325132846832275	0.0	0.0	0.0	0.0	0.8304542899131775	0.0	0.0	3.836129665374756	1.1371400356292725	0.0	0.0	0.0	0.9584745764732361	1.1037390232086182	0.0	0.0	0.8427655696868896	0.0	0.0	0.0	0.0	0.0	0.0	0.0	0.0	0.0	0.14340777695178986	0.0	1.0977585315704346	0.0	3.0533385276794434	1.036795973777771	0.0	0.0	0.0	0.0	0.0	0.0	0.0	0.0	0.1433275192975998	0.0	2.229377508163452	0.6433206796646118	0.0	0.0	1.7561758756637573	0.0	0.0	0.0	1.4668292999267578	1.5446137189865112	2.092379093170166	0.3023165762424469	0.0	0.0	0.0	1.905221700668335	1.2611346244812012	0.36838048696517944	1.0846213102340698	0.0	0.0	1.1581056118011475	0.4596036970615387	0.0	0.0	0.0	0.0	0.0	1.7828752994537354	0.0	0.0	0.0	0.791765034198761	0.4327995479106903	0.3545920252799988	0.0	0.21603360772132874	0.0	1.013979196548462	1.2658523321151733	0.0	0.0	0.0	1.152173638343811	0.0	0.0
0.0	0.0	0.0	1.603872299194336	0.7978432178497314	0.0	0.8444616198539734	0.0	3.550153970718384	0.0	0.5263705849647522	0.0	0.0	1.6544952392578125	0.7620418071746826	3.319488763809204	1.9442218542099	0.763542652130127	0.0	0.0509834811091423	1.4145240783691406	0.0	0.0	1.7298816442489624	0.0	0.0	0.0	0.6951339840888977	0.31927502155303955	0.2820276916027069	1.0212814807891846	0.3407524824142456	0.0	0.0	0.0	0.0	0.039205893874168396	0.0	0.0	1.463383674621582	0.0	0.0	0.0	0.7216684222221375	0.0	0.0	0.7882956862449646	0.0	0.0	2.2462611198425293	0.0	0.0	0.0	0.0	0.0	0.0	0.0	0.0	0.0	0.749297022819519	0.0	0.0	0.0	0.0	0.0	0.0	0.0	0.0	0.0	0.40861719846725464	0.757876992225647	0.0	0.0	0.0	0.0	0.0	0.43761736154556274	0.0	0.0	0.7551720142364502	0.0	0.0	1.9851348400115967	0.0	0.6510099172592163	0.0	1.6389871835708618	0.0	2.6176321506500244	0.0	0.0	0.07649354636669159	0.0	0.0	0.0	0.0	0.42578408122062683	0.15867860615253448	0.0	0.0	0.0	0.33181652426719666	0.0	0.0	0.0	0.0	1.1575247049331665	1.3306269645690918	0.0	1.3634865283966064	0.0	0.0	0.0	0.0	0.0	0.0	1.5619962215423584	0.0	1.127358317375183	0.0	1.627807855606079	0.49033650755882263	0.0	0.08939701318740845	0.0	2.317842721939087	0.0	0.0	0.0	1.9569236040115356	0.0	0.0	0.7478382587432861	0.0	0.0	1.4362925291061401	0.9450868368148804	0.0	0.0	0.0	0.0	0.0	0.0	0.2979402244091034	1.2510837316513062	0.0	3.642059803009033	0.0	0.0	0.0	0.0	1.0825637578964233	0.0	0.0	0.0	0.0	0.0	2.042711019515991	0.0	0.0	0.0	0.0	0.0	0.19179843366146088	0.0	0.0	0.0	1.964963674545288	0.0	0.0	0.0	0.0	0.369881272315979	0.0	0.0	3.3531453609466553	1.350461721420288	0.0	0.0	0.0	1.9371743202209473	0.0	0.0	0.0	0.2598707973957062	0.0	0.0	0.0	0.0	0.0	0.0	0.0	0.0	0.0	0.0	0.0	0.148872971534729	0.0	3.16339373588562	1.0352987051010132	0.0	0.0	0.0	0.0	0.0	0.0	0.0	0.0	1.12858247756958	0.0	3.474004030227661	2.3057098388671875	0.0	0.0	1.1649494171142578	0.0	0.0	0.0	0.5909400582313538	0.889636218547821	1.9141947031021118	1.764776349067688	0.0	0.0	0.0	0.3198844790458679	1.717220425605774	0.49778324365615845	0.6077296137809753	0.0	0.0	2.2011821269989014	1.4747731685638428	0.0	0.0	0.0	0.0	0.0	2.276611089706421	0.0	0.0	0.0	0.8571482300758362	1.6227301359176636	0.0	0.0	1.0966006517410278	0.0	0.7476881146430969	1.0575892925262451	0.0	0.0	0.0	2.0304324626922607	0.0	0.0
0.0	0.0	0.0	0.288718581199646	1.2240378856658936	0.0	0.29699841141700745	0.0	3.085359811782837	0.0	0.7479082942008972	0.0	0.0	0.08167492598295212	0.3214952349662781	1.6997791528701782	1.7529805898666382	0.6821122169494629	0.0	0.0	0.44832372665405273	0.11644351482391357	0.0	0.9564036726951599	0.0	0.0	0.0	1.377765417098999	0.1365978717803955	0.0	0.00813625380396843	1.6426475048065186	0.0	0.0	0.0	0.0	0.20244039595127106	0.0	0.002992279129102826	0.4755277633666992	0.0	0.0	0.0	0.9147411584854126	0.0	0.0	1.1477314233779907	0.0	0.0	2.335516929626465	0.0	0.0	0.0	0.8155253529548645	0.9571872353553772	0.0	0.0	0.0	0.34989693760871887	0.8971335887908936	0.0	0.0	0.0	0.0	0.0	0.0	0.0	0.0	0.0	0.4383804202079773	0.14169460535049438	0.0	0.0	0.0	0.0	0.0	0.0	0.0	0.0	0.6650412082672119	0.0	0.0	0.8616458773612976	0.0	0.25560125708580017	0.0	0.8928118348121643	0.0	1.6864680051803589	0.0	0.0	0.0	0.0	0.0	0.0	0.0	0.0	0.0	0.0	0.0	0.0	1.1342490911483765	0.0	0.0	0.0	0.0	0.2824556529521942	0.7337642908096313	0.0	1.5235246419906616	0.0	0.0	0.0	0.0	0.0	0.0	0.7587669491767883	0.0	1.7254389524459839	0.0	0.0	0.0	0.0	0.9754944443702698	1.0510430335998535	1.5084490776062012	0.0	0.0	0.0	2.149315595626831	0.0	0.0	0.20908722281455994	0.0	0.0	1.190672516822815	0.3994080424308777	0.0	0.0	0.6339411735534668	0.0	0.0	0.0	0.0	0.7832521796226501	0.0	1.9815901517868042	0.0	0.0	0.0	0.0	0.9223549365997314	0.0	0.0	0.0	0.0	0.0	0.9495936632156372	0.0	0.0	0.10303422063589096	0.0	0.0	0.0	0.0	0.0	0.0	1.75387442111969	0.0	0.0	0.0	0.0	0.0	0.0	0.0	3.455444574356079	1.9284883737564087	0.0	0.0	0.0	0.7582412362098694	0.4888341426849365	0.0	0.0	0.0	0.0	0.0	0.0	0.0	0.0	0.0	0.0	0.0	0.0	0.0	0.0	0.0	0.0	2.309629440307617	0.41340240836143494	0.0	0.11034706979990005	0.0	0.0	0.0	0.0	0.0	0.0	0.047283366322517395	0.0	2.1224141120910645	0.9698119759559631	0.0	0.0	0.7660146355628967	0.0	0.0	0.0	0.7417776584625244	0.30284738540649414	2.3064262866973877	0.5205634832382202	0.0	0.0	0.0	0.8580116033554077	1.1023852825164795	0.0	0.22839997708797455	0.0	0.0	1.6040899753570557	1.0538069009780884	0.0	0.0	0.0	0.0	0.0	1.1449450254440308	0.0	0.0	0.0	0.5697071552276611	1.1291463375091553	0.0	0.0	0.7680307030677795	0.0	0.17049911618232727	0.35575345158576965	0.0	0.0	0.0	1.4726085662841797	0.0	0.0
0.0	0.0	0.0	1.4201089143753052	0.0	0.0	2.0004892349243164	0.0	3.637395143508911	0.23453761637210846	0.0	0.0	0.6138536930084229	1.1148847341537476	0.292156457901001	1.8967212438583374	1.4470537900924683	1.7269682884216309	1.8401483297348022	0.6572195291519165	1.006553053855896	1.8381255865097046	0.0	1.7537906169891357	0.0	0.0	0.0	0.2964421212673187	1.2658617496490479	0.48293742537498474	1.2514914274215698	0.41183534264564514	0.0	1.510236144065857	0.0	0.0	1.3261754512786865	0.0	1.5035709142684937	2.5002706050872803	0.0	0.0	0.0	0.0	0.0	0.0	0.5937153100967407	0.0	0.0	1.2303458452224731	0.0	0.0	0.0	1.4066674709320068	2.017240524291992	0.0	0.0	0.29902783036231995	0.664976954460144	1.4055094718933105	0.0	0.0	0.0	0.0	0.0	0.0	0.0	0.0	0.0	1.6130727529525757	0.7027971148490906	0.0	0.0	0.0	0.0	0.0	0.6007407903671265	0.1843462586402893	0.0	0.8229566812515259	0.0	0.0	1.6885077953338623	0.13121560215950012	1.4494037628173828	0.0	2.571791172027588	0.0	1.4655989408493042	0.0	0.0	1.5580165386199951	0.0	1.1346604824066162	0.0	0.4115714728832245	1.117117166519165	0.0	0.0	0.0	0.0	0.024184901267290115	0.0	0.5404040217399597	0.0	0.0	1.0801974534988403	0.0	0.0	0.03912992402911186	0.0	0.0	0.0	0.0	0.0	0.0	0.7567181587219238	0.0	0.5928005576133728	0.0	0.6234845519065857	0.14451144635677338	0.0	0.007650111336261034	0.4534156918525696	0.9826437830924988	0.0	0.0	0.0	0.8783765435218811	0.0	0.0	0.13826841115951538	0.0	0.0	0.340688556432724	0.2641834020614624	0.0	0.0	0.7235769629478455	0.0	0.0	0.0	0.6515204310417175	1.048815369606018	0.0	2.2217953205108643	0.0	0.0	0.0	0.0	0.0	0.0	0.0	1.4263381958007812	0.0	0.0	0.6543985605239868	0.0	0.0	0.8923146724700928	0.0	0.31946298480033875	0.0	0.16100066900253296	0.0	0.0	1.3838310241699219	0.0	0.0	0.0	0.0	1.5438506603240967	0.0	0.0	2.648232936859131	0.22120940685272217	0.0	0.0	0.0	1.01327645778656	1.111952781677246	0.0	0.0	1.8066593408584595	0.0	0.0	0.0	0.0	0.0	0.0	0.0	0.0	0.0	1.0756210088729858	0.0	1.6690679788589478	0.0	2.3842239379882812	1.735813856124878	0.0	0.0	0.0	0.0	0.0	0.0	0.0	0.0	0.0	0.0	1.2558132410049438	0.3379612863063812	0.0	0.0	1.5677814483642578	0.0	0.0	0.0	2.5720438957214355	1.9478521347045898	1.9077764749526978	0.0	0.0	0.0	0.0	2.137420654296875	1.0977765321731567	1.3768237829208374	1.789927363395691	0.0	0.0	0.3721727728843689	0.0	0.020609678700566292	0.0	0.0	0.0	0.0	0.9490355253219604	0.0	0.0	0.0	1.274283528327942	0.8273079991340637	1.6681575775146484	0.0	0.15241117775440216	0.0	0.737278401851654	1.7000641822814941	0.0	0.0	0.0	0.6227580904960632	0.0	0.0
0.0	0.0	0.0	1.1068196296691895	1.0404456853866577	0.0	0.27871713042259216	0.0	3.0178000926971436	0.0	0.9573407173156738	0.0	0.0	0.3610035181045532	0.6769497990608215	2.864473819732666	2.2282919883728027	0.7649531960487366	0.2765047252178192	0.020345188677310944	0.8094444870948792	0.3291187882423401	0.0	0.8819857835769653	0.0	0.0	0.0	0.30605167150497437	0.3184165954589844	0.0	1.0061945915222168	0.8605188727378845	0.0	0.3861001133918762	0.0	0.0	0.14249782264232635	0.0	0.0	1.0618501901626587	0.0	0.0	0.0	0.669295608997345	0.0	0.0	1.2051453590393066	0.0	0.0	2.692781686782837	0.0	0.0	0.0	0.469676673412323	0.5600661635398865	0.0	0.0	0.0	0.00709897605702281	1.4019325971603394	0.0	0.0	0.0	0.0	0.0	0.0	0.0	0.0	0.0	0.008638473227620125	0.2891329228878021	0.0	0.0	0.0	0.0	0.0	0.5995774865150452	0.0	0.0	0.5547078251838684	0.0	0.0	1.6082392930984497	0.0	0.30267536640167236	0.0	1.2598443031311035	0.0	2.525843858718872	0.0	0.0	0.16382475197315216	0.0	0.0	0.0	0.0	0.05153409764170647	0.0	0.0	0.0	0.0	0.9735361337661743	0.0	0.0	0.0	0.0	1.1264464855194092	0.7351590991020203	0.0	1.5064563751220703	0.0	0.0	0.0	0.0	0.022812634706497192	0.0	0.7980473637580872	0.0	1.7359678745269775	0.0	0.17036248743534088	0.0	0.0	0.5733117461204529	0.5520529747009277	1.7796580791473389	0.0	0.0	0.0	2.4412593841552734	0.0	0.0	0.23101806640625	0.0	0.0	1.2631423473358154	0.6538617610931396	0.0	0.0	0.029529836028814316	0.0	0.0	0.0	0.0	0.06194015219807625	0.0	2.8925728797912598	0.0	0.0	0.0	0.0	1.3182238340377808	0.0	0.0	0.0	0.0	0.0	1.8129888772964478	0.0	0.0	0.0	0.0	0.03516022115945816	0.0	0.0	0.0	0.0	2.0102427005767822	0.0	0.0	0.0	0.0	0.08698774874210358	0.0	0.0	3.284595489501953	1.6036169528961182	0.0	0.0	0.0	1.507452368736267	0.0	0.0	0.0	0.22082489728927612	0.0	0.0	0.0	0.0	0.0	0.0	0.0	0.0	0.0	0.0	0.0	0.0	0.0	2.8011279106140137	0.0	0.0	0.0	0.0	0.0	0.0	0.0	0.0	0.0	0.3246493637561798	0.0	2.6263582706451416	1.4921032190322876	0.0	0.0	1.4799751043319702	0.0	0.0	0.0	1.055845022201538	0.5816481113433838	2.7714500427246094	1.110813856124878	0.0	0.0	0.0	1.3104743957519531	1.5394783020019531	0.8253809809684753	0.4308894872665405	0.0	0.0	1.5577136278152466	0.7508585453033447	0.0	0.0	0.0	0.0	0.0	1.2102689743041992	0.0	0.0	0.0	0.6092894077301025	2.199704647064209	0.0	0.0	0.5646420121192932	0.0	0.16287127137184143	0.44493386149406433	0.0	0.0	0.0	2.128171682357788	0.0	0.0
0.0	0.0	0.0	0.0	0.08419180661439896	0.0	0.8865111470222473	0.0	2.554478883743286	0.0	0.09806882590055466	0.0	0.11623021215200424	0.0	0.0	1.2991069555282593	1.2505779266357422	0.9116114377975464	0.7566432952880859	0.0	0.6251020431518555	1.0087522268295288	0.0	0.24800091981887817	0.0	0.0	0.0	1.4891706705093384	0.22234852612018585	0.0	0.30521538853645325	0.9672479033470154	0.0	0.8896694183349609	0.0	0.0	0.9685823917388916	0.0	0.38828372955322266	0.9296584129333496	0.0	0.0	0.0	0.5817669034004211	0.0	0.0	0.6467470526695251	0.0	0.0	1.519993782043457	0.0	0.0	0.0	1.102651596069336	1.3440865278244019	0.0	0.0	0.0	0.41726770997047424	1.0672974586486816	0.0	0.0	0.0	0.0	0.0	0.0	0.0	0.0	0.0	0.9163033366203308	0.0	0.0	0.0	0.0	0.0	0.0	0.0	0.0	0.0	0.4338947832584381	0.0	0.0	1.2259725332260132	0.0	0.5924469232559204	0.0	1.717604637145996	0.0	1.1862746477127075	0.0	0.0	0.08238926529884338	0.0	0.8426271677017212	0.0	0.08418669551610947	0.004316865466535091	0.0	0.0	0.0	0.0	1.0309398174285889	0.0	0.2927922308444977	0.0	0.0	0.8616046905517578	0.13996891677379608	0.0	0.9030824899673462	0.0	0.0	0.0	0.0	0.0	0.0	0.09689657390117645	0.0	1.0075173377990723	0.0	0.0	0.0	0.0	0.9599977731704712	1.215307593345642	0.9267144203186035	0.0	0.0	0.0	1.040889024734497	0.0	0.0	0.0	0.0	0.0	0.9247161149978638	0.17890103161334991	0.0	0.0	0.9784056544303894	0.0	0.0	0.0	0.0	0.14121952652931213	0.0	1.4263979196548462	0.0	0.0	0.0	0.0	0.0	0.0	0.0	0.7367119193077087	0.0	0.0	0.28665226697921753	0.0	0.0	0.5625893473625183	0.0	0.0	0.0	0.23515725135803223	0.0	0.3995700776576996	1.4360707998275757	0.0	0.0	0.0	0.0	0.7070685625076294	0.0	0.0	2.7503292560577393	1.3420209884643555	0.0	0.0	0.0	0.0	0.8216930031776428	0.0	0.0	0.0	0.0	0.0	0.0	0.0	0.0	0.0	0.0	0.0	0.0	0.0	0.0	0.7905167937278748	0.0	2.278630018234253	0.24619337916374207	0.0	0.0	0.0	0.0	0.0	0.0	0.0	0.0	0.0	0.0	0.960402250289917	0.0	0.0	0.0	0.626753568649292	0.0	0.0	0.0	1.5815751552581787	0.8841370344161987	2.0744972229003906	0.14427722990512848	0.0	0.0	0.0	1.4404946565628052	0.5957316160202026	0.019720638170838356	0.5236132740974426	0.0	0.0	1.0798230171203613	0.6750209927558899	0.0	0.0	0.0	0.0	0.0	0.47833800315856934	0.0	0.0	0.0	0.9779447317123413	0.4222380220890045	0.3950434625148773	0.0	0.06318358331918716	0.0	0.9972971677780151	0.40372076630592346	0.0	0.0	0.0	1.0138252973556519	0.0	0.0
0.0	0.0	0.0	0.17990362644195557	1.814491868019104	0.0	0.6646493673324585	0.0	3.690002679824829	0.0	0.4348176121711731	0.0	0.0	1.05626380443573	1.4314063787460327	2.536473274230957	1.7318589687347412	0.06427545100450516	0.0	0.08093369752168655	0.0	0.08839429169893265	0.0	1.8740150928497314	0.0	0.0	0.0	1.7857788801193237	0.5956740379333496	0.07076533138751984	0.0	1.5589377880096436	0.0	0.0	0.0	0.0	0.0	0.0	0.24453401565551758	0.630164623260498	0.0	0.0	0.0	1.026155948638916	0.0	0.0	0.07740811258554459	0.0	0.0	3.063431978225708	0.0	0.0	0.0	0.0	0.5613369941711426	0.0	0.0	0.4462551474571228	0.0	0.4059488773345947	0.0	0.0	0.0	0.0	0.0	0.0	0.0	0.0	0.0	0.0	1.0411263704299927	0.0	0.0	0.0	0.0	0.0	0.0	0.8014056086540222	0.0	1.1770092248916626	0.0	0.0	1.4367443323135376	0.0	0.40084215998649597	0.0	1.0887545347213745	0.0	1.978434443473816	0.0	0.0	0.0	0.0	0.5572224855422974	0.0	0.22422094643115997	0.0	0.036888446658849716	0.0	0.0	0.0	1.0226373672485352	0.0	0.0	0.0	0.0	0.6048628091812134	1.8575972318649292	0.0	0.7844792008399963	0.0	0.0	0.0	0.0	0.0	0.0	2.331620693206787	0.0	1.3053830862045288	0.0	0.5903622508049011	0.7783734202384949	0.0	0.9017764925956726	0.17819726467132568	3.0790491104125977	0.0	0.0	0.0	2.5303099155426025	0.0	0.0	1.056185007095337	0.0	0.0	2.7141072750091553	1.2601063251495361	0.0	0.0	0.046780481934547424	0.0	0.0	0.0	0.0	0.29180726408958435	0.0	2.1650381088256836	0.0	0.0	0.0	0.0	1.8381175994873047	0.0	0.0	0.0	0.0	0.0	1.8578871488571167	0.0	0.0	0.046001091599464417	0.40723440051078796	0.0	0.20975762605667114	0.4379986524581909	0.0	0.0	2.853283166885376	0.0	0.0	0.0	0.0	0.3435819149017334	0.0	0.0	3.7915916442871094	2.421186923980713	0.0	0.0	0.0	1.982236385345459	0.23442485928535461	0.0	0.0	0.1487327367067337	0.0	0.0	0.0	0.0	0.0	0.0	0.0	0.0	0.0	0.22632911801338196	0.0	0.0	0.0	2.990441083908081	0.7256678938865662	0.0	0.0	0.0	0.0	0.0	0.0	0.0	0.0	1.5747032165527344	0.0	3.5530574321746826	1.9117190837860107	0.0	0.0	1.153771162033081	0.0	0.0	0.0	0.7982808947563171	0.2332453578710556	2.019540309906006	1.6580802202224731	0.0	0.0	0.0	0.6857001781463623	2.6113388538360596	0.09738482534885406	0.0	0.0	0.0	3.131197929382324	2.4658260345458984	0.0	0.0	0.0	0.0	0.0	2.3584342002868652	0.0	0.0	0.0	0.0	1.0050568580627441	0.0	0.0	2.079179525375366	0.0	0.6184802055358887	0.17877888679504395	0.0	0.19989030063152313	0.0	1.6869332790374756	0.0	0.0
0.0	0.0	0.0	0.5345883369445801	0.08678015321493149	0.0	1.1805106401443481	0.0	1.5146962404251099	0.3911687433719635	0.0	0.0	0.3731468617916107	0.7417225241661072	0.039151012897491455	1.1084946393966675	0.07928409427404404	0.627045750617981	0.5558907985687256	0.43339017033576965	1.6386443376541138	0.6065773367881775	0.0	1.4479531049728394	0.0	0.0	0.0	1.2639415264129639	0.17012125253677368	0.5461965799331665	0.6952727437019348	0.6792111396789551	0.0	0.8753514885902405	0.0	0.6432244181632996	0.6269887685775757	0.0	0.749274730682373	0.9921256303787231	0.0	0.0	0.0	0.0	0.0	0.0	0.006756611634045839	0.0	0.0	0.5788035988807678	0.0	0.0	0.0	0.23199158906936646	0.671705961227417	0.0	0.0	0.20002037286758423	1.0559784173965454	0.3879910707473755	0.0	0.0	0.0	0.4308162331581116	0.0	0.0	0.0	0.0	0.0	0.9494857788085938	0.4418778419494629	0.0	0.0	0.0	0.0	0.0	0.729399561882019	0.0	0.0	0.7743085026741028	0.0	0.0	0.6531449556350708	0.0	1.2034361362457275	0.0	1.5026236772537231	0.0	0.7277542948722839	0.0	0.0	1.0886698961257935	0.0	0.2435784488916397	0.0	0.6541324257850647	0.7513347864151001	0.6242620944976807	0.0	0.5420979857444763	0.0	0.0	0.0	0.31521889567375183	0.0	0.0	0.6018574833869934	0.038531988859176636	0.0	0.43525686860084534	0.0	0.0	0.0	0.0	0.0	0.0	0.6473951935768127	0.0	0.34503018856048584	0.0	0.7232793569564819	0.5498543381690979	0.0	0.29625439643859863	0.2479814887046814	0.8234701156616211	0.0	0.0	0.0	0.44579774141311646	0.0	0.0	0.0	0.0	0.0	0.0	0.5310057401657104	0.0	0.0	0.7638012170791626	0.0	0.0	0.0	0.5866955518722534	1.3471843004226685	0.0	1.275049090385437	0.0	0.0	0.0	0.0	0.0	0.0	0.0	0.5457973480224609	0.0	0.0	0.46840760111808777	0.0	0.0	0.5368994474411011	0.03772929683327675	0.38494089245796204	0.3830249309539795	0.5119808912277222	0.0	0.1075485423207283	1.0900535583496094	0.0	0.0	0.0	0.0	0.5318490266799927	0.0	0.19000360369682312	0.6198132038116455	0.0	0.0	0.0	0.015136055648326874	0.7532773017883301	0.5063840746879578	0.0	0.0	0.8207740187644958	0.0	0.0	0.0	0.0	0.0	0.0	0.0	0.0	0.0	0.3447168469429016	0.0	0.6427992582321167	0.0	1.0301063060760498	1.3080862760543823	0.0	0.0	0.0	0.0	0.0	0.0	0.0	0.0	0.4596630930900574	0.0	0.9481351971626282	0.7914509177207947	0.33074048161506653	0.0	0.403205543756485	0.0	0.0	0.0	1.0774602890014648	1.2276514768600464	0.8527647852897644	0.2237580567598343	0.0	0.0	0.0	1.053693413734436	0.9046153426170349	0.3228378891944885	1.0500824451446533	0.0	0.0	0.152679905295372	0.7062613368034363	0.23553107678890228	0.0	0.0	0.0	0.0	0.19071516394615173	0.0	0.0	0.0	0.9296057820320129	0.06110529974102974	0.6796082258224487	0.0	0.4393675923347473	0.0	1.521773099899292	0.7367597818374634	0.0	1.112146258354187	0.0	0.2993026375770569	0.0	0.0
0.0	0.0	0.0	0.852924108505249	0.6252901554107666	0.0	1.0390114784240723	0.0	3.559911012649536	0.0	0.14888326823711395	0.0	0.19526326656341553	0.7939115166664124	0.46865108609199524	1.6711481809616089	1.0790815353393555	0.9551847577095032	0.9562903642654419	0.38502681255340576	0.9620218873023987	0.8279486298561096	0.0	1.020012617111206	0.0	0.0	0.0	1.6954323053359985	0.9865872263908386	0.02153814025223255	0.309395432472229	0.8515145778656006	0.0	0.5756037831306458	0.0	0.0	1.0078325271606445	0.0	0.43536537885665894	1.5547163486480713	0.0	0.0	0.0	0.21670052409172058	0.0	0.0	0.11744844168424606	0.0	0.0	1.9364304542541504	0.0	0.0	0.0	0.45884862542152405	0.9865819215774536	0.0	0.0	0.0	0.0	1.0247279405593872	0.0	0.0	0.0	0.0	0.0	0.0	0.0	0.0	0.0	0.9470164775848389	0.6018175482749939	0.0	0.0	0.0	0.0	0.0	0.18537954986095428	0.0	0.0	1.1913834810256958	0.0	0.0	1.5617740154266357	0.0	1.067842721939087	0.0	1.67134690284729	0.0	1.7066917419433594	0.0	0.0	0.07343445718288422	0.0	0.620181143283844	0.0	0.1478257179260254	0.513184130191803	0.0	0.0	0.0	0.0	0.5929514169692993	0.0	0.3573439419269562	0.0	0.0	0.7902371287345886	0.16902479529380798	0.0	0.6524271965026855	0.0	0.0	0.0	0.0	0.0	0.0	1.102272868156433	0.0	0.9339203834533691	0.0	0.363951176404953	0.1310783326625824	0.0	0.39123085141181946	0.8013720512390137	1.4909311532974243	0.0	0.0	0.0	1.3664411306381226	0.0	0.0	0.220852792263031	0.0	0.0	1.3817455768585205	0.5792736411094666	0.0	0.0	0.5169786214828491	0.0	0.0	0.0	0.15937680006027222	0.5068055391311646	0.0	2.07088565826416	0.0	0.0	0.0	0.0	0.32126766443252563	0.0	0.0	0.5421401858329773	0.0	0.0	1.303268313407898	0.0	0.0	0.21138304471969604	0.0	0.0	0.0	0.40315696597099304	0.0	0.0	2.2460083961486816	0.0	0.0	0.0	0.0	0.585955798625946	0.0	0.0	3.0310750007629395	1.1200271844863892	0.0	0.0	0.0	1.2091339826583862	0.7463043332099915	0.0	0.0	0.35787370800971985	0.0	0.0	0.0	0.0	0.0	0.0	0.0	0.0	0.0	0.4899362027645111	0.0	0.872563898563385	0.0	2.763775587081909	0.7756590843200684	0.0	0.0	0.0	0.0	0.0	0.0	0.0	0.0	0.36854681372642517	0.0	1.981809377670288	0.2702943682670593	0.0	0.0	1.022305965423584	0.0	0.0	0.0	2.088285207748413	0.9182872176170349	1.8871046304702759	0.2787209153175354	0.0	0.0	0.0	1.2314260005950928	0.6997359991073608	0.6042546033859253	0.9862596988677979	0.0	0.0	1.4070971012115479	0.5117967128753662	0.0	0.0	0.0	0.0	0.0	1.110769510269165	0.0	0.0	0.0	0.423787921667099	0.5482826232910156	0.5364524126052856	0.0	0.5755597352981567	0.0	0.7989102005958557	0.6298102736473083	0.0	0.0	0.0	1.1749775409698486	0.0	0.0
0.0	0.0	0.0	0.739855170249939	0.749700665473938	0.0	1.1218470335006714	0.0	2.8828065395355225	0.1801128387451172	0.0	0.0	0.05605992674827576	0.3727171719074249	1.1094419956207275	1.7892705202102661	0.7634586691856384	0.5516494512557983	0.5279250741004944	0.4928322732448578	1.0990020036697388	1.171620488166809	0.0	1.8540784120559692	0.0	0.0	0.0	1.7477854490280151	0.3018224239349365	0.10982248187065125	0.6425921320915222	1.2166637182235718	0.0	0.9179152846336365	0.0	0.24504567682743073	1.2435672283172607	0.0	0.586993932723999	1.275362253189087	0.0	0.0	0.0	0.09453559666872025	0.0	0.0	0.0	0.0	0.0	2.1608779430389404	0.0	0.0	0.0	0.11740089952945709	2.0196046829223633	0.0	0.0	0.0	0.8735568523406982	1.0167475938796997	0.0	0.0	0.0	0.27835655212402344	0.0	0.0	0.0	0.0	0.0	0.9967344403266907	0.7553021311759949	0.0	0.0	0.0	0.0	0.0	0.5645396113395691	0.8425900936126709	0.0	1.2948269844055176	0.0	0.0	0.9390559792518616	0.0	1.0004839897155762	0.0	1.8561731576919556	0.0	0.4750322699546814	0.0	0.0	0.8180455565452576	0.0	1.291174054145813	0.0	0.716162383556366	0.3505645990371704	0.2657839357852936	0.0	0.05386408418416977	0.0	0.48103657364845276	0.0	0.1303497552871704	0.0	0.0	0.2987242639064789	0.5260603427886963	0.0	0.0	0.0	0.0	0.0	0.0	0.0	0.0	1.2449153661727905	0.0	0.6364181637763977	0.0	0.11665251851081848	0.18174417316913605	0.0	1.0987228155136108	0.40027159452438354	1.622373104095459	0.0	0.0	0.0	1.048923134803772	0.0	0.0	0.14235523343086243	0.0	0.0	0.599589467048645	0.7996321320533752	0.0	0.0	1.1624630689620972	0.0	0.0	0.0	0.583706259727478	1.1506577730178833	0.0	1.3706367015838623	0.0	0.0	0.0	0.0	0.0	0.0	0.0	1.2032830715179443	0.0	0.0	1.0336734056472778	0.0	0.0	0.9093714952468872	0.6627861261367798	0.282584547996521	0.004302045330405235	0.5643061399459839	0.0	0.0	1.7696757316589355	0.0	0.0	0.0	0.0	0.04214119911193848	0.0	0.0	2.5185091495513916	0.7925633192062378	0.0	0.0	0.0	0.7564020156860352	0.5275940895080566	0.0	0.0	0.9274758696556091	0.0	0.0	0.0	0.0	0.0	0.0	0.0	0.0	0.0	0.22860699892044067	0.0	1.0362019538879395	0.0	2.192150831222534	2.099562168121338	0.0	0.0	0.0	0.0	0.0	0.0	0.0	0.0	0.4004637598991394	0.0	1.8204123973846436	0.7806105613708496	0.07085208594799042	0.0	1.1144111156463623	0.0	0.0	0.0	1.3228517770767212	1.187630534172058	1.2426230907440186	0.2429964691400528	0.0	0.0	0.0	1.1846798658370972	1.4717506170272827	0.3982048034667969	1.124479055404663	0.0	0.0	1.2560135126113892	0.4354012608528137	0.0	0.0	0.0	0.0	0.0	0.7065523266792297	0.0	0.0	0.0	0.007079661823809147	0.41359859704971313	0.8853926658630371	0.0	0.7941399812698364	0.0	1.2667758464813232	0.6781864166259766	0.0	0.795417308807373	0.0	1.3605917692184448	0.0	0.0
0.0	0.0	0.0	0.6385236978530884	0.03445811569690704	0.0	2.2325639724731445	0.0	3.4995410442352295	0.8119391798973083	0.0	0.0	1.1161733865737915	1.1201945543289185	1.0430785417556763	1.8164894580841064	0.9349641799926758	1.3173613548278809	1.0483572483062744	0.5146538019180298	1.3129032850265503	1.5312130451202393	0.0	2.585665464401245	0.0	0.0	0.5058126449584961	1.4837087392807007	1.096675157546997	1.0463616847991943	1.3140122890472412	0.7716060280799866	0.0	1.5392128229141235	0.0	0.2708173096179962	1.7098259925842285	0.0	1.0874879360198975	2.0574066638946533	0.0	0.0	0.0	0.0	0.0	0.0	0.0	0.0	0.0	2.213597297668457	0.0	0.0	0.0	0.7100886702537537	1.7943652868270874	0.0	0.0	0.8351789116859436	0.5302995443344116	1.3130863904953003	0.0	0.0	0.0	0.0	0.0	0.0	0.0	0.0	0.0	1.3672691583633423	0.9947372674942017	0.0	0.0	0.0	0.0	0.0	0.712628960609436	0.11290682107210159	0.0	1.5628997087478638	0.0	0.0	1.9041064977645874	0.283172607421875	1.4997926950454712	0.0	2.6660900115966797	0.0	1.4598150253295898	0.0	0.0	0.7482821345329285	0.0	1.268868088722229	0.0	0.5871192216873169	1.058152198791504	0.0	0.0	0.0	0.0	0.3999748229980469	0.0	0.2748645842075348	0.0	0.0	1.4494049549102783	0.06603121012449265	0.0	0.0	0.0	0.0	0.0	0.0	0.0	0.0	1.7109169960021973	0.0	0.13682623207569122	0.0	0.28554078936576843	0.0	0.0	0.38439270853996277	0.5482969880104065	1.855616569519043	0.0	0.0	0.0	0.8293437361717224	0.0	0.0	0.526357114315033	0.0	0.0	1.107283353805542	0.8278803825378418	0.0	0.0	0.856187105178833	0.0	0.0	0.0	0.0	1.0385106801986694	0.0	2.009014844894409	0.0	0.0	0.0	0.0	0.162217915058136	0.0	0.0	1.0664790868759155	0.0	0.0	1.168526530265808	0.0	0.0	1.336926817893982	0.6108860969543457	0.3085731565952301	0.0	0.6334530115127563	0.0	0.0	2.6421380043029785	0.0	0.0	0.0	0.0	1.5713680982589722	0.0	0.6921296119689941	3.053757667541504	0.6666851043701172	0.0	0.0	0.0	1.169914722442627	1.4669545888900757	0.0	0.0	1.27480149269104	0.0	0.0	0.0	0.0	0.0	0.0	0.0	0.0	0.0	0.9889148473739624	0.0	2.0147194862365723	0.0	2.7892906665802	0.9244500994682312	0.0	0.0	0.0	0.0	0.0	0.0	0.0	0.0	0.5209411978721619	0.0	1.5311962366104126	0.8684858679771423	0.0	0.0	1.812874436378479	0.0	0.0	0.0	2.3666179180145264	1.7811602354049683	1.9079251289367676	0.06978587061166763	0.0	0.0	0.0	2.4667656421661377	1.761597990989685	1.0685926675796509	2.038029432296753	0.0	0.0	0.43065232038497925	0.577430009841919	0.0	0.0	0.0	0.0	0.0	1.335099697113037	0.0	0.0	0.0	1.1215697526931763	0.3998658359050751	1.2149672508239746	0.0	0.2015693336725235	0.0	1.4706964492797852	1.204434871673584	0.0	0.0	0.0	0.6082866191864014	0.0	0.0
0.0	0.0	0.0	0.8501779437065125	0.14209190011024475	0.0	0.8628689646720886	0.0	2.451338529586792	0.0	0.4514177739620209	0.0	0.09584524482488632	0.3208307921886444	0.3595091700553894	1.659578800201416	1.253525972366333	1.2203058004379272	0.6538870334625244	0.6916853785514832	0.5869423151016235	0.970561683177948	0.0	1.0407108068466187	0.0	0.0	0.0	0.527061939239502	0.8844286799430847	0.1392960399389267	0.5731932520866394	0.769584596157074	0.0	0.8150951266288757	0.0	0.0	0.6071523427963257	0.0	0.13593755662441254	1.0288065671920776	0.0	0.0	0.0	0.21612757444381714	0.0	0.0	0.9329407215118408	0.0	0.0	1.4369142055511475	0.0	0.0	0.0	0.9911021590232849	1.081725835800171	0.0	0.0	0.0	0.6057345271110535	1.0031332969665527	0.0	0.0	0.0	0.0	0.0	0.0	0.0	0.0	0.0	0.6442142724990845	0.32108572125434875	0.0	0.0	0.0	0.0	0.0	0.6704824566841125	0.0	0.0	0.4491080343723297	0.0	0.0	1.7166613340377808	0.0	1.0451604127883911	0.0	0.9710382223129272	0.0	1.7396548986434937	0.0	0.0	0.5125088095664978	0.0	0.2858102023601532	0.0	0.0	0.16808269917964935	0.0	0.0	0.0	0.0	1.1250776052474976	0.0	0.0	0.0	0.0	0.4960208833217621	0.02383979968726635	0.0	0.9043856859207153	0.0	0.0	0.0	0.0	0.0	0.0	0.6777525544166565	0.0	0.8147703409194946	0.0	0.23947855830192566	0.0	0.0	0.579920768737793	0.5430813431739807	1.4943572282791138	0.0	0.0	0.0	1.852639079093933	0.0	0.0	0.472983717918396	0.0	0.0	0.6785115599632263	0.10013681650161743	0.0	0.0	0.0	0.0	0.0	0.0	0.0	0.6063361763954163	0.0	2.1382968425750732	0.0	0.0	0.0	0.0	0.6551633477210999	0.0	0.0	0.0	0.0	0.0	1.233813762664795	0.0	0.0	0.27498921751976013	0.0	0.0	0.0	0.1206955537199974	0.0	0.0	1.6518203020095825	0.0	0.0	0.0	0.0	0.8589621186256409	0.0	0.0	2.7437994480133057	1.0850332975387573	0.0	0.0	0.0	0.9881778955459595	0.4048142433166504	0.0	0.0	0.6861287951469421	0.0	0.0	0.0	0.0	0.0	0.0	0.0	0.0	0.0	0.23693102598190308	0.0	1.229451298713684	0.0	2.154172658920288	0.8064917922019958	0.0	0.4998995363712311	0.0	0.0	0.0	0.0	0.0	0.0	0.0	0.0	1.7502970695495605	0.67340487241745	0.0	0.0	1.5097182989120483	0.0	0.0	0.0	1.5801948308944702	0.9880408048629761	1.9315634965896606	0.4265243411064148	0.0	0.0	0.0	1.370232343673706	0.8135462999343872	0.5955973267555237	0.9879910349845886	0.0	0.0	1.2155412435531616	0.2974243760108948	0.21943995356559753	0.0	0.0	0.0	0.0	0.30179622769355774	0.0	0.0	0.0	0.9975863099098206	1.7663127183914185	0.27060991525650024	0.0	0.7235506772994995	0.0	0.6317077279090881	0.6705054640769958	0.0	0.05862700939178467	0.0	1.0628987550735474	0.0	0.0
0.0	0.0	0.0	0.574304461479187	0.8307879567146301	0.0	0.892162024974823	0.0	3.405829668045044	0.0	0.5559114813804626	0.0	0.0	0.273053914308548	0.479275107383728	1.7748037576675415	1.959324598312378	1.1373779773712158	0.04686564952135086	0.22847621142864227	0.13548964262008667	1.1453050374984741	0.0	0.7425610423088074	0.0	0.0	0.0	0.8509995341300964	0.5708460211753845	0.0	0.3326360285282135	1.2418005466461182	0.0	0.8213347792625427	0.0	0.0	0.41592398285865784	0.0	0.10374005883932114	0.9859248399734497	0.0	0.0	0.0	0.4978049397468567	0.0	0.0	1.0932962894439697	0.0	0.0	2.256413221359253	0.0	0.0	0.0	0.6554640531539917	1.0795722007751465	0.0	0.0	0.0	0.0	1.4354051351547241	0.0	0.0	0.0	0.0	0.0	0.0	0.0	0.0	0.0	0.4210478365421295	0.42251071333885193	0.0	0.0	0.0	0.0	0.0	0.08582038432359695	0.2384968250989914	0.0	0.5334153175354004	0.0	0.0	1.6853971481323242	0.0	0.6589835286140442	0.0	1.310500979423523	0.0	1.7138973474502563	0.0	0.0	0.0	0.0	0.32428833842277527	0.0	0.15025803446769714	0.0	0.0	0.0	0.0	0.0	1.7566014528274536	0.0	0.0	0.0	0.0	0.45778194069862366	0.5464571118354797	0.0	1.1045421361923218	0.0	0.0	0.0	0.0	0.0	0.0	1.1778632402420044	0.0	0.7904413938522339	0.0	0.0	0.0	0.0	0.6809235215187073	1.0300194025039673	2.0251352787017822	0.0	0.0	0.0	2.1862986087799072	0.0	0.0	0.34978362917900085	0.0	0.0	1.077556848526001	0.5606129169464111	0.0	0.0	0.1269136220216751	0.0	0.0	0.0	0.0	0.12874412536621094	0.0	2.0350546836853027	0.0	0.0	0.0	0.0	0.8631011247634888	0.0	0.0	0.0	0.0	0.0	1.4058454036712646	0.0	0.0	0.1333664506673813	0.18228952586650848	0.0	0.0	0.0	0.0	0.0	2.1981873512268066	0.0	0.0	0.0	0.0	0.9648569822311401	0.0	0.0	3.6915299892425537	2.286672592163086	0.0	0.0	0.0	0.7255947589874268	0.5028457045555115	0.0	0.0	0.08556970953941345	0.0	0.0	0.0	0.0	0.0	0.0	0.0	0.0	0.0	0.0	0.0	0.5220212936401367	0.0	2.6716837882995605	0.8933635950088501	0.0	0.563817024230957	0.0	0.0	0.0	0.0	0.0	0.0	0.2205354869365692	0.0	2.1635584831237793	0.9236829876899719	0.0	0.0	2.072892665863037	0.0	0.0	0.0	1.3501002788543701	0.18763726949691772	2.425327777862549	1.0412729978561401	0.0	0.0	0.0	1.0177690982818604	1.3164663314819336	0.7307684421539307	0.6137052774429321	0.0	0.0	1.5134005546569824	1.0205150842666626	0.0	0.0	0.0	0.0	0.0	1.3166522979736328	0.0	0.0	0.0	0.2532831132411957	1.6897153854370117	0.0	0.0	0.806164026260376	0.0	0.30718764662742615	0.44470903277397156	0.0	0.0	0.0	1.993362307548523	0.0	0.0
0.0	0.0	0.0	0.8058720827102661	0.13016711175441742	0.0	1.4311537742614746	0.0	3.2144386768341064	0.0	0.0	0.0	0.06170785427093506	0.45022428035736084	0.07601706683635712	1.4911892414093018	1.6861547231674194	1.1647380590438843	0.6368017196655273	0.23653759062290192	0.9093072414398193	1.4014122486114502	0.0	1.3720842599868774	0.0	0.0	0.0	0.7622072696685791	1.1518031358718872	0.0	0.6345910429954529	1.101866602897644	0.0	1.1376880407333374	0.0	0.0	1.1621679067611694	0.0	0.5752365589141846	1.4879322052001953	0.0	0.0	0.0	0.4157247841358185	0.0	0.0	0.9704102873802185	0.0	0.0	1.7223347425460815	0.0	0.0	0.0	1.0001097917556763	1.9286643266677856	0.0	0.0	0.0	0.16839414834976196	1.550196886062622	0.0	0.0	0.0	0.0	0.0	0.0	0.0	0.0	0.0	1.335477352142334	0.10161231458187103	0.0	0.0	0.0	0.0	0.0	0.17798785865306854	0.011780381202697754	0.0	0.865012526512146	0.0	0.0	1.6359456777572632	0.0	0.6782092452049255	0.0	2.2100138664245605	0.0	1.3361079692840576	0.0	0.0	0.7853724956512451	0.0	1.061508297920227	0.0	0.04474220052361488	0.4161105453968048	0.0	0.0	0.0	0.0	1.0514062643051147	0.0	0.7228633165359497	0.0	0.0	0.4818423390388489	0.0	0.0	0.5993406176567078	0.0	0.0	0.0	0.0	0.0	0.0	0.3941856920719147	0.0	0.6843892335891724	0.0	0.3694811463356018	0.0	0.0	0.7975808382034302	1.1694672107696533	1.2818231582641602	0.0	0.0	0.0	1.2675520181655884	0.0	0.0	0.0	0.0	0.0	0.39505696296691895	0.305906742811203	0.0	0.0	0.6585207581520081	0.0	0.0	0.0	0.0	0.2904539704322815	0.0	2.0522191524505615	0.0	0.0	0.0	0.0	0.0	0.0	0.0	0.688574492931366	0.0	0.0	0.9993082284927368	0.0	0.0	0.4308152198791504	0.0	0.0	0.0	0.0	0.0	0.0	1.661424160003662	0.0	0.0	0.0	0.0	0.949052631855011	0.0	0.0	3.2142627239227295	1.364241600036621	0.0	0.0	0.0	0.7666651606559753	0.65199214220047	0.0	0.0	0.8546417951583862	0.0	0.0	0.0	0.0	0.0	0.0	0.0	0.0	0.0	0.0	0.0	0.8689664006233215	0.0	2.420306921005249	0.9649026393890381	0.0	0.0	0.0	0.0	0.0	0.0	0.0	0.0	0.0017435736954212189	0.0	1.266737461090088	0.4070073664188385	0.0	0.0	1.1725561618804932	0.0	0.0	0.0	1.7652164697647095	1.0398703813552856	2.21335768699646	0.3613074719905853	0.0	0.0	0.0	1.3980907201766968	0.812682569026947	0.25950655341148376	1.0068466663360596	0.0	0.0	0.5634576082229614	0.21925349533557892	0.14000916481018066	0.0	0.0	0.0	0.0	0.9048946499824524	0.0	0.0	0.0	0.9584369659423828	0.7665807604789734	0.8833031058311462	0.0	0.22987988591194153	0.0	0.8191099762916565	0.9747326374053955	0.0	0.0	0.0	1.1606559753417969	0.0	0.0
0.0	0.0	0.0	0.7587541937828064	0.0	0.0	1.5212997198104858	0.0	1.6343235969543457	0.6663143634796143	0.0	0.0	0.9596540927886963	1.2548035383224487	0.0	1.2694003582000732	0.0	1.02426016330719	1.220049262046814	0.6759280562400818	1.4251818656921387	0.845993161201477	0.0	1.58553147315979	0.0	0.0	0.3877550959587097	1.1752809286117554	0.8255195021629333	0.7219444513320923	1.2997485399246216	0.2711905241012573	0.0	0.8739734888076782	0.0	0.7843970656394958	1.209182620048523	0.0	1.0466606616973877	1.3936052322387695	0.0	0.0	0.0	0.0	0.0	0.0	0.0	0.0	0.0	0.17469452321529388	0.0	0.0	0.0	0.5675943493843079	1.2914237976074219	0.0	0.0	0.4651757776737213	1.3627568483352661	0.25882625579833984	0.0	0.0	0.0	0.4760362505912781	0.0	0.0	0.0	0.0	0.0	1.251206398010254	0.7703459858894348	0.0	0.0	0.0	0.0	0.0	0.8719038367271423	0.44183483719825745	0.0	0.9469030499458313	0.0	0.0	1.0138401985168457	0.21382470428943634	1.4915577173233032	0.0	1.7832849025726318	0.0	0.3079487085342407	0.0	0.0	1.2544296979904175	0.0	0.5690302848815918	0.0	0.9850478768348694	1.0737063884735107	0.5714845657348633	0.0	0.37849435210227966	0.0	0.0	0.0	0.5765131711959839	0.0	0.0	0.9338604211807251	0.0	0.0	0.0	0.0	0.0	0.0	0.0	0.0	0.0	0.8128458261489868	0.0	0.0	0.0	0.5688868165016174	0.9190276265144348	0.0	0.0	0.050327133387327194	0.8043059706687927	0.0	0.0	0.0	0.0	0.0	0.0	0.06779353320598602	0.0	0.0	0.0	0.4638015627861023	0.0	0.0	1.2278720140457153	0.0	0.0	0.0	1.2417027950286865	1.5002734661102295	0.0	1.405616044998169	0.0	0.0	0.0	0.0	0.0	0.0	0.0	1.0365047454833984	0.0	0.0	0.6231944561004639	0.0	0.0	0.768014132976532	0.5537763833999634	0.6493700742721558	0.19777004420757294	0.40436479449272156	0.0	0.0	1.1366420984268188	0.0	0.0	0.0	0.0	0.8854953050613403	0.0	0.8606358766555786	0.41071170568466187	0.0	0.0	0.0	0.14293594658374786	0.8230615258216858	0.9761685132980347	0.0	0.0	1.0339713096618652	0.0	0.0	0.0	0.0	0.0	0.0	0.0	0.0	0.0	0.7138301730155945	0.0	1.2365844249725342	0.0	1.1166969537734985	1.3803801536560059	0.0	0.0	0.0	0.0	0.0	0.0	0.0	0.0	0.47042420506477356	0.0	0.28367334604263306	0.3028317987918854	0.1712215542793274	0.0	0.8045947551727295	0.0	0.0	0.0	1.4993072748184204	1.6499825716018677	0.7581257224082947	0.12182282656431198	0.0	0.0	0.0	1.4976282119750977	0.8987807631492615	0.747654378414154	1.333619236946106	0.0	0.0	0.0	0.46711957454681396	0.8247022032737732	0.0	0.0	0.0	0.0	0.31575074791908264	0.0	0.0	0.0	1.1932227611541748	0.0	1.2335211038589478	0.0	0.274618536233902	0.0	1.1578811407089233	1.0581868886947632	0.0	1.294847011566162	0.0	0.03107539936900139	0.0	0.0
0.0	0.0	0.0	1.6137051582336426	0.4666116535663605	0.0	2.3163504600524902	0.0	4.069831848144531	0.0	0.0	0.0	0.7225958704948425	1.2510955333709717	0.45343875885009766	2.584728717803955	1.0503147840499878	1.5203986167907715	1.3777927160263062	0.40428051352500916	1.8062244653701782	2.400691270828247	0.0	2.223015546798706	0.0	0.0	0.0	1.3383992910385132	0.8668433427810669	0.6455791592597961	1.168883204460144	0.9693586826324463	0.0	1.7941126823425293	0.0	0.3803127110004425	1.8020983934402466	0.0	1.4647406339645386	2.5002753734588623	0.0	0.0	0.0	0.0	0.0	0.0	0.0	0.0	0.0	1.7658023834228516	0.0	0.0	0.0	1.9306817054748535	2.3366858959198	0.0	0.0	0.0	1.2635414600372314	1.452101230621338	0.0	0.0	0.0	0.0	0.0	0.0	0.0	0.0	0.0	2.010409355163574	0.8428235650062561	0.0	0.0	0.0	0.0	0.0	0.5833617448806763	0.0	0.0	0.9156547784805298	0.0	0.0	1.4302618503570557	0.3502737879753113	1.6563013792037964	0.0	3.572462797164917	0.0	1.3776975870132446	0.0	0.0	1.2955330610275269	0.0	0.805449903011322	0.0	0.6984075307846069	1.6880221366882324	0.0	0.0	0.0	0.0	0.22836574912071228	0.0	1.4797756671905518	0.0	0.0	1.1802446842193604	0.07932265102863312	0.0	0.0	0.0	0.0	0.0	0.0	0.0	0.0	0.61642986536026	0.0	1.6590604782104492	0.0	0.390896737575531	0.0	0.0	0.4700787663459778	0.7989580631256104	1.1624022722244263	0.0	0.0	0.0	0.8831265568733215	0.0	0.0	0.0	0.0	0.0	0.0	0.0	0.0	0.0	1.7062698602676392	0.0	0.0	0.0	0.37709400057792664	0.8030868768692017	0.0	2.62630558013916	0.0	0.0	0.0	0.0	0.0	0.0	0.0	1.7160396575927734	0.0	0.0	0.5913306474685669	0.0	0.0	0.6925725340843201	0.0	0.6825224757194519	0.0	0.3717396557331085	0.0	0.2625342905521393	2.302792549133301	0.0	0.0	0.0	0.0	0.7715675234794617	0.0	0.0	3.8470349311828613	0.0	0.0	0.0	0.0	1.0120071172714233	1.0150208473205566	0.0	0.0	1.7814784049987793	0.0	0.0	0.0	0.0	0.0	0.0	0.0	0.0	0.0	0.0	0.0	1.916070580482483	0.0	2.878405809402466	2.0099546909332275	0.0	0.0	0.0	0.0	0.0	0.0	0.0	0.0	0.1548749804496765	0.0	1.5696414709091187	0.6319678425788879	0.0	0.0	1.0288891792297363	0.0	0.0	0.0	2.849480628967285	2.16564679145813	2.0754354000091553	0.0	0.0	0.0	0.0	2.5547375679016113	1.26273775100708	0.6632579565048218	2.0944082736968994	0.0	0.0	0.3778775632381439	0.10176969319581985	0.0	0.0	0.0	0.0	0.0	1.227173089981079	0.0	0.0	0.0	1.625496745109558	0.5399695038795471	1.1756384372711182	0.0	0.05862289294600487	0.0	1.385533332824707	1.4458001852035522	0.0	0.0	0.0	1.2264810800552368	0.0	0.0
0.0	0.0	0.0	1.3188049793243408	0.1624819040298462	0.0	2.2131567001342773	0.0	3.2844085693359375	0.0	0.0	0.0	1.220070481300354	1.3195347785949707	0.09949036687612534	1.4857044219970703	0.46072351932525635	1.331395149230957	1.5174667835235596	0.6736047267913818	1.4788668155670166	2.475365400314331	0.0	1.5006353855133057	0.0	0.0	0.8535005450248718	1.2844332456588745	1.0294855833053589	0.7389622926712036	1.1178339719772339	0.7815855741500854	0.0	1.8271682262420654	0.0	0.4875636696815491	2.0125155448913574	0.0	1.731978416442871	2.261469602584839	0.0	0.0	0.0	0.0	0.0	0.0	0.10407726466655731	0.0	0.0	0.5577456951141357	0.0	0.0	0.0	1.932452917098999	2.2620794773101807	0.0	0.0	0.006800235714763403	1.379477620124817	1.2580407857894897	0.0	0.0	0.0	0.0	0.0	0.0	0.0	0.0	0.0	2.7428343296051025	0.15456272661685944	0.0	0.0	0.0	0.0	0.0	0.7435030937194824	0.0	0.0	1.2206867933273315	0.0	0.0	1.1111347675323486	0.9051334261894226	1.931430459022522	0.0	2.995919704437256	0.0	0.9693619012832642	0.0	0.0	1.5685018301010132	0.0	1.0076655149459839	0.0	0.6307979226112366	1.8002996444702148	0.0	0.0	0.0	0.0	0.0	0.0	1.3526787757873535	0.0	0.0	1.3382577896118164	0.0	0.0	0.0	0.0	0.0	0.0	0.0	0.0	0.0	0.4088079035282135	0.0	0.26585134863853455	0.0	0.2978716492652893	0.13725163042545319	0.0	0.14310228824615479	0.4733409583568573	0.40787243843078613	0.0	0.0	0.0	0.1319962590932846	0.0	0.0	0.11393994837999344	0.0	0.0	0.2639186680316925	0.133169025182724	0.0	0.0	1.820757508277893	0.0	0.0	0.0	0.4019356667995453	0.5206727981567383	0.0	1.7541911602020264	0.0	0.0	0.0	0.0	0.0	0.0	0.0	1.8092238903045654	0.0	0.0	0.3063656985759735	0.0	0.0	1.2114932537078857	0.0	0.51872718334198	0.0	0.5685979723930359	0.0	0.4604458808898926	1.5806330442428589	0.0	0.0	0.0	0.0	1.5505108833312988	0.0	0.0	1.5929428339004517	0.0	0.0	0.0	0.0	0.6619454622268677	1.618410348892212	0.0	0.0	1.7447705268859863	0.0	0.0	0.0	0.0	0.0	0.0	0.0	0.0	0.0	0.9308187365531921	0.0	2.4228270053863525	0.0	1.843056559562683	1.6529369354248047	0.0	0.0	0.0	0.0	0.0	0.0	0.0	0.0	0.0	0.0	0.20542241632938385	0.07886611670255661	0.0218382366001606	0.0	0.4798795282840729	0.0	0.0	0.0	3.0943987369537354	2.1644704341888428	1.6465222835540771	0.0	0.0	0.0	0.0	2.409172534942627	0.38955214619636536	0.6776677370071411	2.2202181816101074	0.0	0.0	0.0	0.0	0.1381949931383133	0.0	0.0	0.0	0.0	0.7417249083518982	0.0	0.0	0.0	1.471109390258789	0.0	1.6699631214141846	0.0	0.0	0.0	1.493435025215149	1.636958122253418	0.0	0.0	0.0	0.025100234895944595	0.0	0.0
0.0	0.0	0.0	1.4962854385375977	0.7834648489952087	0.0	0.45628753304481506	0.0	3.570479154586792	0.0	1.15064537525177	0.0	0.0	0.95649653673172	0.29222720861434937	3.2049708366394043	2.901881694793701	0.670768678188324	0.0	0.0	0.7285163402557373	0.0	0.0	1.0144234895706177	0.0	0.0	0.0	0.0	0.38186001777648926	0.0	1.1985045671463013	0.9820631146430969	0.0	0.0	0.0	0.0	0.0	0.0	0.0	1.0597176551818848	0.0	0.0	0.0	0.9948017001152039	0.0	0.0	0.8748623728752136	0.0	0.0	2.525808334350586	0.0	0.0	0.0	0.03664684668183327	0.2747783362865448	0.0	0.0	0.0	0.0	1.299473524093628	0.0	0.0	0.0	0.0	0.0	0.0	0.0	0.0	0.0	0.0	0.742656409740448	0.0	0.0	0.0	0.0	0.0	0.16006600856781006	0.0	0.0	0.5374879837036133	0.0	0.0	2.1841516494750977	0.0	0.0	0.0	1.3312677145004272	0.0	2.9422225952148438	0.0	0.0	0.186253622174263	0.0	0.0	0.0	0.0	0.0	0.0	0.0	0.0	0.0	0.8228560090065002	0.0	0.0	0.0	0.0	1.0907996892929077	0.8206530809402466	0.0	1.7002017498016357	0.0	0.0	0.0	0.0	0.0	0.0	1.3273345232009888	0.0	2.450924873352051	0.0	0.09717775881290436	0.7704212069511414	0.0	0.16210651397705078	1.0420522689819336	1.723591685295105	0.0	0.0	0.0	2.552711009979248	0.0	0.0	0.248879075050354	0.0	0.0	1.6593097448349	0.369302362203598	0.0	0.0	0.0	0.0	0.0	0.0	0.0	0.6615362167358398	0.0	3.2727062702178955	0.0	0.0	0.0	0.0	1.01909601688385	0.0	0.0	0.0	0.0	0.0	2.0117239952087402	0.0	0.0	0.0	0.0	0.0	0.0	0.0	0.0	0.0	1.9580613374710083	0.0	0.0	0.0	0.0	0.2886953353881836	0.0	0.0	4.079378604888916	1.9798089265823364	0.0	0.0	0.0	2.155797004699707	0.0	0.0	0.0	0.41335803270339966	0.0	0.0	0.0	0.0	0.0	0.0	0.0	0.0	0.0	0.0	0.0	0.23095333576202393	0.0	3.31762433052063	0.2759533226490021	0.0	0.0	0.0	0.0	0.0	0.0	0.0	0.0	0.9485657215118408	0.0	3.758324146270752	1.5227701663970947	0.0	0.0	1.5055993795394897	0.0	0.0	0.0	0.5134972929954529	0.4207225739955902	2.547032594680786	0.9200891256332397	0.0	0.0	0.0	0.12248681485652924	1.4074242115020752	0.9237616062164307	0.0	0.0	0.0	2.4244706630706787	1.1219645738601685	0.0	0.0	0.0	0.0	0.0	2.6262922286987305	0.0	0.0	0.0	0.3372352123260498	2.0842764377593994	0.0	0.0	1.1105681657791138	0.0	0.0	0.5070239305496216	0.0	0.0	0.0	2.4460256099700928	0.0	0.0
0.0	0.0	0.0	0.4580901563167572	0.4973590672016144	0.0	0.8708715438842773	0.0	1.7459856271743774	0.4003455638885498	0.0	0.0	0.05250157043337822	0.5493050813674927	0.21158143877983093	0.8517040610313416	0.6646724343299866	0.9183765053749084	0.6667241454124451	0.5193684697151184	0.8962957859039307	0.7434044480323792	0.0	1.3471603393554688	0.0	0.0	0.0	0.819633424282074	0.47175371646881104	0.21252505481243134	0.7370582818984985	0.38112860918045044	0.0	0.8517979979515076	0.0	0.349142462015152	0.27758389711380005	0.0	0.8563717007637024	1.033278226852417	0.0	0.0	0.0	0.0	0.0	0.0	0.026714593172073364	0.0	0.0	0.9321920275688171	0.0	0.0	0.0	0.13317178189754486	0.9754778742790222	0.0	0.0	0.18718993663787842	0.7230799198150635	0.6876383423805237	0.0	0.0	0.0	0.0	0.0	0.0	0.0	0.0	0.0	0.467971533536911	0.4915288984775543	0.0	0.0	0.0	0.0	0.0	0.5248198509216309	0.3099968135356903	0.0	0.6637516617774963	0.0	0.0	0.6792519688606262	0.0	0.8976474404335022	0.0	1.3641921281814575	0.0	0.3007540702819824	0.0	0.0	0.7459948062896729	0.0	0.9320201873779297	0.0	0.4698508381843567	0.4547262489795685	0.012613985687494278	0.0	0.27977636456489563	0.0	0.09218592941761017	0.0	0.22218410670757294	0.0	0.0	0.3383595645427704	0.0	0.0	0.0	0.0	0.0	0.0	0.0	0.0	0.0	0.4267265796661377	0.0	0.40113377571105957	0.0	0.0	0.16224639117717743	0.0	0.41185253858566284	0.37168464064598083	0.7091838717460632	0.0	0.0	0.0	0.7487860918045044	0.0	0.0	0.18157315254211426	0.0	0.0	0.2857534885406494	0.21374167501926422	0.0	0.0	0.14857791364192963	0.0	0.0	0.0	0.7305837273597717	0.9462857842445374	0.0	1.1428276300430298	0.0	0.0	0.0	0.0	0.0	0.0	0.0	0.7023460865020752	0.0	0.0	0.7387214303016663	0.0	0.0	0.5830204486846924	0.558884859085083	0.3468984067440033	0.0	0.47606104612350464	0.0	0.06696056574583054	1.2055832147598267	0.0	0.0	0.0	0.0	0.550752580165863	0.0	0.49524444341659546	1.4023351669311523	0.3623097538948059	0.0	0.0	0.0	0.532845675945282	0.41243281960487366	0.0	0.0	0.9670953750610352	0.0	0.0	0.0	0.0	0.0	0.0	0.0	0.0	0.0	0.36948907375335693	0.0	0.8278865218162537	0.0	1.0474722385406494	0.9960800409317017	0.0	0.0	0.0	0.0	0.0	0.0	0.0	0.0	0.6585756540298462	0.0	1.108079195022583	0.5827838778495789	0.0	0.0	0.9405290484428406	0.0	0.0	0.0	1.2174750566482544	0.8944239020347595	0.797538161277771	0.2910493314266205	0.0	0.0	0.0	0.7274761199951172	0.9788433909416199	0.6065298914909363	0.8593530058860779	0.0	0.0	0.6652830243110657	0.4060167968273163	0.014430333860218525	0.0	0.0	0.0	0.0	0.3292868733406067	0.0	0.0	0.0	0.5200334191322327	0.5132154226303101	0.6764079332351685	0.0	0.3369711935520172	0.0	0.6306626796722412	0.7587975859642029	0.0	0.0	0.0	0.6287214756011963	0.0	0.0
0.0	0.0	0.0	0.8266279101371765	0.6637831330299377	0.0	1.4726279973983765	0.0	2.9408371448516846	0.2544076144695282	0.0	0.0	0.4355558753013611	0.9773957133293152	0.43569397926330566	2.013760805130005	0.9378227591514587	0.7165883779525757	0.856040358543396	0.5067247152328491	0.9898736476898193	0.7014834880828857	0.0	1.4859631061553955	0.0	0.0	0.18582594394683838	0.5401468276977539	0.6264886260032654	0.6708045601844788	1.205386996269226	0.5533741116523743	0.0	1.1006252765655518	0.0	0.0	0.5149277448654175	0.0	0.8936806917190552	1.48103666305542	0.0	0.0	0.0	0.2944391071796417	0.0	0.0	0.0	0.0	0.0	1.7959133386611938	0.0	0.0	0.0	0.7391191124916077	0.804438054561615	0.0	0.0	0.0	0.4588801860809326	0.9636503458023071	0.0	0.0	0.0	0.0	0.0	0.0	0.0	0.0	0.0	0.5434677004814148	0.8207125067710876	0.0	0.0	0.0	0.0	0.0	0.6239453554153442	0.0	0.0	0.8710883855819702	0.0	0.0	1.50093412399292	0.0	0.9159152507781982	0.0	1.763857364654541	0.0	1.1618722677230835	0.0	0.0	1.0102769136428833	0.0	0.6432952284812927	0.0	0.0	0.8166522979736328	0.0	0.0	0.0	0.0	0.0	0.0	0.49672597646713257	0.0	0.0	0.9245237708091736	0.17263002693653107	0.0	0.0	0.0	0.0	0.0	0.0	0.0	0.0	0.3817138075828552	0.0	0.7138077616691589	0.0	0.018436841666698456	0.7547253966331482	0.0	0.07038576900959015	0.21113570034503937	1.1555479764938354	0.0	0.0	0.0	1.015120267868042	0.0	0.0	0.0	0.0	0.0	0.934494137763977	0.4789411425590515	0.0	0.0	0.6913713216781616	0.0	0.0	0.0	0.8453609347343445	0.8721628785133362	0.0	1.7644596099853516	0.0	0.0	0.0	0.0	0.0	0.0	0.0	0.841812014579773	0.0	0.0	0.9906235337257385	0.0	0.0	0.316316694021225	0.0	0.12060386687517166	0.0	0.44772499799728394	0.0	0.0	1.7602356672286987	0.0	0.0	0.0	0.0	0.7338972687721252	0.0	0.6424517631530762	2.6820709705352783	0.4410059154033661	0.0	0.0	0.0	0.925247848033905	0.8199629783630371	0.0	0.0	1.1618300676345825	0.0	0.0	0.0	0.0	0.0	0.0	0.0	0.0	0.0	0.33703646063804626	0.0	1.1581900119781494	0.0	2.4073407649993896	0.8765632510185242	0.0	0.0	0.0	0.0	0.0	0.0	0.0	0.0	0.4507650136947632	0.0	1.8060307502746582	0.41433051228523254	0.0	0.0	1.1039150953292847	0.0	0.0	0.0	1.6501108407974243	1.1097558736801147	1.7438056468963623	0.0	0.0	0.0	0.0	1.5398086309432983	1.3353793621063232	0.5468238592147827	1.4967275857925415	0.0	0.0	0.9221339821815491	0.19771121442317963	0.0	0.0	0.0	0.0	0.0	1.3431934118270874	0.0	0.0	0.0	0.6032276749610901	0.7232986688613892	0.7505990862846375	0.0	0.3389156758785248	0.0	0.7727702260017395	1.1220693588256836	0.0	0.0	0.0	0.44489336013793945	0.0	0.0
0.0	0.0	0.0	0.5792653560638428	0.5017178058624268	0.0	1.0784176588058472	0.0	3.172982692718506	0.0	0.0	0.0	0.006434941664338112	0.6563795208930969	0.1794634610414505	2.505035400390625	1.9408893585205078	0.8602893948554993	0.5781357288360596	0.0	1.2286745309829712	0.9978523850440979	0.0	1.0234320163726807	0.0	0.0	0.0	1.3992719650268555	0.1906556934118271	0.0	0.5671858191490173	1.0276507139205933	0.0	0.684156060218811	0.0	0.31561532616615295	0.36897173523902893	0.0	0.38611599802970886	1.764747142791748	0.0	0.0	0.0	0.5338699817657471	0.0	0.0	0.7773051857948303	0.0	0.0	1.7436143159866333	0.0	0.0	0.0	0.20758885145187378	1.334325909614563	0.0	0.0	0.0	0.6654622554779053	1.393985390663147	0.0	0.0	0.0	0.0	0.0	0.0	0.0	0.0	0.0	0.8968709111213684	0.26378899812698364	0.0	0.0	0.0	0.0	0.0	0.0	0.0	0.0	0.7981176972389221	0.0	0.0	1.506556510925293	0.0	0.621668815612793	0.0	2.3155276775360107	0.0	2.182729482650757	0.0	0.0	0.03235270455479622	0.0	0.1409115344285965	0.0	0.10550513863563538	0.1278628408908844	0.0	0.0	0.0	0.0	0.9877064824104309	0.0	0.17801371216773987	0.0	0.0	1.4950752258300781	0.30169981718063354	0.0	1.4044277667999268	0.0	0.0	0.0	0.0	0.0	0.0	0.4399922788143158	0.0	1.139876127243042	0.0	0.0	0.03060399368405342	0.0	1.012976050376892	1.2773463726043701	1.452987790107727	0.0	0.0	0.0	1.4061814546585083	0.0	0.0	0.0	0.0	0.0	0.9906195402145386	0.5689582824707031	0.0	0.0	1.3644334077835083	0.0	0.0	0.0	0.6532906889915466	1.3247947692871094	0.0	2.4583792686462402	0.0	0.0	0.0	0.0	0.0	0.0	0.0	0.8820139169692993	0.0	0.0	1.1108652353286743	0.0	0.0	0.0	0.0	0.0	0.009081977419555187	0.022100940346717834	0.0	0.0	1.8137754201889038	0.0	0.0	0.0	0.0	0.3590492904186249	0.0	0.0	3.686220645904541	1.7069672346115112	0.0	0.0	0.0	0.6747685670852661	0.3805091679096222	0.0	0.0	0.15582819283008575	0.0	0.0	0.0	0.0	0.0	0.0	0.0	0.0	0.0	0.0	0.0	0.017968429252505302	0.0	2.1650736331939697	0.6554484367370605	0.0	0.0	0.0	0.0	0.0	0.0	0.0	0.0	0.7129260301589966	0.0	1.8011627197265625	0.6045353412628174	0.0	0.0	1.1595486402511597	0.0	0.0	0.0	1.2411048412322998	0.4917442202568054	2.242640495300293	0.6080709099769592	0.0	0.0	0.0	1.229360580444336	1.4352203607559204	0.395345002412796	0.43941301107406616	0.0	0.0	1.344887375831604	1.001288890838623	0.0	0.0	0.0	0.0	0.0	1.0915753841400146	0.0	0.0	0.0	1.0659174919128418	0.8426167368888855	0.4105308949947357	0.0	0.41659045219421387	0.0	1.5454448461532593	0.44565901160240173	0.0	0.0	0.0	1.9803296327590942	0.0	0.0
0.0	0.0	0.0	1.369102954864502	0.4882856011390686	0.0	1.0253125429153442	0.0	3.6287271976470947	0.0	0.8216317892074585	0.0	0.0	1.437646508216858	0.8994967341423035	2.8765769004821777	2.196077346801758	0.9484726786613464	0.5332033038139343	0.049544744193553925	0.7873292565345764	0.1859692484140396	0.0	1.8761930465698242	0.0	0.0	0.0	0.11370500922203064	0.8358184099197388	0.27800294756889343	1.01239812374115	0.8508861064910889	0.0	0.0	0.0	0.0	0.20025183260440826	0.0	0.0	0.7421420216560364	0.0	0.0	0.0	0.7101616263389587	0.0	0.0	1.0533431768417358	0.0	0.0	2.3624253273010254	0.0	0.0	0.0	0.43912360072135925	0.5767396688461304	0.0	0.0	0.40549030900001526	0.25071144104003906	1.103697419166565	0.0	0.0	0.0	0.0	0.0	0.0	0.0	0.0	0.0	0.357586532831192	1.196824550628662	0.0	0.0	0.0	0.0	0.0	0.6413542032241821	0.0	0.0	0.8780126571655273	0.0	0.0	2.0797932147979736	0.0	0.7666162252426147	0.0	1.0372684001922607	0.0	2.149582862854004	0.0	0.0	0.12410888075828552	0.0	0.0	0.0	0.0	0.35837703943252563	0.04776310175657272	0.0	0.0	0.0	1.1098483800888062	0.0	0.0	0.0	0.0	1.3799842596054077	0.7202469706535339	0.0	0.9260913133621216	0.0	0.0	0.0	0.0	0.0	0.0	1.4248015880584717	0.0	1.2604031562805176	0.0	0.5875969529151917	0.6513097286224365	0.0	0.0	0.0	2.1267056465148926	0.0	0.0	0.0	2.2092010974884033	0.0	0.0	0.8676785230636597	0.0	0.0	1.0524741411209106	0.5099761486053467	0.0	0.0	0.0	0.0	0.0	0.0	0.0	0.7711549997329712	0.0	2.966545820236206	0.0	0.0	0.0	0.0	0.9966410398483276	0.0	0.0	0.0	0.0	0.0	1.6762747764587402	0.0	0.0	0.28849443793296814	0.0	0.0	0.0	0.0	0.0	0.0	2.26287579536438	0.0	0.0	0.0	0.0	0.8179056644439697	0.0	0.0	2.9768900871276855	1.7580140829086304	0.0	0.0	0.0	1.8989282846450806	0.22596590220928192	0.0	0.0	0.09935376793146133	0.0	0.0	0.0	0.0	0.0	0.0	0.0	0.0	0.0	0.6340081095695496	0.0	0.19190192222595215	0.0	2.608957052230835	0.6631193161010742	0.0	0.0	0.0	0.0	0.0	0.0	0.0	0.0	0.8646104335784912	0.0	2.982630968093872	1.9225645065307617	0.0	0.0	1.2805330753326416	0.0	0.0	0.0	1.2983555793762207	0.7983906865119934	2.2585651874542236	1.1175907850265503	0.0	0.0	0.0	0.762466311454773	1.5820250511169434	0.5035353899002075	0.4698145091533661	0.0	0.0	1.4013062715530396	0.8879218101501465	0.0	0.0	0.0	0.0	0.0	1.884050965309143	0.0	0.0	0.0	0.534716010093689	1.7817153930664062	0.0	0.0	1.089455008506775	0.0	0.5066545009613037	1.1974108219146729	0.0	0.0	0.0	1.3371145725250244	0.0	0.0
0.0	0.0	0.0	1.758390188217163	0.0	0.0	1.3108669519424438	0.0	3.2345058917999268	0.052898481488227844	0.20837736129760742	0.0	0.45562586188316345	1.182273030281067	1.0442733764648438	2.6059510707855225	1.8643724918365479	1.2391769886016846	1.004394769668579	0.33530327677726746	1.2005993127822876	0.6990694403648376	0.0	1.9901167154312134	0.0	0.0	0.0	0.2462937831878662	0.8103295564651489	0.5578681230545044	1.115521788597107	0.7784931659698486	0.0	0.0	0.0	0.0	0.910312294960022	0.0	0.6596844792366028	1.8101578950881958	0.0	0.0	0.0	0.0	0.0	0.0	0.9549363255500793	0.0	0.0	1.6371746063232422	0.0	0.0	0.0	0.4576452076435089	0.847695529460907	0.0	0.0	0.0	0.6426857113838196	0.8533906936645508	0.0	0.0	0.0	0.0	0.0	0.0	0.0	0.0	0.0	0.9984612464904785	0.663682222366333	0.0	0.0	0.0	0.0	0.0	0.9278311133384705	0.0	0.0	0.9645110964775085	0.0	0.0	1.3895691633224487	0.0	1.1073439121246338	0.0	1.6182870864868164	0.0	1.726924180984497	0.0	0.0	0.49962225556373596	0.0	0.34352415800094604	0.0	0.593288242816925	0.5196501016616821	0.0	0.0	0.0	0.0	0.3720822334289551	0.0	0.0	0.0	0.0	1.5224254131317139	0.531704843044281	0.0	0.2231818437576294	0.0	0.0	0.0	0.0	0.0	0.0	0.8463073968887329	0.0	0.8594362139701843	0.0	1.2618597745895386	0.5448142886161804	0.0	0.2216329127550125	0.07427791506052017	2.008103132247925	0.0	0.0	0.0	1.3313727378845215	0.0	0.0	0.8322052955627441	0.0	0.0	0.31650441884994507	0.2878124415874481	0.0	0.0	0.0	0.0	0.0	0.0	0.0	0.7338215112686157	0.0	2.885664939880371	0.0	0.0	0.0	0.0	0.45495012402534485	0.0	0.0	0.06545797735452652	0.0	0.0	1.4011142253875732	0.0	0.0	0.6058869957923889	0.0	0.17746898531913757	0.0	0.3133726418018341	0.0	0.0	1.952371597290039	0.0	0.0	0.0	0.0	1.1068023443222046	0.0	0.0	2.639538288116455	0.6016650795936584	0.0	0.0	0.0	1.481917142868042	0.9206233620643616	0.0	0.0	1.4205121994018555	0.0	0.0	0.0	0.0	0.0	0.0	0.0	0.0	0.0	0.5151097774505615	0.0	0.6941631436347961	0.0	2.7127254009246826	0.5036599040031433	0.0	0.0	0.0	0.0	0.0	0.0	0.0	0.0	0.2878899574279785	0.0	1.9659204483032227	1.5597811937332153	0.0	0.0	1.088123083114624	0.0	0.0	0.0	1.4890151023864746	1.5472732782363892	2.1580734252929688	0.921800434589386	0.0	0.0	0.0	1.3684380054473877	1.307960867881775	0.9222342371940613	0.9283178448677063	0.0	0.0	1.0153826475143433	0.6199566125869751	0.0	0.0	0.0	0.0	0.0	1.417720079421997	0.0	0.0	0.0	1.3620928525924683	1.1074678897857666	0.1473459005355835	0.0	0.5322579741477966	0.0	0.7999613285064697	1.7785143852233887	0.0	0.0	0.0	0.4284970164299011	0.0	0.0
0.0	0.0	0.0	0.20442073047161102	0.39506885409355164	0.0	1.567612886428833	0.0	2.60203218460083	0.0	0.0	0.0	0.3540293276309967	0.5431325435638428	0.14927639067173004	1.4541890621185303	0.9173123836517334	0.9832519888877869	1.0428045988082886	0.40706637501716614	2.016019344329834	1.3335797786712646	0.0	1.5823580026626587	0.0	0.0	0.0	1.2854746580123901	0.26192182302474976	0.1440974771976471	0.523618221282959	1.8389503955841064	0.0	1.2778351306915283	0.0	0.9011099338531494	1.2928946018218994	0.0	1.150228500366211	1.4675501585006714	0.0	0.0	0.0	0.04197121411561966	0.0	0.0	0.1094745472073555	0.0	0.0	1.514581322669983	0.0	0.0	0.0	1.723122239112854	1.6093827486038208	0.0	0.0	0.0	1.5817254781723022	1.0830796957015991	0.0	0.0	0.0	0.0	0.0	0.0	0.0	0.0	0.0	1.4922057390213013	0.4782106876373291	0.0	0.0	0.0	0.0	0.0	0.7172425985336304	0.0	0.0	1.0108363628387451	0.0	0.0	0.9117878675460815	0.0	1.2432490587234497	0.0	2.4187819957733154	0.0	0.7262219786643982	0.0	0.0	0.9946573376655579	0.0	1.3328378200531006	0.0	0.5646650791168213	1.107245922088623	0.013880491256713867	0.0	0.0	0.0	0.2603309452533722	0.0	1.1462641954421997	0.0	0.0	0.48217713832855225	0.0	0.0	0.0	0.0	0.0	0.0	0.0	0.0	0.0	0.0	0.0	1.0428861379623413	0.0	0.4247213900089264	0.0899038314819336	0.0	0.709288477897644	0.6638907194137573	0.3299371302127838	0.0	0.0	0.0	0.7567622661590576	0.0	0.0	0.0	0.0	0.0	0.0	0.23222553730010986	0.0	0.0	1.6251499652862549	0.0	0.0	0.0	0.9265943765640259	1.006621241569519	0.0	1.4171308279037476	0.0	0.0	0.0	0.0	0.0	0.0	0.0	1.478624701499939	0.0	0.0	0.0	0.0	0.0	0.9316345453262329	0.0	0.3085276782512665	0.0	0.5977051258087158	0.0	0.7268518209457397	1.8671975135803223	0.0	0.0	0.0	0.0	0.6332557797431946	0.0	0.27877795696258545	1.937862515449524	0.6468992829322815	0.0	0.0	0.0	0.376655638217926	0.8138496279716492	0.0	0.0	1.1004979610443115	0.0	0.0	0.0	0.0	0.0	0.0	0.0	0.0	0.0	0.10497448593378067	0.0	0.6610349416732788	0.0	1.5089795589447021	1.5252227783203125	0.0	0.0	0.0	0.0	0.0	0.0	0.0	0.0	0.04153343662619591	0.0	0.9862605929374695	0.4518888294696808	0.0	0.0	0.723822832107544	0.0	0.0	0.0	2.1715002059936523	1.8336551189422607	1.4499279260635376	0.0	0.0	0.0	0.0	2.0700809955596924	1.0041215419769287	0.2774077355861664	1.3706488609313965	0.0	0.0	0.19127295911312103	0.0	0.0	0.0	0.0	0.0	0.0	0.2446490377187729	0.0	0.0	0.0	1.2579256296157837	0.05588503181934357	1.3862025737762451	0.0	0.2606014311313629	0.0	1.7162431478500366	1.280408501625061	0.0	0.0	0.0	0.5455485582351685	0.0	0.0
0.0	0.0	0.0	0.4669169485569	0.018338505178689957	0.0	1.5642285346984863	0.0	1.7637617588043213	0.7913414835929871	0.0	0.0	1.4191434383392334	0.49252885580062866	0.10874705761671066	0.23219084739685059	0.24773913621902466	1.9856854677200317	1.880661129951477	1.4742004871368408	1.7312980890274048	2.875087022781372	0.0	1.746995210647583	0.0	0.0	0.6987345218658447	1.7471613883972168	1.6695760488510132	0.05578315630555153	0.2725396156311035	0.8313521146774292	0.0	2.1900370121002197	0.0	0.49998220801353455	2.4384639263153076	0.0	2.022387981414795	1.7263672351837158	0.0	0.0	0.0	0.0	0.0	0.0	0.4503572881221771	0.0	0.0	0.25673529505729675	0.0	0.0	0.0	1.4318568706512451	2.8061625957489014	0.0	0.0	0.0	1.8932424783706665	0.9524324536323547	0.0	0.0	0.0	0.6611121892929077	0.0	0.0	0.0	0.0	0.0	2.0351712703704834	0.11599109321832657	0.0	0.0	0.0	0.0	0.0	1.3782474994659424	0.003243421670049429	0.0	0.9494300484657288	0.0	0.0	0.388969361782074	0.3913039267063141	2.098012924194336	0.0	2.0489087104797363	0.0	0.23348946869373322	0.0	0.0	2.4594759941101074	0.0	2.3823184967041016	0.0	1.4104297161102295	1.1014907360076904	0.0	0.0	0.0	0.0	0.16071324050426483	0.0	1.4859079122543335	0.0	0.0	0.5673473477363586	0.0	0.0	0.0	0.0	0.0	0.0	0.0	0.0	0.0	0.8385837078094482	0.0	0.46243053674697876	0.0	1.0675009489059448	0.0	0.0	1.3630452156066895	0.4776453375816345	0.8700150847434998	0.0	0.0	0.0	0.0	0.0	0.0	0.7928106188774109	0.0	0.0	0.0	0.6054396033287048	0.0	0.0	0.8615714907646179	0.0	0.0	0.0	0.0	0.8422138094902039	0.0	1.5479501485824585	0.0	0.0	0.0	0.0	0.0	0.0	0.0	1.854804515838623	0.0	0.0	0.48864707350730896	0.0	0.0	1.7062625885009766	0.42681723833084106	0.2372027039527893	0.0	0.8399879336357117	0.0	1.6741682291030884	1.933795690536499	0.0	0.0	0.0	0.0	1.6346136331558228	0.0	0.0	1.3848310708999634	0.0	0.0	0.0	0.0	0.4015631675720215	1.487263798713684	0.0	0.0	2.8269035816192627	0.0	0.0	0.0	0.0	0.0	0.0	0.0	0.0	0.0	1.170973300933838	0.0	3.293841600418091	0.0	1.4574755430221558	1.4127203226089478	0.0	0.0	0.0	0.0	0.0	0.0	0.0	0.0	0.0	0.0	0.0	0.7965494990348816	0.0	0.0	0.7548354864120483	0.0	0.0	0.0	3.1417911052703857	2.250692129135132	0.8691375851631165	0.0	0.0	0.0	0.0	2.901205062866211	0.5342792272567749	1.1934489011764526	1.7542675733566284	0.0	0.0	0.0	0.0	0.7183966040611267	0.0	0.0	0.0	0.0	0.0	0.0	0.0	0.0	1.6137813329696655	0.0335996150970459	2.0600759983062744	0.0	0.0	0.0	1.8357059955596924	1.6115185022354126	0.0	0.0	0.0	0.0	0.0	0.0
0.0	0.0	0.0	0.18792292475700378	0.0	0.0	0.9811860918998718	0.0	1.9002386331558228	0.4387904405593872	0.0	0.0	0.6868239641189575	0.4848138689994812	0.051740702241659164	1.3042213916778564	0.3848557472229004	0.9848971962928772	1.0699317455291748	0.4338083565235138	0.6781216859817505	0.9536146521568298	0.0	1.1189231872558594	0.0	0.0	0.2654968500137329	1.1789518594741821	0.8352845311164856	0.31961381435394287	0.9636422991752625	0.33543071150779724	0.0	0.8405289649963379	0.0	0.7330327033996582	0.9982466697692871	0.0	0.6681535243988037	1.2033698558807373	0.0	0.0	0.0	0.0	0.0	0.0	0.0	0.0	0.0	0.7576314210891724	0.0	0.0	0.0	0.6312793493270874	1.1373549699783325	0.0	0.0	0.16874976456165314	0.7439230680465698	0.7081224918365479	0.0	0.0	0.0	0.09832257777452469	0.0	0.0	0.0	0.0	0.0	0.9268122911453247	0.8216254115104675	0.0	0.0	0.0	0.0	0.0	0.4262472689151764	0.010014981031417847	0.0	0.6096036434173584	0.0	0.0	1.1065024137496948	0.0	0.9728599786758423	0.0	1.6959517002105713	0.0	0.6223701238632202	0.0	0.0	0.6049273610115051	0.0	0.6875019669532776	0.0	0.4958326518535614	0.8157168030738831	0.0	0.0	0.04513617977499962	0.0	0.20650751888751984	0.0	0.5131692290306091	0.0	0.0	0.9224037528038025	0.0	0.0	0.09564622491598129	0.0	0.0	0.0	0.0	0.0	0.0	0.2283490151166916	0.0	0.3135032653808594	0.0	0.38914135098457336	0.35677361488342285	0.0	0.1698264330625534	0.5261353254318237	0.7268427610397339	0.0	0.0	0.0	0.2703065574169159	0.0	0.0	0.1015755906701088	0.0	0.0	0.2641635835170746	0.5310981869697571	0.0	0.0	0.8302572965621948	0.0	0.0	0.0	0.8476701378822327	0.8949477672576904	0.0	0.9113356471061707	0.0	0.0	0.0	0.0	0.0	0.0	0.0	0.7381060719490051	0.0	0.0	0.46908774971961975	0.0	0.0	0.42979711294174194	0.5883709788322449	0.35861682891845703	0.0	0.460112988948822	0.0	0.0	1.1760143041610718	0.0	0.0	0.0	0.0	0.8159142732620239	0.0	0.5958381295204163	1.2572383880615234	0.5073458552360535	0.0	0.0	0.0	0.35138991475105286	1.0003688335418701	0.0	0.0	0.6971212029457092	0.0	0.0	0.0	0.0	0.0	0.0	0.0	0.0	0.0	0.47260212898254395	0.0	0.8883880972862244	0.0	1.3588770627975464	0.8775624632835388	0.0	0.0	0.0	0.0	0.0	0.0	0.0	0.0	0.3490723669528961	0.0	0.6654068827629089	0.19832339882850647	0.0	0.0	0.6998285055160522	0.0	0.0	0.0	1.509250521659851	1.0558634996414185	0.8299956917762756	0.07287847250699997	0.0	0.0	0.0	1.2328567504882812	0.8450895547866821	0.6402111053466797	1.1359989643096924	0.0	0.0	0.0	0.0	0.16583260893821716	0.0	0.0	0.0	0.0	0.2344982922077179	0.0	0.0	0.0	0.8943691849708557	0.37323281168937683	1.015997290611267	0.0	0.03600030764937401	0.0	0.9740509390830994	0.7146549224853516	0.0	0.02383028343319893	0.0	0.2894807457923889	0.0	0.0
0.0	0.0	0.0	0.01819966547191143	1.3281023502349854	0.0	1.163282036781311	0.0	4.236207485198975	0.0	0.165896475315094	0.0	0.13317272067070007	1.381301760673523	1.4549490213394165	3.5769150257110596	1.3918215036392212	0.7368795275688171	0.9555310010910034	0.6202667355537415	1.2083109617233276	0.6568358540534973	0.0	1.580303430557251	0.0	0.0	0.0	1.58607816696167	1.035130500793457	0.7199549078941345	1.2496802806854248	1.2866300344467163	0.0	0.535751223564148	0.0	0.5579492449760437	0.9700716137886047	0.0	0.3173561096191406	1.8357055187225342	0.0	0.0	0.0	0.7949448227882385	0.0	0.0	0.0	0.0	0.0	2.817845106124878	0.0	0.0	0.0	0.35264265537261963	1.0791586637496948	0.0	0.0	0.08014992624521255	0.6182607412338257	1.0403693914413452	0.0	0.0	0.0	0.0	0.0	0.0	0.0	0.0	0.0	0.16571980714797974	1.197035789489746	0.0	0.0	0.0	0.0	0.0	1.3390361070632935	0.03012821264564991	0.0	1.5389959812164307	0.0	0.0	1.432668924331665	0.0	0.9846879839897156	0.0	2.2355246543884277	0.0	1.9993497133255005	0.0	0.0	0.8081367611885071	0.0	0.9739428758621216	0.0	0.35909798741340637	0.9199157953262329	0.0	0.0	0.0	0.0	0.2818450331687927	0.0	0.30354636907577515	0.0	0.0	1.452746033668518	0.7901067137718201	0.0	0.4438375234603882	0.0	0.0	0.0	0.0	0.0	0.0	1.2533169984817505	0.0	1.4023196697235107	0.0	0.22892948985099792	1.0521758794784546	0.0	0.4777091145515442	0.0	2.4617693424224854	0.0	0.0	0.0	1.9089101552963257	0.0	0.0	1.1222718954086304	0.0	0.0	1.5590260028839111	0.5606042146682739	0.0	0.0	1.2147431373596191	0.0	0.0	0.0	0.6069880127906799	0.9126750230789185	0.0	2.7897861003875732	0.0	0.0	0.0	0.0	0.7896304130554199	0.0	0.0	0.778505802154541	0.0	0.0	1.9733837842941284	0.0	0.0	0.6502227187156677	0.0	0.7014795541763306	0.0	0.4901446998119354	0.0	0.0	2.8909265995025635	0.0	0.0	0.0	0.0	0.7222819924354553	0.0	0.0	4.2906174659729	1.935612440109253	0.0	0.0	0.0	1.979251503944397	0.6708940267562866	0.0	0.0	0.7033640146255493	0.0	0.0	0.0	0.0	0.0	0.0	0.0	0.0	0.0	0.15541118383407593	0.0	0.8580374717712402	0.0	3.307042121887207	0.936629056930542	0.0	0.0	0.0	0.0	0.0	0.0	0.0	0.0	0.8785545825958252	0.0	3.7710676193237305	1.2354212999343872	0.0	0.0	1.4454262256622314	0.0	0.0	0.0	1.9627513885498047	1.646164059638977	2.5477702617645264	1.1052607297897339	0.0	0.0	0.0	1.775745153427124	2.459256649017334	0.5732477903366089	0.9631046056747437	0.0	0.0	1.9837710857391357	1.4376636743545532	0.0	0.0	0.0	0.0	0.0	2.2272727489471436	0.0	0.0	0.0	0.4068601429462433	1.6121073961257935	0.45623666048049927	0.0	1.2881407737731934	0.0	0.5864728689193726	1.1213335990905762	0.0	0.0	0.0	1.1561698913574219	0.0	0.0
0.0	0.0	0.0	1.5259113311767578	0.461777925491333	0.0	1.402529001235962	0.0	3.5859320163726807	0.0	0.03054206632077694	0.0	0.19644136726856232	1.057602047920227	0.3010561168193817	2.6252787113189697	1.7460319995880127	1.3444080352783203	0.6399526596069336	0.32613131403923035	1.6076793670654297	0.8554332256317139	0.0	1.5196586847305298	0.0	0.0	0.0	0.9258522391319275	0.8203756809234619	0.5669330358505249	1.3194695711135864	0.7617870569229126	0.0	0.7396500110626221	0.0	0.0	0.6012241840362549	0.0	0.6753720045089722	1.9945093393325806	0.0	0.0	0.0	0.3143300712108612	0.0	0.0	0.21313594281673431	0.0	0.0	1.9583637714385986	0.0	0.0	0.0	0.700630247592926	0.9697142243385315	0.0	0.0	0.0	0.39998218417167664	1.1886639595031738	0.0	0.0	0.0	0.0	0.0	0.0	0.0	0.0	0.0	0.7654806971549988	0.4372861385345459	0.0	0.0	0.0	0.0	0.0	0.6960046887397766	0.0	0.0	1.0068683624267578	0.0	0.0	1.980395793914795	0.0	1.0553631782531738	0.0	2.1512997150421143	0.0	2.0727531909942627	0.0	0.0	0.659615695476532	0.0	0.0	0.0	0.23227132856845856	0.9306936264038086	0.0	0.0	0.0	0.0	0.7601919174194336	0.0	0.0	0.0	0.0	1.0451682806015015	0.0062362938188016415	0.0	0.55677330493927	0.0	0.0	0.0	0.0	0.0	0.0	0.7834380865097046	0.0	1.2698484659194946	0.0	0.7504546642303467	0.21367689967155457	0.0	0.16692394018173218	0.4891786575317383	1.596922755241394	0.0	0.0	0.0	1.609802484512329	0.0	0.0	0.044946350157260895	0.0	0.0	0.8411895632743835	0.17897000908851624	0.0	0.0	0.1596721112728119	0.0	0.0	0.0	0.3237437307834625	1.0990688800811768	0.0	2.7836732864379883	0.0	0.0	0.0	0.0	0.21178188920021057	0.0	0.0	0.2003931999206543	0.0	0.0	1.4109100103378296	0.0	0.0	0.3318946659564972	0.0	0.17171849310398102	0.0	0.0	0.0	0.0	2.248171091079712	0.0	0.0	0.0	0.0	0.5752969980239868	0.0	0.0	3.7495627403259277	0.9110236167907715	0.0	0.0	0.0	1.5382980108261108	0.49398767948150635	0.0	0.0	0.8873582482337952	0.0	0.0	0.0	0.0	0.0	0.0	0.0	0.0	0.0	0.0	0.0	0.735412061214447	0.0	2.8367257118225098	0.8129878044128418	0.0	0.0	0.0	0.0	0.0	0.0	0.0	0.0	0.805319607257843	0.0	2.4684486389160156	1.2579933404922485	0.0	0.0	1.4401862621307373	0.0	0.0	0.0	1.4211194515228271	1.5696791410446167	2.261455535888672	0.5083187818527222	0.0	0.0	0.0	1.091219186782837	1.1710093021392822	0.9287130832672119	1.0787601470947266	0.0	0.0	1.5165808200836182	0.9042471647262573	0.0	0.0	0.0	0.0	0.0	1.429457187652588	0.0	0.0	0.0	1.1329479217529297	1.0397377014160156	0.4607299864292145	0.0	0.36039096117019653	0.0	1.0008494853973389	1.4517613649368286	0.0	0.0	0.0	1.7748854160308838	0.0	0.0
0.0	0.0	0.0	1.3207041025161743	0.0	0.0	1.828336238861084	0.0	3.4499292373657227	0.0	0.0	0.0	0.831062376499176	0.6615071892738342	0.21149393916130066	2.551541566848755	1.3575626611709595	1.6309260129928589	0.9879518747329712	0.13756006956100464	1.593872308731079	1.100404143333435	0.0	1.5971494913101196	0.0	0.0	0.0	0.6706485152244568	1.2652716636657715	0.51101154088974	1.4212534427642822	0.3008086681365967	0.0	0.854561448097229	0.0	0.0	1.1075177192687988	0.0	0.8382015228271484	1.9747895002365112	0.0	0.0	0.0	0.0	0.0	0.0	0.9949520826339722	0.0	0.0	1.4018453359603882	0.0	0.0	0.0	1.3260046243667603	1.4282385110855103	0.0	0.0	0.0	0.463163822889328	1.2513129711151123	0.0	0.0	0.0	0.0	0.0	0.0	0.0	0.0	0.0	1.2039341926574707	0.7135761976242065	0.0	0.0	0.0	0.0	0.0	0.3889116048812866	0.0	0.0	0.737328290939331	0.0	0.0	2.0931472778320312	0.0	1.5107154846191406	0.0	2.4317736625671387	0.0	1.3516875505447388	0.0	0.0	0.9318453669548035	0.0	0.7264909148216248	0.0	0.21530362963676453	0.821151852607727	0.0	0.0	0.0	0.0	0.7299779653549194	0.0	0.3498900830745697	0.0	0.0	1.409049153327942	0.0	0.0	0.6463783979415894	0.0	0.0	0.0	0.0	0.0	0.0	0.6650614738464355	0.0	0.675178587436676	0.0	1.2498799562454224	0.0	0.0	0.13122102618217468	0.7131457328796387	1.9005433320999146	0.0	0.0	0.0	0.7165091633796692	0.0	0.0	0.183500275015831	0.0	0.0	0.0	0.2200600802898407	0.0	0.0	0.4436560571193695	0.0	0.0	0.0	0.0	0.6419598460197449	0.0	2.7819302082061768	0.0	0.0	0.0	0.0	0.0	0.0	0.0	0.5000677704811096	0.0	0.0	1.1400303840637207	0.0	0.0	0.7190008759498596	0.0018939162837341428	0.0	0.024581311270594597	0.0	0.0	0.0	1.860552191734314	0.0	0.0	0.0	0.0	1.5369908809661865	0.0	0.0	2.9550561904907227	0.620456337928772	0.0	0.0	0.0	1.0277454853057861	1.1744911670684814	0.0	0.0	0.8476106524467468	0.0	0.0	0.0	0.0	0.0	0.0	0.0	0.0	0.0	0.5519798994064331	0.0	1.4780369997024536	0.0	2.636518716812134	0.7834807634353638	0.0	0.0	0.0	0.0	0.0	0.0	0.0	0.0	0.22179989516735077	0.0	1.9240905046463013	0.6299822330474854	0.0	0.0	1.685251235961914	0.0	0.0	0.0	2.350594997406006	1.4333701133728027	2.294477701187134	0.19327549636363983	0.0	0.0	0.0	1.9370808601379395	0.9973027110099792	1.1168557405471802	1.0686432123184204	0.0	0.0	0.45080679655075073	0.16945701837539673	0.0	0.0	0.0	0.0	0.0	1.3318251371383667	0.0	0.0	0.0	1.7158645391464233	0.9851576685905457	0.6007553339004517	0.0	0.024589302018284798	0.0	0.9439182281494141	1.8080099821090698	0.0	0.0	0.0	1.4279747009277344	0.0	0.0
0.0	0.0	0.0	1.3721550703048706	0.0	0.0	1.8770272731781006	0.0	3.0376150608062744	0.6631494164466858	0.0	0.0	0.6943838000297546	0.9450736045837402	0.6943876147270203	1.8406200408935547	0.4976988136768341	1.556915283203125	1.2146774530410767	1.0002373456954956	2.1778764724731445	1.347876787185669	0.0	1.6006642580032349	0.0	0.0	0.0	1.210579752922058	0.66841721534729	0.8992440700531006	1.1538134813308716	0.8773320317268372	0.0	1.2022911310195923	0.0	0.08560270816087723	1.3980785608291626	0.0	1.1707044839859009	2.273390769958496	0.0	0.0	0.0	0.0	0.0	0.0	0.549885630607605	0.0	0.0	1.2010785341262817	0.0	0.0	0.0	1.0174744129180908	1.6346065998077393	0.0	0.0	0.0	0.9954133033752441	0.8308936953544617	0.0	0.0	0.0	0.238783061504364	0.0	0.0	0.0	0.0	0.0	1.5121887922286987	0.3445097506046295	0.0	0.0	0.0	0.0	0.0	0.8662894368171692	0.0	0.0	1.3086278438568115	0.0	0.0	1.1976643800735474	0.0	2.045074939727783	0.0	2.547851085662842	0.0	0.9586688280105591	0.0	0.0	1.0833687782287598	0.0	0.7095576524734497	0.0	0.68365079164505	1.0306282043457031	0.3227289021015167	0.0	0.0	0.0	0.0	0.0	0.6957627534866333	0.0	0.0	1.0886425971984863	0.06599977612495422	0.0	0.0	0.0	0.0	0.0	0.0	0.0	0.0	0.7533202171325684	0.0	0.7660410404205322	0.0	1.6530815362930298	0.30673518776893616	0.0	0.735025942325592	0.11458396911621094	1.9640555381774902	0.0	0.0	0.0	0.5860024690628052	0.0	0.0	0.34620600938796997	0.0	0.0	0.0	0.5316423773765564	0.0	0.0	1.1930046081542969	0.0	0.0	0.0	0.0	0.625010073184967	0.0	2.2462949752807617	0.0	0.0	0.0	0.0	0.0	0.0	0.0	0.7467826008796692	0.0	0.0	0.9078243374824524	0.0	0.0	0.745713472366333	0.2824576795101166	0.24022284150123596	0.0	0.7278193831443787	0.0	0.0	1.8269307613372803	0.0	0.0	0.0	0.0	1.076451301574707	0.0	0.0	2.5790324211120605	0.18357673287391663	0.0	0.0	0.0	1.2154699563980103	0.9088940024375916	0.0	0.0	1.3958016633987427	0.0	0.0	0.0	0.0	0.0	0.0	0.0	0.0	0.0	0.7448031306266785	0.0	1.6855887174606323	0.0	2.291306257247925	1.9124822616577148	0.0	0.0	0.0	0.0	0.0	0.0	0.0	0.0	0.0	0.0	1.2421581745147705	1.1225001811981201	0.0	0.0	1.2324225902557373	0.0	0.0	0.0	2.288850784301758	1.9385725259780884	1.4671114683151245	0.0	0.0	0.0	0.0	2.0236833095550537	1.3199021816253662	1.0443165302276611	1.475639820098877	0.0	0.0	0.3602803945541382	0.7575821280479431	0.0	0.0	0.0	0.0	0.0	0.5855717062950134	0.0	0.0	0.0	1.1585099697113037	0.5437045097351074	0.8028451204299927	0.0	0.3765477240085602	0.0	1.4388556480407715	1.2061312198638916	0.0	0.0	0.0	0.3515860438346863	0.0	0.0
0.0	0.0	0.0	0.26046839356422424	1.2361257076263428	0.0	0.11163735389709473	0.0	2.1289587020874023	0.09421040117740631	0.891247034072876	0.0	0.0	0.3822211027145386	0.6916743516921997	1.4223591089248657	1.6353209018707275	0.0	0.0	0.16947366297245026	0.0	0.0	0.0	0.9811525940895081	0.0	0.0	0.0	0.7512520551681519	0.0	0.0	0.07147004455327988	1.6717925071716309	0.0	0.0	0.0	0.0	0.0	0.0	0.0	0.1871463507413864	0.0	0.0	0.0	1.0488935708999634	0.0	0.0	0.7219440340995789	0.0	0.0	2.060093402862549	0.0	0.0	0.0	0.0	0.0	0.0	0.0	0.4431462585926056	0.0	0.24493220448493958	0.0	0.0	0.0	0.0	0.0	0.0	0.0	0.0	0.0	0.0	0.7881354093551636	0.0	0.0	0.3204089403152466	0.0	0.0	0.0	0.19758951663970947	0.0	0.3494022488594055	0.0	0.0	0.8607606887817383	0.0	0.0	0.0	0.1162208840250969	0.0	1.298157811164856	0.0	0.0	0.0	0.0	0.10799286514520645	0.0	0.0	0.0	0.0	0.0	0.024217873811721802	0.0	1.0389578342437744	0.0	0.0	0.0	0.0	0.0	1.4650770425796509	0.0	1.0581939220428467	0.0	0.0	0.0	0.0	0.0	0.0	1.5289416313171387	0.0	1.4310228824615479	0.0	0.05525973439216614	0.5578099489212036	0.0	1.1233351230621338	0.0	1.640634536743164	0.0	0.0	0.0	2.5046041011810303	0.0	0.0	0.7226088643074036	0.0	0.0	1.3919625282287598	0.7791473269462585	0.0	0.0	0.0	0.0	0.0	0.0	0.0	0.0393349714577198	0.0	1.2047494649887085	0.0	0.0	0.0	0.0	1.5179903507232666	0.0	0.0	0.0	0.0	0.0	1.051575779914856	0.0	0.0	0.1647774577140808	0.218038409948349	0.0	0.09873102605342865	0.0	0.0	0.0	1.6818737983703613	0.0	0.0	0.0	0.0	0.0	0.0	0.006235301960259676	2.953199863433838	1.8951263427734375	0.0	0.0	0.0	1.0726996660232544	0.0	0.0	0.0	0.0	0.0	0.0	0.0	0.0	0.0	0.0	0.0	0.0	0.0	0.0	0.0	0.0	0.0	2.161430835723877	0.15932345390319824	0.0	0.5464423894882202	0.0	0.0	0.0	0.0	0.0	0.0	1.0493732690811157	0.0	2.1838459968566895	1.0387022495269775	0.0	0.0	0.77994304895401	0.0	0.0	0.0	0.17564749717712402	0.0	1.5109069347381592	1.479326844215393	0.0	0.0	0.0	0.17111919820308685	1.5448617935180664	0.0	0.0	0.0	0.0	2.170928716659546	1.689594030380249	0.0	0.0	0.0	0.0	0.0	1.4826809167861938	0.0	0.0	0.0	0.1080903485417366	1.4351961612701416	0.0	0.0	1.253443717956543	0.0	0.10906501859426498	0.16165487468242645	0.0	0.0	0.0	1.3268194198608398	0.0	0.0
0.0	0.0	0.0	1.4603105783462524	0.0	0.0	2.0240023136138916	0.0	2.9087843894958496	0.8194591999053955	0.0	0.0	1.3414556980133057	0.851337194442749	0.606282651424408	1.9730416536331177	0.6248735785484314	1.6496161222457886	1.3258347511291504	1.1151922941207886	1.752056360244751	1.7812081575393677	0.0	1.6207314729690552	0.0	0.0	0.7530537843704224	1.332187533378601	1.947519063949585	0.6087166666984558	1.2877212762832642	0.029826736077666283	0.0	0.9229869842529297	0.0	0.0	1.7190189361572266	0.0	1.7297990322113037	2.2857768535614014	0.0	0.0	0.0	0.0	0.0	0.0	0.014523796737194061	0.0	0.0	0.4416266977787018	0.0	0.0	0.0	0.7013729214668274	2.278290033340454	0.0	0.0	0.0	1.2343661785125732	0.7212250828742981	0.0	0.0	0.0	0.610174298286438	0.0	0.0	0.0	0.0	0.0	1.5961743593215942	0.89536452293396	0.0	0.0	0.0	0.0	0.0	1.4536356925964355	0.0	0.0	1.3918527364730835	0.0	0.0	1.3289949893951416	0.0	2.014669179916382	0.0	2.124772071838379	0.0	0.8302328586578369	0.0	0.0	1.5795799493789673	0.0	1.709342360496521	0.0	1.2001926898956299	1.0911529064178467	0.0	0.0	0.0	0.0	0.0	0.0	0.6118465662002563	0.0	0.0	1.1110109090805054	0.0	0.0	0.0	0.0	0.0	0.0	0.0	0.0	0.0	1.018837571144104	0.0	0.2705773115158081	0.0	1.7491265535354614	0.21436913311481476	0.0	0.1825682371854782	0.0	1.6183934211730957	0.0	0.0	0.0	0.0	0.0	0.0	0.7292609810829163	0.0	0.0	0.06277056038379669	0.2711535692214966	0.0	0.0	0.7753413915634155	0.0	0.0	0.0	0.0	0.9184942841529846	0.0	2.566546678543091	0.0	0.0	0.0	0.0	0.0	0.0	0.0	1.148723840713501	0.0	0.0	1.024945616722107	0.0	0.0	1.338483214378357	0.16970285773277283	0.224294513463974	0.3981320858001709	0.9780750274658203	0.0	0.2928548753261566	1.7136515378952026	0.0	0.0	0.0	0.0	1.891170620918274	0.0	0.0	1.8614200353622437	0.0	0.0	0.0	0.0	1.238815426826477	1.579143762588501	0.0	0.0	2.4127683639526367	0.0	0.0	0.0	0.0	0.0	0.0	0.0	0.0	0.0	1.4145067930221558	0.0	2.2017109394073486	0.0	2.3493688106536865	1.498516321182251	0.0	0.0	0.0	0.0	0.0	0.0	0.0	0.0	0.3064950704574585	0.0	1.264574408531189	1.2173584699630737	0.0	0.0	1.4331778287887573	0.0	0.0	0.0	2.620424747467041	1.9052926301956177	1.2383801937103271	0.0	0.0	0.0	0.0	2.1743814945220947	0.9559581279754639	1.4210422039031982	1.7540720701217651	0.0	0.0	0.462349534034729	0.6294907331466675	0.09184203296899796	0.0	0.0	0.0	0.0	0.6727441549301147	0.0	0.0	0.0	1.5575884580612183	0.5643846392631531	1.4742978811264038	0.0	0.5815445780754089	0.0	1.2444262504577637	1.7230442762374878	0.0	0.0	0.0	0.15252020955085754	0.0	0.0
0.0	0.0	0.0	1.4327280521392822	0.0	0.0	2.272665023803711	0.0	2.663004159927368	1.1352486610412598	0.0	0.0	1.2744215726852417	0.6418564319610596	0.8187854290008545	1.2475051879882812	0.06876309961080551	1.6740707159042358	1.4641104936599731	1.0401722192764282	1.427951455116272	1.871154546737671	0.0	1.6222715377807617	0.0	0.0	0.8299693465232849	0.8839582204818726	1.6780297756195068	0.7408512830734253	1.4044837951660156	0.07097697257995605	0.0	1.3423423767089844	0.0	0.0	2.0027029514312744	0.0	1.819654107093811	2.098475456237793	0.0	0.0	0.0	0.0	0.0	0.0	0.0	0.0	0.0	0.29388299584388733	0.0	0.0	0.0	1.1936837434768677	2.254305362701416	0.0	0.0	0.1527150571346283	1.3677579164505005	0.8864118456840515	0.0	0.0	0.0	0.022452495992183685	0.0	0.0	0.0	0.0	0.0	1.4477523565292358	1.134673833847046	0.0	0.0	0.0	0.0	0.0	1.491640567779541	0.728144109249115	0.0	1.5076268911361694	0.0	0.0	0.5620912909507751	0.19215643405914307	1.8636435270309448	0.0	2.0288469791412354	0.0	0.5444523096084595	0.0	0.0	1.5292092561721802	0.0	1.6862781047821045	0.0	1.226507306098938	1.4414786100387573	0.0	0.0	0.1989142745733261	0.0	0.0	0.0	0.784176766872406	0.0	0.0	1.0817738771438599	0.0	0.0	0.0	0.0	0.0	0.0	0.0	0.0	0.1761527955532074	1.247135043144226	0.0	0.0	0.0	1.438371181488037	0.24391776323318481	0.0	0.03682886064052582	0.16269482672214508	1.5759248733520508	0.0	0.0	0.0	0.0	0.0	0.0	1.344427466392517	0.0	0.0	0.09867417067289352	0.40138140320777893	0.0	0.0	0.5074893236160278	0.0	0.0	0.0	0.0	0.8589891195297241	0.0	1.733824610710144	0.0	0.0	0.0	0.0	0.0	0.0	0.0	1.3376613855361938	0.0	0.0	1.1220576763153076	0.0	0.0	1.6168169975280762	1.1853740215301514	0.6218769550323486	0.21332260966300964	0.9172092080116272	0.0	0.29277604818344116	1.622122049331665	0.0	0.0	0.0	0.0	1.9573025703430176	0.0	0.0	1.211995244026184	0.0	0.0	0.0	0.0	0.489437460899353	1.8555313348770142	0.0	0.0	2.1266627311706543	0.0	0.0	0.0	0.0	0.0	0.0	0.0	0.0	0.0	1.6950774192810059	0.0	2.054304838180542	0.0	1.8390313386917114	1.3010733127593994	0.0	0.0	0.0	0.0	0.0	0.0	0.0	0.0	0.20701785385608673	0.0	0.6531887650489807	1.3857263326644897	0.0	0.0	1.5950257778167725	0.0	0.0	0.0	2.5318377017974854	1.751135230064392	1.142582654953003	0.0	0.0	0.0	0.0	2.341836452484131	0.7522271871566772	1.6478809118270874	1.8053652048110962	0.0	0.0	0.1296514868736267	0.4671318233013153	0.39424142241477966	0.0	0.0	0.0	0.0	0.33689069747924805	0.0	0.0	0.0	1.4044774770736694	0.01719927415251732	1.76511549949646	0.0	0.0	0.0	1.32949697971344	1.5847057104110718	0.0	0.0	0.0	0.0	0.0	0.0
0.0	0.0	0.0	1.0568188428878784	0.4172568917274475	0.0	1.9231879711151123	0.0	3.3416290283203125	0.24891479313373566	0.0	0.0	0.6890527606010437	1.1137864589691162	0.5595952272415161	2.058762311935425	0.5560699105262756	1.2364364862442017	1.3540571928024292	0.7315911054611206	2.4578769207000732	1.0863516330718994	0.0	1.8777649402618408	0.0	0.0	0.21693824231624603	1.5750058889389038	0.9004749655723572	0.8423029780387878	1.2177932262420654	1.067661166191101	0.0	0.8205339312553406	0.0	0.12344729155302048	1.3497391939163208	0.0	1.4093778133392334	2.322273015975952	0.0	0.0	0.0	0.0	0.0	0.0	0.0	0.0	0.0	1.5136457681655884	0.0	0.0	0.0	1.0786913633346558	1.3874585628509521	0.0	0.0	0.092153400182724	1.4669585227966309	0.9160850644111633	0.0	0.0	0.0	0.0	0.0	0.0	0.0	0.0	0.0	1.2338247299194336	0.816718339920044	0.0	0.0	0.0	0.0	0.0	1.2886062860488892	0.07650085538625717	0.0	1.6066622734069824	0.0	0.0	1.4446840286254883	0.0	1.4746907949447632	0.0	2.5380301475524902	0.0	1.2109910249710083	0.0	0.0	1.5291693210601807	0.0	0.8426463007926941	0.0	0.7109236121177673	1.2994297742843628	0.19889700412750244	0.0	0.0	0.0	0.0	0.0	0.7271208167076111	0.0	0.0	1.1146453619003296	0.0	0.0	0.0	0.0	0.0	0.0	0.0	0.0	0.0	1.0806175470352173	0.0	0.5601781010627747	0.0	0.9463005065917969	0.6334806680679321	0.0	0.0	0.29027870297431946	1.30381441116333	0.0	0.0	0.0	0.47220876812934875	0.0	0.0	0.35219258069992065	0.0	0.0	0.4454171359539032	0.6651450395584106	0.0	0.0	1.505336046218872	0.0	0.0	0.0	0.700576663017273	1.2472862005233765	0.0	2.0264523029327393	0.0	0.0	0.0	0.0	0.0	0.0	0.0	1.240423560142517	0.0	0.0	0.5813802480697632	0.0	0.0	0.9497805833816528	0.3521674573421478	0.67853844165802	0.0	0.43094685673713684	0.0	0.0	2.056946277618408	0.0	0.0	0.0	0.0	0.9086304306983948	0.0	0.0	2.2387583255767822	0.02148224227130413	0.0	0.0	0.0	1.2597675323486328	1.1767843961715698	0.0	0.0	1.3864885568618774	0.0	0.0	0.0	0.0	0.0	0.0	0.0	0.0	0.0	0.6859043836593628	0.0	1.060502290725708	0.0	2.454252243041992	1.920097827911377	0.0	0.0	0.0	0.0	0.0	0.0	0.0	0.0	0.5562583208084106	0.0	1.6329742670059204	0.8875402212142944	0.0	0.0	1.2925341129302979	0.0	0.0	0.0	2.165304183959961	2.345111608505249	1.6524951457977295	0.0	0.0	0.0	0.0	1.7846606969833374	1.4528506994247437	0.9191501140594482	1.7249279022216797	0.0	0.0	0.8515757322311401	0.746138870716095	0.0	0.0	0.0	0.0	0.0	0.7674028277397156	0.0	0.0	0.0	0.9922761917114258	0.2727351188659668	1.7143110036849976	0.0	0.516740620136261	0.0	1.6165865659713745	1.7559263706207275	0.0	0.0	0.0	0.8143157958984375	0.0	0.0
0.0	0.0	0.0	1.5204250812530518	0.0	0.0	1.2715376615524292	0.0	3.274911880493164	0.0	0.5913073420524597	0.0	0.5585581660270691	0.9622923731803894	0.14744101464748383	2.4492485523223877	1.7654180526733398	1.6545937061309814	1.2593151330947876	0.0	0.9659246206283569	0.7064425945281982	0.0	1.6334484815597534	0.0	0.0	0.0	0.030441612005233765	1.1243432760238647	0.5656034350395203	1.0951449871063232	0.43006235361099243	0.0	0.6244848370552063	0.0	0.0	0.9905351400375366	0.0	0.7907283902168274	1.4093859195709229	0.0	0.0	0.0	0.03714283928275108	0.0	0.0	1.1065362691879272	0.0	0.0	1.2314153909683228	0.0	0.0	0.0	0.7973782420158386	1.7993899583816528	0.0	0.0	0.0	0.26270154118537903	1.3288065195083618	0.0	0.0	0.0	0.0	0.0	0.0	0.0	0.0	0.0	1.3769363164901733	0.45981621742248535	0.0	0.0	0.0	0.0	0.0	0.738534688949585	0.0	0.0	0.6593331098556519	0.0	0.0	2.2856428623199463	0.05647841840982437	1.148369550704956	0.0	2.0332419872283936	0.0	1.7226215600967407	0.0	0.0	0.8602852821350098	0.0	0.6390130519866943	0.0	0.23805880546569824	0.8268218636512756	0.0	0.0	0.0	0.0	0.4381434917449951	0.0	0.05484435334801674	0.0	0.0	1.629503846168518	0.0	0.0	0.8139395117759705	0.0	0.0	0.0	0.0	0.0	0.0	0.30595967173576355	0.0	0.58674556016922	0.0	0.9280170798301697	0.3258281350135803	0.0	0.0	0.7806995511054993	1.4302457571029663	0.0	0.0	0.0	1.1802315711975098	0.0	0.0	0.0	0.0	0.0	0.6346125602722168	0.0	0.0	0.0	0.3637739419937134	0.0	0.0	0.0	0.0	0.24234655499458313	0.0	3.0034546852111816	0.0	0.0	0.0	0.0	0.0	0.0	0.0	0.5439115762710571	0.0	0.0	1.1312323808670044	0.0	0.0	0.8510907888412476	0.0	0.0	0.0	0.0	0.0	0.0	1.553958535194397	0.0	0.0	0.0	0.0	1.085099697113037	0.0	0.0	2.7329444885253906	1.1664892435073853	0.0	0.0	0.0	1.233691930770874	0.7808369994163513	0.0	0.0	1.4782800674438477	0.0	0.0	0.0	0.0	0.0	0.0	0.0	0.0	0.0	0.5517619848251343	0.0	1.4742037057876587	0.0	2.490185260772705	0.9176491498947144	0.0	0.0	0.0	0.0	0.0	0.0	0.0	0.0	0.5664342641830444	0.0	1.8176816701889038	0.6363060474395752	0.0	0.0	1.6826571226119995	0.0	0.0	0.0	1.985709547996521	1.4127695560455322	2.3306660652160645	0.2558053135871887	0.0	0.0	0.0	1.5831801891326904	0.6842443346977234	1.5780839920043945	0.7254364490509033	0.0	0.0	1.223069667816162	0.4944084584712982	0.45866501331329346	0.0	0.0	0.0	0.0	1.049930214881897	0.0	0.0	0.0	1.6134518384933472	1.3451730012893677	0.691711962223053	0.0	0.2685706913471222	0.0	0.24301987886428833	1.188652515411377	0.0	0.0	0.0	0.9086986184120178	0.0	0.0
0.0	0.0	0.0	0.0	1.738418459892273	0.0	0.0	0.0	3.090585470199585	0.0	1.1470001935958862	0.0	0.0	0.18301734328269958	0.8374218344688416	1.4993699789047241	2.179508924484253	0.10110872238874435	0.0	0.0	0.15518586337566376	0.0	0.0	0.5102828741073608	0.0	0.0	0.0	1.2820281982421875	0.0	0.0	0.0	2.121675968170166	0.0	0.005223150365054607	0.0	0.5120632648468018	0.0	0.0	0.0	0.0	0.0	0.0	0.0	1.4970628023147583	0.0	0.0	0.9538632035255432	0.0	0.0	2.779148817062378	0.0	0.0	0.0	0.17180640995502472	0.15698476135730743	0.0	0.0	0.0	0.0	0.7175580263137817	0.0	0.0	0.0	0.0	0.0	0.0	0.0	0.0	0.0	0.0	0.31054750084877014	0.0	0.0	0.0	0.0	0.0	0.0	0.0	0.0	0.5532881617546082	0.0	0.0	1.0709855556488037	0.0	0.0	0.0	0.3081040382385254	0.0	1.5194051265716553	0.0	0.0	0.0	0.0	0.16552388668060303	0.0	0.0	0.0	0.0	0.0	0.0	0.0	1.5973151922225952	0.0	0.0	0.0	0.0	0.15306693315505981	1.3896549940109253	0.0	1.7174859046936035	0.0	0.0	0.0	0.0	0.0	0.0	1.4919646978378296	0.0	2.1352431774139404	0.0	0.0	0.028305191546678543	0.0	1.3151495456695557	0.19913335144519806	1.8335027694702148	0.0	0.0	0.0	2.8251588344573975	0.0	0.0	0.43313467502593994	0.0	0.0	1.9303957223892212	0.5139594078063965	0.0	0.0	0.0	0.0	0.0	0.0	0.0	0.5850607752799988	0.0	1.367456316947937	0.0	0.0	0.0	0.0	1.124308466911316	0.0	0.0	0.0	0.0	0.0	1.1796704530715942	0.0	0.0	0.0783965215086937	0.0	0.0	0.0	0.0	0.0	0.0	2.186950445175171	0.0	0.0	0.0	0.0	0.02578543871641159	0.0	0.0	3.9278581142425537	2.5466649532318115	0.0	0.0	0.0	1.14937162399292	0.0	0.0	0.0	0.0	0.0	0.0	0.0	0.0	0.0	0.0	0.0	0.0	0.0	0.0	0.0	0.0	0.0	2.4311747550964355	0.0	0.0	0.6441652774810791	0.0	0.0	0.0	0.0	0.0	0.0	0.42506253719329834	0.0	2.9166719913482666	0.6915722489356995	0.0	0.0	0.736939549446106	0.0	0.0	0.0	0.39983782172203064	0.0067175617441535	1.7672744989395142	1.0400716066360474	0.0	0.0	0.0	0.28493377566337585	1.49331533908844	0.0	0.0	0.0	0.0	2.0748820304870605	1.6748020648956299	0.0	0.0	0.0	0.0	0.0	1.5581873655319214	0.0	0.0	0.0	0.005071559455245733	1.4956315755844116	0.0	0.0	1.357607126235962	0.0	0.06989728659391403	0.0	0.0	0.0	0.0	1.5493760108947754	0.0	0.0
0.0	0.0	0.0	1.5756958723068237	1.3043444156646729	0.0	0.8323912024497986	0.0	3.128697633743286	0.2745649218559265	0.02024446427822113	0.0	0.0	1.0673562288284302	0.8316372632980347	2.4979636669158936	1.880264401435852	0.5493434071540833	0.8139458298683167	0.3178269863128662	1.5793962478637695	0.27821776270866394	0.0	2.1762046813964844	0.0	0.0	0.0	1.055155634880066	0.24390625953674316	0.08370000869035721	0.5945451259613037	0.5430996417999268	0.0	0.5204429030418396	0.0	0.0	0.0	0.0	0.46268168091773987	1.2787834405899048	0.0	0.0	0.0	0.3659387528896332	0.0	0.0	0.37828442454338074	0.0	0.0	2.285651445388794	0.0	0.0	0.0	0.5362661480903625	0.2684936821460724	0.0	0.0	0.03065679781138897	0.7555975317955017	0.4547342360019684	0.0	0.0	0.0	0.0	0.0	0.0	0.0	0.0	0.0	0.40937623381614685	0.804600179195404	0.0	0.0	0.0	0.0	0.0	0.5109813809394836	0.0	0.0	0.6117717027664185	0.0	0.0	1.556626796722412	0.0	0.5205739736557007	0.0	1.981553316116333	0.0	2.433980941772461	0.0	0.0	1.019425868988037	0.0	0.014611848630011082	0.0	0.17648586630821228	0.7153133153915405	0.7516422867774963	0.0	0.0	0.0	0.5999543070793152	0.0	0.0	0.0	0.0	0.694437563419342	1.2014009952545166	0.0	1.0109314918518066	0.0	0.0	0.0	0.0	0.0	0.0	1.3485099077224731	0.0	0.9125568270683289	0.0	1.028328537940979	0.7737337946891785	0.0	1.2432382106781006	0.0	2.238562822341919	0.0	0.0	0.0	1.5696394443511963	0.0	0.0	0.4284802973270416	0.0	0.0	0.9252182245254517	0.9722429513931274	0.0	0.0	0.17591699957847595	0.0	0.0	0.0	0.0	1.886464238166809	0.0	2.8218352794647217	0.0	0.0	0.0	0.0	1.2383953332901	0.0	0.0	0.0	0.0	0.0	1.3319556713104248	0.0	0.0	0.1348469853401184	0.13299113512039185	0.2539636194705963	0.06879954785108566	0.0	0.0	0.0	1.9256078004837036	0.0	0.0	0.0	0.0	0.26163849234580994	0.0	0.0	2.5720014572143555	0.919086754322052	0.0	0.0	0.0	1.3005660772323608	0.0	0.0	0.0	1.092432975769043	0.0	0.0	0.0	0.0	0.0	0.0	0.0	0.0	0.0	0.6007057428359985	0.0	0.24420128762722015	0.0	2.5420126914978027	1.8515034914016724	0.0	0.0	0.0	0.0	0.0	0.0	0.0	0.0	1.430114507675171	0.0	2.205876588821411	1.924242377281189	0.0	0.0	0.7709367275238037	0.0	0.0	0.0	1.4491459131240845	1.502895712852478	1.4833312034606934	1.2121202945709229	0.0	0.0	0.0	0.8330126404762268	1.9372663497924805	0.3260093629360199	0.9423750638961792	0.0	0.0	1.7293111085891724	1.088165283203125	0.09122928977012634	0.0	0.0	0.0	0.0	1.4718165397644043	0.0	0.0	0.0	0.5704209804534912	1.074444055557251	0.3369343876838684	0.0	0.6326411366462708	0.0	1.4173177480697632	1.1909929513931274	0.0	0.0	0.0	1.5216002464294434	0.0	0.0
0.0	0.0	0.0	0.41861191391944885	0.28124603629112244	0.0	1.9463518857955933	0.0	3.112579345703125	0.6459718346595764	0.0	0.0	0.6008630394935608	0.4723811149597168	0.2813841998577118	1.6633429527282715	0.8570720553398132	1.0256054401397705	1.0029938220977783	0.9490954279899597	1.805300235748291	1.8302634954452515	0.0	1.6866987943649292	0.0	0.0	0.0	1.6439019441604614	0.6314866542816162	0.0	0.5096035599708557	1.5521538257598877	0.0	1.6945887804031372	0.0	0.7165653109550476	0.9949005246162415	0.0	1.7383370399475098	1.7652899026870728	0.0	0.0	0.0	0.0	0.0	0.0	0.0	0.0	0.0	1.271925926208496	0.0	0.0	0.0	1.0871148109436035	2.018605947494507	0.0	0.0	0.0	1.1799625158309937	0.9746938943862915	0.0	0.0	0.0	0.3726426362991333	0.0	0.0	0.0	0.0	0.0	1.2716397047042847	0.7369173765182495	0.0	0.0	0.0	0.0	0.0	0.5418170094490051	0.44808486104011536	0.0	1.3153237104415894	0.0	0.0	0.8815622329711914	0.0	1.4455338716506958	0.0	2.6530909538269043	0.0	1.5015395879745483	0.0	0.0	0.8432644009590149	0.0	0.9758129119873047	0.0	0.4665459096431732	0.8656252026557922	0.0	0.0	0.0	0.0	0.03218962624669075	0.0	0.93365478515625	0.0	0.0	0.5699288845062256	0.08142025023698807	0.0	0.0	0.0	0.0	0.0	0.0	0.0	0.0	1.0032503604888916	0.0	1.0038988590240479	0.0	0.12324906140565872	0.14595472812652588	0.0	1.1260457038879395	1.0242857933044434	1.3543754816055298	0.0	0.0	0.0	0.9940187335014343	0.0	0.0	0.0	0.0	0.0	0.2725454866886139	0.0822204202413559	0.0	0.0	1.1573283672332764	0.0	0.0	0.0	0.0	1.0325453281402588	0.0	1.9024680852890015	0.0	0.0	0.0	0.0	0.0	0.0	0.0	0.9782801270484924	0.0	0.0	0.384941965341568	0.0	0.0	1.0601791143417358	0.15877512097358704	0.1778704673051834	0.0	0.43663927912712097	0.0	0.4732469916343689	1.9721951484680176	0.0	0.0	0.0	0.0	0.9268158674240112	0.0	0.0	3.1091854572296143	0.9374069571495056	0.0	0.0	0.0	0.33745041489601135	1.0442888736724854	0.0	0.0	1.7881628274917603	0.0	0.0	0.0	0.0	0.0	0.0	0.0	0.0	0.0	0.0033001555129885674	0.0	1.7959038019180298	0.0	2.2749271392822266	1.4307688474655151	0.0	0.0	0.0	0.0	0.0	0.0	0.0	0.0	0.2699839770793915	0.0	1.0379788875579834	0.5558439493179321	0.0	0.0	1.502123236656189	0.0	0.0	0.0	2.07375168800354	1.9387736320495605	1.1930246353149414	0.0	0.0	0.0	0.0	2.4305946826934814	1.4584485292434692	0.8446950912475586	1.2873739004135132	0.0	0.0	0.549253523349762	0.7004521489143372	0.0	0.0	0.0	0.0	0.0	0.7316928505897522	0.0	0.0	0.0	1.1465482711791992	0.24533163011074066	1.3075530529022217	0.0	0.0	0.0	1.2850823402404785	1.0596747398376465	0.0	0.0	0.0	0.5866225957870483	0.0	0.0
0.0	0.0	0.0366375669836998	0.018118152394890785	0.3410928547382355	0.0	0.6096633076667786	0.0	0.8365448117256165	0.4815118610858917	0.0	0.0	0.3777513802051544	0.5933415293693542	0.316148966550827	0.3610817492008209	0.19458773732185364	0.2676893174648285	0.31046146154403687	0.4560692012310028	0.357116162776947	0.31452512741088867	0.0	1.0036698579788208	0.0	0.0	0.2766284644603729	0.7021673917770386	0.2518642544746399	0.26963403820991516	0.5215879678726196	0.46397432684898376	0.0	0.5424051880836487	0.0	0.341772198677063	0.33895343542099	0.0	0.49042999744415283	0.36651143431663513	0.0	0.0	0.0	0.0	0.0	0.0	0.0	0.0	0.0	0.5329601764678955	0.0	0.0	0.0	0.0	0.3581244945526123	0.0	0.0	0.3874432146549225	0.8500319719314575	0.001978000160306692	0.0	0.0	0.0	0.2581311762332916	0.0	0.0	0.0	0.0	0.0	0.20029999315738678	0.5653489828109741	0.0	0.0	0.02306729182600975	0.0	0.0	0.4475105106830597	0.4000701606273651	0.0	0.4843042492866516	0.0	0.0	0.3946921229362488	0.0	0.5843158960342407	0.0	0.6391108632087708	0.0	0.0	0.0	0.0	0.5188193917274475	0.0	0.38286182284355164	0.0	0.41731691360473633	0.4288367033004761	0.31350278854370117	0.0	0.31926482915878296	0.0	0.1072959303855896	0.0	0.1707766056060791	0.0	0.0	0.1038460060954094	0.10200639814138412	0.0	0.0	0.0	0.0	0.0	0.0	0.0	0.0	0.4216866195201874	0.0	0.0900718942284584	0.0	0.1284990906715393	0.4145261347293854	0.0	0.14110146462917328	0.05465369299054146	0.4435924291610718	0.0	0.0	0.0	0.22818700969219208	0.0	0.0	0.32670310139656067	0.0	0.0	0.3622007966041565	0.3905203342437744	0.0	0.0	0.02799525298178196	0.0	0.0	0.0	0.796794593334198	0.8337786793708801	0.0	0.36332646012306213	0.0	0.0	0.0	0.0	0.19645850360393524	0.0	0.0	0.3310672342777252	0.0	0.0	0.4053625762462616	0.0	0.0	0.3364139199256897	0.4064572751522064	0.30644357204437256	0.2552233338356018	0.3315151035785675	0.0	0.027180565521121025	0.8052029013633728	0.0	0.0	0.0	0.0	0.16400156915187836	0.0	0.6883856058120728	0.506782054901123	0.025232911109924316	0.0	0.0	0.2600504755973816	0.35542601346969604	0.5049188137054443	0.0	0.0	0.4921686351299286	0.0	0.0	0.0	0.0	0.0	0.0	0.0	0.0	0.0	0.37261468172073364	0.0	0.48396000266075134	0.0	0.707586944103241	0.6224989295005798	0.0	0.0	0.0	0.0	0.0	0.0	0.0	0.0	0.5068135857582092	0.0	0.32594794034957886	0.44844043254852295	0.14067010581493378	0.0	0.3820076286792755	0.0	0.0	0.0	0.6106244921684265	0.7942950129508972	0.2864382266998291	0.411779522895813	0.0	0.0	0.0	0.4214135706424713	0.8256193995475769	0.24478934705257416	0.6443297863006592	0.0	0.0	0.1405716985464096	0.31028687953948975	0.200897216796875	0.0	0.0	0.0	0.0	0.2700974941253662	0.0	0.0	0.0	0.521468997001648	0.04334992542862892	0.6254176497459412	0.0	0.19231422245502472	0.0	0.5242350101470947	0.43346133828163147	0.0	0.6062092185020447	0.0	0.0	0.0	0.0
0.0	0.0	0.0	1.9856287240982056	0.16501636803150177	0.0	1.5036803483963013	0.0	3.2297027111053467	0.0	0.3410176634788513	0.0	0.3126756250858307	1.0266362428665161	0.7701759934425354	2.9658758640289307	1.9264662265777588	1.2917485237121582	0.784500002861023	0.02317008189857006	1.2008010149002075	1.2859127521514893	0.0	1.7779674530029297	0.0	0.0	0.0	0.514480710029602	1.1357977390289307	0.6600620746612549	1.5667273998260498	0.7802705764770508	0.0	0.5842441916465759	0.0	0.0	0.44704633951187134	0.0	0.6710792779922485	2.1837642192840576	0.0	0.0	0.0	0.0	0.0	0.0	1.0772708654403687	0.0	0.0	1.804761528968811	0.0	0.0	0.0	0.8589581251144409	1.0407633781433105	0.0	0.0	0.0	0.022055156528949738	1.639966607093811	0.0	0.0	0.0	0.0	0.0	0.0	0.0	0.0	0.0	0.9920958876609802	0.5635566115379333	0.0	0.0	0.0	0.0	0.0	0.8073161244392395	0.0	0.0	0.3582751452922821	0.0	0.0	2.3656649589538574	0.0	1.241456151008606	0.0	2.0294992923736572	0.0	2.4023656845092773	0.0	0.0	0.5236218571662903	0.0	0.0	0.0	0.21934774518013	0.7746874690055847	0.0	0.0	0.0	0.0	0.43852970004081726	0.0	0.3976936638355255	0.0	0.0	1.5389821529388428	0.03792993724346161	0.0	1.1280754804611206	0.0	0.0	0.0	0.0	0.0	0.0	0.4154619872570038	0.0	0.8769387006759644	0.0	1.1475871801376343	0.0	0.0	0.0	0.5997415781021118	1.3273392915725708	0.0	0.0	0.0	1.386318564414978	0.0	0.0	0.12514208257198334	0.0	0.0	0.8496418595314026	0.3053095042705536	0.0	0.0	0.2792806327342987	0.0	0.0	0.0	0.0	0.6746132969856262	0.0	3.2416656017303467	0.0	0.0	0.0	0.0	0.0	0.0	0.0	0.07574070245027542	0.0	0.0	1.1894173622131348	0.0	0.0	0.3041829466819763	0.0	0.0	0.0	0.06469716131687164	0.0	0.0	1.940265417098999	0.0	0.0	0.0	0.0	1.0373773574829102	0.0	0.0	2.8156323432922363	0.7752047181129456	0.0	0.0	0.0	1.4065850973129272	0.7328012585639954	0.0	0.0	0.9930747151374817	0.0	0.0	0.0	0.0	0.0	0.0	0.0	0.0	0.0	0.4239254295825958	0.0	1.3478399515151978	0.0	2.453496217727661	0.5568343997001648	0.0	0.0	0.0	0.0	0.0	0.0	0.0	0.0	0.0	0.0	1.9156080484390259	0.9953686594963074	0.0	0.0	1.630876898765564	0.0	0.0	0.0	2.1120941638946533	1.2387845516204834	3.033524990081787	0.3201238811016083	0.0	0.0	0.0	1.4718278646469116	0.9240630269050598	1.1402032375335693	1.3598929643630981	0.0	0.0	1.3562705516815186	0.48988375067710876	0.0	0.0	0.0	0.0	0.0	1.5709680318832397	0.0	0.0	0.0	1.5116113424301147	1.4180388450622559	0.6579062342643738	0.0	0.5487734079360962	0.0	0.8065999150276184	1.3263163566589355	0.0	0.0	0.0	1.473258137702942	0.0	0.0
0.0	0.0	0.0	0.8872320055961609	0.5990200042724609	0.0	0.54059898853302	0.0	4.127660274505615	0.0	1.1783723831176758	0.0	0.0	0.9072189927101135	1.1590436697006226	3.203958749771118	2.267758846282959	0.42021435499191284	0.13967616856098175	0.0	0.32881322503089905	0.0	0.0	1.260246992111206	0.0	0.0	0.0	0.12497670948505402	0.45847564935684204	0.3456226587295532	0.5579162240028381	1.5465728044509888	0.0	0.0	0.0	0.0	0.0	0.0	0.0	0.8795596361160278	0.0	0.0	0.0	1.1274656057357788	0.0	0.0	1.4247794151306152	0.0	0.0	3.3034400939941406	0.0	0.0	0.0	0.7543929815292358	0.0	0.0	0.0	0.0	0.0	1.1586010456085205	0.0	0.0	0.0	0.0	0.0	0.0	0.0	0.0	0.0	0.0	0.9263186454772949	0.0	0.0	0.0	0.0	0.0	0.07287157326936722	0.0	0.0	0.181965172290802	0.0	0.0	2.392807722091675	0.0	0.19679157435894012	0.0	1.1416780948638916	0.0	2.8070242404937744	0.0	0.0	0.0	0.0	0.0	0.0	0.0	0.0	0.0	0.0	0.0	0.0	1.2486943006515503	0.0	0.0	0.0	0.0	1.1801817417144775	1.4411605596542358	0.0	1.0221707820892334	0.0	0.0	0.0	0.0	0.0	0.0	1.1602846384048462	0.0	1.4822009801864624	0.0	0.9293213486671448	0.322517454624176	0.0	0.41726380586624146	0.0	1.9442509412765503	0.0	0.0	0.0	3.1162099838256836	0.0	0.0	0.051941484212875366	0.0	0.0	2.0336880683898926	0.8376923203468323	0.0	0.0	0.0	0.0	0.0	0.0	0.0	0.5906279683113098	0.0	2.778268337249756	0.0	0.0	0.0	0.0	1.2432191371917725	0.0	0.0	0.0	0.0	0.0	1.82355535030365	0.0	0.0	0.0	0.0	0.0	0.0	0.0	0.0	0.0	2.541677951812744	0.0	0.0	0.0	0.0	0.485360711812973	0.0	0.0	3.6941423416137695	1.9257378578186035	0.0	0.0	0.0	1.866001844406128	0.14609795808792114	0.0	0.0	0.0	0.0	0.0	0.0	0.0	0.0	0.0	0.0	0.0	0.0	0.004394830204546452	0.0	0.0	0.0	3.2385542392730713	0.0	0.0	0.0	0.0	0.0	0.0	0.0	0.0	0.0	0.8739781379699707	0.0	3.142279863357544	1.4352836608886719	0.0	0.0	1.582292914390564	0.0	0.0	0.0	0.6633907556533813	0.5043574571609497	2.9993858337402344	1.2271486520767212	0.0	0.0	0.0	0.5144450068473816	1.395296335220337	0.2724038064479828	0.18020938336849213	0.0	0.0	2.078101396560669	1.1892509460449219	0.0	0.0	0.0	0.0	0.0	2.780768632888794	0.0	0.0	0.0	0.7170224785804749	2.081655502319336	0.0	0.0	1.214475154876709	0.0	0.44982483983039856	0.756716251373291	0.0	0.0	0.0	2.1982572078704834	0.0	0.0
0.0	0.0	0.0	1.1664819717407227	0.20821543037891388	0.0	1.862280249595642	0.0	3.361245632171631	0.8563250303268433	0.0	0.0	0.5269742012023926	1.3099398612976074	0.6121752262115479	2.011974811553955	1.1920661926269531	1.6222772598266602	1.0437008142471313	0.4835462272167206	1.9184650182724	1.122122049331665	0.0	1.5588998794555664	0.0	0.0	0.0	1.069944977760315	1.138885259628296	0.8299694061279297	0.9779016971588135	0.4280547797679901	0.0	0.7575877904891968	0.0	0.17157967388629913	1.1874127388000488	0.0	0.9011714458465576	1.9501935243606567	0.0	0.0	0.0	0.03281952068209648	0.0	0.0	0.5953453779220581	0.0	0.0	1.476883888244629	0.0	0.0	0.0	1.2936071157455444	1.292803406715393	0.0	0.0	0.3519720137119293	0.8157296776771545	1.213072419166565	0.0	0.0	0.0	0.0	0.0	0.0	0.0	0.0	0.0	1.103661298751831	0.6764249205589294	0.0	0.0	0.0	0.0	0.0	0.919977068901062	0.0	0.0	0.9766594171524048	0.0	0.0	1.3586734533309937	0.0	1.6406115293502808	0.0	2.24824857711792	0.0	1.3467713594436646	0.0	0.0	0.9275075793266296	0.0	0.5001436471939087	0.0	0.8341770768165588	1.3912405967712402	0.0	0.0	0.0	0.0	0.40298569202423096	0.0	0.4570075273513794	0.0	0.0	1.3320698738098145	0.22761206328868866	0.0	0.06172313168644905	0.0	0.0	0.0	0.0	0.0	0.0	0.9947160482406616	0.0	0.5179086327552795	0.0	1.163231611251831	0.33722472190856934	0.0	0.1921261101961136	0.25450703501701355	1.6927127838134766	0.0	0.0	0.0	1.1845487356185913	0.0	0.0	0.2588002681732178	0.0	0.0	0.18954086303710938	0.09912317991256714	0.0	0.0	0.8013151288032532	0.0	0.0	0.0	0.0	0.9618991613388062	0.0	2.572129726409912	0.0	0.0	0.0	0.0	0.4407641589641571	0.0	0.0	0.3860984742641449	0.0	0.0	1.1948031187057495	0.0	0.0	0.6297187805175781	0.11258362233638763	0.3106764853000641	0.0	0.1250271201133728	0.0	0.0	2.1890487670898438	0.0	0.0	0.0	0.0	1.3487871885299683	0.0	0.0	2.8450725078582764	0.637622058391571	0.0	0.0	0.0	1.0171382427215576	0.8070103526115417	0.0	0.0	1.0686935186386108	0.0	0.0	0.0	0.0	0.0	0.0	0.0	0.0	0.0	0.315317839384079	0.0	1.3028329610824585	0.0	2.5359766483306885	1.2597720623016357	0.0	0.0	0.0	0.0	0.0	0.0	0.0	0.0	0.6650894284248352	0.0	1.8542722463607788	1.4426900148391724	0.0	0.0	1.5730059146881104	0.0	0.0	0.0	1.8524677753448486	1.6049354076385498	2.104098081588745	0.28804031014442444	0.0	0.0	0.0	2.029306411743164	1.3622578382492065	0.8940612077713013	1.1988000869750977	0.0	0.0	0.6502735614776611	0.2586185038089752	0.0	0.0	0.0	0.0	0.0	0.9434540271759033	0.0	0.0	0.0	1.196994423866272	1.1167527437210083	0.9239379167556763	0.0	0.17397646605968475	0.0	1.0996888875961304	1.2695457935333252	0.0	0.0	0.0	0.826453685760498	0.0	0.0
0.0	0.0	0.0	1.3331561088562012	0.6481618881225586	0.0	1.4786947965621948	0.0	4.291692733764648	0.0	0.1705436259508133	0.0	0.0	1.7451947927474976	0.44423335790634155	2.83699369430542	1.5812517404556274	1.1233586072921753	1.0010173320770264	0.037961747497320175	0.9148419499397278	0.7714095711708069	0.0	1.8307462930679321	0.0	0.0	0.0	0.10166344046592712	0.6511130928993225	0.49705129861831665	1.521803379058838	0.9698355793952942	0.0	0.6541087627410889	0.0	0.0	0.4052619934082031	0.0	0.5756504535675049	1.7451649904251099	0.0	0.0	0.0	0.7054580450057983	0.0	0.0	0.7523864507675171	0.0	0.0	2.21414852142334	0.0	0.0	0.0	1.040158748626709	0.6744245886802673	0.0	0.0	0.0413704514503479	0.0	1.4513152837753296	0.0	0.0	0.0	0.0	0.0	0.0	0.0	0.0	0.0	0.42150750756263733	1.5203319787979126	0.0	0.0	0.0	0.0	0.0	0.3999903202056885	0.0	0.0	1.0466415882110596	0.0	0.0	2.103729248046875	0.0	0.7557061314582825	0.0	2.350036382675171	0.0	2.802807092666626	0.0	0.0	0.6743690371513367	0.0	0.0	0.0	0.0	0.6862815022468567	0.0	0.0	0.0	0.0	0.6622824668884277	0.0	0.09683684259653091	0.0	0.0	1.5223681926727295	0.7879889607429504	0.0	0.6334747076034546	0.0	0.0	0.0	0.0	0.0	0.0	0.5111607313156128	0.0	0.941564679145813	0.0	0.40834924578666687	0.7816449403762817	0.0	0.10255415737628937	0.43556976318359375	1.7312527894973755	0.0	0.0	0.0	2.0440337657928467	0.0	0.0	0.12345351278781891	0.0	0.0	1.2622755765914917	0.3458814024925232	0.0	0.0	0.2855946719646454	0.0	0.0	0.0	0.38424229621887207	0.9547566175460815	0.0	2.7880992889404297	0.0	0.0	0.0	0.0	0.6358528733253479	0.0	0.0	0.041900165379047394	0.0	0.0	1.211194634437561	0.0	0.0	0.42858466506004333	0.0	0.008298139087855816	0.0	0.13782835006713867	0.0	0.0	2.5456104278564453	0.0	0.0	0.0	0.0	0.7271048426628113	0.0	0.03650673106312752	3.427008867263794	1.1640996932983398	0.0	0.0	0.0	1.7001625299453735	0.8756064772605896	0.0	0.0	1.1725177764892578	0.0	0.0	0.0	0.0	0.0	0.0	0.0	0.0	0.0	0.334184467792511	0.0	1.1400866508483887	0.0	3.259530544281006	1.2330702543258667	0.0	0.0	0.0	0.0	0.0	0.0	0.0	0.0	0.457097589969635	0.0	3.2419044971466064	1.1074522733688354	0.0	0.0	2.0481715202331543	0.0	0.0	0.0	1.6168856620788574	1.46949303150177	2.6603541374206543	1.0886995792388916	0.0	0.0	0.0	1.370518684387207	1.5329583883285522	0.6607580780982971	1.4011372327804565	0.0	0.0	1.9440124034881592	0.5245344042778015	0.0	0.0	0.0	0.0	0.0	2.3253700733184814	0.0	0.0	0.0	0.3490823805332184	1.7429203987121582	0.2353186011314392	0.0	0.557505190372467	0.0	0.4272397458553314	1.465796947479248	0.0	0.0	0.0	1.8445430994033813	0.0	0.0
0.0	0.0	0.0	0.7593798637390137	0.7093343734741211	0.0	0.6036761999130249	0.0	3.2848055362701416	0.0	0.3797731101512909	0.0	0.17640253901481628	0.5361140370368958	0.5348147749900818	2.0340969562530518	1.6116966009140015	0.9627139568328857	0.29234766960144043	0.0	0.09198799729347229	0.23694440722465515	0.0	1.098642110824585	0.0	0.0	0.0	0.9600109457969666	0.6980872750282288	0.23031926155090332	0.38497626781463623	1.1354238986968994	0.0	0.09734760969877243	0.0	0.0	0.3087674677371979	0.0	0.0	0.7378938794136047	0.0	0.0	0.0	0.5404926538467407	0.0	0.0	1.08933424949646	0.0	0.0	1.9849685430526733	0.0	0.0	0.0	0.3108069598674774	0.5107496976852417	0.0	0.0	0.20194143056869507	0.0	0.8669071197509766	0.0	0.0	0.0	0.0	0.0	0.0	0.0	0.0	0.0	0.49623221158981323	0.715995728969574	0.0	0.0	0.0	0.0	0.0	0.024434637278318405	0.0	0.0	0.8349569439888	0.0	0.0	1.7494734525680542	0.0	0.5360870957374573	0.0	0.7741561532020569	0.0	1.6793512105941772	0.0	0.0	0.0	0.0	0.014634443446993828	0.0	0.16158385574817657	0.0	0.0	0.0	0.0	0.0	1.3026013374328613	0.0	0.0	0.0	0.0	0.8462676405906677	0.8252407908439636	0.0	1.0897215604782104	0.0	0.0	0.0	0.0	0.0	0.0	1.3669408559799194	0.0	0.5859383940696716	0.0	0.10620801895856857	0.3509630262851715	0.0	0.27701735496520996	0.5482796430587769	1.8707242012023926	0.0	0.0	0.0	1.8820700645446777	0.0	0.0	0.163434699177742	0.0	0.0	1.4454838037490845	0.963251531124115	0.0	0.0	0.1947699636220932	0.0	0.0	0.0	0.0	0.10252028703689575	0.0	1.9458669424057007	0.0	0.0	0.0	0.0	1.056751012802124	0.0	0.0	0.0	0.0	0.0	1.68996000289917	0.0	0.0	0.0	0.12939724326133728	0.0	0.0	0.0	0.0	0.0	1.6511141061782837	0.0	0.0	0.0	0.0	0.8509364128112793	0.0	0.0	2.8740055561065674	1.865590214729309	0.0	0.0	0.0	0.9975775480270386	0.5764918327331543	0.0	0.0	0.0	0.0	0.0	0.0	0.0	0.0	0.0	0.0	0.0	0.0	0.2162829339504242	0.0	0.2817464768886566	0.0	2.5803470611572266	0.3538779616355896	0.0	0.7997789978981018	0.0	0.0	0.0	0.0	0.0	0.0	0.4093260169029236	0.0	2.0183184146881104	0.9271695613861084	0.0	0.0	1.6401135921478271	0.0	0.0	0.0	1.104200005531311	0.17646083235740662	2.069960832595825	0.7557885646820068	0.0	0.0	0.0	0.7624175548553467	0.8845363855361938	0.4994666278362274	0.5689329504966736	0.0	0.0	1.4533309936523438	1.3005156517028809	0.0036068244371563196	0.0	0.0	0.0	0.0	1.5377553701400757	0.0	0.0	0.0	0.5964646339416504	1.2315394878387451	0.0	0.0	1.0019124746322632	0.0	0.19867587089538574	0.3239343464374542	0.0	0.1135522797703743	0.0	1.5984073877334595	0.0	0.0
0.0	0.0	0.0	1.1493799686431885	0.351779043674469	0.0	1.3136506080627441	0.0	3.051811933517456	0.0	0.21752221882343292	0.0	0.0	0.624627947807312	1.2708624601364136	2.7106833457946777	1.5965040922164917	0.8077120184898376	0.5044927000999451	0.19019582867622375	1.5556131601333618	0.4776309132575989	0.0	1.6935756206512451	0.0	0.0	0.0	0.8153058886528015	0.004683302249759436	0.0	0.5985777974128723	1.293173909187317	0.0	0.42985451221466064	0.0	0.0	0.17129598557949066	0.0	0.30784252285957336	1.5270764827728271	0.0	0.0	0.0	0.7660397291183472	0.0	0.0	0.646093487739563	0.0	0.0	1.942603349685669	0.0	0.0	0.0	0.6123843789100647	0.764268159866333	0.0	0.0	0.0	0.22654394805431366	1.0867220163345337	0.0	0.0	0.0	0.0	0.0	0.0	0.0	0.0	0.0	0.6626055240631104	0.7467542290687561	0.0	0.0	0.0	0.0	0.0	0.09245648980140686	0.0	0.0	1.0235427618026733	0.0	0.0	1.515450358390808	0.0	0.5247727632522583	0.0	2.2004072666168213	0.0	2.01885986328125	0.0	0.0	0.17110106348991394	0.0	0.0	0.0	0.39881983399391174	0.14905579388141632	0.021657204255461693	0.0	0.0	0.0	0.43042901158332825	0.0	0.0	0.0	0.0	0.9249565005302429	1.1226521730422974	0.0	0.8347498774528503	0.0	0.0	0.0	0.0	0.0	0.0	0.7506882548332214	0.0	1.4729655981063843	0.0	1.3655893802642822	0.5558661222457886	0.0	1.047777771949768	0.627328097820282	1.9656423330307007	0.0	0.0	0.0	1.8610838651657104	0.0	0.0	0.1906517595052719	0.0	0.0	0.43826380372047424	0.0	0.0	0.0	0.41130170226097107	0.0	0.0	0.0	0.0	0.9134689569473267	0.0	2.6714067459106445	0.0	0.0	0.0	0.0	0.6817248463630676	0.0	0.0	0.0	0.0	0.0	1.0048823356628418	0.0	0.0	0.0	0.0	0.11400961875915527	0.0	0.0	0.0	0.05988385155797005	1.8382441997528076	0.0	0.0	0.0	0.0	0.35221508145332336	0.0	0.0	3.7077906131744385	0.8778508305549622	0.0	0.0	0.0	1.1435835361480713	0.15202413499355316	0.0	0.0	0.967541515827179	0.0	0.0	0.0	0.0	0.0	0.0	0.0	0.0	0.0	0.0	0.0	0.11989893019199371	0.0	2.354207754135132	1.0092300176620483	0.0	0.0	0.0	0.0	0.0	0.0	0.0	0.0	0.9939906597137451	0.0	2.558859348297119	1.2586394548416138	0.0	0.0	1.123145580291748	0.0	0.0	0.0	1.164536952972412	0.9810648560523987	2.0597591400146484	1.1954227685928345	0.0	0.0	0.0	0.6316187977790833	1.7482844591140747	0.5031248331069946	0.46830132603645325	0.0	0.0	1.687495231628418	0.7834750413894653	0.0	0.0	0.0	0.0	0.0	1.7235169410705566	0.0	0.0	0.0	0.9029316306114197	1.259845495223999	0.050542838871479034	0.0	0.893324613571167	0.0	0.8028545379638672	0.6426138877868652	0.0	0.0	0.0	1.7864084243774414	0.0	0.0
0.0	0.0	0.0	0.4551183879375458	1.3974725008010864	0.0	0.6744664907455444	0.0	2.4102137088775635	0.0	0.0	0.0	0.3107619881629944	1.1480671167373657	1.1892141103744507	1.7544026374816895	0.6905289888381958	0.05033010616898537	0.5264523029327393	0.8062229156494141	1.1828219890594482	0.4466450810432434	0.0	1.7923824787139893	0.0	0.0	0.0	1.4546910524368286	0.5869309306144714	0.3484703600406647	0.3544289171695709	1.4912651777267456	0.0	0.074285589158535	0.0	0.7641085386276245	0.9467183351516724	0.0	0.5999767184257507	1.6260608434677124	0.0	0.0	0.0	0.23807227611541748	0.0	0.0	0.12549252808094025	0.0	0.0	2.265174627304077	0.0	0.0	0.0	0.5042478442192078	0.4873046278953552	0.0	0.0	0.2739024758338928	0.705448567867279	0.6252133250236511	0.0	0.0	0.0	0.0	0.0	0.0	0.0	0.0	0.0	0.49489766359329224	0.6758314967155457	0.0	0.0	0.0	0.0	0.0	1.253560185432434	0.0	0.0	1.024817705154419	0.0	0.0	0.8557404279708862	0.0	0.8695293664932251	0.0	1.2861682176589966	0.0	0.9028158187866211	0.0	0.0	0.2069942206144333	0.0	0.9458755254745483	0.0	0.5688490867614746	0.2371702939271927	0.14437292516231537	0.0	0.0	0.0	0.48373934626579285	0.0	0.47055721282958984	0.0	0.0	0.5575156211853027	0.9767552018165588	0.0	0.0	0.0	0.0	0.0	0.0	0.0	0.0	0.8719466924667358	0.0	0.8031378984451294	0.0	0.46187618374824524	0.47264599800109863	0.0	0.701216995716095	0.0	1.5005314350128174	0.0	0.0	0.0	1.2685356140136719	0.0	0.0	1.1891701221466064	0.0	0.0	1.0691554546356201	0.9027073383331299	0.0	0.0	0.21621830761432648	0.0	0.0	0.0	0.29969877004623413	0.5255031585693359	0.0	1.7193437814712524	0.0	0.0	0.0	0.0	0.5861591696739197	0.0	0.0	0.5266996026039124	0.0	0.0	0.7001620531082153	0.0	0.0	0.5596605539321899	0.032032325863838196	0.5104160308837891	0.0	0.5681852698326111	0.0	0.5844385027885437	1.9077401161193848	0.0	0.0	0.0	0.0	0.48799946904182434	0.0	0.0489128902554512	2.0414113998413086	0.6208391189575195	0.0	0.0	0.0	1.5452665090560913	0.44799304008483887	0.0	0.0	0.9679909348487854	0.0	0.0	0.0	0.0	0.0	0.0	0.0	0.0	0.0	0.38941073417663574	0.0	0.9588840007781982	0.0	2.341693162918091	0.8003758788108826	0.0	0.0	0.0	0.0	0.0	0.0	0.0	0.0	0.6318782567977905	0.0	1.9869112968444824	1.3144960403442383	0.0	0.0	0.6824003458023071	0.0	0.0	0.0	1.2727861404418945	1.6967294216156006	1.339730143547058	0.28316566348075867	0.0	0.0	0.0	1.0863940715789795	1.5728193521499634	0.0	0.8368864059448242	0.0	0.0	1.210160732269287	0.4967418611049652	0.0	0.0	0.0	0.0	0.0	1.3407456874847412	0.0	0.0	0.0	0.3665337562561035	0.5334407091140747	0.5716362595558167	0.0	0.6887206435203552	0.0	1.0166410207748413	1.2290288209915161	0.0	0.0	0.0	0.26001113653182983	0.0	0.0
0.0	0.0	0.0	1.0964020490646362	0.14366060495376587	0.0	1.531384825706482	0.0	2.8757128715515137	0.15847691893577576	0.0	0.0	0.0	1.1257598400115967	0.5869479775428772	2.246851682662964	1.400822639465332	1.37284255027771	0.7453899383544922	0.27346161007881165	0.7501718401908875	1.1203958988189697	0.0	1.4862772226333618	0.0	0.0	0.0	0.5083645582199097	0.6096535921096802	0.32044070959091187	0.8135325312614441	0.4811747670173645	0.0	0.966712474822998	0.0	0.0	1.0551941394805908	0.0	1.1495481729507446	1.6427433490753174	0.0	0.0	0.0	0.0	0.0	0.0	0.2960272431373596	0.0	0.0	1.1999731063842773	0.0	0.0	0.0	0.6155221462249756	1.478322982788086	0.0	0.0	0.15751607716083527	0.30251166224479675	0.9203763604164124	0.0	0.0	0.0	0.09676025807857513	0.0	0.0	0.0	0.0	0.0	1.3354512453079224	0.6224870085716248	0.0	0.0	0.0	0.0	0.0	0.06384095549583435	0.3339709937572479	0.0	0.7401676774024963	0.0	0.0	1.4457449913024902	0.0	0.8385077714920044	0.0	1.9606289863586426	0.0	1.0258458852767944	0.0	0.0	0.9221857190132141	0.0	0.7565882205963135	0.0	0.7487511038780212	1.0542430877685547	0.0	0.0	0.0	0.0	0.2926814556121826	0.0	0.3484570384025574	0.0	0.0	0.7903673648834229	0.03856180980801582	0.0	0.0	0.0	0.0	0.0	0.0	0.0	0.0	0.8400223851203918	0.0	0.4624107778072357	0.0	0.7928375005722046	0.01067748200148344	0.0	0.1509072482585907	0.3569350242614746	1.3717045783996582	0.0	0.0	0.0	0.9841818809509277	0.0	0.0	0.05784444883465767	0.0	0.0	0.35373756289482117	0.2614429295063019	0.0	0.0	0.4675542414188385	0.0	0.0	0.0	0.3646220564842224	0.386084645986557	0.0	2.0875306129455566	0.0	0.0	0.0	0.0	0.0	0.0	0.0	0.8299045562744141	0.0	0.0	1.2481153011322021	0.0	0.0	0.5530046224594116	0.04945142939686775	0.12832623720169067	0.0	0.0	0.0	0.0	1.638733148574829	0.0	0.0	0.0	0.0	0.8611623048782349	0.0	0.0	2.4120774269104004	0.4940428137779236	0.0	0.0	0.0	0.948944091796875	0.6974120140075684	0.0	0.0	0.9101192355155945	0.0	0.0	0.0	0.0	0.0	0.0	0.0	0.0	0.0	0.4057791233062744	0.0	1.1833770275115967	0.0	1.990620732307434	0.9210905432701111	0.0	0.0	0.0	0.0	0.0	0.0	0.0	0.0	0.4590108096599579	0.0	1.430914282798767	1.1328421831130981	0.0	0.0	1.1654229164123535	0.0	0.0	0.0	1.9222276210784912	0.9645833373069763	1.3727459907531738	0.3413774371147156	0.0	0.0	0.0	1.1852333545684814	1.140217661857605	0.8437091112136841	1.0670990943908691	0.0	0.0	0.751634418964386	0.39434462785720825	0.0	0.0	0.0	0.0	0.0	0.9287372827529907	0.0	0.0	0.0	0.8111786246299744	0.7757418751716614	0.9651913046836853	0.0	0.1608777493238449	0.0	0.7263760566711426	1.186589241027832	0.0	0.0	0.0	1.0768990516662598	0.0	0.0
0.0	0.0	0.0	0.6765698194503784	1.1565314531326294	0.0	1.980191707611084	0.0	4.0230793952941895	0.3583850860595703	0.0	0.0	0.4970453679561615	1.297084093093872	0.803135335445404	1.9424201250076294	0.6596822738647461	0.8411529064178467	1.4542851448059082	0.6607832312583923	2.342972755432129	1.0102282762527466	0.0	2.6998181343078613	0.0	0.0	0.2082511931657791	1.648481845855713	0.4223855137825012	0.6058313250541687	0.7359449863433838	1.8054757118225098	0.0	1.0889979600906372	0.0	0.0	1.6232870817184448	0.0	1.6480976343154907	2.3360402584075928	0.0	0.0	0.0	0.1295754611492157	0.0	0.0	0.0	0.0	0.0	2.2930386066436768	0.0	0.0	0.0	1.1694859266281128	1.421393871307373	0.0	0.0	0.028807053342461586	1.4643774032592773	0.6615890860557556	0.0	0.0	0.0	0.0	0.0	0.0	0.0	0.0	0.0	1.513542890548706	1.2908343076705933	0.0	0.0	0.0	0.0	0.0	1.166263461112976	0.20180873572826385	0.0	1.6837129592895508	0.0	0.0	1.7494615316390991	0.0	1.7750866413116455	0.0	2.927736282348633	0.0	1.0521490573883057	0.0	0.0	1.112168312072754	0.0	1.4914021492004395	0.0	1.1562490463256836	1.2419257164001465	0.5978091955184937	0.0	0.0	0.0	0.0	0.0	0.8934565782546997	0.0	0.0	0.6458740234375	0.861611545085907	0.0	0.0	0.0	0.0	0.0	0.0	0.0	0.0	1.2352443933486938	0.0	0.9880184531211853	0.0	1.5991027355194092	0.2749691903591156	0.0	1.0362087488174438	0.0004806224023923278	1.509889841079712	0.0	0.0	0.0	1.6227179765701294	0.0	0.0	0.8413281440734863	0.0	0.0	1.193838119506836	0.4928463101387024	0.0	0.0	1.739633321762085	0.0	0.0	0.0	0.5722947716712952	1.4145493507385254	0.0	2.5055840015411377	0.0	0.0	0.0	0.0	0.0	0.0	0.0	1.2107021808624268	0.0	0.0	0.5205836296081543	0.0	0.0	1.3223748207092285	0.410898894071579	0.558764636516571	0.15178044140338898	0.9330363273620605	0.0	0.757305383682251	2.4232876300811768	0.0	0.0	0.0	0.0	0.7016138434410095	0.0	0.06373794376850128	2.7847189903259277	0.2684033215045929	0.0	0.0	0.0	1.6715439558029175	1.25943124294281	0.0	0.0	1.930814504623413	0.0	0.0	0.0	0.0	0.0	0.0	0.0	0.0	0.0	0.5437272787094116	0.0	1.4458686113357544	0.0	2.806727409362793	2.1371638774871826	0.0	0.0	0.0	0.0	0.0	0.0	0.0	0.0	1.1932380199432373	0.0	2.2182137966156006	1.416589379310608	0.0	0.0	0.7704426646232605	0.0	0.0	0.0	2.470268964767456	2.7645785808563232	1.386977195739746	0.4945572316646576	0.0	0.0	0.0	2.338867664337158	2.718693256378174	0.6677122712135315	1.8124959468841553	0.0	0.0	1.6167213916778564	1.091533899307251	0.0	0.0	0.0	0.0	0.0	1.605961561203003	0.0	0.0	0.0	0.5109803676605225	0.3140960931777954	1.2970592975616455	0.0	1.0337867736816406	0.0	1.8747148513793945	1.6051703691482544	0.0	0.0	0.0	0.8537592887878418	0.0	0.0
0.0	0.0	0.0	0.6911517977714539	0.8726245164871216	0.0	1.9671096801757812	0.0	3.516958236694336	0.382625937461853	0.0	0.0	0.8341652154922485	1.2888779640197754	0.3537878394126892	2.1942062377929688	0.47140905261039734	1.4170187711715698	1.4606308937072754	0.7579290866851807	2.1151397228240967	1.564377784729004	0.0	2.21408748626709	0.0	0.0	0.003345014527440071	1.2905229330062866	0.8420056104660034	0.40578025579452515	0.39887019991874695	1.6782631874084473	0.0	1.243186116218567	0.0	1.0100672245025635	1.3068492412567139	0.0	1.5350053310394287	2.007847785949707	0.0	0.0	0.0	0.09140174090862274	0.0	0.0	0.0	0.0	0.0	1.7144060134887695	0.0	0.0	0.0	1.328231692314148	1.9548048973083496	0.0	0.0	0.16322097182273865	1.158234715461731	0.6551216840744019	0.0	0.0	0.0	0.0	0.0	0.0	0.0	0.0	0.0	1.4465736150741577	1.052249789237976	0.0	0.0	0.0	0.0	0.0	0.5789322257041931	0.43953514099121094	0.0	1.0327160358428955	0.0	0.0	0.8785251975059509	0.20526252686977386	1.5637437105178833	0.0	2.861844301223755	0.0	0.981517493724823	0.0	0.0	0.638427197933197	0.0	1.014554738998413	0.0	0.8210398554801941	1.1905779838562012	0.1907103955745697	0.0	0.0	0.0	0.0	0.0	0.7554545402526855	0.0	0.0	1.2891629934310913	0.0	0.0	0.0	0.0	0.0	0.0	0.0	0.0	0.0	0.9960640072822571	0.0	0.522779107093811	0.0	0.8421292901039124	0.6746304631233215	0.0	0.3468005955219269	0.5328661799430847	1.177964687347412	0.0	0.0	0.0	0.8541233539581299	0.0	0.0	0.28591781854629517	0.0	0.0	0.5524863600730896	0.541670024394989	0.0	0.0	1.4105710983276367	0.0	0.0	0.0	0.8742116093635559	1.5623618364334106	0.0	1.9407707452774048	0.0	0.0	0.0	0.0	0.0	0.0	0.0	1.6480062007904053	0.0	0.0	0.7551035284996033	0.0	0.0	0.8117092251777649	0.22344274818897247	0.37261268496513367	0.0	0.565463125705719	0.0	0.9564902782440186	2.1620938777923584	0.0	0.0	0.0	0.0	0.8886960744857788	0.0	0.5455635190010071	2.475482225418091	0.2443048357963562	0.0	0.0	0.0	0.4366919696331024	1.3308457136154175	0.0	0.0	1.60689115524292	0.0	0.0	0.0	0.0	0.0	0.0	0.0	0.0	0.0	0.4671943783760071	0.0	1.3579062223434448	0.0	2.5076544284820557	1.6507762670516968	0.0	0.0	0.0	0.0	0.0	0.0	0.0	0.0	0.5018444061279297	0.0	1.5508997440338135	0.6990703344345093	0.0	0.0	1.0103951692581177	0.0	0.0	0.0	2.1568384170532227	2.3398990631103516	1.4449418783187866	0.0	0.0	0.0	0.0	2.052910566329956	1.6528350114822388	0.5834453701972961	1.8064848184585571	0.0	0.0	0.6087432503700256	0.669376790523529	0.14058080315589905	0.0	0.0	0.0	0.0	1.1960917711257935	0.0	0.0	0.0	1.3227616548538208	0.0	1.555598258972168	0.0	0.07495103776454926	0.0	1.3106310367584229	1.3852653503417969	0.0	0.0	0.0	0.26706504821777344	0.0	0.0
0.0	0.0	0.0	0.7338563203811646	0.4631103575229645	0.0	1.0397337675094604	0.0	3.100226402282715	0.06756678968667984	0.0	0.0	0.06829071044921875	0.973939836025238	0.7044232487678528	2.2841148376464844	1.0261873006820679	0.8586791157722473	1.426131248474121	0.4211781620979309	1.2365038394927979	0.42637717723846436	0.0	1.6496765613555908	0.0	0.0	0.0	0.8943513631820679	0.1816370040178299	0.24586021900177002	0.8319821357727051	0.721721351146698	0.0	0.6527765989303589	0.0	0.3690071403980255	0.7008240818977356	0.0	0.19175148010253906	1.4477710723876953	0.0	0.0	0.0	0.495571494102478	0.0	0.0	0.46903568506240845	0.0	0.0	1.6815813779830933	0.0	0.0	0.0	0.6494077444076538	1.0346837043762207	0.0	0.0	0.3630797863006592	1.026269555091858	0.5759078860282898	0.0	0.0	0.0	0.0	0.0	0.0	0.0	0.0	0.0	0.6768112778663635	0.82002192735672	0.0	0.0	0.0	0.0	0.0	0.8698012828826904	0.0	0.0	0.6812164783477783	0.0	0.0	1.4039945602416992	0.0	0.44500377774238586	0.0	2.3192574977874756	0.0	1.6640812158584595	0.0	0.0	0.7787125706672668	0.0	0.6068156957626343	0.0	0.09363190084695816	0.6921182870864868	0.0	0.0	0.005220236722379923	0.0	0.3397238850593567	0.0	0.0	0.0	0.0	1.2711329460144043	0.11641813814640045	0.0	0.3937297761440277	0.0	0.0	0.0	0.0	0.0	0.0	0.6571849584579468	0.0	1.0185989141464233	0.0	0.6225982308387756	0.7759590744972229	0.0	0.0	0.4467957019805908	1.449601173400879	0.0	0.0	0.0	1.1119215488433838	0.0	0.0	0.6470603346824646	0.0	0.0	0.9864421486854553	0.8742813467979431	0.0	0.0	0.5086151957511902	0.0	0.0	0.0	0.8430547714233398	1.169377326965332	0.0	2.5356953144073486	0.0	0.0	0.0	0.0	0.5169910192489624	0.0	0.0	0.6877297163009644	0.0	0.0	0.724510133266449	0.0	0.0	0.4256132245063782	0.0	0.2740858495235443	0.0	0.34854310750961304	0.0	0.026413187384605408	2.099104166030884	0.0	0.0	0.0	0.0	0.9372759461402893	0.0	0.7726789712905884	2.3920772075653076	0.586800217628479	0.0	0.0	0.0	1.1900755167007446	0.749883770942688	0.0	0.0	1.0055761337280273	0.0	0.0	0.0	0.0	0.0	0.0	0.0	0.0	0.0	0.3365327715873718	0.0	0.6533595323562622	0.0	2.5483603477478027	0.8109787106513977	0.0	0.0	0.0	0.0	0.0	0.0	0.0	0.0	1.104865550994873	0.0	2.439516305923462	1.0876004695892334	0.0	0.0	1.2887431383132935	0.0	0.0	0.0	1.7215557098388672	1.6135603189468384	1.837179183959961	0.5858994126319885	0.0	0.0	0.0	1.0767022371292114	1.6228985786437988	0.45228853821754456	1.1172493696212769	0.0	0.0	1.000707983970642	0.962665855884552	0.0	0.0	0.0	0.0	0.0	1.4841288328170776	0.0	0.0	0.0	0.5052915811538696	0.9801755547523499	0.8226226568222046	0.0	0.7065416574478149	0.0	1.442267656326294	0.9847663044929504	0.0	0.0	0.0	0.9743696451187134	0.0	0.0
0.0	0.0	0.0	1.6697214841842651	0.44863834977149963	0.0	1.8487104177474976	0.0	3.58730411529541	0.03763824701309204	0.0	0.0	0.8264050483703613	1.0799540281295776	0.6567142009735107	2.094942569732666	0.8909393548965454	1.094581961631775	1.3179908990859985	0.6166288256645203	2.354243278503418	1.3464224338531494	0.0	1.8945311307907104	0.0	0.0	0.0	1.7134736776351929	0.7691236138343811	0.7156267166137695	1.0116788148880005	0.7341766357421875	0.0	1.103134274482727	0.0	0.2975556552410126	1.0700404644012451	0.0	1.0874985456466675	1.9035385847091675	0.0	0.0	0.0	0.21497687697410583	0.0	0.0	0.5022075176239014	0.0	0.0	1.333987832069397	0.0	0.0	0.0	1.0514945983886719	1.4428796768188477	0.0	0.0	0.0	1.2065237760543823	0.9750869870185852	0.0	0.0	0.0	0.0	0.0	0.0	0.0	0.0	0.0	1.362066626548767	0.5904452204704285	0.0	0.0	0.0	0.0	0.0	0.9510077238082886	0.0	0.0	1.2788220643997192	0.0	0.0	1.557883381843567	0.0	1.492503046989441	0.0	2.690577745437622	0.0	1.5892783403396606	0.0	0.0	0.773842453956604	0.0	0.6608293056488037	0.0	0.3730578124523163	1.2539552450180054	0.042836908251047134	0.0	0.0	0.0	0.14759957790374756	0.0	1.0198711156845093	0.0	0.0	0.9111849069595337	0.04579460620880127	0.0	0.0	0.0	0.0	0.0	0.0	0.0	0.0	0.7665258049964905	0.0	0.6666814088821411	0.0	0.9619396924972534	0.0	0.0	0.6173156499862671	0.0	1.5730947256088257	0.0	0.0	0.0	1.0308021306991577	0.0	0.0	0.44894301891326904	0.0	0.0	0.6693052053451538	0.3408637046813965	0.0	0.0	1.1530053615570068	0.0	0.0	0.0	0.0	0.7890632152557373	0.0	2.1932647228240967	0.0	0.0	0.0	0.0	0.3089565634727478	0.0	0.0	0.6731724739074707	0.0	0.0	0.861115038394928	0.0	0.0	0.9906018972396851	0.0	0.6220065355300903	0.0	0.38960859179496765	0.0	0.09397385269403458	1.7637630701065063	0.0	0.0	0.0	0.0	0.8647792339324951	0.0	0.0	3.020010232925415	0.29255571961402893	0.0	0.0	0.0	1.3785083293914795	0.7143645286560059	0.0	0.0	1.6616897583007812	0.0	0.0	0.0	0.0	0.0	0.0	0.0	0.0	0.0	0.5855299830436707	0.0	1.418168544769287	0.0	2.375343084335327	1.4579919576644897	0.0	0.0	0.0	0.0	0.0	0.0	0.0	0.0	0.41895467042922974	0.0	2.213484048843384	1.3571369647979736	0.0	0.0	1.1414070129394531	0.0	0.0	0.0	2.1256134510040283	1.9901950359344482	1.4351274967193604	0.0	0.0	0.0	0.0	1.9255768060684204	1.6422786712646484	0.4568953812122345	1.4063442945480347	0.0	0.0	0.7533095479011536	0.4757128953933716	0.0	0.0	0.0	0.0	0.0	1.7179838418960571	0.0	0.0	0.0	1.4575210809707642	0.681986927986145	1.1924304962158203	0.0	0.33684253692626953	0.0	1.6765717267990112	1.6980067491531372	0.0	0.0	0.0	0.7124233245849609	0.0	0.0
0.0	0.0	0.0	0.5358469486236572	0.1524035632610321	0.0	0.854138195514679	0.0	1.1930482387542725	0.5108445882797241	0.0	0.0	0.5584807395935059	0.7789881229400635	0.1652752310037613	0.8484508991241455	0.0	0.6078668832778931	0.6741677522659302	0.5888895392417908	0.8450530171394348	0.41314780712127686	0.0	1.152345895767212	0.0	0.0	0.2683565616607666	0.9547252058982849	0.39940205216407776	0.45704737305641174	0.6966018080711365	0.40772584080696106	0.0	0.44775786995887756	0.0	0.4227817952632904	0.6906306147575378	0.0	0.632652997970581	0.7790372371673584	0.0	0.0	0.0	0.0	0.0	0.0	0.0	0.0	0.0	0.26125568151474	0.0	0.0	0.0	0.24961479008197784	0.8894668221473694	0.0	0.0	0.206873819231987	1.1703819036483765	0.062106527388095856	0.0	0.0	0.0	0.31066039204597473	0.0	0.0	0.0	0.0	0.0	0.6941930055618286	0.672305166721344	0.0	0.0	0.0	0.0	0.0	0.6162832379341125	0.39105790853500366	0.0	0.6170699000358582	0.0	0.0	0.7097768783569336	0.0	0.8275470733642578	0.0	1.0252314805984497	0.0	0.040196068584918976	0.0	0.0	0.6264104843139648	0.0	0.4939694106578827	0.0	0.4806582033634186	0.7042104601860046	0.523106575012207	0.0	0.2924845218658447	0.0	0.0	0.0	0.1991649866104126	0.0	0.0	0.24557963013648987	0.08121319115161896	0.0	0.0	0.0	0.011338528245687485	0.0	0.0	0.0	0.0	0.643035352230072	0.0	0.0294816717505455	0.0	0.49821606278419495	0.5467787981033325	0.0	0.0	0.0	0.6700472235679626	0.0	0.0	0.0	0.0	0.0	0.0	0.35150691866874695	0.0	0.0	0.0	0.6037524342536926	0.0	0.0	0.6270020008087158	0.0	0.0	0.0	0.9518752098083496	0.9390630125999451	0.0	0.7857143878936768	0.0	0.0	0.0	0.0	0.09395691752433777	0.0	0.0	0.5233234167098999	0.0	0.0	0.6085922122001648	0.0	0.0	0.42175325751304626	0.5580588579177856	0.3521566689014435	0.1863022893667221	0.6439042091369629	0.0	0.007155332714319229	0.7593410015106201	0.0	0.0	0.0	0.0	0.31687361001968384	0.0	0.7683784365653992	0.5292091369628906	0.0	0.0	0.0	0.4056066870689392	0.5669570565223694	0.5459615588188171	0.0	0.0	0.7298867106437683	0.0	0.0	0.0	0.0	0.0	0.0	0.0	0.0	0.0	0.45588889718055725	0.0	0.7319210767745972	0.0	0.8717133402824402	0.8929001688957214	0.0	0.0	0.0	0.0	0.0	0.0	0.0	0.0	0.4931677281856537	0.0	0.5724308490753174	0.570381224155426	0.18831351399421692	0.0	0.31551289558410645	0.0	0.0	0.0	0.8488155007362366	1.1356931924819946	0.23485735058784485	0.23350821435451508	0.0	0.0	0.0	0.580276608467102	0.8398423790931702	0.30540600419044495	0.9193390607833862	0.0	0.0	0.06260784715414047	0.5196323990821838	0.42559677362442017	0.0	0.0	0.0	0.0	0.38348186016082764	0.0	0.0	0.0	0.550864577293396	0.02570970356464386	0.7570662498474121	0.0	0.35430261492729187	0.0	0.8579065799713135	0.8925800323486328	0.0	0.7400069832801819	0.0	0.05898540839552879	0.0	0.0
0.0	0.0	0.0	1.0544382333755493	0.6659997701644897	0.0	1.2832379341125488	0.0	3.316131353378296	0.0	0.0	0.0	0.5672217011451721	0.8051849603652954	0.45331865549087524	1.9262382984161377	1.5680739879608154	0.9102085828781128	0.9008690118789673	0.0	0.849791407585144	1.6899210214614868	0.0	1.7925636768341064	0.0	0.0	0.0	0.9327623248100281	0.9112518429756165	0.4582206606864929	0.8997763991355896	0.7917878031730652	0.0	1.0618431568145752	0.0	0.0	0.8386417627334595	0.0	0.8350031971931458	1.9081264734268188	0.0	0.0	0.0	0.0	0.0	0.0	0.3297121822834015	0.0	0.0	1.8509904146194458	0.0	0.0	0.0	1.5799551010131836	1.457513689994812	0.0	0.0	0.007079476490616798	0.031120184808969498	1.6328223943710327	0.0	0.0	0.0	0.0	0.0	0.0	0.0	0.0	0.0	1.027599573135376	0.824305534362793	0.0	0.0	0.0	0.0	0.0	0.15193383395671844	0.05041069537401199	0.0	0.8654659986495972	0.0	0.0	1.700044870376587	0.20809531211853027	1.2106282711029053	0.0	2.261152505874634	0.0	1.9879552125930786	0.0	0.0	0.5369705557823181	0.0	0.005112322047352791	0.0	0.0	0.5319885015487671	0.0	0.0	0.0	0.0	0.900965690612793	0.0	0.8463137149810791	0.0	0.0	1.0688611268997192	0.0	0.0	0.42070990800857544	0.0	0.0	0.0	0.0	0.0	0.0	0.14704549312591553	0.0	0.8990478515625	0.0	0.0	0.0	0.0	0.1842069923877716	1.1525442600250244	1.2124873399734497	0.0	0.0	0.0	1.3267501592636108	0.0	0.0	0.0	0.0	0.0	0.11322266608476639	0.0	0.0	0.0	1.0497350692749023	0.0	0.0	0.0	0.8132832646369934	0.9868575930595398	0.0	2.6680819988250732	0.0	0.0	0.0	0.0	0.0	0.0	0.0	0.8013649582862854	0.0	0.0	0.4033270478248596	0.0	0.0	0.3042159676551819	0.0	0.14678187668323517	0.0	0.6244407892227173	0.0	0.21093007922172546	1.8824331760406494	0.0	0.0	0.0	0.0	0.9137659668922424	0.0	0.0	3.3121156692504883	0.5552698969841003	0.0	0.0	0.0	0.8211906552314758	0.8941384553909302	0.0	0.0	1.147135615348816	0.0	0.0	0.0	0.0	0.0	0.0	0.0	0.0	0.0	0.0957382321357727	0.0	1.5385167598724365	0.0	2.4794697761535645	1.1450958251953125	0.0	0.0	0.0	0.0	0.0	0.0	0.0	0.0	0.0	0.0	1.6657963991165161	0.34710559248924255	0.0	0.0	1.4356200695037842	0.0	0.0	0.0	2.400686740875244	1.3340728282928467	2.1122775077819824	0.0	0.0	0.0	0.0	1.971323847770691	0.6379442811012268	0.5009912252426147	1.6113601922988892	0.0	0.0	1.0460463762283325	0.0	0.0	0.0	0.0	0.0	0.0	1.4420840740203857	0.0	0.0	0.0	0.6201028823852539	1.3767811059951782	0.5065154433250427	0.0	0.0	0.0	1.048821210861206	1.0883499383926392	0.0	0.0	0.0	1.5845677852630615	0.0	0.0
0.0	0.0	0.0	0.9654688239097595	1.976834774017334	0.0	0.08236563205718994	0.0	2.8060073852539062	0.0	0.6227332353591919	0.0	0.0	0.8636461496353149	1.5566593408584595	2.198582410812378	1.9877840280532837	0.0	0.0	0.2627188563346863	0.0	0.1181601732969284	0.0	1.757506012916565	0.0	0.0	0.0	0.40321725606918335	0.0	0.0	0.0	1.549338459968567	0.0	0.0	0.0	0.0	0.0	0.0	0.0	0.3976791799068451	0.0	0.0	0.0	1.5465326309204102	0.0	0.0	0.1473148912191391	0.0	0.0	3.460571527481079	0.0	0.0	0.0	0.16496801376342773	0.36750781536102295	0.0	0.0	0.1822613775730133	0.0	0.30744773149490356	0.0	0.0	0.0	0.0	0.0	0.0	0.0	0.0	0.0	0.0	1.0220046043395996	0.0	0.0	0.12935185432434082	0.0	0.0	0.0	0.04465699568390846	0.0	0.7841967940330505	0.0	0.0	1.2773398160934448	0.0	0.0	0.0	0.5852152109146118	0.0	2.2884416580200195	0.0	0.0	0.1718425303697586	0.0	0.0	0.0	0.0	0.0	0.5745310187339783	0.0	0.0	0.0	1.1143226623535156	0.0	0.0	0.0	0.0	0.12584228813648224	1.8326493501663208	0.0	1.0768790245056152	0.0	0.0	0.0	0.0	0.0	0.0	1.1520789861679077	0.0	1.86819589138031	0.0	0.35306206345558167	0.9854506254196167	0.0	1.464767575263977	0.0	1.7883985042572021	0.0	0.0	0.0	2.801053524017334	0.0	0.0	0.8998414874076843	0.0	0.0	1.7364200353622437	0.7903768420219421	0.0	0.0	0.0	0.0	0.0	0.0	0.0	1.0815540552139282	0.0	1.758440613746643	0.0	0.0	0.0	0.0	1.3754616975784302	0.0	0.0	0.0	0.0	0.0	0.8811513185501099	0.0	0.0	0.3646290600299835	0.05068938806653023	0.08424937725067139	0.0	0.08829523622989655	0.0	0.0	2.035886526107788	0.0	0.0	0.0	0.0	0.0	0.0	0.17617924511432648	3.0955142974853516	1.6304343938827515	0.0	0.0	0.0	1.561421275138855	0.0	0.0	0.0	0.0	0.0	0.0	0.0	0.0	0.0	0.0	0.0	0.0	0.0	0.0	0.0	0.0	0.0	2.3691492080688477	0.4948522746562958	0.0	0.23942096531391144	0.0	0.0	0.0	0.0	0.0	0.0	0.9990202784538269	0.0	2.706847906112671	1.5638221502304077	0.0	0.0	0.6969965100288391	0.0	0.0	0.0	0.0	0.4043829143047333	1.4501876831054688	1.352007508277893	0.0	0.0	0.0	0.3132188022136688	2.259704828262329	0.0	0.025037573650479317	0.0	0.0	2.603261947631836	1.7274103164672852	0.0	0.0	0.0	0.0	0.0	1.7859678268432617	0.0	0.0	0.0	0.0	1.5955342054367065	0.0	0.0	1.5410829782485962	0.0	0.13078191876411438	0.2300127148628235	0.0	0.35209202766418457	0.0	1.5525007247924805	0.0	0.0
0.0	0.0	0.0	0.6182351112365723	0.7123817205429077	0.0	1.1318743228912354	0.0	2.3707871437072754	0.4222048819065094	0.0	0.0	0.6665461659431458	0.7442978024482727	0.9689168930053711	1.5669068098068237	0.8150337338447571	0.9483826160430908	0.9812455773353577	0.8738577961921692	1.2655446529388428	1.2660372257232666	0.0	1.7709778547286987	0.0	0.0	0.0	1.6175998449325562	0.6289432644844055	0.2261543869972229	0.6115084886550903	0.8260087370872498	0.0	1.4692100286483765	0.0	0.8330000638961792	1.4963668584823608	0.0	0.691192626953125	1.6326147317886353	0.0	0.0	0.0	0.0	0.0	0.0	0.17152872681617737	0.0	0.0	1.57425057888031	0.0	0.0	0.0	0.567108154296875	1.424890398979187	0.0	0.0	0.0	1.1258747577667236	0.9432441592216492	0.0	0.0	0.0	0.19568566977977753	0.0	0.0	0.0	0.0	0.0	1.025835394859314	0.5137159824371338	0.0	0.0	0.0	0.0	0.0	0.7951664328575134	0.0	0.0	1.3496826887130737	0.0	0.0	1.1377912759780884	0.0	1.1895899772644043	0.0	1.632768154144287	0.0	0.7849705219268799	0.0	0.0	0.7978425621986389	0.0	1.005131721496582	0.0	0.6752655506134033	0.5062087774276733	0.0	0.0	0.03336174786090851	0.0	0.7774683833122253	0.0	0.4159509539604187	0.0	0.0	0.8659045696258545	0.16924694180488586	0.0	0.004406617488712072	0.0	0.0	0.0	0.0	0.0	0.0	0.8471789956092834	0.0	0.6246669292449951	0.0	0.30889537930488586	0.24840930104255676	0.0	0.27035364508628845	0.7184875011444092	1.516352891921997	0.0	0.0	0.0	0.9952220320701599	0.0	0.0	0.7823371291160583	0.0	0.0	0.39192673563957214	0.7825976014137268	0.0	0.0	0.6609448790550232	0.0	0.0	0.0	0.10703567415475845	1.0136619806289673	0.0	1.6343384981155396	0.0	0.0	0.0	0.0	0.1439124196767807	0.0	0.0	0.9676547646522522	0.0	0.0	0.7290015816688538	0.0	0.0	0.8112141489982605	0.38222870230674744	0.09506450593471527	0.0	0.7060323357582092	0.0	0.2887371778488159	2.0126140117645264	0.0	0.0	0.0	0.0	1.029145359992981	0.0	0.0	2.463280200958252	0.37487292289733887	0.0	0.0	0.0	0.6613869071006775	1.0508017539978027	0.0	0.0	1.1008367538452148	0.0	0.0	0.0	0.0	0.0	0.0	0.0	0.0	0.0	0.6426599025726318	0.0	1.4600439071655273	0.0	2.2348945140838623	1.0382006168365479	0.0	0.0	0.0	0.0	0.0	0.0	0.0	0.0	0.2857237458229065	0.0	1.545799970626831	0.7161134481430054	0.0	0.0	1.021054983139038	0.0	0.0	0.0	1.8001148700714111	1.612102746963501	1.4173672199249268	0.0	0.0	0.0	0.0	1.7326343059539795	1.0822018384933472	0.1873655915260315	1.2823522090911865	0.0	0.0	0.29711800813674927	0.45890185236930847	0.0	0.0	0.0	0.0	0.0	0.6876806020736694	0.0	0.0	0.0	1.0607099533081055	0.44376859068870544	0.8258584141731262	0.0	0.6163744330406189	0.0	1.421234130859375	1.2008298635482788	0.0	0.38153281807899475	0.0	0.19465261697769165	0.0	0.0
0.0	0.0	0.0	0.9523323774337769	0.62703937292099	0.0	1.1777746677398682	0.0	2.650970458984375	0.3896973729133606	0.0	0.0	0.24087153375148773	0.5372361540794373	0.7951551675796509	1.7255182266235352	0.749686598777771	0.9861264824867249	0.9809783101081848	0.8783513903617859	1.2467900514602661	1.3392595052719116	0.0	1.8579583168029785	0.0	0.0	0.10435270518064499	1.437990665435791	0.9282371401786804	0.31812596321105957	0.36528781056404114	1.0476042032241821	0.0	1.2601827383041382	0.0	0.0	1.4509811401367188	0.0	1.4190665483474731	1.8393272161483765	0.0	0.0	0.0	0.0	0.0	0.0	0.0	0.0	0.0	1.351418375968933	0.0	0.0	0.0	0.5031185150146484	1.490141749382019	0.0	0.0	0.0	1.2429027557373047	0.5959221720695496	0.0	0.0	0.0	0.5299116373062134	0.0	0.0	0.0	0.0	0.0	1.1825430393218994	0.4766038656234741	0.0	0.0	0.0	0.0	0.0	0.8994014859199524	0.3701333701610565	0.0	1.3061246871948242	0.0	0.0	1.0202922821044922	0.0	1.3008811473846436	0.0	1.737696647644043	0.0	0.8650832176208496	0.0	0.0	1.1788303852081299	0.0	1.5561918020248413	0.0	0.6307191848754883	0.719130277633667	0.28415173292160034	0.0	0.0	0.0	0.0	0.0	0.635611355304718	0.0	0.0	0.7582142353057861	0.02907629683613777	0.0	0.0	0.0	0.0	0.0	0.0	0.0	0.0	1.0627436637878418	0.0	1.0618575811386108	0.0	0.34168541431427	0.0	0.0	1.2115370035171509	0.13985209167003632	1.4021992683410645	0.0	0.0	0.0	0.8447340130805969	0.0	0.0	1.1415470838546753	0.0	0.0	0.9630265235900879	0.5133776068687439	0.0	0.0	0.39574459195137024	0.0	0.0	0.0	0.0	0.4143678545951843	0.0	1.9035228490829468	0.0	0.0	0.0	0.0	0.0	0.0	0.0	1.0230449438095093	0.0	0.0	0.6933149695396423	0.0	0.0	1.247178077697754	0.21292731165885925	0.6458619832992554	0.0	0.557697057723999	0.0	0.768783688545227	1.8554946184158325	0.0	0.0	0.0	0.0	0.7841452956199646	0.0	0.0	2.2164463996887207	0.0	0.0	0.0	0.0	0.9704523682594299	0.1250602900981903	0.0	0.0	1.6323750019073486	0.0	0.0	0.0	0.0	0.0	0.0	0.0	0.0	0.0	0.7275902628898621	0.0	1.6304922103881836	0.0	1.9657073020935059	1.3913393020629883	0.0	0.0	0.0	0.0	0.0	0.0	0.0	0.0	0.44102030992507935	0.0	1.2685003280639648	0.9835038185119629	0.0	0.0	0.7105341553688049	0.0	0.0	0.0	2.1629867553710938	1.751216173171997	1.199571967124939	0.0	0.0	0.0	0.0	1.850612998008728	0.8866593241691589	0.81417316198349	0.6774829626083374	0.0	0.0	0.8447057008743286	0.5707785487174988	0.0	0.0	0.0	0.0	0.0	0.5832645297050476	0.0	0.0	0.0	0.6388415098190308	0.28888094425201416	0.9165661334991455	0.0	0.33402958512306213	0.0	1.3167433738708496	1.2855652570724487	0.0	0.0	0.0	0.0642741471529007	0.0	0.0
0.0	0.0	0.0	0.14944465458393097	0.5095864534378052	0.0	1.3001948595046997	0.0	3.2082908153533936	0.3928222954273224	0.0	0.0	0.3822754919528961	0.5415918827056885	0.18734879791736603	0.9364153742790222	0.3349109888076782	0.841774046421051	0.7557114958763123	0.5739136934280396	1.2713291645050049	1.1105495691299438	0.0	1.2936722040176392	0.0	0.0	0.07727459818124771	1.1620063781738281	0.7545529007911682	0.4414508640766144	0.8721739649772644	1.4467267990112305	0.0	1.0002679824829102	0.0	0.08702456206083298	0.4883471429347992	0.0	1.2226507663726807	0.8705988526344299	0.0	0.0	0.0	0.16962562501430511	0.0	0.0	0.0	0.0	0.0	1.241610050201416	0.0	0.0	0.0	1.0060482025146484	1.1164876222610474	0.0	0.0	0.0	0.8106476664543152	0.9449665546417236	0.0	0.0	0.0	0.0	0.0	0.0	0.0	0.0	0.0	0.9745944142341614	0.4527912735939026	0.0	0.0	0.0	0.0	0.0	0.29202505946159363	0.0	0.0	1.0796645879745483	0.0	0.0	0.9797852635383606	0.28743353486061096	1.2196446657180786	0.0	1.716506004333496	0.0	0.7825625538825989	0.0	0.0	0.3795667588710785	0.0	0.8774166703224182	0.0	0.19789579510688782	1.1437535285949707	0.0	0.0	0.0	0.0	0.09835764020681381	0.0	0.8613542914390564	0.0	0.0	0.7170997262001038	0.0	0.0	0.0	0.0	0.0	0.0	0.0	0.0	0.0	0.6116206645965576	0.0	0.5047227740287781	0.0	0.0	0.4097699522972107	0.0	0.6094673871994019	0.7035442590713501	0.8797147274017334	0.0	0.0	0.0	1.0333671569824219	0.0	0.0	0.22831393778324127	0.0	0.0	0.23464125394821167	0.17078575491905212	0.0	0.0	1.196792483329773	0.0	0.0	0.0	0.0	0.6508889198303223	0.0	0.8945388793945312	0.0	0.0	0.0	0.0	0.0	0.0	0.0	0.7847067713737488	0.0	0.0	0.2925803065299988	0.0	0.0	0.99992835521698	0.016028782352805138	0.08564886450767517	0.0	0.16020001471042633	0.0	0.14922267198562622	1.668401837348938	0.0	0.0	0.0	0.0	0.4507389962673187	0.0	0.40781423449516296	2.660996913909912	0.6536964774131775	0.0	0.0	0.0	0.4760790169239044	1.107882022857666	0.0	0.0	0.9515474438667297	0.0	0.0	0.0	0.0	0.0	0.0	0.0	0.0	0.0	0.5394062995910645	0.0	1.1864265203475952	0.0	2.014753580093384	0.973993182182312	0.0	0.0	0.0	0.0	0.0	0.0	0.0	0.0	0.0	0.0	0.945639431476593	0.30734768509864807	0.0	0.0	0.7141610980033875	0.0	0.0	0.0	2.111889600753784	1.376768708229065	1.2117494344711304	0.0	0.0	0.0	0.0	1.7823413610458374	0.7219235897064209	0.5307421088218689	1.440722107887268	0.0	0.0	0.20021942257881165	0.24197877943515778	0.0	0.0	0.0	0.0	0.0	1.156423807144165	0.0	0.0	0.0	1.0825093984603882	0.2977312505245209	0.6980018019676208	0.0	0.04984493926167488	0.0	0.9829456210136414	1.151200294494629	0.0	0.0	0.0	0.06581505388021469	0.0	0.0
0.0	0.0	0.0	2.3068320751190186	0.0	0.0	1.8603692054748535	0.0	3.243826389312744	0.0	0.46468955278396606	0.0	0.33742499351501465	0.9866865277290344	0.07012763619422913	2.468688488006592	2.0222725868225098	1.4062994718551636	1.20937180519104	0.0	1.064771056175232	1.5994596481323242	0.0	0.7446373701095581	0.0	0.0	0.0	0.7230242490768433	1.366538643836975	0.15274940431118011	1.2184094190597534	0.1966356784105301	0.0	1.053540587425232	0.0	0.0	1.0927529335021973	0.0	0.6249531507492065	1.9274754524230957	0.0	0.0	0.0	0.0	0.0	0.0	1.8389674425125122	0.0	0.0	1.0273021459579468	0.0	0.0	0.0	1.7112847566604614	1.4889554977416992	0.0	0.0	0.0	0.479815810918808	1.5895555019378662	0.0	0.0	0.0	0.0	0.0	0.0	0.0	0.0	0.0	1.2144150733947754	0.5478084683418274	0.0	0.0	0.0	0.0	0.0	0.1626969426870346	0.0	0.0	0.21997925639152527	0.0	0.0	1.9979979991912842	0.0	1.027443289756775	0.0	2.1427955627441406	0.0	2.34946870803833	0.0	0.0	0.7878996133804321	0.0	0.0	0.0	0.24779902398586273	0.576789915561676	0.0	0.0	0.0	0.0	1.0150916576385498	0.0	0.14839813113212585	0.0	0.0	1.6776775121688843	0.0	0.0	0.8297864198684692	0.0	0.0	0.0	0.0	0.0	0.0	0.47815775871276855	0.0	0.8962012529373169	0.0	0.8526459336280823	0.054423484951257706	0.0	0.3998241722583771	1.0558973550796509	1.2428181171417236	0.0	0.0	0.0	0.7829066514968872	0.0	0.0	0.238664448261261	0.0	0.0	0.0	0.0	0.0	0.0	0.407900333404541	0.0	0.0	0.0	0.0	0.2950914800167084	0.0	2.84078049659729	0.0	0.0	0.0	0.0	0.09887388348579407	0.0	0.0	0.0	0.0	0.0	0.8683283925056458	0.0	0.0	0.056539591401815414	0.0	0.0	0.0	0.05077563226222992	0.0	0.0	1.2502620220184326	0.0	0.0	0.0	0.0	1.41176176071167	0.0	0.0	3.0172312259674072	0.8436752557754517	0.0	0.0	0.0	0.7660115957260132	0.49116411805152893	0.0	0.0	1.1271697282791138	0.0	0.0	0.0	0.0	0.0	0.0	0.0	0.0	0.0	0.6861042976379395	0.0	1.4274311065673828	0.0	1.9671900272369385	0.4789466857910156	0.0	0.0	0.0	0.0	0.0	0.0	0.0	0.0	0.0	0.0	0.6512051224708557	0.5414764285087585	0.0	0.0	1.442445158958435	0.0	0.0	0.0	2.125396966934204	1.4763909578323364	2.6794350147247314	0.0	0.0	0.0	0.0	1.527212381362915	0.17368155717849731	1.3401544094085693	1.0561845302581787	0.0	0.0	0.3729732632637024	0.0	0.15954488515853882	0.0	0.0	0.0	0.0	1.152295708656311	0.0	0.0	0.0	2.1872310638427734	1.6887048482894897	0.18466952443122864	0.0	0.0	0.0	0.966929018497467	1.3995072841644287	0.0	0.0	0.0	1.5054658651351929	0.0	0.0
0.0	0.0	0.0	0.7644051313400269	0.04916619136929512	0.0	1.0313541889190674	0.0	2.360913038253784	0.0	0.0	0.0	0.06670378893613815	0.9088319540023804	0.0	1.5268545150756836	1.1805925369262695	0.7547152638435364	0.6844777464866638	0.1379585862159729	0.9295644760131836	0.3871653079986572	0.0	1.5226939916610718	0.0	0.0	0.0	0.7863326072692871	0.4742479920387268	0.11583997309207916	0.6064881086349487	0.4775718152523041	0.0	0.48881804943084717	0.0	0.0	0.09207841753959656	0.0	0.31772857904434204	1.083815097808838	0.0	0.0	0.0	0.3999228775501251	0.0	0.0	0.5172433257102966	0.0	0.0	1.3576281070709229	0.0	0.0	0.0	0.24482356011867523	0.7583320140838623	0.0	0.0	0.1329665631055832	0.1531924307346344	0.5882255434989929	0.0	0.0	0.0	0.0	0.0	0.0	0.0	0.0	0.0	0.30791112780570984	0.20518188178539276	0.0	0.0	0.0	0.0	0.0	0.08689054846763611	0.0	0.0	0.22017230093479156	0.0	0.0	1.4143059253692627	0.0	0.11762196570634842	0.0	1.6568301916122437	0.0	1.656510591506958	0.0	0.0	0.3302936553955078	0.0	0.0	0.0	0.0	0.5009219646453857	0.027379313483834267	0.0	0.0	0.0	0.26778310537338257	0.0	0.187078595161438	0.0	0.0	0.7899532914161682	0.6291858553886414	0.0	0.5206243991851807	0.0	0.0	0.0	0.0	0.0	0.0	0.40119093656539917	0.0	0.5979219675064087	0.0	0.1133439838886261	0.11998699605464935	0.0	0.165837824344635	0.7234288454055786	0.9561471939086914	0.0	0.0	0.0	0.7623230218887329	0.0	0.0	0.0	0.0	0.0	0.6789769530296326	0.482812762260437	0.0	0.0	0.2713584005832672	0.0	0.0	0.0	1.1139928102493286	1.3301944732666016	0.0	1.571417212486267	0.0	0.0	0.0	0.0	0.30718857049942017	0.0	0.0	0.4007300138473511	0.0	0.0	0.590070903301239	0.0	0.0	0.42380210757255554	0.0	0.0	0.0	0.14962001144886017	0.0	0.0	1.254167079925537	0.0	0.0	0.0	0.0	0.5369426012039185	0.0	0.6116769313812256	2.076673984527588	0.6916909217834473	0.0	0.0	0.0	0.6734100580215454	0.4427964687347412	0.0	0.0	0.1812714785337448	0.0	0.0	0.0	0.0	0.0	0.0	0.0	0.0	0.0	0.0663357749581337	0.0	0.2280822992324829	0.0	1.8373194932937622	0.44212159514427185	0.0	0.0	0.0	0.0	0.0	0.0	0.0	0.0	0.7896661162376404	0.0	0.7650648951530457	0.3824583888053894	0.0	0.0	1.0839060544967651	0.0	0.0	0.0	0.8311173319816589	1.0131843090057373	1.668404459953308	0.9016402363777161	0.0	0.0	0.0	0.7644475102424622	0.951616644859314	0.5777028203010559	0.740611732006073	0.0	0.0	0.6395512819290161	0.37747853994369507	0.21001118421554565	0.0	0.0	0.0	0.0	0.7909940481185913	0.0	0.0	0.0	0.8919175863265991	0.39780816435813904	0.36550581455230713	0.0	0.0	0.0	0.9421456456184387	0.9218072891235352	0.0	0.0	0.0	1.1167887449264526	0.0	0.0
0.0	0.0	0.0	0.5718162059783936	1.2159521579742432	0.0	0.1297033727169037	0.0	2.453598976135254	0.0	1.404989242553711	0.0	0.0	0.0	0.4535018503665924	1.744845986366272	1.8489117622375488	0.0	0.0	0.16684482991695404	0.1680012196302414	0.13014423847198486	0.0	0.8427462577819824	0.0	0.0	0.0	0.3665539026260376	0.0	0.0	0.08288710564374924	1.5621554851531982	0.0	0.3379630446434021	0.0	0.0	0.0	0.0	0.0	0.5142339468002319	0.0	0.0	0.0	1.1682039499282837	0.0	0.0	0.6485755443572998	0.0	0.0	2.309540271759033	0.0	0.0	0.0	0.10065817087888718	0.0	0.0	0.0	0.03198569640517235	0.0	0.8114954233169556	0.0	0.0	0.0	0.0	0.0	0.0	0.0	0.0	0.0	0.0	0.0	0.0	0.0	0.0	0.0	0.0	0.0	0.0	0.0	0.20913931727409363	0.0	0.0	1.011633276939392	0.0	0.0	0.0	1.0079913139343262	0.0	1.8317701816558838	0.0	0.0	0.128191277384758	0.0	0.0	0.0	0.0	0.0	0.0	0.0	0.0	0.0	0.9491246342658997	0.0	0.0	0.0	0.0	0.0	1.0407087802886963	0.0	1.8609917163848877	0.0	0.0	0.0	0.0	0.0	0.0	0.11396359652280807	0.0	2.0990052223205566	0.0	0.0	0.0	0.0	1.1532247066497803	0.3238731920719147	1.1152732372283936	0.0	0.0	0.0	2.4693446159362793	0.0	0.0	0.0	0.0	0.0	1.0393152236938477	0.3470996022224426	0.0	0.0	0.0	0.0	0.0	0.0	0.0	0.5249291062355042	0.0	1.8167507648468018	0.0	0.0	0.0	0.0	1.1055253744125366	0.0	0.0	0.0	0.0	0.0	0.5636982321739197	0.0	0.0	0.0	0.0	0.0	0.0	0.0349595732986927	0.0	0.0	1.7617417573928833	0.0	0.0	0.0	0.0	0.0	0.0	0.0	3.440913200378418	1.7542654275894165	0.0	0.0	0.0	1.1580617427825928	0.0	0.0	0.0	0.02632302977144718	0.0	0.0	0.0	0.0	0.0	0.0	0.0	0.0	0.0	0.0	0.0	0.0	0.0	2.0649008750915527	0.10509996861219406	0.0	0.052527736872434616	0.0	0.0	0.0	0.0	0.0	0.0	0.23129430413246155	0.0	2.5593924522399902	1.0044106245040894	0.0	0.0	0.4730443060398102	0.0	0.0	0.0	0.5492226481437683	0.5340544581413269	1.882396936416626	0.9855252504348755	0.0	0.0	0.0	0.5905402302742004	1.413205862045288	0.0	0.0	0.0	0.0	1.816146969795227	0.6021745204925537	0.0	0.0	0.0	0.0	0.0	1.331411600112915	0.0	0.0	0.0	0.0	1.8401328325271606	0.0	0.0	0.6541683673858643	0.0	0.14502574503421783	0.0	0.0	0.0	0.0	1.8724473714828491	0.0	0.0
0.0	0.0	0.0	0.16046881675720215	0.11814140528440475	0.0	0.5482803583145142	0.0	0.8002827763557434	0.41794973611831665	0.0	0.0	0.5267235636711121	0.5120605230331421	0.17027932405471802	0.37337180972099304	0.0	0.3802262544631958	0.4758112132549286	0.5674116611480713	0.5133206844329834	0.23646903038024902	0.0	0.8666161894798279	0.0	0.0	0.3111044764518738	0.9791737794876099	0.3975922465324402	0.33949723839759827	0.4606187045574188	0.2554553747177124	0.0	0.4662173092365265	0.0	0.49249064922332764	0.40047794580459595	0.0	0.5881362557411194	0.5021838545799255	0.0	0.0	0.0	0.0	0.0	0.0	0.0	0.0	0.0	0.2932034432888031	0.0	0.0	0.0	0.017986886203289032	0.5567911863327026	0.0	0.0	0.315830260515213	0.9443687796592712	0.16927620768547058	0.0	0.0	0.0	0.30130764842033386	0.0	0.0	0.0	0.0	0.0	0.3707811236381531	0.5443719625473022	0.0	0.0	0.0	0.0	0.0	0.42694684863090515	0.3480902314186096	0.0	0.5475448966026306	0.0	0.0	0.3846868872642517	0.0	0.5177041888237	0.0	0.6953101754188538	0.0	0.0	0.0	0.0	0.6484731435775757	0.0	0.4685082733631134	0.0	0.3872448801994324	0.4650286138057709	0.32946130633354187	0.0	0.23425394296646118	0.0	0.0	0.0	0.24054598808288574	0.0	0.0	0.18330411612987518	0.0	0.0	0.0	0.0	0.0020543255377560854	0.0	0.0	0.0	0.0	0.2583557069301605	0.0	0.07719200849533081	0.0	0.14377470314502716	0.31657496094703674	0.0	0.0	0.0	0.29592329263687134	0.0	0.0	0.0	0.009018264710903168	0.03843877464532852	0.0	0.27463817596435547	0.0	0.0	0.21948207914829254	0.4760034382343292	0.0	0.0	0.07437293976545334	0.0	0.0	0.0	0.846477746963501	0.6800512671470642	0.0	0.33116161823272705	0.0	0.0	0.0	0.0	0.02405766025185585	0.0	0.0	0.471871554851532	0.0	0.0	0.46006128191947937	0.0	0.0	0.382159024477005	0.3388751149177551	0.35587430000305176	0.20825479924678802	0.3046089708805084	0.0	0.054818663746118546	0.49662795662879944	0.0	0.0	0.0	0.0	0.2213556170463562	0.0	0.8213750123977661	0.18163616955280304	0.0	0.0	0.0	0.2913299798965454	0.3408491015434265	0.43602418899536133	0.0	0.0	0.5506458878517151	0.0	0.0	0.0	0.0	0.0	0.0	0.0	0.0	0.0	0.5115971565246582	0.0	0.5666471123695374	0.0	0.5187850594520569	0.709761917591095	0.0	0.0	0.0	0.0	0.0	0.0	0.0	0.0	0.44766300916671753	0.0	0.22243346273899078	0.196045383810997	0.20643296837806702	0.0	0.1076667308807373	0.0	0.0	0.0	0.748901903629303	0.799331545829773	0.09904803335666656	0.2555503249168396	0.0	0.0	0.0	0.2973155379295349	0.5515130162239075	0.24131418764591217	0.6686738729476929	0.0	0.0	0.0	0.25976812839508057	0.27347463369369507	0.0	0.0	0.0	0.0	0.21964505314826965	0.0	0.0	0.0	0.4717327058315277	0.0	0.6734393239021301	0.0	0.07395631819963455	0.0	0.6007093787193298	0.6153720021247864	0.0	0.5801570415496826	0.0	0.0	0.0	0.0
0.0	0.0	0.0	0.22096796333789825	1.0913760662078857	0.0	0.3713044822216034	0.0	1.5971581935882568	0.0	0.0	0.0	0.018730556592345238	0.06452259421348572	0.8338096737861633	0.06980766355991364	0.7759780883789062	0.1335373818874359	0.4054057002067566	0.7698000073432922	0.6482085585594177	1.1493360996246338	0.0	1.4873721599578857	0.0	0.0	0.0	1.3977665901184082	0.08832623064517975	0.03955402225255966	0.0	1.3681777715682983	0.0	0.9597476720809937	0.0	0.7258597612380981	1.1498234272003174	0.0	0.8412007689476013	0.49783235788345337	0.0	0.0	0.0	0.0	0.0	0.0	0.0	0.0	0.0	1.4281108379364014	0.0	0.0	0.0	0.5926588177680969	1.2285549640655518	0.0	0.0	0.0	0.9031532406806946	0.7537217736244202	0.0	0.0	0.0	0.3796525299549103	0.0	0.0	0.0	0.0	0.0	0.911172091960907	0.4835033416748047	0.0	0.0	0.0	0.0	0.0	0.6941001415252686	0.03245158866047859	0.0	1.2609552145004272	0.0	0.0	0.0	0.0	1.184467077255249	0.0	0.8539223074913025	0.0	0.0	0.0	0.0	0.3054434061050415	0.0	2.1044509410858154	0.0	0.9159587621688843	0.0	0.05704859271645546	0.0	0.0	0.0	0.4112517237663269	0.0	0.4795547425746918	0.0	0.0	0.0	0.43109390139579773	0.0	0.0	0.0	0.0	0.0	0.0	0.0	0.0	0.4357556104660034	0.0	1.0044474601745605	0.0	0.06670289486646652	0.0	0.0	1.461726188659668	0.6899881362915039	0.8942396640777588	0.0	0.0	0.0	0.9837551116943359	0.0	0.0	0.9218522906303406	0.0	0.0	0.6955470442771912	0.4859444797039032	0.0	0.0	0.4230349063873291	0.0	0.0	0.0	0.0	0.2634991705417633	0.0	0.13132718205451965	0.0	0.0	0.0	0.0	0.0	0.0	0.0	1.0956915616989136	0.0	0.0	0.0	0.0	0.0	1.150938868522644	0.36242127418518066	0.39271780848503113	0.19124366343021393	0.955127477645874	0.0	1.174401879310608	1.4797998666763306	0.0	0.0	0.0	0.0	0.4683974087238312	0.0	0.0	1.2071287631988525	0.29732972383499146	0.0	0.0	0.0	0.41972586512565613	0.5917001962661743	0.0	0.0	1.2351371049880981	0.0	0.0	0.0	0.0	0.0	0.0	0.0	0.0	0.0	0.5905991196632385	0.0	1.1028790473937988	0.0	0.688816487789154	1.061040997505188	0.0	0.0	0.0	0.0	0.0	0.0	0.0	0.0	0.2380506843328476	0.0	0.8959279656410217	0.34620001912117004	0.0	0.0	0.13545338809490204	0.0	0.0	0.0	1.7389687299728394	1.055580496788025	0.5176789164543152	0.0	0.0	0.0	0.0	1.546474575996399	1.3666307926177979	0.0	0.6279515624046326	0.0	0.0	0.24328607320785522	0.2371187061071396	0.0	0.0	0.0	0.0	0.0	0.0	0.0	0.0	0.0	0.4918690025806427	0.4150555729866028	1.0213286876678467	0.0	0.06115113943815231	0.0	1.3629528284072876	0.329475998878479	0.0	0.29414957761764526	0.0	0.0	0.0	0.0
0.0	0.0	0.0	0.2570260763168335	0.7489144206047058	0.0	1.2232266664505005	0.0	4.855724334716797	0.0	0.6345778107643127	0.0	0.0	0.5454741716384888	0.9980480074882507	2.778357982635498	2.214369297027588	0.6795633435249329	0.3285539150238037	0.041493844240903854	1.277815818786621	0.0	0.0	1.6184396743774414	0.0	0.0	0.0	0.8791857957839966	0.24890895187854767	0.12054068595170975	0.3195659816265106	1.5762474536895752	0.0	0.0035126677248626947	0.0	0.0	0.04065617546439171	0.0	0.08768763393163681	0.7302715182304382	0.0	0.0	0.0	1.3567547798156738	0.0	0.0	0.7851706743240356	0.0	0.0	3.117929458618164	0.0	0.0	0.0	0.5242591500282288	0.4200868606567383	0.0	0.0	0.0	0.0	1.4016475677490234	0.0	0.0	0.0	0.0	0.0	0.0	0.0	0.0	0.0	0.2720614969730377	0.43252071738243103	0.0	0.0	0.0	0.0	0.0	0.3574402630329132	0.0	0.0	1.0092822313308716	0.0	0.0	1.6847347021102905	0.0	0.8035146594047546	0.0	1.7889995574951172	0.0	2.2073960304260254	0.0	0.0	0.0	0.0	0.31421107053756714	0.0	0.0	0.3607786297798157	0.0	0.0	0.0	0.0	1.3687922954559326	0.0	0.0	0.0	0.0	1.3467518091201782	1.1206340789794922	0.0	1.3283942937850952	0.0	0.0	0.0	0.0	0.0	0.0	1.409238338470459	0.0	1.8148889541625977	0.0	1.3570743799209595	0.2549808919429779	0.0	0.7649859189987183	0.7734702229499817	2.8050272464752197	0.0	0.0	0.0	2.6712279319763184	0.0	0.0	0.40588822960853577	0.0	0.0	1.9219887256622314	0.6182786822319031	0.0	0.0	0.11286690086126328	0.0	0.0	0.0	0.0	0.6499815583229065	0.0	2.734593391418457	0.0	0.0	0.0	0.0	1.1088593006134033	0.0	0.0	0.0	0.0	0.0	1.3858717679977417	0.0	0.0	0.0	0.0	0.0	0.0	0.0	0.0	0.0	2.7077555656433105	0.0	0.0	0.0	0.0	0.6474444270133972	0.0	0.0	4.775462627410889	2.4785704612731934	0.0	0.0	0.0	1.7444621324539185	0.31863129138946533	0.0	0.0	0.0	0.0	0.0	0.0	0.0	0.0	0.0	0.0	0.0	0.0	0.0	0.0	0.0	0.0	3.7623796463012695	0.6006821393966675	0.0	0.0	0.0	0.0	0.0	0.0	0.0	0.0	1.0972239971160889	0.0	3.7292747497558594	1.4988516569137573	0.0	0.0	2.0462026596069336	0.0	0.0	0.0	1.3673175573349	1.1716201305389404	2.772472858428955	1.5788819789886475	0.0	0.0	0.0	0.9364511370658875	2.3543572425842285	0.1816907376050949	0.07120919972658157	0.0	0.0	2.344426393508911	1.6959584951400757	0.0	0.0	0.0	0.0	0.0	2.1874523162841797	0.0	0.0	0.0	0.6012696623802185	1.4944816827774048	0.0	0.0	0.9604745507240295	0.0	1.3074395656585693	0.4805762469768524	0.0	0.0	0.0	2.2011024951934814	0.0	0.0
0.0	0.0	0.0	1.0678656101226807	0.19962793588638306	0.0	1.4887229204177856	0.0	3.2252821922302246	0.3336009979248047	0.0	0.0	0.43925920128822327	1.68216872215271	0.27183791995048523	2.7351760864257812	0.8010252118110657	1.3036832809448242	1.1009669303894043	0.0	1.7737505435943604	0.9716600775718689	0.0	1.6727626323699951	0.0	0.0	0.1263963282108307	0.9687174558639526	1.0050472021102905	0.8241032958030701	1.2346912622451782	0.4182003438472748	0.0	0.5466578006744385	0.0	0.12715546786785126	0.683596670627594	0.0	0.8783342242240906	1.9272081851959229	0.0	0.0	0.0	0.0	0.0	0.0	0.2606136202812195	0.0	0.0	1.0794163942337036	0.0	0.0	0.0	0.5184189677238464	1.4125739336013794	0.0	0.0	0.04317697882652283	0.9420253038406372	0.7598883509635925	0.0	0.0	0.0	0.0	0.0	0.0	0.0	0.0	0.0	0.8750616908073425	0.9276085495948792	0.0	0.0	0.0	0.0	0.0	0.7567175030708313	0.0470101423561573	0.0	1.0149970054626465	0.0	0.0	1.7962034940719604	0.14285814762115479	1.4576460123062134	0.0	2.468322277069092	0.0	1.4487229585647583	0.0	0.0	1.0951591730117798	0.0	0.0	0.0	0.6411774158477783	0.825035810470581	0.0	0.0	0.0	0.0	0.0	0.0	0.33686143159866333	0.0	0.0	1.2991091012954712	0.0335051529109478	0.0	0.47195208072662354	0.0	0.0	0.0	0.0	0.0	0.0	1.2665647268295288	0.0	0.29966244101524353	0.0	1.1739552021026611	0.7342305779457092	0.0	0.0	0.5334963798522949	1.3091340065002441	0.0	0.0	0.0	0.43855616450309753	0.0	0.0	0.0	0.0	0.0	0.4265215992927551	0.35732653737068176	0.0	0.0	1.0732245445251465	0.0	0.0	0.0	1.0884369611740112	1.6229543685913086	0.0	2.7124125957489014	0.0	0.0	0.0	0.0	0.18516308069229126	0.0	0.0	0.6503214836120605	0.0	0.0	1.5059490203857422	0.0	0.0	0.2850775420665741	0.19185568392276764	0.363019198179245	0.0	0.40965503454208374	0.0	0.0	1.9637954235076904	0.0	0.0	0.0	0.0	0.8601298928260803	0.0	0.2814416289329529	2.496649980545044	1.0134339332580566	0.0	0.0	0.0	1.1220051050186157	1.242514967918396	0.0	0.0	1.114607572555542	0.0	0.0	0.0	0.0	0.0	0.0	0.0	0.0	0.0	0.3774958848953247	0.0	1.0736870765686035	0.0	2.3701319694519043	1.3618446588516235	0.0	0.0	0.0	0.0	0.0	0.0	0.0	0.0	0.42694735527038574	0.0	1.793670892715454	0.8899547457695007	0.0	0.0	1.7880802154541016	0.0	0.0	0.0	1.6656980514526367	1.4732648134231567	1.8481981754302979	0.535110592842102	0.0	0.0	0.0	1.403140902519226	1.1312217712402344	1.2715591192245483	1.4357153177261353	0.0	0.0	0.6252758502960205	0.40903350710868835	0.09001276642084122	0.0	0.0	0.0	0.0	1.2496494054794312	0.0	0.0	0.0	0.6023461222648621	0.8373204469680786	1.010142207145691	0.0	0.2298276722431183	0.0	0.8284085392951965	1.7795888185501099	0.0	0.0	0.0	1.052140235900879	0.0	0.0
0.0	0.0	0.0	1.6017178297042847	0.0	0.0	1.3372161388397217	0.0	3.3091201782226562	0.0	0.756700336933136	0.0	0.7261478304862976	1.5145100355148315	0.3769179880619049	3.0249125957489014	1.5623184442520142	1.3060723543167114	1.1253560781478882	0.4470601975917816	0.6038421988487244	0.9690845012664795	0.0	1.5490331649780273	0.0	0.0	0.0	0.14017656445503235	1.1372798681259155	0.7819781303405762	1.4947642087936401	0.0	0.0	0.2966882586479187	0.0	0.0	0.9824913740158081	0.0	0.8073063492774963	2.259032964706421	0.0	0.0	0.0	0.0	0.0	0.0	0.4908972978591919	0.0	0.0	1.2415958642959595	0.0	0.0	0.0	0.6039124131202698	0.9049414992332458	0.0	0.0	0.0	0.42948946356773376	1.1394842863082886	0.0	0.0	0.0	0.0	0.0	0.0	0.0	0.0	0.0	0.705706775188446	1.138214349746704	0.0	0.0	0.0	0.0	0.0	0.9398912191390991	0.0	0.0	0.6196271777153015	0.0	0.0	1.519455075263977	0.10011206567287445	1.000542402267456	0.0	1.5977973937988281	0.0	2.6856558322906494	0.0	0.0	0.6075456142425537	0.0	0.0	0.0	0.12667056918144226	0.3855098783969879	0.0	0.0	0.0	0.0	0.6690190434455872	0.0	0.23378747701644897	0.0	0.0	1.9243972301483154	0.0	0.0	0.0	0.0	0.0	0.0	0.0	0.0	0.0	1.0358712673187256	0.0	0.7303934097290039	0.0	0.7566057443618774	0.7721878290176392	0.0	0.0	0.15587294101715088	2.0282297134399414	0.0	0.0	0.0	1.1619563102722168	0.0	0.0	0.5446032285690308	0.0	0.0	0.7983852624893188	0.286538302898407	0.0	0.0	0.0	0.0	0.0	0.0	0.0	1.1989308595657349	0.0	2.7955470085144043	0.0	0.0	0.0	0.0	0.29532313346862793	0.0	0.0	0.3911788761615753	0.0	0.0	2.1281192302703857	0.0	0.0	0.586819589138031	0.0	0.2045823633670807	0.0	0.2687995731830597	0.0	0.0	1.7506197690963745	0.0	0.0	0.0	0.0	1.2091761827468872	0.0	0.0	3.0790841579437256	1.0772333145141602	0.0	0.0	0.0	1.5888559818267822	0.9111030101776123	0.0	0.0	1.6208394765853882	0.0	0.0	0.0	0.0	0.0	0.0	0.0	0.0	0.0	1.0925829410552979	0.0	1.6296253204345703	0.0	2.8384218215942383	0.6137000322341919	0.0	0.0	0.0	0.0	0.0	0.0	0.0	0.0	0.019245248287916183	0.0	2.0462839603424072	1.4183290004730225	0.0	0.0	1.7875901460647583	0.0	0.0	0.0	1.7854318618774414	1.2871307134628296	2.307267427444458	0.7691715359687805	0.0	0.0	0.0	1.1423567533493042	0.6425597071647644	1.1933504343032837	0.8483081459999084	0.0	0.0	0.8845229148864746	0.24335965514183044	0.23657013475894928	0.0	0.0	0.0	0.0	1.61299729347229	0.0	0.0	0.0	1.3440618515014648	1.353300929069519	0.0439998097717762	0.0	0.8060382604598999	0.0	0.38964200019836426	1.7947075366973877	0.0	0.0	0.0	0.696658194065094	0.0	0.0
0.0	0.0	0.0	0.58238685131073	1.0507007837295532	0.0	0.821570873260498	0.0	1.8736121654510498	0.5949940085411072	0.0	0.0	0.4016796350479126	1.1341729164123535	1.1862235069274902	1.4642003774642944	0.0	0.2393195629119873	0.5248005390167236	0.5929943919181824	0.9981323480606079	0.16953584551811218	0.0	2.0934650897979736	0.0	0.0	0.08930268883705139	1.39143705368042	0.020108601078391075	0.6487656235694885	0.6116011738777161	0.6926865577697754	0.0	0.05408757925033569	0.0	0.2954998016357422	0.5232500433921814	0.0	0.42714834213256836	0.683485209941864	0.0	0.0	0.0	0.3556862473487854	0.0	0.0	0.0	0.0	0.0	1.3652740716934204	0.0	0.0	0.0	0.006346523761749268	0.5617442727088928	0.0	0.0	0.48015502095222473	1.1289421319961548	0.0	0.0	0.0	0.0	0.43628329038619995	0.0	0.0	0.0	0.0	0.0	0.606940746307373	1.0827466249465942	0.0	0.0	0.12015379965305328	0.0	0.0	0.8497629165649414	0.686632513999939	0.0	1.1222350597381592	0.0	0.0	0.6983624696731567	0.0	0.8643916845321655	0.0	1.0400537252426147	0.0	0.5886362195014954	0.0	0.0	0.44348928332328796	0.0	0.7062652707099915	0.0	0.5234271883964539	0.5179540514945984	1.0722874402999878	0.0	0.02529085986316204	0.0	0.0	0.0	0.0	0.0	0.0	0.343557745218277	0.9127116203308105	0.0	0.0	0.0	0.0	0.0	0.0	0.0	0.0	1.3875969648361206	0.0	0.4167218804359436	0.0	1.2981115579605103	0.9120810627937317	0.0	0.6846179962158203	0.0	1.574769377708435	0.0	0.0	0.0	0.8518005013465881	0.0	0.0	0.8960302472114563	0.0	0.0	0.8513603806495667	0.8272165656089783	0.0	0.0	0.3279248774051666	0.0	0.0	0.0	0.563715934753418	1.5443438291549683	0.0	1.4136518239974976	0.0	0.0	0.0	0.0	0.9245708584785461	0.0	0.0	0.3405906558036804	0.0	0.0	0.857759416103363	0.0	0.0	0.6956056952476501	0.7663754224777222	0.7052509784698486	0.6747657060623169	0.7290911078453064	0.0	0.0	1.5475873947143555	0.0	0.0	0.0	0.0	0.006775352172553539	0.0	0.46674689650535583	1.031964898109436	0.126071959733963	0.0	0.0	0.06841431558132172	1.4575603008270264	0.5407338738441467	0.0	0.0	0.6784693598747253	0.0	0.0	0.0	0.0	0.0	0.0	0.0	0.0	0.0	0.4788062870502472	0.0	0.2761281728744507	0.0	1.7190232276916504	1.2029480934143066	0.0	0.0	0.0	0.0	0.0	0.0	0.0	0.0	1.3485186100006104	0.0	1.6488094329833984	1.5337340831756592	0.0501183420419693	0.0	0.30175769329071045	0.0	0.0	0.0	0.5283219218254089	1.5449613332748413	0.3656671941280365	1.1186587810516357	0.0	0.0	0.0	0.5923501253128052	2.144716739654541	0.0	0.8326442241668701	0.0	0.0	1.0766741037368774	1.2146589756011963	0.045303650200366974	0.0	0.0	0.0	0.0	0.834940493106842	0.0	0.0	0.0	0.1661153882741928	0.09200931340456009	0.8238534331321716	0.0	1.05093252658844	0.0	1.2115514278411865	0.618674099445343	0.0	0.8720194697380066	0.0	0.34003767371177673	0.0	0.0
0.0	0.0	0.0	1.1481391191482544	0.08164630085229874	0.0	1.9408133029937744	0.0	4.344799518585205	0.0	0.0	0.0	0.17348390817642212	1.2844539880752563	0.26450246572494507	2.45493483543396	1.8711494207382202	1.4663130044937134	1.1861692667007446	0.0	0.9503989815711975	0.9729249477386475	0.0	1.748425006866455	0.0	0.0	0.0	1.7690633535385132	1.1697392463684082	0.6040821671485901	1.3185787200927734	0.5471627116203308	0.0	0.9745913147926331	0.0	0.0	1.1946099996566772	0.0	0.8124992251396179	2.4087727069854736	0.0	0.0	0.0	0.030433060601353645	0.0	0.0	0.750541627407074	0.0	0.0	1.928880214691162	0.0	0.0	0.0	1.0695509910583496	1.5342904329299927	0.0	0.0	0.3276548683643341	0.0	1.4534624814987183	0.0	0.0	0.0	0.0	0.0	0.0	0.0	0.0	0.0	1.1750701665878296	1.1361894607543945	0.0	0.0	0.0	0.0	0.0	0.0	0.0	0.0	1.3454179763793945	0.0	0.0	2.4147489070892334	0.0	1.2403217554092407	0.0	2.150496244430542	0.0	2.226524591445923	0.0	0.0	0.7679014801979065	0.0	0.5668061375617981	0.0	0.5879698395729065	1.0441914796829224	0.0	0.0	0.0	0.0	0.6934476494789124	0.0	0.5176808834075928	0.0	0.0	1.7555371522903442	0.2639625370502472	0.0	0.13973908126354218	0.0	0.0	0.0	0.0	0.0	0.0	1.526941180229187	0.0	0.33418819308280945	0.0	0.6189706325531006	0.293925940990448	0.0	0.40279459953308105	0.6558622717857361	1.8532450199127197	0.0	0.0	0.0	1.4393930435180664	0.0	0.0	0.0	0.0	0.0	1.0417225360870361	0.6036995053291321	0.0	0.0	1.1903172731399536	0.0	0.0	0.0	0.16690301895141602	0.6630501747131348	0.0	2.5423531532287598	0.0	0.0	0.0	0.0	0.29669809341430664	0.0	0.0	0.691499650478363	0.0	0.0	1.6524386405944824	0.0	0.0	0.5502957701683044	0.0	0.052208978682756424	0.0	0.3806799650192261	0.0	0.0	2.551621913909912	0.0	0.0	0.0	0.0	1.169273853302002	0.0	0.09575238823890686	3.5204010009765625	1.468429446220398	0.0	0.0	0.0	1.5183202028274536	0.9620357751846313	0.0	0.0	0.3704991936683655	0.0	0.0	0.0	0.0	0.0	0.0	0.0	0.0	0.0	0.6636989116668701	0.0	1.0257899761199951	0.0	3.4685046672821045	0.7055109143257141	0.0	0.0	0.0	0.0	0.0	0.0	0.0	0.0	0.7010605931282043	0.0	1.6853104829788208	0.9528381824493408	0.0	0.0	2.1663427352905273	0.0	0.0	0.0	2.136016368865967	1.4739865064620972	2.441769599914551	0.7724838256835938	0.0	0.0	0.0	1.6505879163742065	0.9623598456382751	1.3135333061218262	1.5007444620132446	0.0	0.0	1.2483686208724976	0.9451695084571838	0.0	0.0	0.0	0.0	0.0	1.2701038122177124	0.0	0.0	0.0	1.4937562942504883	0.8304765820503235	0.6047110557556152	0.0	0.7322918772697449	0.0	0.9362637996673584	1.6947156190872192	0.0	0.0	0.0	1.542512059211731	0.0	0.0
0.0	0.0	0.0	0.5666372776031494	1.2490450143814087	0.0	0.0	0.0	3.3089191913604736	0.0	1.1912579536437988	0.0	0.0	0.25614047050476074	1.0566885471343994	2.144341468811035	2.2490618228912354	0.09541333466768265	0.0995844155550003	0.10714849829673767	0.0	0.16630436480045319	0.0	1.115893840789795	0.0	0.0	0.0	0.2930932641029358	0.0	0.0	0.40488678216934204	1.4445830583572388	0.0	0.006925877183675766	0.0	0.0	0.3700968325138092	0.0	0.0	0.7915903329849243	0.0	0.0	0.0	0.9854470491409302	0.0	0.0	1.026187777519226	0.0	0.0	3.1447269916534424	0.0	0.0	0.0	0.3538874089717865	0.27942314743995667	0.0	0.0	0.0	0.0	1.0914210081100464	0.0	0.0	0.0	0.0	0.0	0.0	0.0	0.0	0.0	0.18185925483703613	0.4910893142223358	0.0	0.0	0.0	0.0	0.0	0.548814594745636	0.0	0.0	1.0410436391830444	0.0	0.0	1.5682270526885986	0.0	0.0	0.0	0.6851102113723755	0.0	1.8870115280151367	0.0	0.0	0.19845403730869293	0.0	0.3634882867336273	0.0	0.0	0.0	0.0	0.0	0.0	0.0	1.139199137687683	0.0	0.0	0.0	0.0	0.6530702710151672	1.1937801837921143	0.0	1.094158411026001	0.0	0.0	0.0	0.0	0.0	0.0	0.0984240472316742	0.0	2.20902943611145	0.0	0.33537551760673523	0.05518564581871033	0.0	1.1801955699920654	0.4334386885166168	1.7848902940750122	0.0	0.0	0.0	2.8844187259674072	0.0	0.0	0.7619019150733948	0.0	0.0	1.3126946687698364	0.6796205043792725	0.0	0.0	0.0	0.0	0.0	0.0	0.0	0.45912256836891174	0.0	1.6495361328125	0.0	0.0	0.0	0.0	0.5623142719268799	0.0	0.0	0.0	0.0	0.0	0.7795814275741577	0.0	0.0	0.0140982735902071	0.0	0.0	0.0	0.0	0.0	0.0	1.9172754287719727	0.0	0.0	0.0	0.0	0.0781240463256836	0.0	0.0	3.0869669914245605	1.7745333909988403	0.0	0.0	0.0	1.5891882181167603	0.0	0.0	0.0	0.0	0.0	0.0	0.0	0.0	0.0	0.0	0.0	0.0	0.0	0.0	0.0	0.3900716006755829	0.0	2.431527853012085	0.017670532688498497	0.0	0.0	0.0	0.0	0.0	0.0	0.0	0.0	0.4453044533729553	0.0	2.9123902320861816	1.2188578844070435	0.0	0.0	0.5580756664276123	0.0	0.0	0.0	0.8851750493049622	0.8748965859413147	2.3392233848571777	0.9016115069389343	0.0	0.0	0.0	0.8515943884849548	1.5943835973739624	0.0	0.1549566388130188	0.0	0.0	2.1673383712768555	0.7025136947631836	0.0	0.0	0.0	0.0	0.0	1.3573740720748901	0.0	0.0	0.0	0.19605083763599396	2.0097875595092773	0.0	0.0	0.8667345643043518	0.0	0.0	0.5487600564956665	0.0	0.0	0.0	1.678360104560852	0.0	0.0
0.0	0.0	0.0	2.1629722118377686	0.0	0.0	1.2027279138565063	0.0	2.7624006271362305	0.0	0.648587167263031	0.0	0.15864543616771698	0.6290373802185059	0.0	2.3043594360351562	2.0019657611846924	1.5182970762252808	0.6080217361450195	0.0	1.3380200862884521	0.8733698129653931	0.0	0.3289262056350708	0.0	0.0	0.0	0.25802141427993774	0.8302057385444641	0.0	0.9270122051239014	0.036056339740753174	0.0	0.7451272010803223	0.0	0.0	0.4386291205883026	0.0	0.45720118284225464	1.4800220727920532	0.0	0.0	0.0	0.1387038677930832	0.0	0.0	1.6799848079681396	0.0	0.0	1.0328739881515503	0.0	0.0	0.0	0.8989204168319702	0.7064523696899414	0.0	0.0	0.0	0.0	0.7377693057060242	0.0	0.0	0.0	0.0	0.0	0.0	0.0	0.0	0.0	0.7626489996910095	0.044100772589445114	0.0	0.0	0.0	0.0	0.0	0.0	0.0	0.0	0.3278537690639496	0.0	0.0	1.7144794464111328	0.0	0.3872276544570923	0.0	1.7102165222167969	0.0	2.6336214542388916	0.0	0.0	0.2927263379096985	0.0	0.0	0.0	0.0	0.37757736444473267	0.0	0.0	0.0	0.0	1.1624441146850586	0.0	0.1646111160516739	0.0	0.0	1.1435860395431519	0.0	0.0	1.57229483127594	0.0	0.0	0.0	0.0	0.0	0.0	0.5562387108802795	0.0	0.9017844200134277	0.0	0.707718551158905	0.23822391033172607	0.0	0.013834109529852867	0.9857604503631592	1.2643508911132812	0.0	0.0	0.0	0.7827264666557312	0.0	0.0	0.0	0.0	0.0	0.28864604234695435	0.0	0.0	0.0	0.0	0.0	0.0	0.0	0.0	0.4883019030094147	0.0	2.903803825378418	0.0	0.0	0.0	0.0	0.2946338355541229	0.0	0.0	0.0	0.0	0.0	1.550915002822876	0.0	0.0	0.0	0.0	0.0	0.0	0.0	0.0	0.0	1.301963448524475	0.0	0.0	0.0	0.0	1.1487534046173096	0.0	0.0	3.3124847412109375	1.443618893623352	0.0	0.0	0.0	0.9781725406646729	0.4051920473575592	0.0	0.0	0.35526978969573975	0.0	0.0	0.0	0.0	0.0	0.0	0.0	0.0	0.0	0.0	0.0	0.5983788371086121	0.0	2.5136375427246094	0.2699361741542816	0.0	0.0	0.0	0.0	0.0	0.0	0.0	0.0	0.04548422247171402	0.0	0.9038861989974976	0.4924071431159973	0.0	0.0	1.5098049640655518	0.0	0.0	0.0	1.3137894868850708	0.6876431703567505	2.229346513748169	0.0	0.0	0.0	0.0	0.9375174641609192	0.09348735958337784	1.4090948104858398	0.7241155505180359	0.0	0.0	0.990365207195282	0.3311006426811218	0.0	0.0	0.0	0.0	0.0	0.9207606315612793	0.0	0.0	0.0	2.02166485786438	1.0118048191070557	0.0	0.0	0.0	0.0	0.34786051511764526	0.845038890838623	0.0	0.0	0.0	2.073138952255249	0.0	0.0
0.0	0.0	0.0	0.3449523150920868	0.5720762014389038	0.0	1.2031878232955933	0.0	2.9703879356384277	0.15475600957870483	0.0	0.0	0.2646344006061554	0.7979992032051086	0.5021714568138123	1.2032779455184937	1.2210965156555176	1.1158092021942139	0.9660781025886536	0.3584519326686859	1.8710614442825317	1.312965989112854	0.0	1.4573014974594116	0.0	0.0	0.0	1.6346969604492188	0.4439985752105713	0.03991694003343582	0.7800068855285645	1.7259142398834229	0.0	1.0949974060058594	0.0	0.05115951597690582	0.8284012675285339	0.0	1.5795364379882812	1.6953849792480469	0.0	0.0	0.0	0.032417140901088715	0.0	0.0	0.6646756529808044	0.0	0.0	1.6099393367767334	0.0	0.0	0.0	1.1920273303985596	1.1242464780807495	0.0	0.0	0.0	0.8904379606246948	1.135756254196167	0.0	0.0	0.0	0.0	0.0	0.0	0.0	0.0	0.0	1.1036365032196045	0.6856123805046082	0.0	0.0	0.0	0.0	0.0	0.5897639989852905	0.0	0.0	0.9017954468727112	0.0	0.0	1.0438975095748901	0.0	1.3975573778152466	0.0	1.9470856189727783	0.0	1.1932545900344849	0.0	0.0	0.746110200881958	0.0	1.234390377998352	0.0	0.5266491174697876	0.5792263150215149	0.0	0.0	0.0	0.0	0.8541225790977478	0.0	0.8167504072189331	0.0	0.0	0.6409872174263	0.33412089943885803	0.0	0.6446059942245483	0.0	0.0	0.0	0.0	0.0	0.0	0.8036948442459106	0.0	1.0634050369262695	0.0	0.6429882645606995	0.0	0.0	1.014574408531189	0.778747022151947	1.295312762260437	0.0	0.0	0.0	1.6485825777053833	0.0	0.0	0.003996808081865311	0.0	0.0	0.3219790756702423	0.09044317901134491	0.0	0.0	1.2963624000549316	0.0	0.0	0.0	0.3041224479675293	1.126707673072815	0.0	1.7437317371368408	0.0	0.0	0.0	0.0	0.23448513448238373	0.0	0.0	0.6996892690658569	0.0	0.0	0.5906294584274292	0.0	0.0	0.6136904358863831	0.2941511869430542	0.19547119736671448	0.0	0.3215014338493347	0.0	0.42088890075683594	2.0272216796875	0.0	0.0	0.0	0.0	0.7521749138832092	0.0	0.0	2.9453742504119873	1.147192358970642	0.0	0.0	0.0	0.8951587677001953	0.7362359762191772	0.0	0.0	1.1162585020065308	0.0	0.0	0.0	0.0	0.0	0.0	0.0	0.0	0.0	0.1306939572095871	0.0	1.0655174255371094	0.0	2.3397676944732666	1.1488652229309082	0.0	0.0	0.0	0.0	0.0	0.0	0.0	0.0	0.12926609814167023	0.0	1.5709757804870605	1.04099702835083	0.0	0.0	1.2006741762161255	0.0	0.0	0.0	1.9029719829559326	1.460187315940857	1.7652475833892822	0.38714754581451416	0.0	0.0	0.0	1.7136965990066528	1.3758318424224854	0.39429545402526855	0.9320921301841736	0.0	0.0	0.9108284115791321	0.5526740550994873	0.0	0.0	0.0	0.0	0.0	0.9037297964096069	0.0	0.0	0.0	0.727405309677124	0.7254935503005981	0.7404947876930237	0.0	0.3704618513584137	0.0	1.4613823890686035	1.1191941499710083	0.0	0.0	0.0	0.8746615052223206	0.0	0.0
0.0	0.0	0.0	1.5926775932312012	0.0	0.0	1.8836266994476318	0.0	4.119636535644531	0.5666659474372864	0.0	0.0	0.5158272385597229	1.369318962097168	0.6832255721092224	2.4467060565948486	1.49485182762146	1.7323997020721436	1.2964357137680054	0.18022529780864716	1.3181307315826416	1.2830873727798462	0.0	1.8720694780349731	0.0	0.0	0.10219547152519226	1.0584591627120972	1.0799336433410645	0.46471014618873596	1.2339383363723755	0.9517872333526611	0.0	1.4643051624298096	0.0	0.0	0.9553663730621338	0.0	1.42556893825531	1.8225734233856201	0.0	0.0	0.0	0.0	0.0	0.0	0.9693284034729004	0.0	0.0	1.490886926651001	0.0	0.0	0.0	1.757599949836731	1.6741759777069092	0.0	0.0	0.0	0.6905155777931213	1.2108052968978882	0.0	0.0	0.0	0.0	0.0	0.0	0.0	0.0	0.0	1.0785086154937744	1.0770986080169678	0.0	0.0	0.0	0.0	0.0	0.5233493447303772	0.0	0.0	1.1069360971450806	0.0	0.0	2.203076124191284	0.0	1.4496862888336182	0.0	2.6980650424957275	0.0	2.12851881980896	0.0	0.0	1.0044487714767456	0.0	0.2882789969444275	0.0	0.9047029614448547	1.2762532234191895	0.0	0.0	0.0	0.0	0.610368549823761	0.0	0.5774760842323303	0.0	0.0	1.5377476215362549	0.1614382266998291	0.0	0.021900048479437828	0.0	0.0	0.0	0.0	0.0	0.0	0.48032504320144653	0.0	0.4456046223640442	0.0	0.9570178389549255	0.3062106668949127	0.0	0.1630752831697464	0.7413598299026489	1.4958906173706055	0.0	0.0	0.0	1.1578319072723389	0.0	0.0	0.0	0.0	0.0	0.46751368045806885	0.22729313373565674	0.0	0.0	0.91561359167099	0.0	0.0	0.0	0.24992820620536804	0.9741480350494385	0.0	2.4453001022338867	0.0	0.0	0.0	0.0	0.03981896489858627	0.0	0.0	0.5132378935813904	0.0	0.0	0.6543061137199402	0.0	0.0	0.9315189719200134	0.0	0.39280036091804504	0.0	0.011158883571624756	0.0	0.0	2.199585437774658	0.0	0.0	0.0	0.0	1.61863374710083	0.0	0.0	3.1947336196899414	0.6151750683784485	0.0	0.0	0.0	1.030698299407959	1.1311644315719604	0.0	0.0	1.747881293296814	0.0	0.0	0.0	0.0	0.0	0.0	0.0	0.0	0.0	0.6467114686965942	0.0	1.5255546569824219	0.0	2.934873580932617	1.2708189487457275	0.0	0.0	0.0	0.0	0.0	0.0	0.0	0.0	0.32234469056129456	0.0	1.6757094860076904	0.7856063842773438	0.0	0.0	1.71087646484375	0.0	0.0	0.0	2.415372133255005	1.808045744895935	2.521879196166992	0.019597316160798073	0.0	0.0	0.0	2.0700056552886963	0.9289835095405579	1.5859572887420654	1.9321377277374268	0.0	0.0	0.829243540763855	0.024018095806241035	0.0	0.0	0.0	0.0	0.0	1.3728539943695068	0.0	0.0	0.0	1.7690558433532715	1.3748213052749634	1.0407458543777466	0.0	0.0	0.0	1.0102616548538208	1.9904417991638184	0.0	0.0	0.0	0.9267690777778625	0.0	0.0
0.0	0.0	0.0	1.1618483066558838	0.5761160254478455	0.0	0.8741709589958191	0.0	2.269453763961792	0.0	0.22500884532928467	0.0	0.041642483323812485	0.1673882156610489	0.5735249519348145	1.9985650777816772	1.256674885749817	0.8632386922836304	0.36666005849838257	0.16527985036373138	1.1790599822998047	0.6740348935127258	0.0	1.322420597076416	0.0	0.0	0.0	1.006846308708191	0.3345501124858856	0.453633576631546	0.5383450984954834	0.8745545148849487	0.0	0.5443983674049377	0.0	0.2039284110069275	0.7938584089279175	0.0	0.13994047045707703	1.271057367324829	0.0	0.0	0.0	0.4087269902229309	0.0	0.0	0.5437203645706177	0.0	0.0	1.4150729179382324	0.0	0.0	0.0	0.4883762001991272	0.5217511057853699	0.0	0.0	0.0	0.3397216200828552	0.7773603796958923	0.0	0.0	0.0	0.05775154381990433	0.0	0.0	0.0	0.0	0.0	0.0	0.004725357051938772	0.0	0.0	0.0	0.0	0.0	0.8042404055595398	0.0	0.0	0.6797364950180054	0.0	0.0	1.1454888582229614	0.0	0.6814470291137695	0.0	1.339789628982544	0.0	1.1140213012695312	0.0	0.0	0.5399947166442871	0.0	0.7836332321166992	0.0	0.18512769043445587	0.09433769434690475	0.0	0.0	0.0	0.0	0.30528780817985535	0.0	0.3797959089279175	0.0	0.0	0.08966023474931717	0.274728387594223	0.0	0.03746366873383522	0.0	0.0	0.0	0.0	0.0	0.0	0.6205921173095703	0.0	1.2826783657073975	0.0	0.5914090275764465	0.0	0.0	0.6877586841583252	0.15312153100967407	1.073043704032898	0.0	0.0	0.0	1.0803898572921753	0.0	0.0	0.23137548565864563	0.0	0.0	0.7158754467964172	0.08097121864557266	0.0	0.0	0.22261051833629608	0.0	0.0	0.0	0.0	0.10169081389904022	0.0	1.673585295677185	0.0	0.0	0.0	0.0	0.21477694809436798	0.0	0.0	0.0	0.0	0.0	0.6171295046806335	0.0	0.0	0.218023419380188	0.004611231852322817	0.16728076338768005	0.0	0.08468131721019745	0.0	0.15393704175949097	1.5915910005569458	0.0	0.0	0.0	0.0	0.22234076261520386	0.0	0.0	2.473686695098877	0.7615426182746887	0.0	0.0	0.0	0.6875990629196167	0.11312109231948853	0.0	0.0	0.8310601115226746	0.0	0.0	0.0	0.0	0.0	0.0	0.0	0.0	0.0	0.0	0.0	1.084084391593933	0.0	2.1864426136016846	0.9136325716972351	0.0	0.0	0.0	0.0	0.0	0.0	0.0	0.0	0.5037342309951782	0.0	1.8018059730529785	0.8566992878913879	0.0	0.0	0.6426697373390198	0.0	0.0	0.0	1.1836134195327759	1.3260023593902588	1.389827013015747	0.4760913550853729	0.0	0.0	0.0	0.8846821784973145	1.557706594467163	0.1640051305294037	0.5969581604003906	0.0	0.0	0.8716781139373779	0.4873146414756775	0.0	0.0	0.0	0.0	0.0	0.8517323732376099	0.0	0.0	0.0	0.4174642264842987	1.0117812156677246	0.4362405240535736	0.0	0.5596171617507935	0.0	0.6114227175712585	0.9342387914657593	0.0	0.0	0.0	0.9466089606285095	0.0	0.0
0.0	0.0	0.0	0.8205493092536926	0.0	0.0	1.801962971687317	0.0	2.5187716484069824	1.014078974723816	0.0	0.0	1.0545035600662231	0.5967162251472473	0.5674193501472473	1.8409111499786377	0.09571366012096405	1.4375838041305542	1.266245722770691	0.8380663394927979	2.0734004974365234	1.40743887424469	0.0	1.3820281028747559	0.0	0.0	0.22328564524650574	1.452622652053833	1.3321688175201416	0.492642879486084	1.0957199335098267	0.3282621502876282	0.0	1.4154322147369385	0.0	0.18924590945243835	1.6598564386367798	0.0	1.4206910133361816	2.0403873920440674	0.0	0.0	0.0	0.0	0.0	0.0	0.005266230553388596	0.0	0.0	0.4735962450504303	0.0	0.0	0.0	0.9288854598999023	1.8895984888076782	0.0	0.0	0.19110512733459473	1.3314796686172485	0.6129434704780579	0.0	0.0	0.0	0.45091962814331055	0.0	0.0	0.0	0.0	0.0	1.470749855041504	0.42674991488456726	0.0	0.0	0.0	0.0	0.0	1.5906939506530762	0.0	0.0	0.901691198348999	0.0	0.0	1.115042805671692	0.2906283438205719	1.440503478050232	0.0	2.357851028442383	0.0	0.8117530941963196	0.0	0.0	1.3689603805541992	0.0	1.365417242050171	0.0	0.9422615766525269	1.1901482343673706	0.0	0.0	0.0	0.0	0.0	0.0	0.4531714916229248	0.0	0.0	0.7167554497718811	0.0	0.0	0.0	0.0	0.0	0.0	0.0	0.0	0.0	0.9671487808227539	0.0	0.0	0.0	1.5956364870071411	0.0	0.0	0.18131612241268158	0.20027320086956024	1.4469105005264282	0.0	0.0	0.0	0.0	0.0	0.0	0.7537323236465454	0.0	0.0	0.22526657581329346	0.6734501719474792	0.0	0.0	0.9659523367881775	0.0	0.0	0.0	0.0	1.138412594795227	0.0	1.8806580305099487	0.0	0.0	0.0	0.0	0.0	0.0	0.0	1.023128867149353	0.0	0.0	0.7622594237327576	0.0	0.0	0.9374755024909973	0.4821014404296875	0.2639300227165222	0.04077928885817528	0.6471060514450073	0.0	0.3216759264469147	1.7512370347976685	0.0	0.0	0.0	0.0	1.6255782842636108	0.0	0.0	1.7001594305038452	0.0	0.0	0.0	0.0	0.4742574691772461	1.4654324054718018	0.0	0.0	1.9121527671813965	0.0	0.0	0.0	0.0	0.0	0.0	0.0	0.0	0.0	0.7231665253639221	0.0	1.9252179861068726	0.0	1.83182692527771	1.246595859527588	0.0	0.0	0.0	0.0	0.0	0.0	0.0	0.0	0.33502134680747986	0.0	1.1592309474945068	1.0723129510879517	0.0	0.0	1.2809113264083862	0.0	0.0	0.0	1.830479383468628	2.1993792057037354	1.197440505027771	0.006464598700404167	0.0	0.0	0.0	2.259049654006958	1.33832585811615	1.1449267864227295	1.167803168296814	0.0	0.0	0.07542186230421066	0.23910601437091827	0.2982020676136017	0.0	0.0	0.0	0.0	0.2537451684474945	0.0	0.0	0.0	1.3601373434066772	0.40630850195884705	1.4175187349319458	0.0	0.3109542429447174	0.0	1.2506061792373657	1.5170037746429443	0.0	0.0	0.0	0.28157222270965576	0.0	0.0
0.0	0.0	0.0	1.4422768354415894	0.26861363649368286	0.0	1.8827484846115112	0.0	3.8496031761169434	0.0	0.0	0.0	0.4149091839790344	0.4072847068309784	0.09420657157897949	1.7087842226028442	1.3771651983261108	1.18136465549469	1.090682029724121	0.2589608132839203	1.6762809753417969	2.1679956912994385	0.0	1.6990137100219727	0.0	0.0	0.0	2.0431978702545166	1.0731383562088013	0.4083968997001648	0.6119388341903687	1.1514748334884644	0.0	1.4078255891799927	0.0	0.11464474350214005	1.84557044506073	0.0	1.5588394403457642	2.44193434715271	0.0	0.0	0.0	0.0	0.0	0.0	0.34169310331344604	0.0	0.0	2.140200138092041	0.0	0.0	0.0	0.9657120704650879	2.4934940338134766	0.0	0.0	0.0	0.2057887464761734	1.8903635740280151	0.0	0.0	0.0	0.0	0.0	0.0	0.0	0.0	0.0	2.139610528945923	0.0	0.0	0.0	0.0	0.0	0.0	0.05736859515309334	0.0	0.0	1.1256157159805298	0.0	0.0	1.88289475440979	0.19061900675296783	1.93419349193573	0.0	3.143793821334839	0.0	1.5834698677062988	0.0	0.0	0.7685674428939819	0.0	1.2687437534332275	0.0	1.024585247039795	0.7918394207954407	0.0	0.0	0.0	0.0	0.8389841318130493	0.0	0.805630624294281	0.0	0.0	0.7860155701637268	0.0	0.0	0.6005728244781494	0.0	0.0	0.0	0.0	0.0	0.0	0.536288857460022	0.0	1.3441061973571777	0.0	0.44362565875053406	0.0	0.0	0.7921888828277588	1.803229570388794	1.2821582555770874	0.0	0.0	0.0	1.259102463722229	0.0	0.0	0.0	0.0	0.0	0.6328724026679993	0.0	0.0	0.0	1.7633947134017944	0.0	0.0	0.0	0.008314968086779118	0.29478776454925537	0.0	2.216414451599121	0.0	0.0	0.0	0.0	0.0	0.0	0.0	1.4526336193084717	0.0	0.0	0.0	0.0	0.0	1.127456784248352	0.0	0.0	0.0	0.8582831025123596	0.0	0.5202248692512512	2.003765821456909	0.0	0.0	0.0	0.0	0.9855020642280579	0.0	0.0	3.246772289276123	0.968683660030365	0.0	0.0	0.0	0.6463409662246704	1.0153671503067017	0.0	0.0	0.9306191205978394	0.0	0.0	0.0	0.0	0.0	0.0	0.0	0.0	0.0	0.05505996197462082	0.0	1.4611546993255615	0.0	2.2014341354370117	1.8425995111465454	0.0	0.0	0.0	0.0	0.0	0.0	0.0	0.0	0.0	0.0	1.5771946907043457	0.09210743010044098	0.0	0.0	1.3406469821929932	0.0	0.0	0.0	2.797746419906616	1.5142850875854492	2.102281093597412	0.0	0.0	0.0	0.0	1.9948608875274658	1.6640911102294922	0.7261145710945129	1.463737964630127	0.0	0.0	1.2562352418899536	0.3147021532058716	0.0	0.0	0.0	0.0	0.0	0.5413566827774048	0.0	0.0	0.0	1.0893641710281372	0.5378960967063904	1.2061103582382202	0.0	0.14238277077674866	0.0	1.567069411277771	0.6561600565910339	0.0	0.0	0.0	1.390323281288147	0.0	0.0
0.0	0.0	0.0	0.3971240818500519	0.31972068548202515	0.0	0.7984864115715027	0.0	1.187091588973999	0.5329446792602539	0.0	0.0	0.6835475564002991	0.818936824798584	0.38152438402175903	0.6239912509918213	0.13022813200950623	0.4507363736629486	0.5915882587432861	0.5808468461036682	0.7041016221046448	0.38850948214530945	0.0	1.3177156448364258	0.0	0.0	0.3091055750846863	1.214976191520691	0.5934217572212219	0.550131618976593	0.6554892063140869	0.38451260328292847	0.0	0.49596962332725525	0.0	0.44126051664352417	0.628088116645813	0.0	0.6569806933403015	0.7088578939437866	0.0	0.0	0.0	0.0	0.0	0.0	0.0	0.0	0.0	0.5876839756965637	0.0	0.0	0.0	0.00797871220856905	0.6356950998306274	0.0	0.0	0.436463326215744	0.9352563619613647	0.1888914704322815	0.0	0.0	0.0	0.31260573863983154	0.0	0.0	0.0	0.0	0.0	0.4183866083621979	0.697415828704834	0.0	0.0	0.0	0.0	0.0	0.6664719581604004	0.420146644115448	0.0	0.7056307792663574	0.029490334913134575	0.0	0.4722976088523865	0.0	0.7695123553276062	0.0	0.9267639517784119	0.0	0.14274433255195618	0.0	0.0	0.6681054830551147	0.0	0.5430183410644531	0.0	0.6152905225753784	0.5223945379257202	0.4895470440387726	0.0	0.2953120768070221	0.0	0.0	0.0	0.19391515851020813	0.0	0.0	0.3071348965167999	0.18373432755470276	0.0	0.0	0.0	0.0	0.0	0.0	0.0	0.0	0.7140618562698364	0.0	0.0	0.0	0.26949191093444824	0.30931180715560913	0.0	0.07673202455043793	0.0	0.6608149409294128	0.0	0.0	0.0	0.3262817859649658	0.0	0.0	0.38148343563079834	0.0	0.0	0.3521687388420105	0.6089458465576172	0.0	0.0	0.4124046266078949	0.0	0.0	0.0	0.7443885803222656	0.8605891466140747	0.0	0.7246425151824951	0.0	0.0	0.0	0.0	0.2630613446235657	0.0	0.0	0.48627275228500366	0.0	0.0	0.7118651866912842	0.0	0.0	0.6014453172683716	0.4989859461784363	0.4571429491043091	0.3013538420200348	0.51607346534729	0.0	0.0	0.8332177996635437	0.0	0.0	0.0	0.0	0.4326300621032715	0.0	0.6381514668464661	0.6085628271102905	0.0	0.0	0.0	0.25160038471221924	0.5538917183876038	0.557058572769165	0.0	0.0	0.6272037029266357	0.0	0.0	0.0	0.0	0.0	0.0	0.0	0.0	0.0	0.5594086647033691	0.0	0.6425003409385681	0.0	0.8529701828956604	0.9131315350532532	0.0	0.0	0.0	0.0	0.0	0.0	0.0	0.0	0.6137490272521973	0.0	0.5072377920150757	0.5113760828971863	0.14610250294208527	0.0	0.6289752721786499	0.0	0.0	0.0	0.9725589752197266	0.9415268301963806	0.40186163783073425	0.4143517017364502	0.0	0.0	0.0	0.5318800806999207	0.9019387364387512	0.4334128499031067	0.8003082871437073	0.0	0.0	0.09736981987953186	0.5676054358482361	0.3387552797794342	0.0	0.0	0.0	0.0	0.3823098838329315	0.0	0.0	0.0	0.5515227913856506	0.08904274553060532	0.7776028513908386	0.0	0.41696763038635254	0.0	0.9528868198394775	0.6556926369667053	0.0	0.6175702214241028	0.0	0.052704256027936935	0.0	0.0
0.0	0.0	0.0	0.31957533955574036	1.233590841293335	0.0	1.8319976329803467	0.0	2.9038245677948	0.0	0.0	0.0	0.4686649739742279	0.3099297285079956	0.12870121002197266	0.9797110557556152	0.7685603499412537	1.1114795207977295	0.9707779288291931	0.4858078360557556	2.053821563720703	2.238807201385498	0.0	1.900197148323059	0.0	0.0	0.0	2.015963315963745	0.8711845874786377	0.0	0.2830338478088379	2.051975727081299	0.0	2.046143054962158	0.0	0.29760846495628357	1.7317912578582764	0.0	1.9659550189971924	2.17136549949646	0.0	0.0	0.0	0.0	0.0	0.0	0.0	0.0	0.0	1.905151605606079	0.0	0.0	0.0	1.3134838342666626	2.1613690853118896	0.0	0.0	0.0	0.8192187547683716	1.3020297288894653	0.0	0.0	0.0	0.0	0.0	0.0	0.0	0.0	0.0	1.9527919292449951	0.2679046094417572	0.0	0.0	0.0	0.0	0.0	0.4934581518173218	0.0	0.0	1.209623098373413	0.0	0.0	0.9349516034126282	0.3832353949546814	1.6949961185455322	0.0	2.781233549118042	0.0	0.7309539914131165	0.0	0.0	1.2721107006072998	0.0	1.6138653755187988	0.0	1.1498991250991821	1.1673970222473145	0.03008183464407921	0.0	0.0	0.0	0.0	0.0	1.593132495880127	0.0	0.0	0.30374404788017273	0.2464602291584015	0.0	0.0	0.0	0.0	0.0	0.0	0.0	0.0	1.0864144563674927	0.0	1.1388206481933594	0.0	0.04858382046222687	0.0	0.0	1.9295176267623901	0.7467670440673828	0.8496315479278564	0.0	0.0	0.0	0.8299234509468079	0.0	0.0	0.0	0.0	0.0	0.574150025844574	0.18815770745277405	0.0	0.0	1.9672927856445312	0.0	0.0	0.0	0.0	0.6232239603996277	0.0	1.606238842010498	0.0	0.0	0.0	0.0	0.0	0.0	0.0	1.6101173162460327	0.0	0.0	0.15055853128433228	0.0	0.0	1.0878729820251465	0.0	0.0	0.0	0.6127557754516602	0.0	1.0949543714523315	1.9264534711837769	0.0	0.0	0.0	0.0	0.7737486958503723	0.0	0.0	2.68896746635437	0.12448398023843765	0.0	0.0	0.0	0.07843278348445892	0.9546282291412354	0.0	0.0	1.860628366470337	0.0	0.0	0.0	0.0	0.0	0.0	0.0	0.0	0.0	0.02989477850496769	0.0	1.7114713191986084	0.0	1.7836400270462036	1.3591498136520386	0.0	0.0	0.0	0.0	0.0	0.0	0.0	0.0	0.0	0.0	0.3851844370365143	0.706935703754425	0.0	0.0	0.6424379944801331	0.0	0.0	0.0	2.6126184463500977	2.125436305999756	1.2485915422439575	0.0	0.0	0.0	0.0	2.361118793487549	1.5426832437515259	0.30306270718574524	1.6414865255355835	0.0	0.0	0.5714579820632935	0.0	0.0	0.0	0.0	0.0	0.0	0.22548335790634155	0.0	0.0	0.0	0.7238278985023499	0.0	1.2783738374710083	0.0	0.1697922796010971	0.0	1.7759003639221191	0.8506362438201904	0.0	0.0	0.0	0.5749714970588684	0.0	0.0
0.0	0.0	0.0	0.6594796776771545	1.0343340635299683	0.0	1.2367184162139893	0.0	3.68137788772583	0.0	0.0	0.0	0.2284880429506302	0.5676316618919373	0.0	2.579045534133911	1.217175841331482	1.1311837434768677	1.311519742012024	0.21536853909492493	0.989941418170929	1.465611457824707	0.0	1.4258530139923096	0.0	0.0	0.0	1.2658085823059082	1.0709158182144165	0.0	0.43547323346138	0.5193004012107849	0.0	0.8344656229019165	0.0	0.5860297679901123	0.645807683467865	0.0	0.37589576840400696	1.3644006252288818	0.0	0.0	0.0	0.5622988939285278	0.0	0.0	0.3230830729007721	0.0	0.0	1.7967396974563599	0.0	0.0	0.0	1.0080478191375732	1.2202764749526978	0.0	0.0	0.0	0.1924106329679489	1.0741416215896606	0.0	0.0	0.0	0.0	0.0	0.0	0.0	0.0	0.0	0.8329449892044067	0.6154095530509949	0.0	0.0	0.0	0.0	0.0	0.0	0.0	0.0	0.46889758110046387	0.0	0.0	1.5266773700714111	0.0	0.6141319274902344	0.0	2.2924909591674805	0.0	1.4831883907318115	0.0	0.0	0.0	0.0	0.6105597615242004	0.0	0.04815569892525673	0.4023806154727936	0.0	0.0	0.0	0.0	0.7204181551933289	0.0	0.43019983172416687	0.0	0.0	1.129863977432251	0.009956840425729752	0.0	0.5097962021827698	0.0	0.0	0.0	0.0	0.0	0.0	0.6048266887664795	0.0	1.0935968160629272	0.0	0.15012037754058838	0.02335549332201481	0.0	0.49866366386413574	1.050433874130249	1.8080443143844604	0.0	0.0	0.0	1.493153691291809	0.0	0.0	0.08064624667167664	0.0	0.0	0.7109283804893494	0.1032552495598793	0.0	0.0	1.2963192462921143	0.0	0.0	0.0	0.39907756447792053	0.6965073347091675	0.0	2.4458422660827637	0.0	0.0	0.0	0.0	0.0	0.0	0.0	0.8929048180580139	0.0	0.0	1.1161425113677979	0.0	0.0	0.4295308291912079	0.0	0.0	0.0	0.05671611428260803	0.0	0.0	2.074673652648926	0.0	0.0	0.0	0.0	0.6098477244377136	0.0	0.08839356154203415	3.8765130043029785	1.7933268547058105	0.0	0.0	0.0	1.0126068592071533	0.8309543132781982	0.0	0.0	0.4903958737850189	0.0	0.0	0.0	0.0	0.0	0.0	0.0	0.0	0.0	0.0	0.0	0.7566575407981873	0.0	2.6892542839050293	0.9265452027320862	0.0	0.0	0.0	0.0	0.0	0.0	0.0	0.0	0.31545498967170715	0.0	2.1690778732299805	0.5445157289505005	0.0	0.0	1.1731549501419067	0.0	0.0	0.0	2.1957383155822754	1.3833446502685547	2.1376426219940186	0.0	0.0	0.0	0.0	1.875654935836792	1.3594638109207153	0.6631482839584351	0.8435689210891724	0.0	0.0	1.187612771987915	0.7185108661651611	0.0	0.0	0.0	0.0	0.0	0.8300577402114868	0.0	0.0	0.0	1.073529601097107	0.5435760617256165	0.4183734357357025	0.0	0.4746590554714203	0.0	0.6893620491027832	1.1467125415802002	0.0	0.0	0.0	1.2529422044754028	0.0	0.0
0.0	0.0	0.0	0.1518741250038147	0.5523361563682556	0.0	0.1836598813533783	0.0	0.7523238658905029	0.29870447516441345	0.10087111592292786	0.0	0.09269685298204422	0.48732203245162964	0.3203895688056946	0.3780495226383209	0.250753790140152	0.20006075501441956	0.2912604510784149	0.7880351543426514	0.12924301624298096	0.3385697603225708	0.0	1.1363525390625	0.0	0.0	0.08859425038099289	0.9052700996398926	0.18497775495052338	0.2053767442703247	0.37048736214637756	0.7620935440063477	0.0	0.38955360651016235	0.0	0.5127370357513428	0.440856397151947	0.0	0.25916820764541626	0.01748853176832199	0.0	0.0	0.0	0.0	0.0	0.0	0.0	0.0	0.0	0.7404558658599854	0.0	0.0	0.0	0.0	0.40057945251464844	0.0	0.0	0.47562724351882935	0.7020685076713562	0.15059365332126617	0.0	0.0	0.0	0.30098673701286316	0.0	0.0	0.0	0.0	0.0	0.13858863711357117	0.5212202072143555	0.0	0.0	0.06399029493331909	0.0	0.0	0.7504772543907166	0.2958773672580719	0.0	0.586422324180603	0.0	0.0	0.49665725231170654	0.0	0.34878382086753845	0.0	0.2890251874923706	0.0	0.12962812185287476	0.0	0.0	0.4244450032711029	0.0	0.41477730870246887	0.0	0.21555307507514954	0.008441627025604248	0.24815970659255981	0.0	0.48629432916641235	0.0	0.31621718406677246	0.0	0.0984119325876236	0.0	0.0	0.06172536686062813	0.3546375334262848	0.0	0.10790318995714188	0.0	0.0	0.0	0.0	0.015270315110683441	0.0	0.7647256851196289	0.0	0.36611172556877136	0.0	0.1814965456724167	0.63685142993927	0.0	0.23006102442741394	0.03372775763273239	0.6796029806137085	0.0	0.0	0.0	0.8049018383026123	0.04521312192082405	0.0	0.765132486820221	0.0	0.0	0.5675665736198425	0.6788947582244873	0.0	0.0	0.0	0.0	0.0	0.0	0.5118053555488586	0.6786701083183289	0.0	0.37031805515289307	0.0	0.0	0.09919174015522003	0.0	0.5793994665145874	0.0	0.0	0.12928277254104614	0.0	0.0	0.4712831974029541	0.0	0.0	0.34470775723457336	0.3468460738658905	0.11958423256874084	0.26432591676712036	0.25592827796936035	0.0	0.12561005353927612	1.1097497940063477	0.0	0.0	0.0	0.0	0.3092159032821655	0.0	0.646061897277832	0.7661624550819397	0.34201622009277344	0.0	0.0	0.05510663241147995	0.7145169377326965	0.20161497592926025	0.0	0.0	0.4870147109031677	0.0	0.0	0.0	0.0	0.0	0.0	0.0	0.0	0.0	0.32247674465179443	0.0	0.5507808923721313	0.0	0.9323504567146301	0.49226659536361694	0.0	0.09835433214902878	0.0	0.0	0.0	0.0	0.0	0.0	0.6835330724716187	0.0	0.7226400971412659	0.5105892419815063	0.10232353955507278	0.0	0.4452782869338989	0.0	0.0	0.0	0.5180755257606506	0.5465332865715027	0.2529382109642029	0.5601967573165894	0.0	0.0	0.0	0.4296494126319885	0.9089192152023315	0.051693063229322433	0.5309261679649353	0.0	0.0	0.46912235021591187	0.566408634185791	0.4331837296485901	0.0	0.0	0.0	0.0	0.24443018436431885	0.0	0.0	0.0	0.3719414174556732	0.4149303734302521	0.3224756419658661	0.0	0.42092517018318176	0.0	0.683180570602417	0.34486138820648193	0.0	1.1214828491210938	0.0	0.11562421172857285	0.0	0.0
0.0	0.0	0.0	1.3969833850860596	0.49056974053382874	0.0	1.1052602529525757	0.0	3.470350503921509	0.0	0.7438079118728638	0.0	0.0	1.0988165140151978	0.598949670791626	2.7523653507232666	1.2133138179779053	0.9104430079460144	0.6437308192253113	0.09393967688083649	0.9384000897407532	0.1974898874759674	0.0	1.3862221240997314	0.0	0.0	0.0	0.8852212429046631	0.8128830194473267	0.3183337450027466	1.131012201309204	0.4237990975379944	0.0	0.03919283673167229	0.0	0.0	0.45436030626296997	0.0	0.0	1.3838237524032593	0.0	0.0	0.0	0.6172822713851929	0.0	0.0	0.8200773000717163	0.0	0.0	1.5975368022918701	0.0	0.0	0.0	0.6400787830352783	0.14899232983589172	0.0	0.0	0.0	0.15478019416332245	0.7886224985122681	0.0	0.0	0.0	0.0	0.0	0.0	0.0	0.0	0.0	0.12800005078315735	1.003777265548706	0.0	0.0	0.0	0.0	0.0	0.37185660004615784	0.0	0.0	0.38363561034202576	0.0	0.0	1.7562669515609741	0.0	0.35799673199653625	0.0	1.4302140474319458	0.0	2.355234146118164	0.0	0.0	0.3736555278301239	0.0	0.0	0.0	0.029930122196674347	0.3537779152393341	0.0	0.0	0.0	0.0	0.42012766003608704	0.0	0.0	0.0	0.0	1.506928563117981	0.7604227662086487	0.0	0.7294461727142334	0.0	0.0	0.0	0.0	0.0	0.0	0.9040202498435974	0.0	0.6049299836158752	0.0	0.982494592666626	0.791327953338623	0.0	0.0	0.39651262760162354	1.8214057683944702	0.0	0.0	0.0	1.7030699253082275	0.0	0.0	0.0	0.0	0.0	0.776369035243988	0.7318451404571533	0.0	0.0	0.16160409152507782	0.0	0.0	0.0	0.15227966010570526	0.9384766221046448	0.0	2.864788055419922	0.0	0.0	0.0	0.0	1.1185845136642456	0.0	0.0	0.0	0.0	0.0	1.9672778844833374	0.0	0.0	0.0	0.0	0.2120773047208786	0.0	0.0	0.0	0.0	1.679659128189087	0.0	0.0	0.0	0.0	0.7032973170280457	0.0	0.0	2.739997386932373	1.2399011850357056	0.0	0.0	0.0	1.7148258686065674	0.4462306797504425	0.0	0.0	0.3152490556240082	0.0	0.0	0.0	0.0	0.0	0.0	0.0	0.0	0.0	0.0827612578868866	0.0	0.20245853066444397	0.0	2.6693434715270996	0.2920302152633667	0.0	0.010767091065645218	0.0	0.0	0.0	0.0	0.0	0.0	0.6557196378707886	0.0	2.5814883708953857	1.0832650661468506	0.0	0.0	1.6093482971191406	0.0	0.0	0.0	0.8758092522621155	1.3340106010437012	2.120389461517334	1.0507397651672363	0.0	0.0	0.0	0.9827873110771179	1.133495569229126	0.7743446826934814	0.5828694105148315	0.0	0.0	1.6912996768951416	0.948834240436554	0.003643883392214775	0.0	0.0	0.0	0.0	1.6028058528900146	0.0	0.0	0.0	0.9450967907905579	1.651878833770752	0.13473419845104218	0.0	0.6703321933746338	0.0	0.4135313034057617	0.9671036005020142	0.0	0.0	0.0	1.797767996788025	0.0	0.0
0.0	0.0	0.0	0.5191311240196228	0.8294958472251892	0.0	1.6235685348510742	0.0	3.1591427326202393	0.0	0.20743466913700104	0.0	0.5676645040512085	1.3486073017120361	0.6091825366020203	1.9750763177871704	1.3939534425735474	0.8783154487609863	0.9084404706954956	0.2732568681240082	1.1149393320083618	1.2382175922393799	0.0	1.7636947631835938	0.0	0.0	0.0	0.9281524419784546	0.5547676682472229	0.5404710173606873	0.3679228127002716	0.9504935145378113	0.0	0.5169004797935486	0.0	0.4313673675060272	1.1368451118469238	0.0	0.7603027820587158	1.4805622100830078	0.0	0.0	0.0	0.02689935266971588	0.0	0.0	0.8747894763946533	0.0	0.0	2.1540424823760986	0.0	0.0	0.0	1.0946135520935059	1.2135759592056274	0.0	0.0	0.060460515320301056	0.5847074389457703	1.1362680196762085	0.0	0.0	0.0	0.0	0.0	0.0	0.0	0.0	0.0	1.1222071647644043	0.9974219799041748	0.0	0.0	0.0	0.0	0.0	0.2648395597934723	0.22496101260185242	0.0	0.9544515013694763	0.0	0.0	1.4578951597213745	0.012703724205493927	1.3506747484207153	0.0	1.9183117151260376	0.0	1.3560923337936401	0.0	0.0	0.6352097392082214	0.0	0.9180957078933716	0.0	0.4353470802307129	0.9318144917488098	0.2263597548007965	0.0	0.0	0.0	0.2790926396846771	0.0	0.7919817566871643	0.0	0.0	1.0938595533370972	0.0	0.0	0.10973065346479416	0.0	0.0	0.0	0.0	0.0	0.0	0.3407254219055176	0.0	0.8613930940628052	0.0	0.14447340369224548	0.18243323266506195	0.0	0.39083507657051086	0.29466715455055237	1.568559169769287	0.0	0.0	0.0	1.2808188199996948	0.0	0.0	0.18436159193515778	0.0	0.0	0.33012762665748596	0.3226253092288971	0.0	0.0	0.6478107571601868	0.0	0.0	0.0	1.2489627599716187	0.9617794752120972	0.0	1.937685489654541	0.0	0.0	0.0	0.0	0.0	0.0	0.0	1.0556387901306152	0.0	0.0	0.520976722240448	0.0	0.0	0.6763550043106079	0.0	0.35808712244033813	0.0	0.6472958922386169	0.0	0.34494930505752563	2.2022507190704346	0.0	0.0	0.0	0.0	0.9738628268241882	0.0	0.36528393626213074	2.8085594177246094	0.7722724080085754	0.0	0.0	0.0	1.0192511081695557	0.7917544841766357	0.0	0.0	0.9904211163520813	0.0	0.0	0.0	0.0	0.0	0.0	0.0	0.0	0.0	0.3773948848247528	0.0	1.067170262336731	0.0	2.350395679473877	1.2958132028579712	0.0	0.0	0.0	0.0	0.0	0.0	0.0	0.0	0.04586848244071007	0.0	1.7268863916397095	0.7601209282875061	0.0	0.0	1.3069708347320557	0.0	0.0	0.0	2.053802251815796	1.6200038194656372	1.6167833805084229	0.0	0.0	0.0	0.0	1.6027016639709473	0.841111421585083	0.15922227501869202	1.2853453159332275	0.0	0.0	0.6543043255805969	0.055482812225818634	0.0	0.0	0.0	0.0	0.0	1.2922078371047974	0.0	0.0	0.0	1.0445895195007324	0.6981452107429504	0.6345045566558838	0.0	0.3470938503742218	0.0	1.4354149103164673	1.149039387702942	0.0	0.0	0.0	0.6646246314048767	0.0	0.0
0.0	0.0	0.0	0.6203017830848694	0.7266324162483215	0.0	0.5839900970458984	0.0	2.4661405086517334	0.34630250930786133	0.14991633594036102	0.0	0.0	0.7144364714622498	0.23703566193580627	1.4549566507339478	1.360777735710144	0.2633654773235321	0.29872778058052063	0.0	0.6987624168395996	0.026833506301045418	0.0	1.17611563205719	0.0	0.0	0.0	0.91740882396698	0.13348142802715302	0.011472777463495731	0.6633265614509583	1.1538223028182983	0.0	0.33537381887435913	0.0	0.0	0.0	0.0	0.0	0.4832134246826172	0.0	0.0	0.0	0.9997445344924927	0.0	0.0	0.3420299291610718	0.0	0.0	1.4694148302078247	0.0	0.0	0.0	0.27880871295928955	0.2528791129589081	0.0	0.0	0.0	0.10006144642829895	0.563275933265686	0.0	0.0	0.0	0.0	0.0	0.0	0.0	0.0	0.0	0.0	0.7568688988685608	0.0	0.0	0.0	0.0	0.0	0.13056813180446625	0.39254939556121826	0.0	0.783043622970581	0.0	0.0	0.9644415378570557	0.0	0.4447717070579529	0.0	1.154609203338623	0.0	1.1640942096710205	0.0	0.0	0.3716129958629608	0.0	0.2707500755786896	0.0	0.0	0.13081735372543335	0.13962851464748383	0.0	0.0	0.0	0.5935423970222473	0.0	0.10372991859912872	0.0	0.0	0.5883991122245789	0.8018602728843689	0.0	0.5374945402145386	0.0	0.0	0.0	0.0	0.0	0.0	0.9277130365371704	0.0	0.792269766330719	0.0	0.0	0.8042498230934143	0.0	0.6986669898033142	0.033960070461034775	1.3439658880233765	0.0	0.0	0.0	1.2839974164962769	0.0	0.0	0.08099448680877686	0.0	0.0	0.8614943027496338	0.33997493982315063	0.0	0.0	0.2836381196975708	0.0	0.0	0.0	0.522983729839325	0.8645384907722473	0.0	1.2688326835632324	0.0	0.0	0.0	0.0	0.757002592086792	0.0	0.0	0.0	0.0	0.0	1.129271149635315	0.0	0.0	0.207997664809227	0.22074827551841736	0.0005385968834161758	0.0	0.0	0.0	0.0	1.6858186721801758	0.0	0.0	0.0	0.0	0.09278028458356857	0.0	0.1483645886182785	2.5166783332824707	1.4685662984848022	0.0	0.0	0.0	1.017970085144043	0.06156308203935623	0.0	0.0	0.08548929542303085	0.0	0.0	0.0	0.0	0.0	0.0	0.0	0.0	0.0	0.0	0.0	0.0	0.0	2.0955636501312256	0.881718635559082	0.0	0.0	0.0	0.0	0.0	0.0	0.0	0.0	0.7687262296676636	0.0	1.7758479118347168	0.7977597713470459	0.0	0.0	1.1744123697280884	0.0	0.0	0.0	0.3817724287509918	0.49047183990478516	1.2666953802108765	0.8282917737960815	0.0	0.0	0.0	0.5278652310371399	1.0831482410430908	0.20083673298358917	0.20174048840999603	0.0	0.0	1.4186211824417114	1.006058931350708	0.0	0.0	0.0	0.0	0.0	1.1163846254348755	0.0	0.0	0.0	0.1352039873600006	0.7701912522315979	0.13581527769565582	0.0	0.7900905013084412	0.0	0.4789670705795288	0.7899075746536255	0.0	0.0	0.0	1.0954267978668213	0.0	0.0
0.0	0.0	0.0	0.8281360864639282	2.042264461517334	0.0	0.0	0.0	3.402341842651367	0.0	1.0223288536071777	0.0	0.0	0.638756513595581	1.5005998611450195	2.8059754371643066	2.5193934440612793	0.0	0.0	0.0	0.20483514666557312	0.0	0.0	1.469008207321167	0.0	0.0	0.0	1.177502155303955	0.0	0.0	0.0	2.015488624572754	0.0	0.0	0.0	0.0	0.0	0.0	0.0	0.20006465911865234	0.0	0.0	0.0	2.1949708461761475	0.0	0.0	0.6505334973335266	0.0	0.0	3.3103766441345215	0.0	0.0	0.0	0.0	0.09612532705068588	0.0	0.0	0.45434990525245667	0.0	0.0	0.0	0.0	0.0	0.0	0.0	0.0	0.0	0.0	0.0	0.0	0.6417053937911987	0.0	0.0	0.230375275015831	0.0	0.0	0.0	0.6730740666389465	0.0	0.6923418641090393	0.0	0.0	1.7279956340789795	0.0	0.0	0.0	0.4447527527809143	0.0	2.557969093322754	0.0	0.0	0.0	0.0	0.0	0.0	0.0	0.0	0.861229419708252	0.0	0.0	0.0	1.2237530946731567	0.0	0.0	0.0	0.0	0.30523720383644104	2.639766216278076	0.0	2.1197988986968994	0.0	0.0	0.0	0.0	0.0	0.0	2.293301820755005	0.0	1.756543517112732	0.0	0.9975376129150391	1.1155015230178833	0.0	1.2635774612426758	0.0	2.4255452156066895	0.0	0.0	0.0	3.4810242652893066	0.0	0.0	0.9342198967933655	0.0	0.0	2.561014413833618	1.5896724462509155	0.0	0.0	0.0	0.0	0.0	0.0	0.0	0.9008650183677673	0.0	2.1901206970214844	0.0	0.0	0.0	0.0	2.5230915546417236	0.0	0.0	0.0	0.0	0.0	2.1756951808929443	0.0	0.0	0.0	0.04390174150466919	0.0	0.2509836256504059	0.0	0.0	0.0	2.122394323348999	0.0	0.0	0.0	0.0	0.0	0.0	0.0	3.803969621658325	2.501969337463379	0.0	0.0	0.0	1.7024227380752563	0.0	0.0	0.0	0.0	0.0	0.0	0.0	0.0	0.0	0.0	0.0	0.0	0.0	0.0	0.0	0.0	0.0	3.141878604888916	0.45865270495414734	0.0	0.5197610855102539	0.0	0.0	0.0	0.0	0.0	0.0	1.8148722648620605	0.0	3.5305466651916504	2.4420573711395264	0.0	0.0	1.1969598531723022	0.0	0.0	0.0	0.0	0.2906993627548218	1.802042841911316	2.5275230407714844	0.0	0.0	0.0	0.0	3.097299098968506	0.0	0.0	0.0	0.0	3.593061923980713	2.6260826587677	0.0	0.0	0.0	0.0	0.0	2.1265499591827393	0.0	0.0	0.0	0.0	1.9088854789733887	0.0	0.0	2.6545705795288086	0.0	0.4324066936969757	0.0	0.0	0.6437345743179321	0.0	2.8795456886291504	0.0	0.0
0.0	0.0	0.0	0.8974475264549255	0.0	0.0	1.980383276939392	0.0	2.9076948165893555	0.0	0.0	0.0	1.1546351909637451	0.4033273458480835	0.32641270756721497	1.4722377061843872	1.0601756572723389	1.3239800930023193	1.0238909721374512	0.4216855764389038	1.5571775436401367	2.345691442489624	0.0	1.6084516048431396	0.0	0.0	0.14214982092380524	0.6762844324111938	1.2742491960525513	0.37859705090522766	0.8330990076065063	0.8289669156074524	0.0	1.6846641302108765	0.0	0.320566862821579	2.057335376739502	0.0	1.0600072145462036	2.323484182357788	0.0	0.0	0.0	0.0	0.0	0.0	0.8636394739151001	0.0	0.0	1.1846808195114136	0.0	0.0	0.0	1.5801594257354736	2.0572845935821533	0.0	0.0	0.0	0.4510558545589447	1.6112079620361328	0.0	0.0	0.0	0.0	0.0	0.0	0.0	0.0	0.0	2.2434754371643066	0.748039722442627	0.0	0.0	0.0	0.0	0.0	0.427174836397171	0.0	0.0	1.3398025035858154	0.0	0.0	1.0861963033676147	0.5443462133407593	1.4082179069519043	0.0	2.6824464797973633	0.0	0.9969162344932556	0.0	0.0	1.2451815605163574	0.0	1.1860395669937134	0.0	0.448509156703949	1.2332149744033813	0.0	0.0	0.0	0.0	0.05020706355571747	0.0	0.9665919542312622	0.0	0.0	1.027711033821106	0.0	0.0	0.0	0.0	0.0	0.0	0.0	0.0	0.0	0.0	0.0	0.35558363795280457	0.0	0.4403054714202881	0.0	0.0	0.4306908845901489	1.0668190717697144	0.7374175786972046	0.0	0.0	0.0	0.4503684639930725	0.0	0.0	0.11702396720647812	0.0	0.0	0.0	0.0	0.0	0.0	1.114502191543579	0.0	0.0	0.0	0.0	0.6447871327400208	0.0	1.893019676208496	0.0	0.0	0.0	0.0	0.0	0.0	0.0	1.6452313661575317	0.0	0.0	0.1854722648859024	0.0	0.0	1.364820957183838	0.0	0.0	0.0	0.5003422498703003	0.0	0.7608799934387207	1.7589207887649536	0.0	0.0	0.0	0.0	1.513181209564209	0.0	0.0	2.757122039794922	0.0	0.0	0.0	0.0	0.6916953921318054	1.6431454420089722	0.0	0.0	1.7580490112304688	0.0	0.0	0.0	0.0	0.0	0.0	0.0	0.0	0.0	0.5920298099517822	0.0	1.9958245754241943	0.0	1.99173104763031	0.947230339050293	0.0	0.0	0.0	0.0	0.0	0.0	0.0	0.0	0.0	0.0	0.8385071158409119	0.0	0.0	0.0	1.5114433765411377	0.0	0.0	0.0	2.579824447631836	1.73703134059906	2.05249285697937	0.0	0.0	0.0	0.0	2.804917335510254	0.8258058428764343	0.9988294839859009	1.954792857170105	0.0	0.0	0.0	0.0	0.0	0.0	0.0	0.0	0.0	1.071486234664917	0.0	0.0	0.0	1.9422099590301514	0.5763254761695862	1.212538242340088	0.0	0.0	0.0	1.3185757398605347	1.6059235334396362	0.0	0.0	0.0	0.18435706198215485	0.0	0.0
0.0	0.0	0.0	0.19799134135246277	0.0	0.0	1.0885077714920044	0.0	2.6238114833831787	0.45298856496810913	0.0021582315675914288	0.0	0.9470391273498535	0.28897610306739807	0.6780268549919128	1.691862940788269	0.8491548299789429	1.2475454807281494	0.7078139185905457	0.668671190738678	1.0375645160675049	1.2738720178604126	0.0	1.108236312866211	0.0	0.0	0.0	1.4186227321624756	0.9528292417526245	0.1300029754638672	0.2590310275554657	0.9000315070152283	0.0	0.9856503009796143	0.0	0.0	1.5073307752609253	0.0	0.9619885683059692	1.4541189670562744	0.0	0.0	0.0	0.0	0.0	0.0	0.3674469292163849	0.0	0.0	1.032909870147705	0.0	0.0	0.0	1.0156879425048828	1.4638850688934326	0.0	0.0	0.15327273309230804	0.5622552037239075	0.653050422668457	0.0	0.0	0.0	0.11212068051099777	0.0	0.0	0.0	0.0	0.0	1.0878385305404663	0.325282484292984	0.0	0.0	0.0	0.0	0.0	0.7551209926605225	0.3432205021381378	0.0	0.9965686798095703	0.0	0.0	1.2753301858901978	0.0	1.400024175643921	0.0	1.4260597229003906	0.0	1.3835914134979248	0.0	0.0	0.8093357086181641	0.0	1.0788503885269165	0.0	0.7663880586624146	0.32329919934272766	0.0	0.0	0.0	0.0	0.8296798467636108	0.0	0.3882392644882202	0.0	0.0	0.2088472843170166	0.5582445859909058	0.0	0.4773414134979248	0.0	0.0	0.0	0.0	0.0	0.0	1.2490755319595337	0.0	0.5090345144271851	0.0	0.9110825657844543	0.0	0.0	0.582543134689331	0.5667065382003784	1.8425348997116089	0.0	0.0	0.0	1.4192544221878052	0.0	0.0	0.932712197303772	0.0	0.0	0.7231171131134033	0.3611961603164673	0.0	0.0	0.484425812959671	0.0	0.0	0.0	0.0	0.7995336651802063	0.0	2.272191286087036	0.0	0.0	0.0	0.0	0.6988625526428223	0.0	0.0	0.6344020962715149	0.0	0.0	0.9533532857894897	0.0	0.0	0.8226941823959351	0.23280523717403412	0.0	0.0	0.5691689848899841	0.0	0.24169635772705078	2.1162197589874268	0.0	0.0	0.0	0.0	0.9223513603210449	0.0	0.0	2.9583487510681152	0.6136260628700256	0.0	0.0	0.0	0.992928683757782	1.1743049621582031	0.0	0.0	1.2248594760894775	0.0	0.0	0.0	0.0	0.0	0.0	0.0	0.0	0.0	0.39607876539230347	0.0	1.5129282474517822	0.0	2.5549888610839844	1.0404225587844849	0.0	0.3128019869327545	0.0	0.0	0.0	0.0	0.0	0.0	0.0	0.0	1.4735654592514038	0.7949720621109009	0.0	0.0	1.81587815284729	0.0	0.0	0.0	2.0742075443267822	1.7556028366088867	1.550460934638977	0.5914464592933655	0.0	0.0	0.0	2.0095419883728027	1.3976348638534546	0.3424789011478424	1.1729743480682373	0.0	0.0	0.8884341716766357	0.665393054485321	0.20789003372192383	0.0	0.0	0.0	0.0	0.6662452220916748	0.0	0.0	0.0	1.0620075464248657	1.0502759218215942	0.8174575567245483	0.0	0.9613254070281982	0.0	1.178668737411499	1.028237223625183	0.0	0.45109689235687256	0.0	0.6165047883987427	0.0	0.0
0.0	0.0	0.0	1.798079490661621	0.0	0.0	2.3437373638153076	0.0	2.9668405055999756	0.23594877123832703	0.0	0.0	1.3267494440078735	1.7262027263641357	0.4560297727584839	2.3801379203796387	1.0518718957901	1.331322193145752	1.5647755861282349	0.7630695700645447	1.8736003637313843	1.9766839742660522	0.0	1.7832659482955933	0.0	0.0	0.0	1.4353383779525757	1.52332603931427	0.8871822953224182	1.2154937982559204	0.6960225701332092	0.0	0.8500348329544067	0.0	0.05961165577173233	1.7145013809204102	0.0	1.4654203653335571	2.817976236343384	0.0	0.0	0.0	0.0	0.0	0.0	0.37344908714294434	0.0	0.0	0.9715673327445984	0.0	0.0	0.0	0.6381385922431946	2.0998244285583496	0.0	0.0	0.2085730880498886	1.0405956506729126	1.1070905923843384	0.0	0.0	0.0	0.507999837398529	0.0	0.0	0.0	0.0	0.0	1.5814611911773682	0.3805446922779083	0.0	0.0	0.0	0.0	0.0	1.6698898077011108	0.0	0.0	1.2199839353561401	0.0	0.0	1.209457516670227	0.20687605440616608	1.2615596055984497	0.0	2.445270299911499	0.0	1.7410160303115845	0.0	0.0	1.270574688911438	0.0	0.827656626701355	0.0	0.8925061821937561	0.7049302458763123	0.0	0.0	0.0	0.0	0.15760670602321625	0.0	0.7366204857826233	0.0	0.0	1.4929217100143433	0.0	0.0	0.1563553810119629	0.0	0.0	0.0	0.0	0.0	0.0	0.9134154915809631	0.0	0.4989934265613556	0.0	1.6539995670318604	0.13917583227157593	0.0	0.2744167149066925	0.6102033853530884	1.2205238342285156	0.0	0.0	0.0	0.36384400725364685	0.0	0.0	0.7769548892974854	0.0	0.0	0.18181729316711426	0.4397203028202057	0.0	0.0	0.534543514251709	0.0	0.0	0.0	0.0	1.0114742517471313	0.0	3.0660715103149414	0.0	0.0	0.0	0.0	0.18433590233325958	0.0	0.0	1.097519874572754	0.0	0.0	1.0047638416290283	0.0	0.0	0.7846516370773315	0.0	0.3611335754394531	0.0	0.7415198087692261	0.0	0.35072600841522217	1.7335705757141113	0.0	0.0	0.0	0.0	1.6003581285476685	0.0	0.0	2.878680467605591	0.40039291977882385	0.0	0.0	0.0	1.61063814163208	1.1099300384521484	0.0	0.0	2.2609801292419434	0.0	0.0	0.0	0.0	0.0	0.0	0.0	0.0	0.0	1.242722749710083	0.0	2.2904043197631836	0.0	2.538123846054077	1.179500699043274	0.0	0.0	0.0	0.0	0.0	0.0	0.0	0.0	0.0	0.0	1.143579363822937	1.1889965534210205	0.0	0.0	1.0277214050292969	0.0	0.0	0.0	2.4028897285461426	1.9713020324707031	1.8506059646606445	0.0	0.0	0.0	0.0	2.2487404346466064	0.9021845459938049	1.3045347929000854	1.4663890600204468	0.0	0.0	0.0	0.12296711653470993	0.0	0.0	0.0	0.0	0.0	1.0741705894470215	0.0	0.0	0.0	1.5152336359024048	0.6268150806427002	0.9240317940711975	0.0	0.3940720856189728	0.0	1.4380881786346436	1.6591099500656128	0.0	0.0	0.0	0.0572347454726696	0.0	0.0
0.0	0.0	0.0	1.271527886390686	0.0	0.0	1.8239102363586426	0.0	3.446420907974243	0.0	0.0	0.0	0.7687095403671265	1.227165699005127	0.07931339740753174	2.2138383388519287	1.6041566133499146	1.367963433265686	1.3348109722137451	0.1657211035490036	1.059295415878296	0.8597884178161621	0.0	1.893265724182129	0.0	0.0	0.0	0.9125915765762329	1.0033245086669922	0.5268456935882568	1.048377275466919	0.9009465575218201	0.0	0.8447778224945068	0.0	0.0	0.721908450126648	0.0	0.9957131147384644	1.9594511985778809	0.0	0.0	0.0	0.27125364542007446	0.0	0.0	0.9775949716567993	0.0	0.0	1.6117876768112183	0.0	0.0	0.0	0.9843075275421143	0.9349699020385742	0.0	0.0	0.04060370847582817	0.353378564119339	0.9840347170829773	0.0	0.0	0.0	0.0	0.0	0.0	0.0	0.0	0.0	1.5272973775863647	0.7153681516647339	0.0	0.0	0.0	0.0	0.0	0.6719616651535034	0.17045213282108307	0.0	0.6885486245155334	0.0	0.0	1.8007696866989136	0.07867740094661713	1.0682697296142578	0.0	2.176703691482544	0.0	1.9149595499038696	0.0	0.0	0.7492789030075073	0.0	0.299965500831604	0.0	0.06901633739471436	1.0193315744400024	0.0	0.0	0.0	0.0	0.2489544004201889	0.0	0.7779000997543335	0.0	0.0	1.494794249534607	0.0	0.0	0.4100659489631653	0.0	0.0	0.0	0.0	0.0	0.0	0.7482324838638306	0.0	0.2845873236656189	0.0	0.4408130645751953	0.05997326225042343	0.0	0.2505325376987457	0.7530929446220398	1.1951392889022827	0.0	0.0	0.0	1.3650001287460327	0.0	0.0	0.04702424630522728	0.0	0.0	0.4751722514629364	0.321405827999115	0.0	0.0	0.5294144749641418	0.0	0.0	0.0	0.2289205640554428	0.44823601841926575	0.0	2.2955803871154785	0.0	0.0	0.0	0.0	0.0750521644949913	0.0	0.0	0.6651300191879272	0.0	0.0	1.091421127319336	0.0	0.0	0.22223059833049774	0.0	0.07733013480901718	0.0	0.0	0.0	0.0	1.9241445064544678	0.0	0.0	0.0	0.0	1.125502109527588	0.0	0.10223382711410522	3.058307647705078	0.7001115083694458	0.0	0.0	0.0	0.7842884659767151	1.0576808452606201	0.0	0.0	1.183398962020874	0.0	0.0	0.0	0.0	0.0	0.0	0.0	0.0	0.0	0.24746863543987274	0.0	1.0645363330841064	0.0	2.752702474594116	0.9006829261779785	0.0	0.0	0.0	0.0	0.0	0.0	0.0	0.0	0.0	0.0	1.125385046005249	1.0664113759994507	0.0	0.0	1.397191047668457	0.0	0.0	0.0	1.7623025178909302	1.3728516101837158	1.9257909059524536	0.06355781108140945	0.0	0.0	0.0	1.3098633289337158	0.8853458762168884	0.8701610565185547	1.147934079170227	0.0	0.0	0.5493380427360535	0.4394228160381317	0.19234441220760345	0.0	0.0	0.0	0.0	1.3465197086334229	0.0	0.0	0.0	1.2089896202087402	0.19962650537490845	0.8849685788154602	0.0	0.011514492332935333	0.0	0.8183997273445129	1.6269285678863525	0.0	0.0	0.0	0.7942841649055481	0.0	0.0
0.0	0.0	0.0	0.0	0.9274852275848389	0.0	1.0347042083740234	0.0	2.192675828933716	0.5101748704910278	0.0	0.0	0.8668002486228943	0.9042864441871643	0.44618144631385803	1.1614807844161987	0.0	0.5312291979789734	1.0632325410842896	0.7850363254547119	0.940390944480896	0.9863147139549255	0.0	1.1692817211151123	0.0	0.0	0.1183050200343132	1.6190862655639648	0.7111387848854065	0.3211725056171417	0.33662888407707214	0.8259099721908569	0.0	0.6778949499130249	0.0	0.9726631045341492	0.983169674873352	0.0	0.8801250457763672	0.8757836818695068	0.0	0.0	0.0	0.0	0.0	0.0	0.0	0.0	0.0	1.0479459762573242	0.0	0.0	0.0	0.5429102778434753	1.1289154291152954	0.0	0.0	0.48622196912765503	1.3592053651809692	0.16031959652900696	0.0	0.0	0.0	0.0	0.0	0.0	0.0	0.0	0.0	1.0324734449386597	0.7277333736419678	0.0	0.0	0.0	0.0	0.0	0.5158262848854065	0.21821096539497375	0.0	1.0424673557281494	0.0	0.0	0.4219887852668762	0.24834918975830078	1.1629751920700073	0.0	1.373234748840332	0.0	0.19899675250053406	0.0	0.0	0.5459638833999634	0.0	1.2987163066864014	0.0	0.6234948635101318	0.7134517431259155	0.0	0.0	0.15771357715129852	0.0	0.0570620521903038	0.0	0.9128615856170654	0.0	0.0	0.6863124966621399	0.14929063618183136	0.0	0.0	0.0	0.0	0.0	0.0	0.0	0.0	0.5903841853141785	0.0	0.3717736601829529	0.0	0.2804935872554779	0.6336296200752258	0.0	0.33375442028045654	0.04452420771121979	1.3185508251190186	0.0	0.0	0.0	0.3081951439380646	0.0	0.0	0.9027735590934753	0.0	0.0	0.20821325480937958	0.5554389357566833	0.0	0.0	1.3270114660263062	0.0	0.0	0.0	1.1326411962509155	0.9960002303123474	0.0	0.683023989200592	0.0	0.0	0.0	0.0	0.0	0.0	0.0	1.300114393234253	0.0	0.0	0.37041589617729187	0.0	0.0	0.7132415771484375	0.4727412462234497	0.11510039120912552	0.0	0.6804003715515137	0.0	0.6270565986633301	1.3451493978500366	0.0	0.0	0.0	0.0	0.46094810962677	0.0	0.9534634947776794	1.1297200918197632	0.4824913740158081	0.0	0.0	0.0	0.5429220795631409	1.0470961332321167	0.0	0.0	0.9447349905967712	0.0	0.0	0.0	0.0	0.0	0.0	0.0	0.0	0.0	0.3440293073654175	0.0	1.0715404748916626	0.0	1.5932607650756836	1.0355335474014282	0.0	0.0	0.0	0.0	0.0	0.0	0.0	0.0	0.26948803663253784	0.0	0.9099732637405396	0.3733057379722595	0.0	0.0	0.21539658308029175	0.0	0.0	0.0	1.6637616157531738	1.4526740312576294	0.6771156191825867	0.0	0.0	0.0	0.0	1.5279916524887085	0.9404834508895874	0.10654207319021225	1.0119214057922363	0.0	0.0	0.014924819581210613	0.7170015573501587	0.21189822256565094	0.0	0.0	0.0	0.0	0.5494291186332703	0.0	0.0	0.0	0.5195950865745544	0.03343374282121658	0.9093300700187683	0.0	0.3646904230117798	0.0	1.1952519416809082	0.973535418510437	0.0	0.0	0.0	0.0	0.0	0.0
0.0	0.0	0.0	0.4865275025367737	1.202417254447937	0.0	0.5251393914222717	0.0	3.7125089168548584	0.0	0.6746320724487305	0.0	0.0	0.25450947880744934	0.6602568626403809	1.6857188940048218	1.711106777191162	0.4187508821487427	0.0	0.013828607276082039	0.33173710107803345	0.4770399332046509	0.0	1.3110946416854858	0.0	0.0	0.0	0.9373070001602173	0.1712833195924759	0.0	0.08529726415872574	1.8350149393081665	0.0	0.0	0.0	0.0	0.04579312354326248	0.0	0.052920904010534286	0.37175461649894714	0.0	0.0	0.0	1.0563124418258667	0.0	0.0	0.1801460236310959	0.0	0.0	2.5993969440460205	0.0	0.0	0.0	0.11749578267335892	0.47278711199760437	0.0	0.0	0.0	0.0	0.9830542206764221	0.0	0.0	0.0	0.0	0.0	0.0	0.0	0.0	0.0	0.008774543181061745	0.4946451187133789	0.0	0.0	0.0	0.0	0.0	0.0	0.06382962316274643	0.0	0.7894042134284973	0.0	0.0	1.6276228427886963	0.0	0.586002767086029	0.0	0.9942495226860046	0.0	1.9497439861297607	0.0	0.0	0.0	0.0	0.28842416405677795	0.0	0.0	0.0	0.0	0.0	0.0	0.0	1.319287896156311	0.0	0.0	0.0	0.0	0.73194819688797	0.9734985828399658	0.0	1.1521546840667725	0.0	0.0	0.0	0.0	0.0	0.0	1.0845640897750854	0.0	1.8220140933990479	0.0	0.0	0.5108120441436768	0.0	0.8299157023429871	0.40367209911346436	1.75160813331604	0.0	0.0	0.0	3.1073639392852783	0.0	0.0	0.393574059009552	0.0	0.0	1.9849307537078857	0.4624520242214203	0.0	0.0	0.23836804926395416	0.0	0.0	0.0	0.0	0.12642498314380646	0.0	1.8220242261886597	0.0	0.0	0.0	0.0	0.6818507313728333	0.0	0.0	0.0	0.0	0.0	1.602068305015564	0.0	0.0	0.14241580665111542	0.0	0.0	0.0	0.0	0.0	0.0	2.3177504539489746	0.0	0.0	0.0	0.0	0.4754568934440613	0.0	0.0	3.780686616897583	2.5490078926086426	0.0	0.0	0.0	1.6433426141738892	0.07459870725870132	0.0	0.0	0.0	0.0	0.0	0.0	0.0	0.0	0.0	0.0	0.0	0.0	0.0	0.0	0.47928953170776367	0.0	2.7854347229003906	0.4870571494102478	0.0	0.0	0.0	0.0	0.0	0.0	0.0	0.0	0.42758798599243164	0.0	2.646423101425171	0.8950240612030029	0.0	0.0	0.8963083028793335	0.0	0.0	0.0	1.3810285329818726	0.46404701471328735	2.340139150619507	0.7134656310081482	0.0	0.0	0.0	0.6431769728660583	1.5827982425689697	0.19425195455551147	0.2874811589717865	0.0	0.0	2.3477611541748047	1.3909612894058228	0.0	0.0	0.0	0.0	0.0	1.7993576526641846	0.0	0.0	0.0	0.030316006392240524	1.4188294410705566	0.0	0.0	0.9697752594947815	0.0	0.2006169706583023	0.0	0.0	0.0	0.0	1.588451862335205	0.0	0.0
0.0	0.0	0.0	1.9300408363342285	0.0	0.0	1.7320685386657715	0.0	3.5055766105651855	0.0	0.08718567341566086	0.0	0.7789161801338196	0.9532478451728821	0.0	2.598740577697754	1.8541628122329712	1.932501196861267	1.3587394952774048	0.26327428221702576	1.5927488803863525	1.5294066667556763	0.0	0.7049322128295898	0.0	0.0	0.0	0.44153541326522827	1.561147928237915	0.07891658693552017	1.8364479541778564	0.4313364028930664	0.0	1.0140471458435059	0.0	0.0	0.80833899974823	0.0	0.4368750751018524	2.260570526123047	0.0	0.0	0.0	0.0	0.0	0.0	2.0391950607299805	0.0	0.0	0.9713867902755737	0.0	0.0	0.0	1.5925016403198242	1.219041109085083	0.0	0.0	0.0	0.0	1.9245891571044922	0.0	0.0	0.0	0.0	0.0	0.0	0.0	0.0	0.0	1.3080974817276	0.2116929441690445	0.0	0.0	0.0	0.0	0.0	0.5254271030426025	0.0	0.0	0.3611815869808197	0.0	0.0	2.4086363315582275	0.0	0.9515161514282227	0.0	2.4817912578582764	0.0	2.7148423194885254	0.0	0.0	1.0652188062667847	0.0	0.0	0.0	0.11330140382051468	0.9048296213150024	0.0	0.0	0.0	0.0	1.1752855777740479	0.0	0.42301511764526367	0.0	0.0	1.7632697820663452	0.0	0.0	0.8966867327690125	0.0	0.0	0.0	0.0	0.0	0.0	0.0	0.0	0.5478087067604065	0.0	1.0492433309555054	0.11253109574317932	0.0	0.0	1.8113051652908325	1.3029950857162476	0.0	0.0	0.0	0.8903205394744873	0.0	0.0	0.0	0.0	0.0	0.0	0.12747640907764435	0.0	0.0	0.0	0.0	0.0	0.0	0.0	1.2024331092834473	0.0	3.3185226917266846	0.0	0.0	0.0	0.0	0.0	0.0	0.0	0.4361710846424103	0.0	0.0	1.017975926399231	0.0	0.0	0.02907336875796318	0.0	0.0	0.0	0.0	0.0	0.0	1.3280891180038452	0.0	0.0	0.0	0.0	1.6132758855819702	0.0	0.0	3.3116416931152344	0.865915060043335	0.0	0.0	0.0	1.0378397703170776	0.9675621390342712	0.0	0.0	1.2024896144866943	0.0	0.0	0.0	0.0	0.0	0.0	0.0	0.0	0.0	0.24111966788768768	0.0	1.4510022401809692	0.0	2.492178201675415	0.5109578967094421	0.0	0.0	0.0	0.0	0.0	0.0	0.0	0.0	0.0	0.0	0.9947007894515991	0.5541624426841736	0.0	0.0	1.605047345161438	0.0	0.0	0.0	2.002152442932129	1.4810880422592163	2.7003133296966553	0.09585041552782059	0.0	0.0	0.0	1.8678752183914185	0.3171573281288147	1.4168366193771362	1.1818431615829468	0.0	0.0	0.556190013885498	0.0	0.23197048902511597	0.0	0.0	0.0	0.0	0.6643219590187073	0.0	0.0	0.0	1.916184425354004	1.451359510421753	0.0	0.0	0.0	0.0	0.8388294577598572	1.8813139200210571	0.0	0.0	0.0	1.5098146200180054	0.0	0.0
0.0	0.0	0.0	0.5733342170715332	0.6246904134750366	0.0	1.5796493291854858	0.0	2.2411293983459473	0.35102248191833496	0.0	0.0	0.8381922841072083	0.8856847882270813	0.0	0.9830451607704163	0.20544959604740143	0.9736955165863037	1.2871131896972656	0.6339905858039856	1.3260260820388794	1.2369848489761353	0.0	1.858506441116333	0.0	0.0	0.4965153634548187	1.2793129682540894	0.5807874798774719	0.3999129831790924	0.6868698000907898	0.7027102112770081	0.0	1.3521631956100464	0.0	0.8190292119979858	1.033100962638855	0.0	1.2068593502044678	1.206813931465149	0.0	0.0	0.0	0.0	0.0	0.0	0.0	0.0	0.0	0.614381730556488	0.0	0.0	0.0	0.9985131621360779	1.426990270614624	0.0	0.0	0.547450602054596	1.3517019748687744	0.7828974723815918	0.0	0.0	0.0	0.0	0.0	0.0	0.0	0.0	0.0	1.442559003829956	0.8030688166618347	0.0	0.0	0.0	0.0	0.0	0.395592600107193	0.14688976109027863	0.0	0.7937574982643127	0.0	0.0	0.9667145609855652	0.35769033432006836	1.3261878490447998	0.0	2.151754856109619	0.0	0.5115928649902344	0.0	0.0	1.2921664714813232	0.0	0.9210347533226013	0.0	0.6727144122123718	1.2824956178665161	0.2838069498538971	0.0	0.0937003493309021	0.0	0.0	0.0	1.0002636909484863	0.0	0.0	0.7923437356948853	0.0	0.0	0.0	0.0	0.0	0.0	0.0	0.0	0.0	0.2762073576450348	0.0	0.3303564190864563	0.0	0.0	0.4929974377155304	0.0	0.07408758252859116	0.5370023250579834	0.2196192443370819	0.0	0.0	0.0	0.17485664784908295	0.0	0.0	0.032032351940870285	0.0	0.0	0.15074068307876587	0.5970314145088196	0.0	0.0	1.5404666662216187	0.0	0.0	0.0	1.181744933128357	1.1054205894470215	0.0	0.9450387954711914	0.0	0.0	0.0	0.0	0.0	0.0	0.0	1.451874017715454	0.0	0.0	0.0	0.0	0.0	0.88392573595047	0.4321639835834503	0.597387969493866	0.0	0.2690742611885071	0.0	0.18093296885490417	1.1672306060791016	0.0	0.0	0.0	0.0	0.7598758935928345	0.0	1.246725082397461	1.1251435279846191	0.0	0.0	0.0	0.02019408531486988	0.5455845594406128	1.104451298713684	0.0	0.0	1.5261458158493042	0.0	0.0	0.0	0.0	0.0	0.0	0.0	0.0	0.0	0.7035719752311707	0.0	0.9994831681251526	0.0	1.3686355352401733	1.6804051399230957	0.0	0.0	0.0	0.0	0.0	0.0	0.0	0.0	0.3588911294937134	0.0	0.24316824972629547	0.08218879252672195	0.0	0.0	0.45198506116867065	0.0	0.0	0.0	1.9992181062698364	1.590186595916748	0.6692600250244141	0.013880111277103424	0.0	0.0	0.0	1.4507379531860352	0.9290295243263245	0.36972764134407043	1.4774447679519653	0.0	0.0	0.0	0.07746099680662155	0.34684646129608154	0.0	0.0	0.0	0.0	0.4093128442764282	0.0	0.0	0.0	0.9823039770126343	0.0	1.686143159866333	0.0	0.014254523441195488	0.0	1.049421787261963	1.052633285522461	0.0	0.0	0.0	0.021215097978711128	0.0	0.0
0.0	0.0	0.0	0.6207120418548584	0.6578835248947144	0.0	1.348990797996521	0.0	3.0197231769561768	0.3075689375400543	0.0	0.0	0.5425086617469788	1.4572757482528687	0.09941402822732925	1.9459776878356934	0.5162920951843262	0.9571401476860046	1.2056632041931152	0.7989104986190796	2.0744946002960205	0.6351404786109924	0.0	1.7105393409729004	0.0	0.0	0.055624883621931076	1.8970980644226074	0.8877867460250854	0.5725793838500977	0.6202403903007507	0.7110573649406433	0.0	0.4733620584011078	0.0	0.652973473072052	0.7140859961509705	0.0	1.0404646396636963	1.6446155309677124	0.0	0.0	0.0	0.057986438274383545	0.0	0.0	0.0	0.0	0.0	1.1162863969802856	0.0	0.0	0.0	0.8512277007102966	0.8574491739273071	0.0	0.0	0.0	0.8209733366966248	0.5183753371238708	0.0	0.0	0.0	0.0	0.0	0.0	0.0	0.0	0.0	0.7447560429573059	0.8300407528877258	0.0	0.0	0.0	0.0	0.0	0.6542094945907593	0.3506413698196411	0.0	0.9346058368682861	0.0	0.0	1.095167636871338	0.0	1.180393099784851	0.0	2.5065319538116455	0.0	1.2990208864212036	0.0	0.0	0.4485012888908386	0.0	0.6321939826011658	0.0	0.4783177673816681	0.8102075457572937	0.49140509963035583	0.0	0.0	0.0	0.0	0.0	0.5699715614318848	0.0	0.0	0.9619290232658386	0.12493107467889786	0.0	0.4199572801589966	0.0	0.0	0.0	0.0	0.0	0.0	1.0972965955734253	0.0	0.6386206150054932	0.0	1.1014279127120972	0.5581687688827515	0.0	0.21169519424438477	0.5687336325645447	1.885172963142395	0.0	0.0	0.0	0.9628718495368958	0.0	0.0	0.3584272861480713	0.0	0.0	0.6624964475631714	0.8164902925491333	0.0	0.0	0.8743346929550171	0.0	0.0	0.0	0.8918477892875671	2.0364503860473633	0.0	2.0872936248779297	0.0	0.0	0.0	0.0	0.3943521976470947	0.0	0.0	0.7808647751808167	0.0	0.0	1.0941981077194214	0.0	0.0	0.6870140433311462	0.04685432091355324	0.14028547704219818	0.0	0.13837012648582458	0.0	0.0	2.1174631118774414	0.0	0.0	0.0	0.0	0.4869352877140045	0.0	0.6775532364845276	2.3563473224639893	0.6085532307624817	0.0	0.0	0.0	1.099579095840454	0.833530604839325	0.0	0.0	0.7808607220649719	0.0	0.0	0.0	0.0	0.0	0.0	0.0	0.0	0.0	0.056800175458192825	0.0	0.7276037931442261	0.0	2.7518444061279297	1.4162395000457764	0.0	0.0	0.0	0.0	0.0	0.0	0.0	0.0	0.7787032127380371	0.0	1.8557218313217163	0.9959542751312256	0.0	0.0	1.0160635709762573	0.0	0.0	0.0	1.65056574344635	1.8429569005966187	1.348332166671753	0.7631481289863586	0.0	0.0	0.0	1.488069772720337	1.7249138355255127	0.5407859086990356	1.1599599123001099	0.0	0.0	0.6271184682846069	0.5131022334098816	0.02112170308828354	0.0	0.0	0.0	0.0	1.056800127029419	0.0	0.0	0.0	0.9313910007476807	0.0	1.110619068145752	0.0	0.13981159031391144	0.0	1.4527877569198608	1.5215044021606445	0.0	0.0	0.0	0.8273903131484985	0.0	0.0
0.0	0.0	0.0	0.8548540472984314	1.2468081712722778	0.0	0.23966799676418304	0.0	3.42836856842041	0.0	1.5372366905212402	0.0	0.0	0.07800010591745377	1.1963495016098022	2.259458541870117	2.793656587600708	0.3709622621536255	0.0	0.0	0.13439710438251495	0.0	0.0	1.1865344047546387	0.0	0.0	0.0	0.007725400850176811	0.003151063807308674	0.0	0.0269913412630558	1.6817575693130493	0.0	0.0	0.0	0.0	0.07407686859369278	0.0	0.0	0.26238998770713806	0.0	0.0	0.0	1.2335530519485474	0.0	0.0	1.238459825515747	0.0	0.0	2.7225146293640137	0.0	0.0	0.0	0.2226777821779251	0.6382197737693787	0.0	0.0	0.0	0.0	1.3086211681365967	0.0	0.0	0.0	0.0	0.0	0.0	0.0	0.0	0.0	0.0	0.4459984600543976	0.0	0.0	0.0	0.0	0.0	0.0	0.0	0.0	0.8917892575263977	0.0	0.0	1.7044880390167236	0.0	0.09184090048074722	0.0	0.6144053936004639	0.0	1.9801026582717896	0.0	0.0	0.0	0.0	0.3033212423324585	0.0	0.0	0.0	0.0	0.0	0.0	0.0	1.7228031158447266	0.0	0.0	0.0	0.0	0.3887452483177185	1.5275264978408813	0.0	1.5062583684921265	0.0	0.0	0.0	0.0	0.0	0.0	1.6671257019042969	0.0	2.129587173461914	0.0	0.1825903356075287	0.0	0.0	1.3469995260238647	0.09556489437818527	2.3145034313201904	0.0	0.0	0.0	2.9450552463531494	0.0	0.0	0.8895955085754395	0.0	0.0	1.5500093698501587	0.14462082087993622	0.0	0.0	0.0	0.0	0.0	0.0	0.0	0.0	0.0	2.3254599571228027	0.0	0.0	0.0	0.0	1.5645495653152466	0.0	0.0	0.0	0.0	0.0	1.3645274639129639	0.0	0.0	0.41802504658699036	0.0	0.0	0.0	0.0	0.0	0.0	2.157557964324951	0.0	0.0	0.0	0.0	0.0	0.0	0.0	4.199128150939941	2.734832286834717	0.0	0.0	0.0	1.5462998151779175	0.0	0.0	0.0	0.0768570750951767	0.0	0.0	0.0	0.0	0.0	0.0	0.0	0.0	0.0	0.0	0.0	0.0	0.0	2.806267738342285	0.4167618453502655	0.0	0.44537562131881714	0.0	0.0	0.0	0.0	0.0	0.0	0.8011351823806763	0.0	3.5792839527130127	2.160285472869873	0.0	0.0	1.5585564374923706	0.0	0.0	0.0	0.9777368307113647	0.0	2.2363739013671875	1.2888706922531128	0.0	0.0	0.0	1.0101888179779053	1.8711814880371094	0.07725971192121506	0.0	0.0	0.0	2.605468273162842	1.1675808429718018	0.0	0.0	0.0	0.0	0.0	1.7532047033309937	0.0	0.0	0.0	0.0	2.2392382621765137	0.0	0.0	1.3413004875183105	0.0	0.0	0.0	0.0	0.0	0.0	1.9087527990341187	0.0	0.0
0.0	0.0	0.0	0.7551155090332031	0.627265214920044	0.0	1.6907163858413696	0.0	2.904507875442505	0.23276714980602264	0.0	0.0	0.584478497505188	0.3158532679080963	0.5372076630592346	1.071999430656433	0.9579175114631653	1.1370989084243774	0.9256709814071655	0.7141696214675903	1.4553097486495972	2.099296808242798	0.0	1.6713472604751587	0.0	0.0	0.020151101052761078	1.4753868579864502	0.7981905937194824	0.0	0.0	1.8746589422225952	0.0	1.5804557800292969	0.0	0.6427079439163208	1.9837428331375122	0.0	1.507710576057434	1.8939372301101685	0.0	0.0	0.0	0.0	0.0	0.0	0.8044138550758362	0.0	0.0	1.0389933586120605	0.0	0.0	0.0	1.6015151739120483	2.0327677726745605	0.0	0.0	0.0	1.0782172679901123	1.4751657247543335	0.0	0.0	0.0	0.0	0.0	0.0	0.0	0.0	0.0	1.7027372121810913	0.5140237212181091	0.0	0.0	0.0	0.0	0.0	0.4175681471824646	0.0	0.0	1.572641134262085	0.0	0.0	1.3309299945831299	0.12492453306913376	1.783901333808899	0.0	2.498523235321045	0.0	0.8843661546707153	0.0	0.0	0.9231979250907898	0.0	1.6077746152877808	0.0	0.7635877132415771	1.0415112972259521	0.0	0.0	0.0	0.0	0.45945948362350464	0.0	0.9720813035964966	0.0	0.0	0.2601243853569031	0.0	0.0	0.0	0.0	0.0	0.0	0.0	0.0	0.0	0.011217034421861172	0.0	1.0735759735107422	0.0	0.2021321952342987	0.0	0.0	1.4045238494873047	0.8026648759841919	0.9115803241729736	0.0	0.0	0.0	0.6333547830581665	0.0	0.0	0.0	0.0	0.0	0.14536280930042267	0.10866465419530869	0.0	0.0	1.7560151815414429	0.0	0.0	0.0	0.0	0.5455315113067627	0.0	1.3945631980895996	0.0	0.0	0.0	0.0	0.0	0.0	0.0	1.2605245113372803	0.0	0.0	0.1170416921377182	0.0	0.0	1.525221824645996	0.0	0.0	0.0	0.2713707983493805	0.0	0.8908929824829102	1.832917332649231	0.0	0.0	0.0	0.0	0.9441133141517639	0.0	0.0	3.093430995941162	0.36018505692481995	0.0	0.0	0.0	0.0767454206943512	1.4200477600097656	0.0	0.0	1.8668099641799927	0.0	0.0	0.0	0.0	0.0	0.0	0.0	0.0	0.0	1.1959019899368286	0.0	1.6499109268188477	0.0	1.6183615922927856	1.525320053100586	0.0	0.0	0.0	0.0	0.0	0.0	0.0	0.0	0.0	0.0	0.5197209119796753	0.23557816445827484	0.0	0.0	0.762437105178833	0.0	0.0	0.0	2.691511869430542	1.5256421566009521	1.773960828781128	0.0	0.0	0.0	0.0	2.9107983112335205	0.9555678367614746	0.4445511996746063	1.691014289855957	0.0	0.0	0.31033021211624146	0.0	0.0	0.0	0.0	0.0	0.0	0.8008372783660889	0.0	0.0	0.0	0.6846784949302673	0.12488231062889099	1.5891962051391602	0.0	0.0	0.0	1.6977217197418213	1.1139453649520874	0.0	0.0	0.0	0.1380864828824997	0.0	0.0
0.0	0.0	0.0	1.368574857711792	0.0	0.0	2.2108418941497803	0.0	2.9842734336853027	0.5966368913650513	0.0	0.0	1.5705723762512207	1.19602370262146	0.48955321311950684	1.445030689239502	0.07134807109832764	1.9433401823043823	2.187267780303955	1.0994638204574585	2.22204852104187	2.2644407749176025	0.0	1.8553873300552368	0.0	0.0	0.9467222094535828	1.77253258228302	2.0608580112457275	0.9451566934585571	1.3230490684509277	0.10456244647502899	0.0	1.942266821861267	0.0	0.0	2.4248299598693848	0.0	2.1313657760620117	2.9657490253448486	0.0	0.0	0.0	0.0	0.0	0.0	0.09266350418329239	0.0	0.0	0.40214696526527405	0.0	0.0	0.0	1.2165056467056274	2.6572604179382324	0.0	0.0	0.09321483224630356	1.435481071472168	1.0942307710647583	0.0	0.0	0.0	0.5896247029304504	0.0	0.0	0.0	0.0	0.0	2.123330593109131	0.6418358087539673	0.0	0.0	0.0	0.0	0.0	1.6658397912979126	0.20142723619937897	0.0	1.3663034439086914	0.0	0.0	0.9410350918769836	0.6409506797790527	2.2854177951812744	0.0	3.0902581214904785	0.0	0.9222086071968079	0.0	0.0	2.2331340312957764	0.0	2.3012568950653076	0.0	1.4401617050170898	1.5235646963119507	0.0	0.0	0.0	0.0	0.0	0.0	1.4000495672225952	0.0	0.0	0.9682310819625854	0.0	0.0	0.0	0.0	0.0	0.0	0.0	0.0	0.0	0.8030118346214294	0.0	0.0037674163468182087	0.0	1.4900745153427124	0.0	0.0	0.3275699019432068	0.5733042359352112	0.9777195453643799	0.0	0.0	0.0	0.0	0.0	0.0	0.5877578854560852	0.0	0.0	0.11420989036560059	0.2731809914112091	0.0	0.0	1.163909912109375	0.0	0.0	0.0	0.0	1.3251017332077026	0.0	2.710574150085449	0.0	0.0	0.0	0.0	0.0	0.0	0.0	2.0268070697784424	0.0	0.0	0.4933541715145111	0.0	0.0	1.6401441097259521	0.0	0.1701442450284958	0.0799705907702446	1.3111131191253662	0.0	0.693665623664856	2.090502977371216	0.0	0.0	0.0	0.0	1.7474092245101929	0.0	0.0	2.1472280025482178	0.0	0.0	0.0	0.0	0.8099780082702637	1.743646502494812	0.0	0.0	2.9928483963012695	0.0	0.0	0.0	0.0	0.0	0.0	0.0	0.0	0.0	1.469076156616211	0.0	2.930612564086914	0.0	2.181185245513916	1.6068042516708374	0.0	0.0	0.0	0.0	0.0	0.0	0.0	0.0	0.0	0.0	0.6598083972930908	0.5343765020370483	0.0	0.0	1.4902374744415283	0.0	0.0	0.0	3.3135244846343994	2.735016345977783	1.3467146158218384	0.0	0.0	0.0	0.0	2.9476914405822754	0.8790578842163086	2.013117551803589	2.2216107845306396	0.0	0.0	0.0	0.0	0.5849982500076294	0.0	0.0	0.0	0.0	0.02817780151963234	0.0	0.0	0.0	1.8210417032241821	0.0	1.943962574005127	0.0	0.24447621405124664	0.0	1.8932198286056519	2.0500407218933105	0.0	0.0	0.0	0.11040060222148895	0.0	0.0
0.0	0.0	0.0	1.2471407651901245	0.6223146915435791	0.0	1.3533192873001099	0.0	3.6301846504211426	0.0	0.21600139141082764	0.0	0.02536896988749504	0.808030903339386	0.8212428689002991	2.1521389484405518	1.4548578262329102	1.0893751382827759	0.2936023771762848	0.32653507590293884	0.6842325925827026	0.8334899544715881	0.0	1.7277292013168335	0.0	0.0	0.0	0.9167464971542358	0.27933716773986816	0.5662044286727905	1.0692471265792847	1.0795855522155762	0.0	1.067968726158142	0.0	0.0	0.8190489411354065	0.0	0.661663293838501	1.604785680770874	0.0	0.0	0.0	0.0	0.0	0.0	0.5356863737106323	0.0	0.0	2.3118045330047607	0.0	0.0	0.0	1.094956398010254	1.3672208786010742	0.0	0.0	0.0	0.4060623049736023	1.4692870378494263	0.0	0.0	0.0	0.0	0.0	0.0	0.0	0.0	0.0	0.8475127220153809	0.6792551875114441	0.0	0.0	0.0	0.0	0.0	0.7407259941101074	0.17750924825668335	0.0	0.9551019668579102	0.0	0.0	1.4149928092956543	0.0	0.8590320944786072	0.0	1.8224725723266602	0.0	1.1983516216278076	0.0	0.0	0.5690611600875854	0.0	0.37609627842903137	0.0	0.17951932549476624	0.9047225713729858	0.0	0.0	0.0	0.0	0.8985023498535156	0.0	0.0	0.0	0.0	0.8901556730270386	0.4140237271785736	0.0	0.30864763259887695	0.0	0.0	0.0	0.0	0.0	0.0	1.0623891353607178	0.0	1.060469150543213	0.0	0.0	0.1696176677942276	0.0	0.24993650615215302	0.47609037160873413	1.6956920623779297	0.0	0.0	0.0	2.0103232860565186	0.0	0.0	0.30924299359321594	0.0	0.0	0.4231915771961212	0.15694187581539154	0.0	0.0	0.45555174350738525	0.0	0.0	0.0	0.0	0.45986345410346985	0.0	2.129678726196289	0.0	0.0	0.0	0.0	0.4745776951313019	0.0	0.0	0.0	0.0	0.0	1.3560383319854736	0.0	0.0	0.6639300584793091	0.2555140554904938	0.30632832646369934	0.0	0.0	0.0	0.0	2.2307496070861816	0.0	0.0	0.0	0.0	0.8780797123908997	0.0	0.0	3.014346122741699	0.8322271108627319	0.0	0.0	0.0	1.1658297777175903	0.6767613291740417	0.0	0.0	1.055679202079773	0.0	0.0	0.0	0.0	0.0	0.0	0.0	0.0	0.0	0.09253528714179993	0.0	1.2485549449920654	0.0	2.4870753288269043	1.136681318283081	0.0	0.0	0.0	0.0	0.0	0.0	0.0	0.0	0.40539631247520447	0.0	2.348937749862671	1.187295913696289	0.0	0.0	1.1775832176208496	0.0	0.0	0.0	1.8297370672225952	1.010992407798767	2.353146553039551	0.4207524359226227	0.0	0.0	0.0	1.6217433214187622	1.4513884782791138	0.8781948089599609	0.9862957000732422	0.0	0.0	1.2377996444702148	0.8118898868560791	0.0	0.0	0.0	0.0	0.0	1.4496471881866455	0.0	0.0	0.0	0.6035823822021484	1.7657603025436401	0.38266879320144653	0.0	0.5215557217597961	0.0	0.5593465566635132	0.8459092974662781	0.0	0.0	0.0	1.3889845609664917	0.0	0.0
0.0	0.0	0.0	0.7904118895530701	0.29363009333610535	0.0	2.194488048553467	0.0	2.220447540283203	0.7633834481239319	0.0	0.0	0.9287375807762146	0.23687325417995453	0.07018472999334335	0.5686874389648438	0.0	1.9033958911895752	1.576046347618103	1.5890071392059326	2.1930646896362305	2.687638998031616	0.0	1.7487342357635498	0.0	0.0	1.0699743032455444	2.0141866207122803	1.4330165386199951	0.2269420474767685	0.4103955030441284	0.9399901628494263	0.0	2.4373650550842285	0.0	0.48701030015945435	2.2265591621398926	0.0	2.6038451194763184	1.9860283136367798	0.0	0.0	0.0	0.0	0.0	0.0	0.03526335582137108	0.0	0.0	0.2735980749130249	0.0	0.0	0.0	1.2548184394836426	2.7718238830566406	0.0	0.0	0.0	2.118058204650879	0.9186427593231201	0.0	0.0	0.0	0.9508914351463318	0.0	0.0	0.0	0.0	0.0	2.1025242805480957	0.2028639018535614	0.0	0.0	0.0	0.0	0.0	1.7277103662490845	0.45829471945762634	0.0	1.2061121463775635	0.0	0.0	0.4326639473438263	0.4087306261062622	2.2361509799957275	0.0	2.2427308559417725	0.0	0.0	0.0	0.0	2.3736870288848877	0.0	2.688739776611328	0.0	1.5023081302642822	1.3716670274734497	0.20137520134449005	0.0	0.0	0.0	0.0	0.0	1.8249047994613647	0.0	0.0	0.005195907782763243	0.0	0.0	0.0	0.0	0.0	0.0	0.0	0.0	0.0	0.5651475787162781	0.0	0.4375183880329132	0.0	0.9963409304618835	0.0	0.0	1.0770503282546997	0.46425122022628784	0.6832684278488159	0.0	0.0	0.0	0.0	0.0	0.0	0.6360363960266113	0.0	0.0	0.0	0.11319296807050705	0.0	0.0	1.5543774366378784	0.0	0.0	0.0	0.0	0.7427743077278137	0.0	1.3788182735443115	0.0	0.0	0.0	0.0	0.0	0.0	0.0	2.006854772567749	0.0	0.0	0.1959424912929535	0.0	0.0	2.0453741550445557	0.6337321996688843	0.6761481761932373	0.0	1.363147497177124	0.0	1.2645173072814941	1.6215922832489014	0.0	0.0	0.0	0.0	1.138388991355896	0.0	0.0	1.5997728109359741	0.0	0.0	0.0	0.0	0.0	1.1429729461669922	0.0	0.0	2.538245439529419	0.0	0.0	0.0	0.0	0.0	0.0	0.0	0.0	0.0	0.8518962860107422	0.0	2.940218687057495	0.0	1.7017755508422852	2.1887576580047607	0.0	0.0	0.0	0.0	0.0	0.0	0.0	0.0	0.0	0.0	0.0	1.0229038000106812	0.0	0.0	0.725054919719696	0.0	0.0	0.0	3.3092849254608154	2.6150975227355957	0.31992894411087036	0.0	0.0	0.0	0.0	2.712825298309326	0.45748305320739746	1.3938392400741577	1.6133979558944702	0.0	0.0	0.0	0.0	0.018142620101571083	0.0	0.0	0.0	0.0	0.0	0.0	0.0	0.0	1.341956377029419	0.0	2.601522207260132	0.0	0.0	0.0	2.303452968597412	1.6292527914047241	0.0	0.0	0.0	0.0	0.0	0.0
0.0	0.0	0.0	0.02253124676644802	0.33024758100509644	0.0	0.6803032159805298	0.0	0.8741053342819214	0.5308364033699036	0.0	0.0	0.4822392165660858	0.5392823219299316	0.3782678246498108	0.45410841703414917	0.0	0.3835255205631256	0.3698480427265167	0.4302489757537842	0.38956010341644287	0.31382620334625244	0.0	0.9900211691856384	0.0	0.0	0.3372025489807129	0.7622150778770447	0.23647765815258026	0.34787195920944214	0.5537422895431519	0.30559706687927246	0.0	0.4764275550842285	0.0	0.48330754041671753	0.40252718329429626	0.0	0.5152105093002319	0.41884341835975647	0.0	0.0	0.0	0.0	0.0	0.0	0.0	0.0	0.0	0.5721610188484192	0.0	0.0	0.0	0.0	0.42700397968292236	0.0	0.0	0.4331609606742859	0.8888702988624573	0.0	0.0	0.0	0.0	0.23653842508792877	0.0	0.0	0.0	0.0	0.0	0.2701161503791809	0.5980603098869324	0.0	0.0	0.1215679794549942	0.0	0.0	0.39027976989746094	0.5109936594963074	0.0	0.576259195804596	0.0	0.0	0.27944111824035645	0.0	0.6244248747825623	0.0	0.6671498417854309	0.0	0.0	0.0	0.0	0.6699565052986145	0.0	0.5568529367446899	0.0	0.330432265996933	0.4652610719203949	0.4628007411956787	0.0	0.3101639151573181	0.0	0.0	0.0	0.2646707594394684	0.0	0.0	0.08066508919000626	0.08722361922264099	0.0	0.0	0.0	0.0	0.0	0.0	0.0	0.0	0.4870106875896454	0.0	0.05401648208498955	0.0	0.03461559861898422	0.42953333258628845	0.0	0.14814025163650513	0.0037998599000275135	0.43216410279273987	0.0	0.0	0.0	0.197348952293396	0.0	0.0	0.2496197372674942	0.0	0.0	0.3403906524181366	0.48546302318573	0.0	0.0	0.15095005929470062	0.0	0.0	0.0	0.7371066212654114	0.6900757551193237	0.0	0.21938833594322205	0.0	0.0	0.0	0.0	0.1343677043914795	0.0	0.0	0.4577104449272156	0.0	0.0	0.5390920042991638	0.0	0.0	0.5324476957321167	0.5482162237167358	0.49696969985961914	0.15275463461875916	0.47296956181526184	0.0	0.21518360078334808	0.6952000856399536	0.0	0.0	0.0	0.0	0.14694324135780334	0.0	0.8765104413032532	0.38130316138267517	0.0	0.0	0.0	0.31439974904060364	0.3457961082458496	0.4888552129268646	0.0	0.0	0.4866199791431427	0.0	0.0	0.0	0.0	0.0	0.0	0.0	0.0	0.0	0.5253256559371948	0.0	0.5490691065788269	0.0	0.7027801871299744	0.750223696231842	0.0	0.0	0.0	0.0	0.0	0.0	0.0	0.0	0.6272439956665039	0.0	0.3740195035934448	0.408852756023407	0.21094068884849548	0.0	0.22772307693958282	0.0	0.0	0.0	0.6369696855545044	0.6922740340232849	0.037488311529159546	0.26145708560943604	0.0	0.0	0.0	0.4226476550102234	0.6342608332633972	0.19865544140338898	0.7747074961662292	0.0	0.0	0.22236740589141846	0.4205245077610016	0.1854630559682846	0.0	0.0	0.0	0.0	0.39401882886886597	0.0	0.0	0.0	0.26578518748283386	0.0	0.5632190704345703	0.0	0.27195271849632263	0.0	0.5530971884727478	0.5237250328063965	0.0	0.6437516212463379	0.0	0.0	0.0	0.0
0.0	0.0	0.0	0.001578097464516759	1.2471868991851807	0.0	1.1350102424621582	0.0	2.678346633911133	0.3020956814289093	0.0	0.0	0.7746664881706238	0.5633717179298401	1.0956127643585205	1.057316541671753	0.3705093264579773	0.0	0.9876181483268738	0.7478358149528503	1.4996631145477295	0.715286135673523	0.0	1.7141900062561035	0.0	0.0	0.0	1.735329031944275	0.05436136573553085	0.32303792238235474	0.45957446098327637	1.6125208139419556	0.0	0.5931681394577026	0.0	0.47935670614242554	0.8519219756126404	0.0	0.4706898331642151	1.2367403507232666	0.0	0.0	0.0	0.5050905346870422	0.0	0.0	0.0	0.0	0.0	1.9840829372406006	0.0	0.0	0.0	0.8435894846916199	0.8089523911476135	0.0	0.0	0.4618683159351349	1.0802438259124756	0.13505703210830688	0.0	0.0	0.0	0.0	0.0	0.0	0.0	0.0	0.0	0.5284633040428162	0.8152724504470825	0.0	0.0	0.0	0.0	0.0	0.963922917842865	0.8644651174545288	0.0	0.9360295534133911	0.0	0.0	0.8267263770103455	0.0	0.979452908039093	0.0	1.723479151725769	0.0	0.3826841115951538	0.0	0.0	0.595557451248169	0.0	1.240391731262207	0.0	0.9971081614494324	0.9174515604972839	0.6222272515296936	0.0	0.0	0.0	0.0	0.0	0.31304851174354553	0.0	0.0	0.0324619859457016	0.03424420952796936	0.0	0.0	0.0	0.0	0.0	0.0	0.0	0.0	0.9721260666847229	0.0	0.5893763899803162	0.0	0.0	0.9027285575866699	0.0	0.27294424176216125	0.0	1.472895622253418	0.0	0.0	0.0	1.0964604616165161	0.0	0.0	0.8884039521217346	0.0	0.0	0.7946269512176514	0.8349317908287048	0.0	0.0	1.286649227142334	0.0	0.0	0.0	0.7991726398468018	0.7357427477836609	0.0	1.013114333152771	0.0	0.0	0.0	0.0	0.25303226709365845	0.0	0.0	1.3132071495056152	0.0	0.0	0.4697924852371216	0.0	0.0	0.6737633943557739	0.7969880104064941	0.8683006167411804	0.0	0.6388641595840454	0.0	0.5725556015968323	1.698521614074707	0.0	0.0	0.0	0.0	0.5761433243751526	0.0	0.34179186820983887	1.5858310461044312	0.09101355820894241	0.0	0.0	0.0	0.9754278063774109	0.4919479191303253	0.0	0.0	0.9968479871749878	0.0	0.0	0.0	0.0	0.0	0.0	0.0	0.0	0.0	0.06055465340614319	0.0	0.793068528175354	0.0	1.734605312347412	1.5028024911880493	0.0	0.0	0.0	0.0	0.0	0.0	0.0	0.0	0.8691936135292053	0.0	1.8396261930465698	0.8421891331672668	0.0	0.0	0.8591588735580444	0.0	0.0	0.0	1.4264286756515503	1.7530027627944946	0.6356890797615051	0.34713050723075867	0.0	0.0	0.0	1.2535576820373535	1.471287488937378	0.0	1.0392365455627441	0.0	0.0	0.9436644911766052	0.9268928170204163	0.0	0.0	0.0	0.0	0.0	0.84478759765625	0.0	0.0	0.0	0.13007694482803345	0.374500572681427	1.046364665031433	0.0	0.45850706100463867	0.0	1.3840835094451904	0.519461989402771	0.0	0.0	0.0	0.46782341599464417	0.0	0.0
0.0	0.0	0.0	1.3907538652420044	0.7465588450431824	0.0	1.0897152423858643	0.0	3.589210033416748	0.0	0.3246907889842987	0.0	0.3001948595046997	1.4594831466674805	1.3444130420684814	2.548929214477539	2.071045160293579	0.9298198819160461	0.8109225630760193	0.5880782604217529	0.8435640335083008	0.4712662398815155	0.0	1.9661139249801636	0.0	0.0	0.0	0.5205662250518799	0.7521209716796875	0.42566555738449097	1.042149305343628	0.9088870286941528	0.0	0.07406056672334671	0.0	0.0	0.9021304845809937	0.0	0.813732385635376	1.6304370164871216	0.0	0.0	0.0	0.0	0.0	0.0	0.03632986918091774	0.0	0.0	2.2400684356689453	0.0	0.0	0.0	0.2777957618236542	1.517255187034607	0.0	0.0	0.47426313161849976	0.0	1.1629372835159302	0.0	0.0	0.0	0.0	0.0	0.0	0.0	0.0	0.0	0.41831448674201965	1.0023372173309326	0.0	0.0	0.0	0.0	0.0	0.7448870539665222	0.22425468266010284	0.0	1.4799226522445679	0.0	0.0	1.807706356048584	0.0	1.345401644706726	0.0	1.4175176620483398	0.0	1.9122790098190308	0.0	0.0	0.8938354849815369	0.0	0.5403433442115784	0.0	0.5259982347488403	0.668872058391571	0.0	0.0	0.014817415736615658	0.0	0.5061911940574646	0.0	0.0	0.0	0.0	1.7030696868896484	0.6341769695281982	0.0	0.0	0.0	0.0	0.0	0.0	0.0	0.0	0.781627893447876	0.0	1.045705795288086	0.0	1.050621747970581	0.594119668006897	0.0	0.417828768491745	0.0	2.0581629276275635	0.0	0.0	0.0	1.8317298889160156	0.0	0.0	0.7162583470344543	0.0	0.0	1.1793804168701172	0.8812629580497742	0.0	0.0	0.04766661673784256	0.0	0.0	0.0	0.03951725736260414	0.358271062374115	0.0	2.5921037197113037	0.0	0.0	0.0	0.0	0.2964789867401123	0.0	0.0	0.45919209718704224	0.0	0.0	1.6048903465270996	0.0	0.0	0.9254832863807678	0.13085170090198517	0.3767383396625519	0.11118074506521225	0.61819988489151	0.0	0.0	1.9384818077087402	0.0	0.0	0.0	0.0	1.1844403743743896	0.0	0.23401036858558655	2.899949312210083	1.2546087503433228	0.0	0.0	0.0	1.772541880607605	0.8010938167572021	0.0	0.0	1.2624469995498657	0.0	0.0	0.0	0.0	0.0	0.0	0.0	0.0	0.0	0.8699990510940552	0.0	0.6555857062339783	0.0	2.5423877239227295	0.9425578713417053	0.0	0.0	0.0	0.0	0.0	0.0	0.0	0.0	0.8420525193214417	0.0	2.526337146759033	1.4961867332458496	0.0	0.0	1.218661904335022	0.0	0.0	0.0	1.8313840627670288	1.1771715879440308	1.954634666442871	0.6935040354728699	0.0	0.0	0.0	1.4633235931396484	1.6828538179397583	1.1555625200271606	0.8614431023597717	0.0	0.0	1.7588640451431274	1.0625197887420654	0.0	0.0	0.0	0.0	0.0	2.085801362991333	0.0	0.0	0.0	0.736657440662384	1.5738012790679932	0.5225346684455872	0.0	1.0152798891067505	0.0	0.7654288411140442	1.4784818887710571	0.0	0.0	0.0	0.8465334177017212	0.0	0.0
0.0	0.0	0.0	0.536318302154541	0.32227030396461487	0.0	1.6224021911621094	0.0	1.9046846628189087	0.7227059602737427	0.0	0.0	0.9042445421218872	1.4515185356140137	0.13442610204219818	1.2828291654586792	0.0	1.0956573486328125	1.41316556930542	0.6848469376564026	1.1799776554107666	0.8050541877746582	0.0	1.7799583673477173	0.0	0.0	0.5325987339019775	1.0732879638671875	0.5016217827796936	0.8987721800804138	0.95735764503479	0.2849147617816925	0.0	0.9677093625068665	0.0	0.7088508605957031	1.0600038766860962	0.0	1.2746211290359497	1.4456851482391357	0.0	0.0	0.0	0.0	0.0	0.0	0.0	0.0	0.0	0.450283944606781	0.0	0.0	0.0	0.8417930006980896	1.1790934801101685	0.0	0.0	0.5805719494819641	1.704872965812683	0.12875716388225555	0.0	0.0	0.0	0.32902759313583374	0.0	0.0	0.0	0.0	0.0	1.2265111207962036	1.127826452255249	0.0	0.0	0.0	0.0	0.0	0.7212956547737122	0.7314574718475342	0.0	1.0620200634002686	0.0	0.0	1.097931981086731	0.17354995012283325	1.3434333801269531	0.0	1.649916410446167	0.0	0.32138949632644653	0.0	0.0	1.1501086950302124	0.0	0.7975741624832153	0.0	0.7664093375205994	1.3821682929992676	0.6203998327255249	0.0	0.12085482478141785	0.0	0.0	0.0	0.6784704923629761	0.0	0.0	0.8611310720443726	0.06223515048623085	0.0	0.0	0.0	0.0	0.0	0.0	0.0	0.0	0.9086753129959106	0.0	0.0	0.0	0.3558940291404724	0.7239094376564026	0.0	0.0	0.0	0.9078890681266785	0.0	0.0	0.0	0.09877307713031769	0.0	0.0	0.15897707641124725	0.0	0.0	0.0	0.6547369360923767	0.0	0.0	1.1743354797363281	0.0	0.0	0.0	1.4433897733688354	1.250086784362793	0.0	1.1113667488098145	0.0	0.0	0.0	0.0	0.0	0.0	0.0	1.3533942699432373	0.0	0.0	0.48281148076057434	0.0	0.0	0.8847910165786743	0.5567085146903992	0.6980815529823303	0.0	0.5092277526855469	0.0	0.0	1.3139045238494873	0.0	0.0	0.0	0.0	0.7539834380149841	0.0	1.4681084156036377	0.9442058205604553	0.0	0.0	0.0	0.12435644865036011	0.7008907198905945	1.1492094993591309	0.0	0.0	1.3082226514816284	0.0	0.0	0.0	0.0	0.0	0.0	0.0	0.0	0.0	0.6935650706291199	0.0	1.3346476554870605	0.0	1.6867421865463257	1.5644923448562622	0.0	0.0	0.0	0.0	0.0	0.0	0.0	0.0	0.587052583694458	0.0	0.3935640752315521	0.43496161699295044	0.22793304920196533	0.0	0.8001340627670288	0.0	0.0	0.0	1.7956345081329346	1.7831807136535645	0.5459092259407043	0.08836113661527634	0.0	0.0	0.0	1.6279492378234863	1.0935420989990234	0.6272769570350647	1.56937837600708	0.0	0.0	0.0	0.3396223187446594	0.733585774898529	0.0	0.0	0.0	0.0	0.5960392951965332	0.0	0.0	0.0	0.9377718567848206	0.0	1.5310968160629272	0.0	0.1311255842447281	0.0	1.0593570470809937	1.2308261394500732	0.0	0.5116416215896606	0.0	0.0	0.0	0.0
0.0	0.0	0.0	0.6475410461425781	0.47760894894599915	0.0	1.7578264474868774	0.0	2.153787851333618	1.1080000400543213	0.0	0.0	1.0370668172836304	1.3241606950759888	0.054647788405418396	1.364559531211853	0.0	0.9426011443138123	1.6686829328536987	0.9775253534317017	1.4531972408294678	1.6322014331817627	0.0	2.1759769916534424	0.0	0.0	0.5529020428657532	1.8811867237091064	0.7020317912101746	0.7964964509010315	0.8732959032058716	0.5549576282501221	0.0	1.4489719867706299	0.0	0.6984550952911377	1.496333360671997	0.0	1.8302171230316162	1.683644413948059	0.0	0.0	0.0	0.0	0.0	0.0	0.0	0.0	0.0	0.8261415362358093	0.0	0.0	0.0	0.5672096610069275	1.499106526374817	0.0	0.0	0.26143980026245117	1.9179925918579102	0.2515137195587158	0.0	0.0	0.0	0.49877727031707764	0.0	0.0	0.0	0.0	0.0	1.3863489627838135	1.256469964981079	0.0	0.0	0.0	0.0	0.0	1.1402628421783447	1.0901024341583252	0.0	1.2884374856948853	0.0	0.0	0.8667481541633606	0.1516004353761673	1.488362193107605	0.0	2.3012845516204834	0.0	0.10236432403326035	0.0	0.0	1.695074200630188	0.0	1.2669963836669922	0.0	1.1457476615905762	1.5094009637832642	0.9310645461082458	0.0	0.0	0.0	0.0	0.0	1.122060775756836	0.0	0.0	0.9891125559806824	0.0	0.0	0.0	0.0	0.0	0.0	0.0	0.0	0.0	0.7559522986412048	0.0	0.0	0.0	0.6360000967979431	0.8887163400650024	0.0	0.04593593627214432	0.21246150135993958	0.6464279890060425	0.0	0.0	0.0	0.0	0.0	0.0	0.38589876890182495	0.0	0.0	0.3504413664340973	0.743681013584137	0.0	0.0	1.4109889268875122	0.0	0.0	0.0	1.5481364727020264	1.2830374240875244	0.0	1.1435352563858032	0.0	0.0	0.0	0.0	0.0	0.0	0.0	1.5316990613937378	0.0	0.0	0.6407784223556519	0.0	0.0	1.0700902938842773	0.8871421813964844	0.6510136127471924	0.0	0.9711363911628723	0.0	0.5695664882659912	1.4137696027755737	0.0	0.0	0.0	0.0	0.9356487989425659	0.0	1.0832735300064087	0.8965039849281311	0.0	0.0	0.0	0.39532023668289185	0.6201836466789246	1.1872072219848633	0.0	0.0	2.122823715209961	0.0	0.0	0.0	0.0	0.0	0.0	0.0	0.0	0.0	0.7648939490318298	0.0	1.6212579011917114	0.0	1.7064672708511353	2.055663824081421	0.0	0.0	0.0	0.0	0.0	0.0	0.0	0.0	0.5467259287834167	0.0	0.48329970240592957	0.92851322889328	0.0	0.0	0.8501711487770081	0.0	0.0	0.0	2.2142629623413086	1.713102102279663	0.3207489252090454	0.0	0.0	0.0	0.0	2.1958835124969482	1.132117748260498	0.5994048118591309	2.003690242767334	0.0	0.0	0.0	0.16492101550102234	0.4913208782672882	0.0	0.0	0.0	0.0	0.6845542192459106	0.0	0.0	0.0	0.9471955895423889	0.0	1.8571888208389282	0.0	0.2104976624250412	0.0	1.422000527381897	1.4030826091766357	0.0	0.814037561416626	0.0	0.0	0.0	0.0
0.0	0.0	0.0	1.4015965461730957	0.026116980239748955	0.0	1.8516130447387695	0.0	2.863284111022949	0.31034567952156067	0.0	0.0	0.41618216037750244	1.183797001838684	0.42763814330101013	1.846155047416687	1.073386788368225	1.2521071434020996	1.095158338546753	0.6612195372581482	1.2779515981674194	1.3050280809402466	0.0	1.9407799243927002	0.0	0.0	0.0	0.8887327909469604	0.8798586130142212	0.7151720523834229	1.3198798894882202	0.36419692635536194	0.0	1.1835997104644775	0.0	0.2092779278755188	1.092558741569519	0.0	1.0057507753372192	1.518876075744629	0.0	0.0	0.0	0.0	0.0	0.0	0.6841539740562439	0.0	0.0	1.0904664993286133	0.0	0.0	0.0	1.2723844051361084	1.548186182975769	0.0	0.0	0.0	0.45813149213790894	0.9667186737060547	0.0	0.0	0.0	0.019542478024959564	0.0	0.0	0.0	0.0	0.0	1.533182978630066	1.0237462520599365	0.0	0.0	0.0	0.0	0.0	0.7176461815834045	0.08708284795284271	0.0	0.8471799492835999	0.0	0.0	1.6099172830581665	0.03339111804962158	1.2592451572418213	0.0	2.1345291137695312	0.0	0.9877568483352661	0.0	0.0	1.2798194885253906	0.0	0.7818648219108582	0.0	0.715152382850647	0.9368419051170349	0.32937535643577576	0.0	0.0	0.0	0.39094796776771545	0.0	0.28875404596328735	0.0	0.0	1.2275077104568481	0.0	0.0	0.1265745460987091	0.0	0.0	0.0	0.0	0.0	0.0	0.36035865545272827	0.0	0.4202473759651184	0.0	0.8777411580085754	0.2655361294746399	0.0	0.20345062017440796	0.21699218451976776	1.2509301900863647	0.0	0.0	0.0	0.7182369232177734	0.0	0.0	0.11024468392133713	0.0	0.0	0.01577400043606758	0.3809824287891388	0.0	0.0	0.9222791194915771	0.0	0.0	0.0	0.5214833617210388	0.6582970023155212	0.0	2.0105857849121094	0.0	0.0	0.0	0.0	0.0	0.0	0.0	1.0751283168792725	0.0	0.0	0.6899805665016174	0.0	0.0	0.7348551750183105	0.04153865948319435	0.29435351490974426	0.0	0.17003560066223145	0.0	0.030174706131219864	1.6344667673110962	0.0	0.0	0.0	0.0	0.9766125082969666	0.0	0.0	1.9798033237457275	0.28533756732940674	0.0	0.0	0.0	1.2059202194213867	0.8656736016273499	0.0	0.0	1.3803056478500366	0.0	0.0	0.0	0.0	0.0	0.0	0.0	0.0	0.0	0.13271605968475342	0.0	1.3614187240600586	0.0	2.2360873222351074	1.205121397972107	0.0	0.0	0.0	0.0	0.0	0.0	0.0	0.0	0.1714548021554947	0.0	1.2206149101257324	0.7839698195457458	0.0	0.0	1.0471181869506836	0.0	0.0	0.0	2.130638837814331	1.621506929397583	1.652309775352478	0.0	0.0	0.0	0.0	1.7115893363952637	1.0815215110778809	0.6943790316581726	1.0838050842285156	0.0	0.0	0.5718122124671936	0.0	0.2567639648914337	0.0	0.0	0.0	0.0	1.1037297248840332	0.0	0.0	0.0	1.2362359762191772	0.4496464133262634	1.0292623043060303	0.0	0.07312880456447601	0.0	0.8440760374069214	1.3662902116775513	0.0	0.0	0.0	0.740412712097168	0.0	0.0
0.0	0.0	0.0	1.263453722000122	0.015047174878418446	0.0	1.5547610521316528	0.0	3.5421628952026367	0.5607362985610962	0.0	0.0	0.4390515685081482	1.2755447626113892	0.23197318613529205	2.419492483139038	1.0895401239395142	1.3450595140457153	1.0069775581359863	0.05779555067420006	1.2135703563690186	0.7544664144515991	0.0	1.7733094692230225	0.0	0.0	0.07401373237371445	0.8606317043304443	1.1010169982910156	0.5437996983528137	1.3301620483398438	0.0	0.0	0.5471676588058472	0.0	0.0	0.3495117723941803	0.0	0.835458517074585	1.5724345445632935	0.0	0.0	0.0	0.3178873062133789	0.0	0.0	0.0	0.0	0.0	1.3340346813201904	0.0	0.0	0.0	0.36793777346611023	1.3640300035476685	0.0	0.0	0.21526741981506348	0.0	1.1214338541030884	0.0	0.0	0.0	0.0	0.0	0.0	0.0	0.0	0.0	0.8216007947921753	0.7934717535972595	0.0	0.0	0.0	0.0	0.0	0.2727852463722229	0.3679632842540741	0.0	1.1105364561080933	0.0	0.0	1.6140626668930054	0.046091653406620026	1.2533305883407593	0.0	2.1788101196289062	0.0	1.903035044670105	0.0	0.0	0.15070123970508575	0.0	0.0	0.0	0.3851777911186218	1.079283356666565	0.0	0.0	0.0	0.0	0.2567024827003479	0.0	0.22112439572811127	0.0	0.0	1.6711732149124146	0.1329410821199417	0.0	0.0	0.0	0.0	0.0	0.0	0.0	0.0	1.4143179655075073	0.0	0.11961833387613297	0.0	0.40697014331817627	0.824817955493927	0.0	0.06074974313378334	1.0004949569702148	1.6187505722045898	0.0	0.0	0.0	0.6530008316040039	0.0	0.0	0.0	0.0	0.0	0.8721792697906494	0.6080830097198486	0.0	0.0	0.7660263180732727	0.0	0.0	0.0	0.6185917854309082	1.5400564670562744	0.0	2.3800485134124756	0.0	0.0	0.0	0.0	0.1352187842130661	0.0	0.0	0.5195151567459106	0.0	0.0	1.7814006805419922	0.0	0.0	0.43980690836906433	0.6583659648895264	0.0	0.13241557776927948	0.0	0.0	0.0	1.8368666172027588	0.0	0.0	0.0	0.0	1.1947276592254639	0.0	0.1256735771894455	2.5858731269836426	0.8185152411460876	0.0	0.0	0.0	1.1366221904754639	1.1185369491577148	0.0	0.0	0.6891680359840393	0.0	0.0	0.0	0.0	0.0	0.0	0.0	0.0	0.0	0.13689681887626648	0.0	1.025612711906433	0.0	2.436068534851074	1.014582872390747	0.0	0.0	0.0	0.0	0.0	0.0	0.0	0.0	0.8811271786689758	0.0	1.57820725440979	1.0820599794387817	0.0034247571602463722	0.0	2.464545249938965	0.0	0.0	0.0	1.622941493988037	1.1270703077316284	1.6507140398025513	0.6951252818107605	0.0	0.0	0.0	0.9144713878631592	1.3205304145812988	1.2804603576660156	1.1012786626815796	0.0	0.0	1.0023289918899536	0.49502503871917725	0.17581191658973694	0.0	0.0	0.0	0.0	1.5715850591659546	0.0	0.0	0.0	1.0938228368759155	0.6173557043075562	0.9481606483459473	0.0	0.3177857995033264	0.0	0.8081488609313965	1.2908591032028198	0.0	0.0	0.0	1.3331021070480347	0.0	0.0
0.0	0.0	0.0	0.4321122169494629	1.0276777744293213	0.0	0.11863159388303757	0.0	3.5910117626190186	0.0	1.619436264038086	0.0	0.0	0.0	0.00950184091925621	1.823015809059143	3.0950870513916016	0.4072341024875641	0.0	0.0	0.0	0.0	0.0	0.0	0.0	0.0	0.0	0.8732072114944458	0.0	0.0	0.0	1.5837531089782715	0.0	0.0	0.0	0.0	0.0	0.0	0.0	0.18237590789794922	0.0	0.0	0.0	1.827831506729126	0.0	0.0	1.548556923866272	0.0	0.0	2.82108211517334	0.0	0.0	0.0	0.39323848485946655	0.20624940097332	0.0	0.0	0.0	0.0	1.1823110580444336	0.0	0.0	0.0	0.0	0.0	0.0	0.0	0.0	0.0	0.0	0.26472702622413635	0.0	0.0	0.0	0.0	0.0	0.0	0.0	0.0	0.4257139563560486	0.0	0.0	1.6169688701629639	0.0	0.0	0.0	0.3804604113101959	0.0	2.1735708713531494	0.0	0.0	0.0	0.0	0.0	0.0	0.0	0.0	0.0	0.0	0.0	0.0	1.9755228757858276	0.0	0.0	0.0	0.0	0.28411105275154114	1.1663298606872559	0.0	2.3459672927856445	0.0	0.0	0.0	0.0	0.0	0.0	1.2440730333328247	0.0	1.725395679473877	0.0	0.0	0.0	0.0	0.967121422290802	0.9694131016731262	1.842288613319397	0.0	0.0	0.0	2.670893430709839	0.0	0.0	0.0	0.0	0.0	1.7040483951568604	0.532987654209137	0.0	0.0	0.0	0.0	0.0	0.0	0.0	0.0	0.0	1.822407603263855	0.0	0.0	0.0	0.0	1.3835780620574951	0.0	0.0	0.0	0.0	0.0	1.4190893173217773	0.0	0.0	0.0	0.0	0.0	0.0	0.0	0.0	0.0	1.7927078008651733	0.0	0.0	0.0	0.0	0.0	0.0	0.0	4.450749397277832	3.1997644901275635	0.0	0.0	0.0	0.4372375011444092	0.014443392865359783	0.0	0.0	0.0	0.0	0.0	0.0	0.0	0.0	0.0	0.0	0.0	0.0	0.0	0.0	0.0	0.0	2.623188018798828	0.0	0.0	1.2800495624542236	0.0	0.0	0.0	0.0	0.0	0.0	0.46310245990753174	0.0	2.4922282695770264	0.7808117866516113	0.0	0.0	1.5076794624328613	0.0	0.0	0.0	0.6291370987892151	0.0	2.602203130722046	1.0680036544799805	0.0	0.0	0.0	0.39562562108039856	1.11985182762146	0.20261120796203613	0.0	0.0	0.0	2.939457654953003	1.3894774913787842	0.0	0.0	0.0	0.0	0.0	1.4440828561782837	0.0	0.0	0.0	0.0	1.8235697746276855	0.0	0.0	1.1819180250167847	0.0	0.0	0.0	0.0	0.0	0.0	2.654202461242676	0.0	0.0
0.0	0.0	0.0	0.8376489877700806	1.3219785690307617	0.0	0.3054255247116089	0.0	2.891508102416992	0.0	0.4046679735183716	0.0	0.0	0.6033633351325989	0.9905358552932739	1.6672676801681519	1.8792120218276978	0.2606068253517151	0.09228294342756271	0.02935054711997509	0.0	0.19513890147209167	0.0	1.7342723608016968	0.0	0.0	0.0	0.5238662362098694	0.0	0.0	0.0	1.2004016637802124	0.0	0.21465620398521423	0.0	0.0	0.0	0.0	0.0	0.6392843127250671	0.0	0.0	0.0	0.6275295615196228	0.0	0.0	0.3146766126155853	0.0	0.0	3.26495099067688	0.0	0.0	0.0	0.42501100897789	0.06611662358045578	0.0	0.0	0.0	0.0	0.6070827841758728	0.0	0.0	0.0	0.0	0.0	0.0	0.0	0.0	0.0	0.0	0.6166767477989197	0.0	0.0	0.0	0.0	0.0	0.1741655468940735	0.0	0.0	0.6550928950309753	0.0	0.0	1.2737677097320557	0.0	0.0	0.0	0.7275380492210388	0.0	2.0127806663513184	0.0	0.0	0.43171757459640503	0.0	0.3178647756576538	0.0	0.0	0.0	0.0	0.0	0.0	0.0	0.763069212436676	0.0	0.0	0.0	0.0	0.2757512032985687	1.7950412034988403	0.0	0.5890392065048218	0.0	0.0	0.0	0.0	0.0	0.0	1.2529308795928955	0.0	1.6778650283813477	0.0	0.0	0.19219379127025604	0.0	1.3171064853668213	0.0	1.5356277227401733	0.0	0.0	0.0	2.686614990234375	0.0	0.0	0.46613118052482605	0.0	0.0	1.62191903591156	0.7620319724082947	0.0	0.0	0.0	0.0	0.0	0.0	0.0	0.7924518585205078	0.0	1.4006575345993042	0.0	0.0	0.0	0.0	0.947395384311676	0.0	0.0	0.0	0.0	0.0	0.9742099046707153	0.0	0.0	0.1585729569196701	0.0	0.0	0.0	0.0	0.0	0.0	2.3429222106933594	0.0	0.0	0.0	0.0	0.05121975392103195	0.0	0.11335112899541855	2.6876158714294434	1.746557593345642	0.0	0.0	0.0	1.39763605594635	0.06677647680044174	0.0	0.0	0.3314744234085083	0.0	0.0	0.0	0.0	0.0	0.0	0.0	0.0	0.0	0.07997427880764008	0.0	0.0	0.0	2.326169729232788	0.057612963020801544	0.0	0.0	0.0	0.0	0.0	0.0	0.0	0.0	0.8552554249763489	0.0	1.9318945407867432	1.4761592149734497	0.0	0.0	0.6894410848617554	0.0	0.0	0.0	0.48614099621772766	0.7623688578605652	1.478331446647644	1.6791211366653442	0.0	0.0	0.0	0.49177679419517517	2.0119824409484863	0.0	0.0	0.0	0.0	2.152721881866455	1.183877944946289	0.0	0.0	0.0	0.0	0.0	1.699117660522461	0.0	0.0	0.0	0.0	1.58620285987854	0.0	0.0	0.891115665435791	0.0	0.10724224895238876	0.4699251651763916	0.0	0.0	0.0	1.1388987302780151	0.0	0.0
0.0	0.0	0.0	0.39518940448760986	0.5960147976875305	0.0	0.32351580262184143	0.0	3.030381679534912	0.0	1.6024059057235718	0.0	0.0	0.055568866431713104	0.7202046513557434	3.072213649749756	2.4495339393615723	0.6947150826454163	0.11620694398880005	0.0	0.84464430809021	0.0	0.0	0.5645135641098022	0.0	0.0	0.0	0.20772704482078552	0.0	0.0	0.37744101881980896	1.3401309251785278	0.0	0.1516222506761551	0.0	0.0	0.0	0.0	0.0	0.18700513243675232	0.0	0.0	0.0	1.557591438293457	0.0	0.0	1.1816171407699585	0.0	0.0	1.9370089769363403	0.0	0.0	0.0	0.2885192632675171	0.579719066619873	0.0	0.0	0.0	0.0	1.0969829559326172	0.0	0.0	0.0	0.0	0.0	0.0	0.0	0.0	0.0	0.18890522420406342	0.4028572142124176	0.0	0.0	0.0	0.0	0.0	0.0	0.0	0.0	0.3826030492782593	0.0	0.0	1.826885461807251	0.0	0.0	0.0	1.500540852546692	0.0	2.6433842182159424	0.0	0.0	0.0	0.0	0.0	0.0	0.0	0.0	0.0	0.0	0.0	0.0	1.3118380308151245	0.0	0.0	0.0	0.0	1.1460740566253662	0.7411195039749146	0.0	1.3449883460998535	0.0	0.0	0.0	0.0	0.0	0.0	0.7342322468757629	0.0	2.050576686859131	0.0	0.0	0.3729679584503174	0.0	0.6883034110069275	0.9434893727302551	2.175450325012207	0.0	0.0	0.0	2.020813465118408	0.0	0.0	0.14999230206012726	0.0	0.0	1.2022740840911865	0.30824708938598633	0.0	0.0	0.09335701167583466	0.0	0.0	0.0	0.0	0.2952766716480255	0.0	2.62813401222229	0.0	0.0	0.0	0.0	1.2647688388824463	0.0	0.0	0.0	0.0	0.0	1.329140543937683	0.0	0.0	0.0	0.0	0.0	0.0	0.0	0.0	0.0	1.5707361698150635	0.0	0.0	0.0	0.0	0.15685811638832092	0.0	0.0	3.65433669090271	2.2316179275512695	0.0	0.0	0.0	1.384160041809082	0.0	0.0	0.0	0.0	0.0	0.0	0.0	0.0	0.0	0.0	0.0	0.0	0.0	0.0	0.0	0.0	0.0	2.4642906188964844	0.0	0.0	0.0	0.0	0.0	0.0	0.0	0.0	0.0	0.6835107803344727	0.0	3.092994213104248	1.1890888214111328	0.0	0.0	1.3405948877334595	0.0	0.0	0.0	0.6379740238189697	0.3872440457344055	2.659590721130371	1.1144626140594482	0.0	0.0	0.0	0.5032801032066345	1.0815943479537964	0.13244274258613586	0.0	0.0	0.0	2.187169075012207	0.9545724987983704	0.0	0.0	0.0	0.0	0.0	1.7791401147842407	0.0	0.0	0.0	0.725775957107544	1.7265180349349976	0.0	0.0	0.9664399027824402	0.0	0.09818438440561295	0.0	0.0	0.0	0.0	2.405414342880249	0.0	0.0
0.0	0.0	0.0	0.0833037719130516	0.6970767378807068	0.0	0.9878390431404114	0.0	2.3329529762268066	0.5161858201026917	0.0	0.0	0.23590227961540222	0.9458242654800415	1.0141937732696533	1.7828541994094849	1.1132378578186035	0.5958053469657898	0.5293805599212646	0.40126273036003113	0.4565221071243286	0.6947227716445923	0.0	1.2668429613113403	0.0	0.0	0.0	0.8961593508720398	0.6063856482505798	0.606351912021637	0.183892622590065	0.7785599827766418	0.0	0.48540690541267395	0.0	0.5095682740211487	0.5602871179580688	0.0	0.7877728343009949	1.1259347200393677	0.0	0.0	0.0	0.3127387762069702	0.0	0.0	0.0	0.0	0.0	1.1853712797164917	0.0	0.0	0.0	0.3222295343875885	0.7742421627044678	0.0	0.0	0.3834984004497528	0.13419237732887268	0.6373990178108215	0.0	0.0	0.0	0.0	0.0	0.0	0.0	0.0	0.0	0.3230232894420624	0.9303466081619263	0.0	0.0	0.0	0.0	0.0	0.688191831111908	0.6852452754974365	0.0	1.0268501043319702	0.0	0.0	0.649168848991394	0.0	1.0811643600463867	0.0	1.136225938796997	0.0	0.7571821212768555	0.0	0.0	0.3818280100822449	0.0	0.783682644367218	0.0	0.8316543698310852	0.3103547990322113	0.0	0.0	0.08466018736362457	0.0	0.4216632544994354	0.0	0.0	0.0	0.0	0.9890944361686707	0.23581303656101227	0.0	0.0	0.0	0.0	0.0	0.0	0.0	0.0	1.1189781427383423	0.0	0.35077720880508423	0.0	0.10294303297996521	0.292881578207016	0.0	0.4321421682834625	0.14075788855552673	1.792670726776123	0.0	0.0	0.0	1.348828911781311	0.0	0.0	0.8201343417167664	0.0	0.0	0.9557880163192749	0.36395859718322754	0.0	0.0	0.0	0.0	0.0	0.0	0.3264417052268982	0.8523722887039185	0.0	1.6302155256271362	0.0	0.0	0.0	0.0	0.37231025099754333	0.0	0.0	0.8016057014465332	0.0	0.0	1.2366840839385986	0.0	0.0	1.0513570308685303	0.719027578830719	0.4380786418914795	0.0	0.6616513729095459	0.0	0.0	1.8558999300003052	0.0	0.0	0.0	0.0	0.8891016840934753	0.0	0.0	2.29731822013855	1.2467390298843384	0.0	0.0	0.0	0.8397184014320374	0.853325366973877	0.0	0.0	0.4033726453781128	0.0	0.0	0.0	0.0	0.0	0.0	0.0	0.0	0.0	0.8766408562660217	0.0	0.7314812541007996	0.0	1.9531927108764648	0.8960303068161011	0.0	0.0	0.0	0.0	0.0	0.0	0.0	0.0	0.6073108911514282	0.0	1.9493787288665771	1.1209520101547241	0.0	0.0	1.1582119464874268	0.0	0.0	0.0	1.077856183052063	1.240136981010437	1.2027603387832642	0.807395339012146	0.0	0.0	0.0	0.9116773009300232	1.2959178686141968	0.37303832173347473	0.5883708000183105	0.0	0.0	0.888498067855835	0.8233240246772766	0.0	0.0	0.0	0.0	0.0	1.1481775045394897	0.0	0.0	0.0	0.6696615815162659	0.8452766537666321	0.7382296323776245	0.0	0.7303528785705566	0.0	0.8699838519096375	1.0905907154083252	0.0	0.0	0.0	0.5750580430030823	0.0	0.0
0.0	0.0	0.0	1.395632266998291	0.6351912617683411	0.0	1.1787636280059814	0.0	3.1838278770446777	0.0	0.26312151551246643	0.0	0.1487826704978943	0.8834561705589294	0.6089563965797424	2.419846773147583	1.7453978061676025	1.0485023260116577	0.7819348573684692	0.3002733588218689	0.4433877468109131	0.9544437527656555	0.0	1.4121335744857788	0.0	0.0	0.0	0.3402795195579529	0.5236565470695496	0.3900253176689148	0.549810528755188	0.6111321449279785	0.0	0.2352960854768753	0.0	0.0	0.7438425421714783	0.0	0.32592862844467163	1.4993548393249512	0.0	0.0	0.0	0.1380600482225418	0.0	0.0	0.38776564598083496	0.0	0.0	1.7561944723129272	0.0	0.0	0.0	0.39893755316734314	0.9145350456237793	0.0	0.0	0.3366539776325226	0.0	0.942471981048584	0.0	0.0	0.0	0.0	0.0	0.0	0.0	0.0	0.0	0.49142926931381226	0.6862839460372925	0.0	0.0	0.0	0.0	0.0	0.44065454602241516	0.0	0.0	0.46409088373184204	0.0	0.0	1.141611099243164	0.0	0.5406267642974854	0.0	1.2737302780151367	0.0	1.9204057455062866	0.0	0.0	0.3725835978984833	0.0	0.30228620767593384	0.0	0.0	0.3074710965156555	0.0	0.0	0.0	0.0	0.5370690822601318	0.0	0.02217588759958744	0.0	0.0	0.8111218810081482	0.3878699243068695	0.0	0.48404279351234436	0.0	0.0	0.0	0.0	0.0	0.0	0.7666376233100891	0.0	1.2019261121749878	0.0	0.6648563742637634	0.17056262493133545	0.0	0.35102131962776184	0.09485630691051483	1.688320517539978	0.0	0.0	0.0	1.6830461025238037	0.0	0.0	0.15504080057144165	0.0	0.0	0.944159209728241	0.10071385651826859	0.0	0.0	0.0	0.0	0.0	0.0	0.04632272198796272	0.43856728076934814	0.0	2.5593972206115723	0.0	0.0	0.0	0.0	0.5468252897262573	0.0	0.0	0.4719555377960205	0.0	0.0	1.1549118757247925	0.0	0.0	0.21562130749225616	0.0	0.18559466302394867	0.0	0.09372097998857498	0.0	0.0	1.771001935005188	0.0	0.0	0.0	0.0	0.7549822926521301	0.0	0.0	3.1074492931365967	1.3053252696990967	0.0	0.0	0.0	1.3458600044250488	0.6902585029602051	0.0	0.0	0.6853051781654358	0.0	0.0	0.0	0.0	0.0	0.0	0.0	0.0	0.0	0.2764741778373718	0.0	0.6288175582885742	0.0	2.5685508251190186	0.1800689995288849	0.0	0.0	0.0	0.0	0.0	0.0	0.0	0.0	0.16667857766151428	0.0	1.9861267805099487	1.3689696788787842	0.0	0.0	1.287406325340271	0.0	0.0	0.0	1.512019157409668	1.1204042434692383	1.7452442646026611	0.5671390295028687	0.0	0.0	0.0	1.2494081258773804	1.1749311685562134	0.939096212387085	0.18544715642929077	0.0	0.0	1.2829821109771729	0.5696524977684021	0.0	0.0	0.0	0.0	0.0	1.6806013584136963	0.0	0.0	0.0	0.857463002204895	1.2679040431976318	0.026043009012937546	0.0	0.4557654559612274	0.0	0.3083651065826416	1.111365795135498	0.0	0.0	0.0	0.8478417992591858	0.0	0.0
0.0	0.0	0.0	0.320729523897171	0.5164963006973267	0.0	0.6440065503120422	0.0	2.688173770904541	0.0	0.09367499500513077	0.0	0.0	0.6890662908554077	0.20819275081157684	1.9828611612319946	1.1914327144622803	0.8825093507766724	0.3659575879573822	0.11174055188894272	1.2264878749847412	0.509905219078064	0.0	0.5666495561599731	0.0	0.0	0.0	0.9430568814277649	0.7786924242973328	0.0	0.5264363884925842	0.8638968467712402	0.0	0.2703694999217987	0.0	0.1250317394733429	0.2798294723033905	0.0	0.16140861809253693	0.6082673668861389	0.0	0.0	0.0	0.5140182971954346	0.0	0.0	0.48161613941192627	0.0	0.0	1.512298822402954	0.0	0.0	0.0	0.5429272055625916	0.4547196328639984	0.0	0.0	0.0	0.48304980993270874	0.5153052806854248	0.0	0.0	0.0	0.0	0.0	0.0	0.0	0.0	0.0	0.5057369470596313	0.4126442074775696	0.0	0.0	0.0	0.0	0.0	0.0	0.0	0.0	0.48959746956825256	0.0	0.0	1.2991575002670288	0.0	0.8222293853759766	0.0	1.4218215942382812	0.0	1.6235191822052002	0.0	0.0	0.0	0.0	0.03131178766489029	0.0	0.0	0.11630288511514664	0.0	0.0	0.0	0.0	0.6145612001419067	0.0	0.0	0.0	0.0	1.1805782318115234	0.20778357982635498	0.0	0.9205701351165771	0.0	0.0	0.0	0.0	0.0	0.0	0.8417952656745911	0.0	1.042457103729248	0.0	0.0	0.26603004336357117	0.0	0.19896401464939117	0.5941689610481262	1.8764064311981201	0.0	0.0	0.0	1.2407677173614502	0.0	0.0	0.21889986097812653	0.0	0.0	0.8818371891975403	0.45872876048088074	0.0	0.0	0.796427309513092	0.0	0.0	0.0	0.0	0.889716386795044	0.0	1.874592661857605	0.0	0.0	0.0	0.0	0.8087772727012634	0.0	0.0	0.0	0.0	0.0	1.3608390092849731	0.0	0.0	0.0	0.0	0.0	0.0	0.0	0.0	0.0	1.9764715433120728	0.0	0.0	0.0	0.0	0.6739876866340637	0.0	0.0	3.042346954345703	1.4305517673492432	0.0	0.0	0.0	1.04991614818573	0.44640183448791504	0.0	0.0	0.0	0.0	0.0	0.0	0.0	0.0	0.0	0.0	0.0	0.0	0.2259104698896408	0.0	0.43220412731170654	0.0	2.135561227798462	0.2949672043323517	0.0	0.03808766230940819	0.0	0.0	0.0	0.0	0.0	0.0	0.20671841502189636	0.0	2.07462739944458	0.4693724513053894	0.0	0.0	1.1412162780761719	0.0	0.0	0.0	1.5855661630630493	0.4977640211582184	1.8741804361343384	0.41546669602394104	0.0	0.0	0.0	1.1066511869430542	0.9101364612579346	0.28983059525489807	0.5227583646774292	0.0	0.0	1.004837989807129	1.1169801950454712	0.0	0.0	0.0	0.0	0.0	1.322320818901062	0.0	0.0	0.0	0.7261744737625122	1.0022956132888794	0.12809710204601288	0.0	0.5320802330970764	0.0	0.4060288071632385	0.31009942293167114	0.0	0.0	0.0	0.89896559715271	0.0	0.0
0.0	0.0	0.0	2.2484898567199707	0.0	0.0	1.8440756797790527	0.0	3.4930813312530518	0.0	0.8206459879875183	0.0	0.4274941086769104	1.0508995056152344	0.3902750611305237	3.028358221054077	2.2793843746185303	1.8235305547714233	1.072718620300293	0.14777764678001404	0.6630797386169434	1.112415075302124	0.0	0.9997669458389282	0.0	0.0	0.0	0.4514484703540802	1.463331699371338	0.008553560823202133	1.6300110816955566	0.08508601039648056	0.0	0.27713146805763245	0.0	0.0	0.9026827216148376	0.0	0.4776327908039093	1.6804273128509521	0.0	0.0	0.0	0.3645797073841095	0.0	0.0	2.0207667350769043	0.0	0.0	1.0322253704071045	0.0	0.0	0.0	1.0505257844924927	1.6711879968643188	0.0	0.0	0.0	0.14715293049812317	1.4395809173583984	0.0	0.0	0.0	0.0	0.0	0.0	0.0	0.0	0.0	1.5287307500839233	0.781410276889801	0.0	0.0	0.0	0.0	0.0	0.09208936989307404	0.0	0.0	0.37504056096076965	0.0	0.0	2.722714900970459	0.0	1.1389399766921997	0.0	1.6881117820739746	0.0	2.474393367767334	0.0	0.0	0.6420896649360657	0.0	0.0	0.0	0.0	0.8587979674339294	0.0	0.0	0.0	0.0	1.3808138370513916	0.0	0.0	0.0	0.0	1.984356164932251	0.0	0.0	1.0634735822677612	0.0	0.0	0.0	0.0	0.0	0.0	0.5518732070922852	0.0	0.41635966300964355	0.0	0.9580487012863159	0.25282537937164307	0.0	0.0	0.8373113870620728	1.8492542505264282	0.0	0.0	0.0	1.2648828029632568	0.0	0.0	0.0	0.0	0.0	0.5064679384231567	0.1851140707731247	0.0	0.0	0.09552814811468124	0.0	0.0	0.0	0.0	0.10747256875038147	0.0	3.2173075675964355	0.0	0.0	0.0	0.0	0.2131970375776291	0.0	0.0	0.053549181669950485	0.0	0.0	1.6723294258117676	0.0	0.0	0.037455882877111435	0.0	0.0	0.0	0.0	0.0	0.0	1.3802647590637207	0.0	0.0	0.0	0.0	1.4594608545303345	0.0	0.0	3.142881393432617	1.1085948944091797	0.0	0.0	0.0	1.167966365814209	0.7128179669380188	0.0	0.0	0.5212116837501526	0.0	0.0	0.0	0.0	0.0	0.0	0.0	0.0	0.0	0.682208240032196	0.0	1.3558024168014526	0.0	2.944316864013672	0.6604441404342651	0.0	0.29391175508499146	0.0	0.0	0.0	0.0	0.0	0.0	0.0	0.0	1.8965625762939453	0.9285522699356079	0.0	0.0	2.0828657150268555	0.0	0.0	0.0	2.1757164001464844	1.1519231796264648	2.672086477279663	0.24843066930770874	0.0	0.0	0.0	1.5192341804504395	0.6298070549964905	1.3927195072174072	1.5567209720611572	0.0	0.0	1.0179849863052368	0.26481589674949646	0.25380778312683105	0.0	0.0	0.0	0.0	1.9687602519989014	0.0	0.0	0.0	1.950832486152649	1.570852279663086	0.5430436730384827	0.0	0.34282323718070984	0.0	0.22978661954402924	1.5144922733306885	0.0	0.0	0.0	1.6203783750534058	0.0	0.0
0.0	0.0	0.0	0.6528406143188477	0.2808118760585785	0.0	2.0674469470977783	0.0	3.834808826446533	0.05507006123661995	0.0	0.0	0.7228276133537292	1.0989694595336914	0.9654871821403503	2.3882462978363037	1.2402710914611816	1.1350501775741577	0.9970250725746155	0.3562720715999603	1.976731777191162	1.5395677089691162	0.0	2.13122820854187	0.0	0.0	0.0	1.9314686059951782	1.3445734977722168	0.2545687258243561	0.7716350555419922	0.3589869737625122	0.0	0.6499578356742859	0.0	0.6450164914131165	1.4085873365402222	0.0	0.9927384257316589	2.209216356277466	0.0	0.0	0.0	0.0	0.0	0.0	0.3519461750984192	0.0	0.0	2.1156857013702393	0.0	0.0	0.0	0.6450675129890442	1.7788869142532349	0.0	0.0	0.0	0.1589195281267166	1.3632447719573975	0.0	0.0	0.0	0.0	0.0	0.0	0.0	0.0	0.0	1.223204255104065	0.4581252336502075	0.0	0.0	0.0	0.0	0.0	0.5408726930618286	0.0	0.0	1.332505702972412	0.0	0.0	1.8444619178771973	0.0	1.7527581453323364	0.0	2.7124128341674805	0.0	1.6352940797805786	0.0	0.0	0.8222055435180664	0.0	1.0976853370666504	0.0	0.9602590203285217	0.8929312825202942	0.0	0.0	0.0	0.0	0.4739757776260376	0.0	0.32735875248908997	0.0	0.0	1.2348434925079346	0.21395443379878998	0.0	0.0	0.0	0.0	0.0	0.0	0.0	0.0	0.9524872303009033	0.0	0.8375650644302368	0.0	0.7311285138130188	0.0	0.0	0.7028135061264038	1.0031557083129883	2.035113573074341	0.0	0.0	0.0	1.124916434288025	0.0	0.0	0.357873797416687	0.0	0.0	0.6421671509742737	0.7085975408554077	0.0	0.0	1.7254384756088257	0.0	0.0	0.0	0.0	0.8662649989128113	0.0	2.51615047454834	0.0	0.0	0.0	0.0	0.03639213740825653	0.0	0.0	0.9227519035339355	0.0	0.0	1.090607762336731	0.0	0.0	0.6361496448516846	0.12970885634422302	0.0	0.008082607761025429	0.7890980839729309	0.0	0.0	2.1948189735412598	0.0	0.0	0.0	0.0	0.8917868733406067	0.0	0.0	3.5600194931030273	1.2144125699996948	0.0	0.0	0.0	0.9498981833457947	0.5746024250984192	0.0	0.0	1.3760225772857666	0.0	0.0	0.0	0.0	0.0	0.0	0.0	0.0	0.0	0.5187605023384094	0.0	1.494266152381897	0.0	3.467188835144043	1.5764498710632324	0.0	0.0	0.0	0.0	0.0	0.0	0.0	0.0	0.9207209944725037	0.0	2.4607017040252686	1.047153353691101	0.0	0.0	1.3464499711990356	0.0	0.0	0.0	2.6604881286621094	1.6015045642852783	1.9790297746658325	0.12579433619976044	0.0	0.0	0.0	1.725326418876648	1.6792913675308228	0.8293578028678894	1.3417205810546875	0.0	0.0	1.068000078201294	0.7795839309692383	0.0	0.0	0.0	0.0	0.0	1.0070139169692993	0.0	0.0	0.0	1.2054672241210938	0.5158336162567139	0.6409062743186951	0.0	0.5891200304031372	0.0	1.4408104419708252	0.8926810622215271	0.0	0.0	0.0	1.3854950666427612	0.0	0.0
0.0	0.0	0.0	0.6741546988487244	1.0129668712615967	0.0	0.5036097168922424	0.0	2.927672863006592	0.0	0.44624677300453186	0.0	0.0	0.6541836857795715	0.33816057443618774	2.6896471977233887	1.4977104663848877	0.6553683876991272	0.4246032238006592	0.0	0.9922394156455994	0.0	0.0	0.8992890119552612	0.0	0.0	0.0	0.3314220607280731	0.0	0.0	0.009141718037426472	1.01956045627594	0.0	0.2942940890789032	0.0	0.0	0.11731725931167603	0.0	0.0	0.4514193832874298	0.0	0.0	0.0	1.0583105087280273	0.0	0.0	0.8376795053482056	0.0	0.0	2.5374653339385986	0.0	0.0	0.0	0.5375707149505615	0.6777101755142212	0.0	0.0	0.0	0.2284870147705078	0.9742638468742371	0.0	0.0	0.0	0.0	0.0	0.0	0.0	0.0	0.0	0.2121613770723343	0.6492174863815308	0.0	0.0	0.0	0.0	0.0	0.0	0.024523772299289703	0.0	0.33314049243927	0.0	0.0	1.8326585292816162	0.0	0.4999485909938812	0.0	1.339876413345337	0.0	2.2775824069976807	0.0	0.0	0.0	0.0	0.0	0.0	0.0	0.11915192008018494	0.0	0.0	0.0	0.0	0.5813674330711365	0.0	0.0	0.0	0.0	0.5349501371383667	0.6801775097846985	0.0	1.2431150674819946	0.0	0.0	0.0	0.0	0.0	0.0	1.0747910737991333	0.0	1.6623644828796387	0.0	0.0	0.1848459392786026	0.0	0.8296352028846741	0.3535657823085785	1.3084187507629395	0.0	0.0	0.0	2.111818790435791	0.0	0.0	0.0	0.0	0.0	1.7696197032928467	0.30320796370506287	0.0	0.0	0.10166516900062561	0.0	0.0	0.0	0.0	1.525317907333374	0.0	2.3601696491241455	0.0	0.0	0.0	0.0	0.5669760704040527	0.0	0.0	0.0	0.0	0.0	0.7828825116157532	0.0	0.0	0.07478953152894974	0.0	0.0	0.0	0.0	0.0	0.0	2.2619993686676025	0.0	0.0	0.0	0.0	0.10405135899782181	0.0	0.04640021175146103	3.236387252807617	1.4101990461349487	0.0	0.0	0.0	0.977767288684845	0.0	0.0	0.0	0.0	0.0	0.0	0.0	0.0	0.0	0.0	0.0	0.0	0.0	0.0	0.0	0.30491209030151367	0.0	2.687181234359741	0.6009522080421448	0.0	0.0	0.0	0.0	0.0	0.0	0.0	0.0	0.5984367728233337	0.0	2.057187080383301	0.9687086939811707	0.0	0.0	1.2530254125595093	0.0	0.0	0.0	0.9293475151062012	1.1629443168640137	2.2724618911743164	0.9206101894378662	0.0	0.0	0.0	0.9044771790504456	1.5267611742019653	0.6452409625053406	0.39945775270462036	0.0	0.0	1.8168429136276245	0.7333627939224243	0.0	0.0	0.0	0.0	0.0	1.3737810850143433	0.0	0.0	0.0	0.6535778641700745	1.3858996629714966	0.0	0.0	1.2173631191253662	0.0	0.39298775792121887	0.36971360445022583	0.0	0.0	0.0	1.850303053855896	0.0	0.0
0.0	0.0	0.0	1.4016987085342407	0.0	0.0	2.043332099914551	0.0	4.165355682373047	0.5478512644767761	0.0	0.0	1.1298595666885376	1.1870086193084717	0.6112107634544373	2.501643180847168	0.8040729761123657	1.6507537364959717	1.7402572631835938	0.9941233396530151	2.297715902328491	1.7522703409194946	0.0	2.3968427181243896	0.0	0.0	0.0	1.8807941675186157	0.9656466245651245	0.7497498393058777	1.45248281955719	1.3701286315917969	0.0	1.6511229276657104	0.0	0.0	1.939666986465454	0.0	1.3854089975357056	2.568542957305908	0.0	0.0	0.0	0.17278483510017395	0.0	0.0	0.3409433960914612	0.0	0.0	1.5508525371551514	0.0	0.0	0.0	1.9427673816680908	1.9319565296173096	0.0	0.0	0.0	1.7496012449264526	1.4144707918167114	0.0	0.0	0.0	0.0	0.0	0.0	0.0	0.0	0.0	1.467839002609253	0.5268456935882568	0.0	0.0	0.0	0.0	0.0	1.253828763961792	0.03585750609636307	0.0	1.1340430974960327	0.0	0.0	1.8275996446609497	0.0	1.563711404800415	0.0	3.1659090518951416	0.0	1.5786224603652954	0.0	0.0	1.5175118446350098	0.0	1.4464051723480225	0.0	1.2462698221206665	1.4742876291275024	0.0	0.0	0.0	0.0	0.15703712403774261	0.0	1.0025349855422974	0.0	0.0	1.148234486579895	0.0	0.0	0.0	0.0	0.0	0.0	0.0	0.0	0.0	0.7087575197219849	0.0	0.9343140721321106	0.0	1.3377691507339478	0.0	0.0	0.3900565803050995	0.5859509706497192	1.7059053182601929	0.0	0.0	0.0	0.46531063318252563	0.0	0.0	0.5174133777618408	0.0	0.0	0.0	0.49178653955459595	0.0	0.0	1.9645813703536987	0.0	0.0	0.0	0.4415973722934723	1.0287196636199951	0.0	2.650909900665283	0.0	0.0	0.0	0.0	0.05303600803017616	0.0	0.0	1.1606050729751587	0.0	0.0	0.6340704560279846	0.0	0.0	1.0481642484664917	0.3233931362628937	0.40669578313827515	0.0	0.8724385499954224	0.0	0.5664612650871277	2.022993803024292	0.0	0.0	0.0	0.0	1.4043720960617065	0.0	0.0	3.378788948059082	0.2832026481628418	0.0	0.0	0.0	1.1503320932388306	1.584851861000061	0.0	0.0	1.705323338508606	0.0	0.0	0.0	0.0	0.0	0.0	0.0	0.0	0.0	0.3218050003051758	0.0	1.7136379480361938	0.0	2.798098564147949	2.0062103271484375	0.0	0.0	0.0	0.0	0.0	0.0	0.0	0.0	0.2500028610229492	0.0	1.6338258981704712	0.9857890605926514	0.0	0.0	2.0699844360351562	0.0	0.0	0.0	2.728116989135742	2.2680435180664062	2.1976587772369385	0.3150380849838257	0.0	0.0	0.0	2.3775908946990967	1.678696870803833	0.9890410304069519	1.8806158304214478	0.0	0.0	0.7651829123497009	0.43591105937957764	0.0	0.0	0.0	0.0	0.0	0.8300765156745911	0.0	0.0	0.0	1.437074065208435	0.7664321660995483	1.4566376209259033	0.0	0.1873033493757248	0.0	2.4794955253601074	1.595012903213501	0.0	0.0	0.0	1.1740480661392212	0.0	0.0
0.0	0.0	0.0	1.2345623970031738	0.2466510534286499	0.0	1.9877349138259888	0.0	3.1853578090667725	0.7706447839736938	0.0	0.0	1.1554189920425415	0.9762606024742126	1.0135465860366821	1.9144972562789917	1.0107674598693848	1.284417986869812	1.580040454864502	0.8928365707397461	1.4097779989242554	1.458284854888916	0.0	1.7917982339859009	0.0	0.0	0.23081257939338684	0.8349103927612305	1.619751214981079	0.8298168182373047	0.8261576294898987	0.19897250831127167	0.0	1.03609037399292	0.0	0.0	1.7216743230819702	0.0	1.4110386371612549	2.0963926315307617	0.0	0.0	0.0	0.0	0.0	0.0	0.02585013210773468	0.0	0.0	1.3759618997573853	0.0	0.0	0.0	0.9115477204322815	1.691288709640503	0.0	0.0	0.6555907130241394	1.0119848251342773	0.6847885847091675	0.0	0.0	0.0	0.2808557450771332	0.0	0.0	0.0	0.0	0.0	1.2276051044464111	0.9816191792488098	0.0	0.0	0.0	0.0	0.0	1.5867810249328613	0.08093693852424622	0.0	1.4541124105453491	0.0	0.0	1.4140268564224243	0.0	1.6385890245437622	0.0	2.0028185844421387	0.0	1.041507601737976	0.0	0.0	1.5663089752197266	0.0	1.560532808303833	0.0	1.2239480018615723	1.0906627178192139	0.0	0.0	0.0	0.0	0.0	0.0	0.7502509355545044	0.0	0.0	1.2388942241668701	0.047423094511032104	0.0	0.0	0.0	0.0	0.0	0.0	0.0	0.0	1.1878684759140015	0.0	0.0	0.0	1.30125892162323	0.681934118270874	0.0	0.42015543580055237	0.0	1.926495909690857	0.0	0.0	0.0	0.8631900548934937	0.0	0.0	1.2682113647460938	0.0	0.0	0.7698767185211182	1.066130518913269	0.0	0.0	0.523938775062561	0.0	0.0	0.0	0.0	0.5651422142982483	0.0	2.491549253463745	0.0	0.0	0.0	0.0	0.24398893117904663	0.0	0.0	1.2111130952835083	0.0	0.0	1.0769456624984741	0.0	0.0	1.3207272291183472	0.8859432935714722	0.5177967548370361	0.30046546459198	0.783478856086731	0.0	0.540993869304657	2.2672817707061768	0.0	0.0	0.0	0.0	1.6654692888259888	0.0	0.0	2.0532073974609375	0.10687115043401718	0.0	0.0	0.0	0.8112803101539612	1.7446216344833374	0.0	0.0	1.8881884813308716	0.0	0.0	0.0	0.0	0.0	0.0	0.0	0.0	0.0	1.280125379562378	0.0	1.683444619178772	0.0	2.493988513946533	1.4313840866088867	0.0	0.0	0.0	0.0	0.0	0.0	0.0	0.0	0.5145712494850159	0.0	1.6249788999557495	1.44466233253479	0.0	0.0	1.2490695714950562	0.0	0.0	0.0	2.7205164432525635	2.178253650665283	1.1823453903198242	0.0	0.0	0.0	0.0	2.234851837158203	1.26957368850708	1.3383493423461914	1.7911019325256348	0.0	0.0	0.9242188930511475	0.47559574246406555	0.2594422996044159	0.0	0.0	0.0	0.0	0.8387567400932312	0.0	0.0	0.0	1.36367928981781	0.5035976767539978	1.4990456104278564	0.0	0.6504106521606445	0.0	1.4294754266738892	1.7627124786376953	0.0	0.0	0.0	0.18038204312324524	0.0	0.0
0.0	0.0	0.0	0.9174177646636963	0.8701905012130737	0.0	1.1410492658615112	0.0	4.7881293296813965	0.0	0.9701941013336182	0.0	0.0707990750670433	0.6466126441955566	0.8077554106712341	3.090153932571411	2.584829330444336	0.862761378288269	0.26465392112731934	0.0	0.7784163951873779	0.4541163742542267	0.0	1.834484577178955	0.0	0.0	0.0	0.5546391010284424	0.5259683132171631	0.04180671647191048	0.8394814729690552	1.3505735397338867	0.0	0.18668434023857117	0.0	0.0	0.585919976234436	0.0	0.0	0.96979820728302	0.0	0.0	0.0	1.820679783821106	0.0	0.0	0.5904446840286255	0.0	0.0	3.0810739994049072	0.0	0.0	0.0	0.7980964183807373	0.9491345882415771	0.0	0.0	0.14961668848991394	0.12026402354240417	1.2253421545028687	0.0	0.0	0.0	0.0	0.0	0.0	0.0	0.0	0.0	0.6645204424858093	0.3416091799736023	0.0	0.0	0.0	0.0	0.0	0.0	0.0	0.0	0.9521499276161194	0.0	0.0	2.0870983600616455	0.0	0.5450448989868164	0.0	1.9108209609985352	0.0	2.8329906463623047	0.0	0.0	0.0	0.0	0.0	0.0	0.0	0.5492120981216431	0.0	0.0	0.0	0.0	1.2488054037094116	0.0	0.0	0.0	0.0	1.4839552640914917	0.8377646207809448	0.0	0.8500756621360779	0.0	0.0	0.0	0.0	0.0	0.0	0.9456297159194946	0.0	1.6433550119400024	0.0	0.23427416384220123	0.13340900838375092	0.0	0.09488295018672943	0.6761569976806641	2.1334028244018555	0.0	0.0	0.0	2.14909029006958	0.0	0.0	0.1757592409849167	0.0	0.0	1.7817044258117676	0.398166298866272	0.0	0.0	0.4108126163482666	0.0	0.0	0.0	0.0	0.0865938737988472	0.0	2.7860913276672363	0.0	0.0	0.0	0.0	0.8186396956443787	0.0	0.0	0.0	0.0	0.0	1.306127905845642	0.0	0.0	0.00230394140817225	0.0	0.0	0.0	0.0	0.0	0.0	2.5071396827697754	0.0	0.0	0.0	0.0	1.1572422981262207	0.0	0.0	4.447115421295166	2.3464033603668213	0.0	0.0	0.0	1.45246160030365	0.6394780874252319	0.0	0.0	0.4182840883731842	0.0	0.0	0.0	0.0	0.0	0.0	0.0	0.0	0.0	0.0	0.0	0.10596194118261337	0.0	3.649547576904297	0.0	0.0	0.0	0.0	0.0	0.0	0.0	0.0	0.0	0.5734443664550781	0.0	3.044991970062256	1.0019800662994385	0.0	0.0	1.3894120454788208	0.0	0.0	0.0	1.3063033819198608	1.1485812664031982	2.9971120357513428	0.6879412531852722	0.0	0.0	0.0	1.0066851377487183	1.4449641704559326	0.41982969641685486	0.5066189169883728	0.0	0.0	2.0990371704101562	1.0979739427566528	0.0	0.0	0.0	0.0	0.0	2.4266738891601562	0.0	0.0	0.0	1.089216709136963	1.8057218790054321	0.08830609172582626	0.0	0.7669475674629211	0.0	0.5300918221473694	0.7050061821937561	0.0	0.0	0.0	1.6141518354415894	0.0	0.0
0.0	0.0	0.0	1.0226385593414307	0.5727871060371399	0.0	1.1263266801834106	0.0	1.9343974590301514	0.12361719459295273	0.0	0.0	0.4364998936653137	1.1189864873886108	0.5401933789253235	1.682177186012268	0.5098874568939209	0.8071627616882324	0.6764068007469177	0.7753103971481323	1.5652353763580322	0.3336007297039032	0.0	1.42720365524292	0.0	0.0	0.1872856169939041	1.781244158744812	0.2783166170120239	0.4076603651046753	0.8371599912643433	0.6960672736167908	0.0	0.3578101098537445	0.0	0.6585519909858704	0.5422470569610596	0.0	0.4176498353481293	1.083643913269043	0.0	0.0	0.0	0.0	0.0	0.0	0.1442212015390396	0.0	0.0	0.8434734344482422	0.0	0.0	0.0	0.0017901979153975844	0.7328586578369141	0.0	0.0	0.0	0.891077995300293	0.3417389988899231	0.0	0.0	0.0	0.3918021619319916	0.0	0.0	0.0	0.0	0.0	0.6960740089416504	0.4174971878528595	0.0	0.0	0.0	0.0	0.0	0.9490721225738525	0.33798661828041077	0.0	1.266105055809021	0.0	0.0	0.9886321425437927	0.0	0.7997174859046936	0.0	1.3116964101791382	0.0	1.034191370010376	0.0	0.0	0.8670945763587952	0.0	0.30003201961517334	0.0	0.27431154251098633	0.7229627966880798	0.5497628450393677	0.0	0.0	0.0	0.0	0.0	0.0	0.0	0.0	0.4696664810180664	0.5176043510437012	0.0	0.3053872585296631	0.0	0.0	0.0	0.0	0.0	0.0	0.8682341575622559	0.0	0.1804547756910324	0.0	0.9977515339851379	0.2229975461959839	0.0	0.331253319978714	0.0	1.1654565334320068	0.0	0.0	0.0	0.7794394493103027	0.0	0.0	0.29211828112602234	0.0	0.0	0.323212593793869	0.5579344034194946	0.0	0.0	0.6008515357971191	0.0	0.0	0.0	0.6511863470077515	1.4877233505249023	0.0	1.8500750064849854	0.0	0.0	0.0	0.0	0.5822104811668396	0.0	0.0	0.30414408445358276	0.0	0.0	0.8749694228172302	0.0	0.0	0.44313597679138184	0.0	0.599473774433136	0.39780473709106445	0.6937875151634216	0.0	0.0	1.3202731609344482	0.0	0.0	0.0	0.0	0.2589608132839203	0.0	0.0	1.572391390800476	0.2570013701915741	0.0	0.0	0.0	1.1653436422348022	0.5110130906105042	0.0	0.0	0.593075692653656	0.0	0.0	0.0	0.0	0.0	0.0	0.0	0.0	0.0	0.24305082857608795	0.0	0.6055763959884644	0.0	1.5912264585494995	1.5102804899215698	0.0	0.0	0.0	0.0	0.0	0.0	0.0	0.0	0.5426938533782959	0.0	1.2136207818984985	1.2421115636825562	0.0	0.0	0.5333770513534546	0.0	0.0	0.0	1.1233649253845215	1.4164162874221802	0.9423873424530029	0.6397973299026489	0.0	0.0	0.0	0.7545870542526245	1.427024245262146	0.548848032951355	0.704680323600769	0.0	0.0	0.5094455480575562	0.5512146949768066	0.0	0.0	0.0	0.0	0.0	0.772576630115509	0.0	0.0	0.0	0.6558409333229065	0.4879431426525116	0.8826308250427246	0.0	0.5180858373641968	0.0	1.3939175605773926	1.0376425981521606	0.0	0.4202677011489868	0.0	0.8347378373146057	0.0	0.0
0.0	0.0	0.0	0.223667711019516	0.32559236884117126	0.0	1.7966399192810059	0.0	2.609835147857666	0.6360408067703247	0.0	0.0	0.8885881304740906	0.5803901553153992	0.9743444919586182	1.7900153398513794	0.34637078642845154	1.5094438791275024	1.2191029787063599	0.8621038198471069	1.8138325214385986	0.9229676127433777	0.0	1.435598373413086	0.0	0.0	0.2864301800727844	1.2340834140777588	1.4822020530700684	0.6319620609283447	0.9471288919448853	0.7357838749885559	0.0	1.0092307329177856	0.0	0.053622640669345856	1.67389714717865	0.0	1.229689359664917	2.2354788780212402	0.0	0.0	0.0	0.0	0.0	0.0	0.06673082709312439	0.0	0.0	0.8087528944015503	0.0	0.0	0.0	0.6168912053108215	1.5246334075927734	0.0	0.0	0.11707635223865509	1.0663044452667236	0.2227698713541031	0.0	0.0	0.0	0.9609877467155457	0.0	0.0	0.0	0.0	0.0	1.3909879922866821	0.7503677010536194	0.0	0.0	0.0	0.0	0.0	1.559669017791748	0.0	0.0	1.4221006631851196	0.0	0.0	0.8973032236099243	0.0	1.3728516101837158	0.0	1.7219716310501099	0.0	0.6542913913726807	0.0	0.0	1.3615282773971558	0.0	1.3911211490631104	0.0	1.0802098512649536	0.8476858735084534	0.023791128769516945	0.0	0.0	0.0	0.0	0.0	0.7767614126205444	0.0	0.0	0.981937050819397	0.3440602421760559	0.0	0.0	0.0	0.0	0.0	0.0	0.0	0.0	1.3399958610534668	0.0	0.0	0.0	2.0917532444000244	0.15774863958358765	0.0	0.2446933090686798	0.0	1.6477984189987183	0.0	0.0	0.0	0.379125714302063	0.0	0.0	1.0191978216171265	0.0	0.0	0.570236325263977	0.59032142162323	0.0	0.0	0.5547953248023987	0.0	0.0	0.0	0.0	0.8806108236312866	0.0	2.332841396331787	0.0	0.0	0.0	0.0	0.4100971519947052	0.0	0.0	0.7074105143547058	0.0	0.0	1.1182396411895752	0.0	0.0	0.9947783946990967	0.2626478672027588	0.3588178753852844	0.38808518648147583	1.19651460647583	0.0	0.5480503439903259	1.5935863256454468	0.0	0.0	0.0	0.0	1.1742202043533325	0.0	0.0	1.2841038703918457	0.0	0.0	0.0	0.0	0.9776318669319153	1.1644827127456665	0.0	0.0	1.5173752307891846	0.0	0.0	0.0	0.0	0.0	0.0	0.0	0.0	0.0	0.3285382091999054	0.0	1.4379914999008179	0.0	2.400756359100342	0.9101660847663879	0.0	0.0	0.0	0.0	0.0	0.0	0.0	0.0	0.4383822977542877	0.0	1.5456033945083618	1.4745692014694214	0.0	0.0	0.6739698052406311	0.0	0.0	0.0	1.6860073804855347	2.317479133605957	1.3215713500976562	0.20349404215812683	0.0	0.0	0.0	1.918752670288086	1.3434147834777832	1.0095239877700806	1.256908655166626	0.0	0.0	0.5215420722961426	0.7619677782058716	0.09539079666137695	0.0	0.0	0.0	0.0	0.6006742119789124	0.0	0.0	0.0	1.0250459909439087	0.21051372587680817	1.1769455671310425	0.0	0.6749557256698608	0.0	1.4972611665725708	1.430999755859375	0.0	0.07048314809799194	0.0	0.45655378699302673	0.0	0.0
0.0	0.0	0.0	1.2931896448135376	0.0	0.0	1.9028172492980957	0.0	3.004164218902588	0.6065824627876282	0.0	0.0	0.8325532078742981	0.48733580112457275	0.5935679078102112	2.0705621242523193	0.9561096429824829	1.7534101009368896	1.156647801399231	0.518902599811554	0.9935021996498108	1.5479240417480469	0.0	1.467613935470581	0.0	0.0	0.0	0.6354044079780579	1.6589020490646362	0.6640481948852539	1.0052107572555542	0.0	0.0	1.1338211297988892	0.0	0.0	1.6713706254959106	0.0	0.9849444627761841	1.7268561124801636	0.0	0.0	0.0	0.0	0.0	0.0	0.5121630430221558	0.0	0.0	1.0457513332366943	0.0	0.0	0.0	1.0960346460342407	1.8642773628234863	0.0	0.0	0.3204525113105774	0.3587073087692261	0.827411413192749	0.0	0.0	0.0	0.044685956090688705	0.0	0.0	0.0	0.0	0.0	1.5285475254058838	0.5742999315261841	0.0	0.0	0.0	0.0	0.0	1.0927748680114746	0.0	0.0	1.1993533372879028	0.0	0.0	1.6882296800613403	0.0	1.8641693592071533	0.0	1.6289477348327637	0.0	1.4659734964370728	0.0	0.0	1.0669902563095093	0.0	1.1942393779754639	0.0	0.8357009291648865	0.8204551339149475	0.0	0.0	0.0	0.0	0.18989042937755585	0.0	0.28935426473617554	0.0	0.0	0.9677873253822327	0.0363389253616333	0.0	0.0	0.0	0.0	0.0	0.0	0.0	0.0	0.8865372538566589	0.0	0.061295658349990845	0.0	1.6528037786483765	0.0	0.0	0.2910439372062683	0.019733581691980362	1.959311604499817	0.0	0.0	0.0	0.7140644192695618	0.0	0.0	0.9505078792572021	0.0	0.0	0.6463106274604797	0.22146011888980865	0.0	0.0	0.48461148142814636	0.0	0.0	0.0	0.0	0.3993583619594574	0.0	2.776386022567749	0.0	0.0	0.0	0.0	0.580241858959198	0.0	0.0	0.7959774136543274	0.0	0.0	1.4050703048706055	0.0	0.0	1.4168387651443481	0.1987396478652954	0.2984931766986847	0.08191638439893723	0.41141825914382935	0.0	0.0	2.0971577167510986	0.0	0.0	0.0	0.0	1.3806171417236328	0.0	0.0	2.0218148231506348	0.15482375025749207	0.0	0.0	0.0	0.9981249570846558	1.7023448944091797	0.0	0.0	1.7869253158569336	0.0	0.0	0.0	0.0	0.0	0.0	0.0	0.0	0.0	1.0562020540237427	0.0	1.5174463987350464	0.0	2.500404119491577	0.873367190361023	0.0	0.0	0.0	0.0	0.0	0.0	0.0	0.0	0.33384889364242554	0.0	1.7673420906066895	1.0558454990386963	0.0	0.0	1.7597304582595825	0.0	0.0	0.0	2.3368947505950928	1.8404408693313599	1.9313534498214722	0.347764790058136	0.0	0.0	0.0	2.448035955429077	0.8077372312545776	1.7008227109909058	1.2939808368682861	0.0	0.0	0.8519505262374878	0.6430577635765076	0.348624050617218	0.0	0.0	0.0	0.0	0.9699329137802124	0.0	0.0	0.0	1.4774229526519775	0.8292368650436401	1.220920443534851	0.0	0.3110988438129425	0.0	1.0154837369918823	1.2513729333877563	0.0	0.0	0.0	0.42586246132850647	0.0	0.0
0.0	0.0	0.0	1.1075303554534912	0.20758596062660217	0.0	1.3206719160079956	0.0	3.827698230743408	0.26312682032585144	0.3998132348060608	0.0	0.2471233308315277	1.0355883836746216	0.5739519000053406	2.6775949001312256	1.5773160457611084	1.0530182123184204	0.6361145973205566	0.0786774754524231	0.4124901294708252	0.847362756729126	0.0	1.9905543327331543	0.0	0.0	0.0	0.609520673751831	0.8482450246810913	0.3954089283943176	0.9866938591003418	0.4575324058532715	0.0	0.38820353150367737	0.0	0.0	0.5088538527488708	0.0	0.1777949035167694	1.5997889041900635	0.0	0.0	0.0	0.04909983649849892	0.0	0.0	1.186570167541504	0.0	0.0	2.4541714191436768	0.0	0.0	0.0	0.7579544186592102	0.9537290334701538	0.0	0.0	0.0048639653250575066	0.0	0.8222327828407288	0.0	0.0	0.0	0.0	0.0	0.0	0.0	0.0	0.0	0.7006916403770447	1.2287442684173584	0.0	0.0	0.0	0.0	0.0	0.6620588302612305	0.0	0.0	0.4280385971069336	0.0	0.0	1.9574100971221924	0.0	1.2400950193405151	0.0	1.625408411026001	0.0	1.9397375583648682	0.0	0.0	0.11353187263011932	0.0	0.3589734733104706	0.0	0.4351406693458557	0.36541977524757385	0.0	0.0	0.0	0.0	0.6605386734008789	0.0	0.020922590047121048	0.0	0.0	1.1888519525527954	0.6914557218551636	0.0	0.25524187088012695	0.0	0.0	0.0	0.0	0.0	0.0	1.195708155632019	0.0	0.3676329255104065	0.0	0.5825146436691284	0.21495775878429413	0.0	0.02063044160604477	0.13383573293685913	2.042059898376465	0.0	0.0	0.0	1.6633942127227783	0.0	0.0	0.11843138188123703	0.0	0.0	1.3835335969924927	0.47697439789772034	0.0	0.0	0.0	0.0	0.0	0.0	0.0	0.699355959892273	0.0	2.70176362991333	0.0	0.0	0.0	0.0	0.6064068078994751	0.0	0.0	0.05751526355743408	0.0	0.0	1.636153221130371	0.0	0.0	0.5147249698638916	0.10311201959848404	0.1366281360387802	0.0	0.0	0.0	0.0	2.0866870880126953	0.0	0.0	0.0	0.0	0.8914417624473572	0.0	0.0	2.8944413661956787	1.2424794435501099	0.0	0.0	0.0	1.2964121103286743	0.2463027536869049	0.0	0.0	0.7493963837623596	0.0	0.0	0.0	0.0	0.0	0.0	0.0	0.0	0.0	0.4881507456302643	0.0	0.6756455898284912	0.0	2.8136913776397705	0.4725979268550873	0.0	0.0	0.0	0.0	0.0	0.0	0.0	0.0	0.6861191391944885	0.0	2.3514633178710938	1.4711250066757202	0.0	0.0	1.7638283967971802	0.0	0.0	0.0	1.5700329542160034	1.3701841831207275	2.30159330368042	0.43962937593460083	0.0	0.0	0.0	1.2078404426574707	1.3021067380905151	0.7928303480148315	1.0936031341552734	0.0	0.0	1.7007962465286255	0.8495014905929565	0.0	0.0	0.0	0.0	0.0	2.04982590675354	0.0	0.0	0.0	0.9808865785598755	1.5139307975769043	0.38887953758239746	0.0	0.6419478058815002	0.0	1.101192831993103	1.0483087301254272	0.0	0.0	0.0	1.4802316427230835	0.0	0.0
0.0	0.0	0.0	1.0520066022872925	0.49160417914390564	0.0	1.2919046878814697	0.0	2.7648067474365234	0.3242311179637909	0.0	0.0	0.37274986505508423	0.922441303730011	0.6201425790786743	2.243192672729492	1.377625584602356	1.5757976770401	1.0374385118484497	0.6392507553100586	0.8712148666381836	0.6875636577606201	0.0	1.4329981803894043	0.0	0.0	0.0	0.9109916687011719	0.5867855548858643	0.3141228258609772	0.9324265718460083	0.900366485118866	0.0	1.2262030839920044	0.0	0.0	0.8824402093887329	0.0	0.6420904994010925	1.7238746881484985	0.0	0.0	0.0	0.0	0.0	0.0	0.2717556059360504	0.0	0.0	1.339661717414856	0.0	0.0	0.0	0.9482492208480835	1.2733951807022095	0.0	0.0	0.29965925216674805	0.7525160312652588	0.7592257261276245	0.0	0.0	0.0	0.0	0.0	0.0	0.0	0.0	0.0	0.42371460795402527	0.9833930730819702	0.0	0.0	0.0	0.0	0.0	0.9141579866409302	0.01747198961675167	0.0	1.0698615312576294	0.0	0.0	1.2026164531707764	0.0	0.8527061939239502	0.0	1.6102895736694336	0.0	0.9583134055137634	0.0	0.0	0.9471205472946167	0.0	0.809814989566803	0.0	0.09904767572879791	0.719921886920929	0.0	0.0	0.0	0.0	0.4760007858276367	0.0	0.0036781139206141233	0.0	0.0	1.011440396308899	0.0	0.0	0.0	0.0	0.0	0.0	0.0	0.0	0.0	0.7247110605239868	0.0	0.4986504912376404	0.0	0.5855502486228943	0.35582369565963745	0.0	0.30413153767585754	0.13473127782344818	1.5124930143356323	0.0	0.0	0.0	1.097707986831665	0.0	0.0	0.7679276466369629	0.0	0.0	0.5688619613647461	0.2573605477809906	0.0	0.0	0.6818885207176208	0.0	0.0	0.0	0.0	0.19498734176158905	0.0	2.2622079849243164	0.0	0.0	0.0	0.0	0.38906383514404297	0.0	0.0	0.16284173727035522	0.0	0.0	0.899220883846283	0.0	0.0	0.761245608329773	0.23775997757911682	0.010861384682357311	0.0	0.38747701048851013	0.0	0.0	1.8669357299804688	0.0	0.0	0.0	0.0	1.021561622619629	0.0	0.0	2.5459060668945312	1.016257882118225	0.0	0.0	0.0	0.9951175451278687	1.1791967153549194	0.0	0.0	1.0420924425125122	0.0	0.0	0.0	0.0	0.0	0.0	0.0	0.0	0.0	0.6439028978347778	0.0	1.174055576324463	0.0	2.424572706222534	0.7000220417976379	0.0	0.0	0.0	0.0	0.0	0.0	0.0	0.0	0.30092862248420715	0.0	1.8435124158859253	0.9081881046295166	0.0	0.0	1.2279043197631836	0.0	0.0	0.0	1.8856751918792725	1.2966705560684204	1.8156392574310303	0.12198683619499207	0.0	0.0	0.0	1.790378212928772	1.4034488201141357	0.821309506893158	1.062842607498169	0.0	0.0	1.0554858446121216	0.9884922504425049	0.0	0.0	0.0	0.0	0.0	1.3371301889419556	0.0	0.0	0.0	0.8977370858192444	1.2251266241073608	0.7560825943946838	0.0	0.5519288182258606	0.0	0.437960147857666	1.2761955261230469	0.0	0.0	0.0	0.8035603165626526	0.0	0.0
